ST_CASE,VEH_NO,PER_NO,P1,P2,P3,P4,P5,P6,P7,P8,P9,P10
10682,1,1,0,0,0,0,0,0,0,0,0,0
10682,2,1,0,0,0,0,0,0,0,0,0,0
10683,1,1,0,0,0,35,0,0,0,0,0,0
10684,1,1,0,0,0,0,0,0,0,0,0,0
10684,2,1,0,0,0,0,0,0,0,0,0,0
10685,1,1,0,0,0,0,0,0,0,0,0,0
10686,1,1,0,0,0,0,0,0,0,0,0,0
10686,2,1,0,0,0,0,0,0,0,0,0,0
10686,3,1,0,0,0,0,0,0,0,0,0,0
10687,0,1,0,0,0,0,0,0,0,19,0,0
10687,1,1,0,0,0,0,0,0,16,0,0,7
10688,1,1,0,0,28,0,0,0,0,11,0,0
10688,2,1,0,0,0,0,0,0,0,0,0,0
10689,1,1,9,9,9,9,9,9,9,9,9,9
10690,1,1,0,17,14,23,3,0,0,22,18,42
10691,1,1,3,15,10,14,18,8,23,23,29,31
10692,0,1,0,0,0,0,0,0,0,0,0,0
10692,0,2,0,0,0,0,0,0,0,0,0,0
10692,1,1,0,0,0,0,0,0,0,0,0,0
10693,1,1,26,14,11,16,17,5,0,12,13,25
10694,1,1,0,0,0,0,0,0,0,0,0,0
10695,1,1,0,0,0,0,0,21,0,0,17,0
10695,2,1,0,0,0,0,0,0,0,0,28,9
10695,3,1,0,0,0,0,0,0,0,0,0,0
10696,1,1,17,17,17,17,17,17,17,17,17,17
10696,2,1,0,0,0,0,0,0,0,0,0,0
10697,1,1,0,0,0,0,0,0,0,0,0,0
10697,2,1,0,0,0,17,0,0,0,0,0,0
10698,1,1,0,0,0,0,0,0,0,0,0,0
10699,1,1,0,0,0,0,0,0,0,0,0,0
10699,2,1,0,0,0,0,0,0,0,0,0,0
10700,1,1,24,24,24,24,24,24,24,24,24,24
10701,1,1,0,0,0,0,0,0,14,0,0,0
10702,1,1,0,25,0,0,15,0,0,14,0,18
10703,1,1,0,0,0,0,22,0,0,0,0,0
10703,2,1,0,0,0,0,0,0,0,0,0,0
10704,1,1,11,0,20,13,0,17,27,21,0,9
10704,2,1,0,0,0,6,0,0,0,0,0,0
10705,0,1,27,0,15,33,9,2,22,14,14,21
10705,1,1,7,0,0,0,0,0,0,0,0,0
10705,2,1,0,0,0,0,0,0,0,0,0,0
10706,1,1,4,8,29,9,17,15,14,8,29,21
10707,1,1,0,0,0,0,0,0,0,0,0,0
10707,2,1,0,0,0,0,0,0,0,0,0,0
10708,1,1,14,0,0,0,0,0,0,11,0,0
10709,1,1,0,14,0,0,0,0,0,0,0,0
10710,1,1,0,0,0,0,0,0,0,0,16,0
10711,1,1,0,0,0,0,0,0,0,0,0,0
10711,2,1,0,0,0,0,0,0,0,0,0,0
10712,1,1,3,11,10,23,31,7,20,12,24,16
10713,1,1,0,0,0,0,0,0,0,0,0,0
10713,2,1,0,0,0,0,0,0,0,0,0,0
10714,1,1,7,7,7,7,7,7,7,7,7,7
10715,1,1,14,30,0,18,6,21,34,11,20,16
10716,0,1,21,0,0,0,16,0,9,0,20,0
10716,0,2,0,0,0,0,12,17,0,30,6,16
10716,1,1,0,0,0,0,0,0,0,0,0,0
10716,2,1,0,0,13,0,0,9,0,0,0,0
10717,1,1,0,0,0,0,8,0,0,0,0,0
10717,2,1,0,0,0,0,0,0,0,0,0,0
10718,1,1,14,14,14,14,14,14,14,14,14,14
10718,2,1,0,0,0,0,0,0,0,0,0,0
10719,0,1,0,0,0,0,15,17,0,0,18,0
10719,1,1,0,0,0,0,0,0,0,0,0,0
10720,1,1,0,0,0,0,0,0,0,0,0,0
10720,2,1,0,0,0,0,0,0,0,0,0,0
10721,1,1,0,0,18,15,24,21,13,15,0,16
10722,1,1,0,0,0,0,0,0,0,0,0,0
10722,2,1,31,0,0,0,0,0,0,0,0,0
10723,1,1,0,0,0,0,0,0,0,0,0,0
10724,1,1,0,0,0,0,0,0,0,0,0,0
10725,1,1,0,12,0,0,0,0,0,0,0,0
10725,2,1,0,0,0,0,0,0,0,0,0,0
10726,1,1,9,31,20,22,27,11,11,40,6,14
10727,1,1,0,0,0,0,23,0,0,0,0,0
10727,2,1,0,0,0,0,0,0,0,29,0,0
10728,1,1,12,12,12,12,12,12,12,12,12,12
10729,0,1,23,23,23,23,23,23,23,23,23,23
10729,1,1,0,0,0,0,0,0,0,0,0,0
10730,0,1,15,13,0,14,14,23,0,0,12,18
10730,1,1,0,0,0,0,0,0,0,0,0,0
10731,1,1,0,0,0,0,0,0,0,19,0,0
10731,2,1,0,0,0,0,0,0,0,0,0,0
10731,3,1,28,6,0,0,8,11,0,0,5,0
10731,4,1,0,0,0,0,0,0,0,0,0,0
10731,5,1,0,4,0,0,0,0,2,0,0,0
10732,1,1,0,0,0,0,0,0,0,0,4,0
10732,2,1,0,0,0,0,0,0,0,0,0,0
10733,1,1,0,0,20,19,26,21,3,13,25,0
10734,1,1,0,0,0,13,25,0,16,22,0,0
10734,2,1,0,0,0,15,0,0,0,0,0,8
10735,1,1,0,0,14,0,0,0,0,0,0,0
10736,1,1,8,8,8,8,8,8,8,8,8,8
10736,2,1,0,13,5,0,0,22,0,28,0,18
10737,1,1,12,12,31,22,2,21,0,13,14,25
10738,1,1,0,0,0,0,0,10,0,0,0,0
10739,1,1,0,0,0,0,0,0,0,0,0,0
10739,2,1,0,0,0,0,0,0,0,0,0,0
10740,1,1,0,0,0,0,0,0,0,0,25,0
10741,1,1,0,0,0,0,0,0,0,0,0,0
10742,1,1,4,10,17,18,22,31,22,20,16,24
10743,1,1,9,16,13,17,16,0,41,15,26,0
10744,1,1,0,0,0,21,0,0,0,0,0,0
10745,1,1,0,0,0,0,0,0,0,0,0,0
10745,2,1,0,0,0,0,0,0,0,0,0,0
10746,1,1,0,0,0,0,0,0,0,0,0,0
10747,0,1,18,34,17,23,17,13,44,20,19,22
10747,1,1,0,0,0,0,0,0,0,0,6,0
10748,1,1,0,0,0,0,0,0,0,0,0,0
10748,2,1,0,0,0,0,0,0,0,0,0,0
10749,1,1,10,10,10,10,10,10,10,10,10,10
10750,1,1,0,20,0,0,0,0,0,0,0,25
10750,2,1,0,0,0,30,0,5,0,0,21,0
10750,3,1,3,0,0,0,11,3,0,0,0,0
10751,1,1,0,0,0,0,0,0,0,0,0,0
10752,1,1,0,0,0,0,0,0,0,0,0,0
10752,2,1,0,0,0,0,30,0,0,0,17,0
10753,1,1,11,26,4,13,0,8,9,33,13,18
10753,2,1,0,0,0,0,0,0,0,0,0,0
10754,1,1,0,0,0,0,0,0,0,0,0,0
10755,1,1,31,0,13,10,13,22,0,0,12,0
10756,0,1,0,0,32,0,14,24,0,0,0,0
10756,1,1,0,0,15,0,0,0,0,0,0,0
10757,1,1,0,15,0,0,0,0,0,0,0,0
10757,2,1,0,0,0,0,0,0,0,0,0,0
10757,3,1,0,0,0,0,0,0,0,0,0,0
10758,1,1,0,0,0,0,0,0,0,0,0,0
10758,2,1,0,0,0,0,0,0,0,0,0,0
10759,1,1,12,0,0,0,0,0,0,0,0,0
10759,2,1,0,0,0,0,0,0,0,0,0,0
10760,1,1,0,0,0,0,0,6,0,0,0,8
10760,2,1,0,0,0,0,0,0,0,0,0,0
10761,0,1,9,13,0,0,0,0,24,0,10,0
10761,1,1,0,0,0,0,0,0,0,0,0,0
10762,1,1,15,18,29,9,12,11,35,19,13,22
10763,1,1,0,0,0,0,0,0,0,0,0,0
10763,2,1,0,2,0,0,3,0,0,0,0,0
10764,1,1,0,19,0,0,0,0,26,14,13,0
10765,1,1,28,10,13,0,18,9,0,21,21,33
10766,1,1,25,25,25,25,25,25,25,25,25,25
10767,1,1,0,0,6,0,0,7,11,0,0,0
20001,0,1,0,0,0,0,0,0,0,0,0,0
20001,1,1,0,0,0,0,0,0,0,0,0,0
20002,1,1,0,0,0,0,0,0,0,0,0,0
20003,1,1,0,0,0,0,0,0,0,0,0,0
20003,2,1,0,0,0,0,0,0,0,0,0,0
20004,1,1,0,0,0,0,0,0,0,0,0,0
20005,0,1,0,23,19,0,30,0,0,0,0,51
20005,1,1,0,0,0,0,0,0,0,0,0,0
20006,1,1,0,0,0,0,0,0,0,0,0,0
20006,2,1,0,0,0,0,0,0,0,0,0,0
20007,1,1,0,0,0,0,0,0,0,0,0,0
20007,2,1,0,0,0,0,0,0,0,0,0,0
20008,1,1,0,0,0,0,0,0,0,0,0,0
20009,1,1,0,0,0,0,0,0,0,0,0,0
20009,2,1,0,0,12,0,0,0,0,0,0,0
20010,1,1,24,24,24,24,24,24,24,24,24,24
20010,2,1,0,0,0,0,0,0,13,0,0,0
20011,1,1,0,0,0,0,0,0,0,0,0,0
20012,1,1,0,0,0,0,0,0,0,0,0,0
20012,2,1,0,0,0,0,0,0,0,0,0,0
20013,1,2,0,0,0,0,0,0,8,0,0,0
20014,1,1,0,0,0,0,0,0,0,0,0,0
20014,2,1,0,0,0,0,0,0,0,0,0,0
20014,3,1,0,0,0,0,0,0,0,0,0,0
20015,0,1,0,0,0,0,0,0,0,0,0,0
20015,1,1,0,0,0,0,0,0,0,0,0,0
20016,1,1,0,0,0,0,0,0,0,0,0,0
20017,1,1,0,0,0,0,0,0,0,0,0,0
20017,2,1,0,0,0,0,0,0,0,0,0,0
20018,1,1,0,0,0,0,0,0,0,0,0,0
20018,2,1,0,0,0,0,0,0,0,0,0,0
20019,1,1,0,0,0,0,0,0,0,0,0,0
20020,1,1,23,23,23,23,23,23,23,23,23,23
20021,1,1,18,18,18,18,18,18,18,18,18,18
20022,1,1,0,0,0,0,0,0,0,0,0,0
20023,0,1,0,0,0,0,0,0,0,0,0,0
20023,0,2,0,0,0,0,0,0,0,0,0,0
20023,1,1,18,18,18,18,18,18,18,18,18,18
20024,1,1,20,20,20,20,20,20,20,20,20,20
20025,1,1,0,0,0,0,0,0,0,0,0,0
20025,2,1,0,0,0,0,0,0,0,0,0,0
20026,1,1,0,0,0,0,0,0,0,0,0,0
20027,1,1,18,21,0,10,0,0,16,9,10,0
20028,1,1,19,19,19,19,19,19,19,19,19,19
20028,2,1,0,0,0,0,0,0,0,0,0,0
20029,1,1,0,0,0,0,0,0,0,0,0,0
20029,2,1,20,0,0,0,0,0,0,0,0,0
20030,1,1,0,0,0,0,0,0,0,0,0,0
20031,1,1,0,0,0,0,0,0,0,0,0,0
20032,1,1,33,33,33,33,33,33,33,33,33,33
20033,1,1,25,10,31,8,8,20,16,19,16,13
20034,1,1,0,0,0,0,0,0,0,0,0,0
20034,2,1,15,15,15,15,15,15,15,15,15,15
20035,1,1,0,0,0,0,0,0,0,0,0,0
20035,2,1,0,0,0,0,0,0,4,0,0,0
20036,1,1,22,15,35,8,16,16,14,17,21,26
20037,1,1,17,17,17,17,17,17,17,17,17,17
20038,1,1,15,15,15,15,15,15,15,15,15,15
20039,0,1,0,0,0,0,0,0,0,0,0,0
20039,1,1,0,0,0,0,0,0,0,0,0,0
20040,1,1,0,0,0,0,0,0,0,0,0,0
20040,2,1,0,0,0,0,0,0,0,0,0,0
20041,1,1,0,0,0,0,0,0,0,0,0,0
20042,0,1,17,0,0,15,0,0,22,0,0,0
20043,1,1,0,0,0,0,0,0,0,0,0,0
20044,1,1,0,0,0,0,0,0,0,0,0,0
20044,2,1,23,0,0,0,0,0,0,0,0,0
20045,1,1,12,12,12,12,12,12,12,12,12,12
20046,1,1,0,0,0,0,0,0,0,0,0,0
20046,2,1,0,0,0,0,0,0,0,0,0,0
20047,1,1,2,2,2,2,2,2,2,2,2,2
20048,1,1,12,12,12,12,12,12,12,12,12,12
20049,1,1,0,0,0,0,0,0,0,0,0,0
40001,1,1,0,0,0,0,0,0,0,0,0,0
40002,1,1,0,5,8,19,26,27,0,17,18,4
40003,0,1,0,0,0,0,0,0,0,0,0,0
40003,1,1,0,0,0,0,0,0,0,0,0,0
40004,0,1,0,0,0,0,0,0,0,0,0,0
40004,1,1,0,0,0,0,0,0,0,0,0,0
40005,1,1,15,15,15,15,15,15,15,15,15,15
40005,2,1,0,0,0,0,5,0,0,0,0,0
40006,0,1,0,0,4,0,0,0,0,0,0,0
40006,1,1,0,0,0,0,0,0,0,0,0,0
40009,1,1,0,0,0,0,0,0,0,0,0,0
40009,2,1,0,0,0,0,0,0,0,0,0,0
40010,1,1,0,0,0,0,0,0,0,0,0,0
40010,2,1,0,0,0,0,0,0,0,0,0,0
40011,1,1,0,0,0,0,0,0,0,0,0,0
40012,0,1,0,0,0,0,0,0,0,0,0,0
40012,1,1,0,0,0,0,0,0,0,0,0,0
40013,1,1,23,23,23,23,23,23,23,23,23,23
40013,2,1,0,0,7,6,0,0,0,0,0,0
40014,1,1,0,0,0,0,0,0,0,0,0,0
40015,1,1,0,0,0,0,0,0,0,0,0,0
40016,1,1,0,0,0,0,0,0,0,0,11,0
40017,1,1,0,0,0,0,0,0,0,0,0,0
40017,2,1,0,0,0,0,0,0,0,0,0,0
40018,1,1,0,0,0,0,0,0,0,0,0,0
40019,1,1,0,0,0,0,0,0,0,0,0,0
40020,1,1,0,0,0,0,0,0,0,0,0,0
40021,1,1,18,18,18,18,18,18,18,18,18,18
40022,0,1,0,0,0,0,0,0,0,0,0,0
40022,1,1,0,0,0,0,0,0,0,0,0,0
40022,2,1,0,18,7,0,0,0,24,0,39,0
40023,1,1,0,0,0,0,0,0,0,0,0,0
40023,2,1,0,0,0,0,0,0,0,0,0,0
40023,3,1,0,0,0,0,0,0,0,0,0,0
40024,1,1,26,26,26,26,26,26,26,26,26,26
40024,2,1,0,0,0,0,0,0,0,0,0,0
40024,3,1,0,0,0,0,0,0,0,0,0,0
40025,0,1,0,0,0,0,0,0,0,0,0,0
40025,1,1,0,0,0,0,0,0,0,0,0,0
40026,1,1,0,0,0,0,0,0,0,0,0,0
40026,2,1,0,0,0,0,0,0,0,0,0,0
40027,2,1,0,0,11,0,0,0,0,17,0,0
40028,0,1,6,6,6,6,6,6,6,6,6,6
40028,1,1,0,0,0,0,0,0,0,0,0,0
40029,1,1,8,8,8,8,8,8,8,8,8,8
40031,1,1,0,0,0,0,0,0,0,0,0,0
40031,2,1,0,0,0,0,0,0,0,0,0,0
40032,1,1,0,0,0,18,0,0,0,0,0,0
40033,1,1,17,17,17,17,17,17,17,17,17,17
40034,1,1,25,25,25,25,25,25,25,25,25,25
40035,1,1,0,0,0,0,0,0,0,0,0,0
40036,0,1,27,27,27,27,27,27,27,27,27,27
40036,1,1,3,3,3,3,3,3,3,3,3,3
40037,1,1,0,0,0,0,0,0,0,0,0,0
40037,2,1,0,0,0,0,0,0,0,0,0,0
40037,3,1,0,0,0,0,0,0,0,0,0,0
40038,1,1,18,13,0,0,0,0,0,0,8,23
40039,1,1,0,0,0,0,0,0,0,0,0,0
40040,0,1,0,0,0,0,0,0,0,0,0,0
40040,1,1,0,0,0,0,0,0,0,0,0,0
40041,1,1,21,21,21,21,21,21,21,21,21,21
40042,1,1,0,0,0,0,0,0,0,0,0,0
40042,2,1,0,0,0,0,0,0,0,0,0,0
40044,0,1,0,0,0,0,0,0,0,0,0,0
40044,1,1,0,0,0,0,0,0,0,0,0,0
40045,0,1,0,0,0,0,0,0,0,0,0,0
40045,1,1,0,0,13,0,35,11,0,0,0,12
40045,2,1,0,0,0,0,0,0,0,0,0,0
40046,1,1,0,0,0,0,0,0,0,0,0,0
40047,1,1,0,0,0,0,0,0,0,0,0,0
40047,2,1,0,0,0,0,0,0,0,0,0,0
40048,1,1,0,0,0,0,0,0,0,0,0,0
40048,2,1,0,0,0,0,0,0,0,0,0,0
40050,1,1,0,0,0,0,0,0,0,0,0,0
40050,2,1,0,0,17,0,0,0,0,0,12,0
40051,1,1,42,20,31,43,10,10,9,0,0,9
40052,1,1,0,0,0,0,0,0,0,0,0,0
40052,2,1,0,0,0,0,0,0,0,0,0,0
40052,3,1,0,0,0,0,0,0,0,0,0,0
40053,0,1,0,0,0,0,0,0,0,0,0,5
40053,1,1,0,12,0,0,4,0,0,0,0,0
40054,1,1,0,0,0,0,0,0,0,0,0,0
40055,1,1,0,0,0,0,0,0,0,0,0,0
40056,1,1,0,0,0,0,25,0,0,0,0,0
40056,2,1,0,0,0,0,0,0,0,0,0,0
40056,3,1,0,0,0,0,0,0,0,0,0,13
40056,4,1,0,40,0,0,0,0,0,8,0,0
40057,1,1,3,3,3,3,3,3,3,3,3,3
40057,2,1,0,0,0,0,0,0,8,0,0,0
40057,3,1,0,0,0,0,0,0,0,0,0,0
40057,4,1,0,0,0,0,0,0,0,0,0,0
40058,0,1,0,0,0,0,0,0,0,0,0,0
40058,1,1,0,0,0,0,0,0,0,0,0,0
40058,2,1,0,0,0,0,0,0,0,0,0,0
40059,1,1,0,0,0,0,0,0,0,0,0,0
40059,2,1,0,0,0,0,0,0,0,0,0,0
40060,1,1,0,0,0,0,0,0,0,0,0,0
40060,2,1,0,0,0,0,0,0,0,0,0,0
40061,1,1,0,0,0,13,0,0,0,0,0,0
40062,1,1,0,0,0,0,0,0,0,0,0,0
40062,2,1,0,0,0,0,0,0,0,0,0,0
40062,3,1,0,0,0,0,0,0,0,0,0,0
40062,4,1,0,0,0,0,0,0,0,0,0,0
40063,1,1,0,0,0,0,0,0,0,0,0,0
40063,2,1,0,0,0,0,0,0,0,0,0,0
40064,0,1,0,0,0,0,0,0,0,0,0,0
40064,1,1,0,0,0,0,0,0,0,0,0,0
40065,1,1,18,18,18,18,18,18,18,18,18,18
40066,1,1,0,0,0,0,0,0,0,0,0,0
40067,0,1,0,0,0,0,0,0,0,0,0,0
40067,1,1,0,0,0,0,0,0,0,0,0,0
40068,1,1,0,0,0,0,0,0,0,0,0,0
40068,2,1,0,0,0,0,0,0,0,0,0,0
40069,0,1,0,0,0,0,0,0,0,0,0,0
40069,1,1,0,0,0,0,0,0,0,0,0,0
40070,1,1,0,0,0,0,0,0,0,0,0,0
40070,2,1,0,0,0,0,0,0,0,0,0,0
40071,1,1,0,0,0,0,0,0,0,0,0,0
40071,2,1,0,0,0,0,0,0,0,0,0,0
40072,1,1,0,0,0,17,26,0,0,0,0,0
40073,0,1,17,17,17,17,17,17,17,17,17,17
40073,1,1,0,0,0,0,0,0,0,0,0,0
40074,1,1,0,0,0,0,0,0,0,0,0,0
40075,1,1,0,0,0,0,0,0,0,15,0,0
40076,1,1,0,0,0,0,0,0,0,0,0,0
40076,2,1,0,0,12,0,0,0,0,0,0,23
40076,3,1,0,0,0,0,0,0,0,0,0,0
40077,0,1,21,21,21,21,21,21,21,21,21,21
40077,1,1,0,0,0,0,0,0,0,0,0,0
40078,0,1,0,0,0,0,0,0,0,0,0,0
40079,1,1,27,27,27,27,27,27,27,27,27,27
40080,1,1,0,0,0,0,0,0,0,0,0,0
40080,2,1,0,0,0,0,0,0,0,0,0,0
40081,1,1,0,0,0,0,0,0,0,0,0,0
40081,2,1,22,22,22,22,22,22,22,22,22,22
40082,1,1,0,0,0,0,0,0,0,0,0,0
40083,1,1,0,0,0,0,0,0,0,0,0,0
40083,2,1,0,0,0,0,0,0,0,0,0,0
40085,1,1,22,14,21,11,12,22,6,26,22,0
40086,1,1,0,28,0,0,0,8,0,0,0,0
40087,1,1,22,22,22,22,22,22,22,22,22,22
40087,2,1,0,0,0,0,0,0,0,0,0,0
40088,1,1,21,21,21,21,21,21,21,21,21,21
40089,1,1,0,0,0,0,0,0,0,0,0,0
40089,2,1,0,0,0,0,0,0,0,0,0,0
40089,3,1,0,21,0,0,0,0,0,0,0,0
40089,4,1,0,0,0,7,0,0,0,0,0,0
40089,5,1,22,20,0,0,0,0,0,0,0,0
40089,6,1,12,0,0,0,0,0,0,0,18,0
40090,1,1,15,15,15,15,15,15,15,15,15,15
40091,1,1,0,0,0,0,0,0,0,0,0,0
40091,2,1,0,0,0,0,0,0,0,0,0,0
40092,1,1,0,6,0,0,0,0,0,0,0,0
40093,0,1,19,19,19,19,19,19,19,19,19,19
40093,1,1,20,0,0,0,0,5,0,0,28,20
40094,1,1,0,0,0,0,0,0,0,0,0,0
40095,0,1,0,0,0,0,0,0,0,0,0,0
40095,1,1,0,0,0,0,0,0,0,0,0,0
40096,1,1,0,0,0,0,0,0,0,0,0,0
40097,1,1,17,17,17,17,17,17,17,17,17,17
40097,2,1,0,0,0,0,0,0,0,0,0,0
40098,1,1,0,0,0,0,0,0,0,0,0,0
40099,1,1,0,0,38,11,0,0,0,0,0,0
40100,0,1,0,0,0,0,0,0,0,15,0,0
40100,1,1,0,0,0,0,0,0,0,0,0,0
40100,2,1,0,0,19,10,15,0,13,6,0,0
40101,1,1,0,0,0,0,0,0,0,0,0,0
40101,2,1,0,0,0,0,0,0,0,0,0,0
40102,0,1,0,0,0,0,0,0,0,0,0,0
40102,1,1,0,0,0,0,0,0,0,0,0,0
40103,1,1,18,16,14,12,3,28,21,15,27,13
40104,1,1,22,22,22,22,22,22,22,22,22,22
40105,0,1,0,0,0,0,0,0,0,0,0,0
40105,1,1,0,0,0,0,0,0,0,0,0,0
40106,1,1,0,0,25,0,0,0,0,0,0,0
40106,3,1,0,0,0,0,0,0,0,0,0,0
40107,0,1,0,0,0,0,0,0,0,0,0,0
40107,1,1,0,0,0,0,12,15,0,0,0,0
40109,1,1,0,0,0,0,0,0,0,0,0,0
40109,2,1,0,0,0,0,0,0,0,0,0,0
40109,3,1,16,0,0,0,0,0,0,0,0,27
40109,4,1,0,0,0,0,0,0,0,0,0,0
40110,0,1,0,0,0,0,0,0,0,0,0,0
40110,1,1,0,0,0,0,0,0,0,0,0,0
40111,1,1,24,24,24,24,24,24,24,24,24,24
40113,1,1,11,14,0,0,0,0,0,0,0,0
40114,1,1,0,0,0,0,0,0,0,0,0,0
40114,2,1,0,0,0,0,0,0,0,0,0,0
40114,3,1,0,12,0,0,0,0,0,0,0,0
40115,1,1,0,0,0,0,0,0,0,0,0,0
40116,1,1,0,0,9,0,0,0,0,14,0,0
40116,2,1,0,0,0,0,0,0,0,0,0,0
40117,1,1,0,0,0,0,0,0,0,0,0,0
40118,1,1,23,23,23,23,23,23,23,23,23,23
40119,1,1,0,0,0,0,0,0,0,0,0,0
40120,1,1,0,0,0,0,0,0,0,0,0,0
40120,2,1,0,0,0,0,0,0,0,0,0,0
40121,1,1,23,23,23,23,23,23,23,23,23,23
40122,1,1,0,0,0,0,0,0,0,0,0,0
40122,2,1,0,0,0,0,0,0,0,0,0,0
40123,1,1,0,0,0,0,0,0,0,0,0,0
40124,1,1,0,0,0,0,0,0,0,0,0,0
40125,1,1,0,0,0,0,0,0,0,0,0,0
40126,1,1,17,17,17,17,17,17,17,17,17,17
40127,1,1,0,0,0,0,0,0,0,0,0,0
40127,2,1,0,0,0,0,0,0,0,0,0,0
40128,1,1,25,25,25,25,25,25,25,25,25,25
40129,0,1,0,0,0,0,0,0,0,0,0,0
40129,1,1,0,0,0,0,0,0,0,0,0,0
40130,0,1,0,16,0,26,0,29,0,0,0,0
40130,1,1,23,0,0,0,25,22,0,0,22,0
40131,1,1,22,0,14,0,0,0,0,0,16,16
40132,2,1,27,14,0,13,0,0,14,0,0,0
40133,1,1,0,0,0,0,17,0,0,0,16,0
40134,0,1,0,0,0,0,0,0,0,0,0,0
40134,1,1,0,0,0,0,0,0,0,0,0,0
40135,1,1,0,0,0,0,0,0,0,0,0,0
40136,1,1,0,0,0,0,0,0,0,0,0,0
40136,2,1,0,0,0,0,0,0,0,0,0,0
40137,1,1,17,15,0,0,0,12,0,0,0,32
40138,1,1,0,0,0,0,0,0,0,0,0,0
40138,2,1,0,0,0,0,0,0,0,0,0,0
40139,1,1,11,11,11,11,11,11,11,11,11,11
40140,1,1,0,0,0,0,0,0,0,0,0,0
40141,1,1,0,10,0,0,0,0,0,0,0,0
40141,2,1,0,0,0,0,0,0,0,0,0,0
40142,0,1,19,19,19,19,19,19,19,19,19,19
40142,1,1,0,0,0,0,0,0,0,0,0,14
40143,1,1,19,19,19,19,19,19,19,19,19,19
40144,0,1,0,0,0,0,0,0,0,0,0,0
40144,1,1,0,0,0,0,0,0,0,0,0,0
40145,1,1,0,0,0,0,0,0,0,11,0,0
40146,0,1,8,6,34,29,17,47,0,23,55,10
40146,1,1,0,0,0,0,0,0,0,0,0,0
40148,1,1,0,0,0,0,0,0,0,0,0,0
40148,2,1,0,0,0,0,0,0,0,0,0,0
40149,1,1,0,0,0,0,0,0,0,0,0,0
40150,1,1,18,18,18,18,18,18,18,18,18,18
40150,2,1,0,0,0,0,0,0,0,0,0,0
40150,3,1,0,0,0,0,0,0,0,0,0,0
40151,1,1,0,0,0,0,0,0,0,0,0,0
40152,1,1,14,14,14,14,14,14,14,14,14,14
40153,1,1,0,0,0,0,0,0,0,0,0,0
40154,1,1,0,0,0,0,0,0,0,0,0,0
40154,2,1,0,0,0,0,0,0,0,7,0,0
40155,1,1,13,13,13,13,13,13,13,13,13,13
40155,2,1,0,0,0,0,0,0,0,0,0,0
40156,1,1,10,10,10,10,10,10,10,10,10,10
40157,1,1,0,0,0,0,0,0,0,0,0,0
40158,1,1,0,0,0,0,0,0,0,0,0,0
40159,1,1,0,0,0,0,0,0,0,0,0,0
40159,2,1,0,0,0,0,0,0,0,0,0,0
40160,0,1,0,0,0,0,0,0,0,0,0,0
40160,1,1,0,0,0,0,0,0,0,0,0,0
40161,0,1,46,46,46,46,46,46,46,46,46,46
40161,1,1,0,0,0,0,0,0,0,0,0,0
40162,1,1,34,34,34,34,34,34,34,34,34,34
40163,1,1,0,0,0,0,0,0,0,0,0,0
40164,1,1,0,0,0,0,0,0,0,0,0,0
40164,2,1,0,0,0,0,0,0,0,0,0,0
40165,1,1,24,24,24,24,24,24,24,24,24,24
40166,0,1,0,0,0,0,0,0,0,0,0,0
40166,1,1,14,0,0,0,11,0,0,0,8,12
40167,0,1,0,0,0,0,0,0,0,0,0,0
40167,1,1,0,0,0,0,0,0,0,0,0,0
40168,1,1,0,0,0,0,10,7,0,0,0,0
40169,1,1,0,0,0,0,0,0,0,0,0,0
40169,2,1,0,0,0,0,0,0,0,0,0,0
40170,1,1,0,0,0,0,0,0,16,0,0,3
40171,0,1,28,28,28,28,28,28,28,28,28,28
40171,1,1,4,9,0,0,0,0,0,21,0,15
40171,2,1,0,0,9,8,4,0,0,0,0,0
40172,0,1,30,30,30,30,30,30,30,30,30,30
40172,1,1,0,0,0,0,0,0,0,0,0,0
40173,1,1,0,0,0,0,0,0,0,0,0,0
40173,2,1,0,0,0,0,0,0,0,0,0,0
40174,1,1,17,17,17,17,17,17,17,17,17,17
40175,0,1,0,13,0,15,26,0,13,0,0,0
40175,1,1,0,0,0,0,0,0,0,0,0,0
40176,0,1,0,0,0,0,0,0,0,0,0,0
40176,1,1,11,11,11,11,11,11,11,11,11,11
40177,1,1,17,17,17,17,17,17,17,17,17,17
40177,2,1,0,0,0,0,0,0,0,0,0,0
40178,0,1,0,0,0,0,0,0,0,0,0,0
40178,1,1,0,0,0,0,0,0,0,0,0,0
40179,0,1,0,0,0,0,0,0,0,0,0,0
40179,0,2,0,0,0,0,0,0,0,0,0,0
40179,0,3,0,0,0,0,0,0,0,0,0,0
40179,1,1,0,0,0,0,0,0,0,0,0,0
40180,0,1,28,28,28,28,28,28,28,28,28,28
40180,1,1,0,0,0,0,0,0,0,0,0,0
40181,1,1,27,0,28,19,14,0,17,8,21,21
40182,1,1,32,32,32,32,32,32,32,32,32,32
40183,1,1,0,0,0,0,0,0,0,0,0,0
40183,2,1,0,0,0,0,0,0,0,0,0,0
40184,0,1,0,0,0,0,0,0,0,0,0,0
40184,1,1,0,0,0,0,0,0,0,0,0,0
40184,2,1,0,0,0,0,12,0,0,21,0,0
40185,1,1,0,0,0,0,0,0,0,0,0,0
40185,2,1,0,0,0,0,0,0,0,0,0,0
40186,1,1,26,26,26,26,26,26,26,26,26,26
40187,0,1,0,0,0,0,0,0,0,0,0,12
40187,1,1,0,0,0,0,0,0,0,0,0,0
40188,1,1,0,21,0,13,0,0,0,0,0,0
40189,1,1,6,6,6,6,6,6,6,6,6,6
40189,2,1,0,0,0,0,0,0,0,0,0,0
40190,1,1,0,24,15,17,21,0,0,0,0,0
40190,2,1,0,0,0,0,0,0,0,0,0,0
40191,1,1,7,7,7,7,7,7,7,7,7,7
40192,0,1,0,0,0,0,0,5,0,0,0,0
40192,1,1,0,0,0,0,0,0,0,0,0,0
40193,1,1,0,0,0,0,0,0,0,0,0,0