ST_CASE,VEH_NO,PER_NO,P1,P2,P3,P4,P5,P6,P7,P8,P9,P10
40194,1,1,0,0,0,8,0,12,0,0,0,0
40195,1,1,0,0,0,0,0,0,0,6,0,0
40196,1,1,0,0,0,0,0,0,0,0,0,0
40196,2,1,0,0,0,0,0,0,0,6,0,0
40196,3,1,0,0,0,0,0,0,0,0,0,0
40197,1,1,0,0,19,0,0,0,0,0,0,0
40198,1,1,14,14,14,14,14,14,14,14,14,14
40198,2,1,0,0,0,0,0,0,0,0,0,0
40199,1,1,9,9,9,9,9,9,9,9,9,9
40200,1,1,0,0,0,0,0,0,0,0,11,0
40200,2,1,0,0,0,0,0,0,0,0,0,0
40201,0,1,18,18,18,18,18,18,18,18,18,18
40201,1,1,0,0,0,0,0,0,0,0,0,0
40202,1,1,0,0,0,0,0,0,0,0,0,0
40202,2,1,0,0,0,0,0,0,0,0,0,0
40203,1,1,0,0,0,0,0,0,0,0,0,0
40203,2,1,0,0,0,0,0,0,0,0,0,0
40204,1,1,17,17,17,17,17,17,17,17,17,17
40205,1,1,14,14,14,14,14,14,14,14,14,14
40205,2,1,0,0,0,0,0,0,0,0,0,0
40206,1,1,0,0,0,18,11,3,0,0,14,0
40207,1,1,11,11,11,11,11,11,11,11,11,11
40208,1,1,0,0,0,0,0,0,0,0,0,0
40208,2,1,0,0,0,0,0,0,0,0,0,0
40209,1,1,28,28,28,28,28,28,28,28,28,28
40210,1,1,24,24,24,24,24,24,24,24,24,24
40211,1,1,0,0,0,0,0,0,0,0,0,0
40212,1,1,20,0,0,0,0,0,0,0,0,0
40213,1,2,0,0,34,13,0,0,0,17,0,16
40214,0,1,0,0,0,0,0,0,0,0,0,0
40214,1,1,0,0,0,0,0,0,0,0,0,0
40215,1,2,0,18,0,0,11,0,0,6,13,32
40216,0,1,0,0,0,0,0,0,0,0,0,0
40216,1,1,0,0,0,0,0,0,0,0,0,0
40217,1,1,0,0,0,0,0,0,0,0,0,0
40217,2,1,0,0,0,0,0,0,0,0,0,0
40218,1,1,17,17,17,17,17,17,17,17,17,17
40218,2,1,0,0,0,0,0,0,0,0,0,0
40219,1,1,0,0,0,0,0,0,0,0,0,0
40220,1,1,0,0,0,0,0,0,0,0,0,0
40220,2,1,0,0,0,0,0,0,0,0,0,0
40221,1,1,22,22,22,22,22,22,22,22,22,22
40222,1,1,0,0,0,0,0,0,0,0,0,0
40223,1,1,0,0,0,0,0,0,0,0,0,0
40224,1,1,0,0,0,0,0,0,0,0,0,0
40225,1,1,0,0,0,0,0,0,0,0,0,0
40226,1,1,0,0,0,0,0,0,0,0,0,0
40226,2,1,0,0,0,0,0,0,0,0,0,0
40227,1,1,0,0,0,0,0,0,0,0,0,0
40228,0,1,18,18,18,18,18,18,18,18,18,18
40228,1,1,13,13,13,13,13,13,13,13,13,13
40229,1,1,14,14,14,14,14,14,14,14,14,14
40229,2,1,0,0,0,0,0,0,0,0,0,0
40229,3,1,0,7,0,0,0,19,0,0,0,0
40230,1,1,12,12,12,12,12,12,12,12,12,12
40231,1,1,6,6,6,6,6,6,6,6,6,6
40232,1,1,0,0,0,0,0,0,0,0,0,0
40232,2,1,0,0,0,0,0,0,0,0,0,9
40233,1,1,0,0,0,0,0,0,0,0,0,0
40234,1,1,17,17,17,17,17,17,17,17,17,17
40235,1,1,0,0,0,0,0,0,0,0,0,0
40236,1,1,0,22,0,0,0,0,0,0,16,0
40237,1,1,7,7,7,7,7,7,7,7,7,7
40238,0,1,0,0,0,0,0,0,0,0,0,0
40238,1,1,0,0,0,0,0,0,0,0,0,0
40239,1,1,0,0,0,0,0,0,0,0,0,0
40239,2,1,0,0,0,0,0,0,0,0,21,0
40239,3,1,0,0,0,0,0,0,0,0,0,0
40240,1,1,0,0,0,0,0,0,4,0,0,8
40241,0,1,0,0,0,0,0,0,0,0,0,0
40241,1,1,0,0,0,0,0,0,0,0,0,0
40242,1,1,0,0,0,0,0,0,0,0,0,0
40242,2,1,1,1,1,1,1,1,1,1,1,1
40243,1,1,3,3,3,3,3,3,3,3,3,3
40243,2,1,0,0,0,0,4,0,0,0,0,10
40244,1,1,13,13,13,13,13,13,13,13,13,13
40245,1,1,0,0,0,0,0,0,0,0,0,0
40245,2,1,0,0,0,0,0,0,0,0,0,0
40246,0,1,9,9,9,9,9,9,9,9,9,9
40246,1,1,0,0,18,0,22,0,14,0,0,29
40246,2,1,0,0,0,0,0,0,0,0,0,0
40246,3,1,16,0,0,0,0,0,0,0,0,0
40247,0,1,0,0,0,0,0,0,0,0,0,0
40247,1,1,0,0,0,0,0,0,0,0,0,0
40248,1,1,0,0,0,0,0,0,8,7,0,0
40248,2,1,0,0,0,0,0,0,0,0,0,0
40248,3,1,0,0,0,0,0,0,0,0,0,0
40249,0,1,0,0,0,15,10,0,0,0,20,24
40249,1,1,0,0,0,0,14,6,0,17,0,22
40250,0,1,24,24,24,24,24,24,24,24,24,24
40250,1,1,0,0,0,0,0,0,0,0,0,0
40251,1,1,0,0,0,0,0,0,0,0,0,0
40251,2,1,0,0,0,0,0,0,0,0,0,0
40251,3,1,0,0,0,0,0,0,0,0,0,0
40252,1,1,4,4,4,4,4,4,4,4,4,4
40253,1,1,0,0,0,0,0,0,0,0,0,0
40253,2,1,21,21,21,21,21,21,21,21,21,21
40254,1,1,18,18,18,18,18,18,18,18,18,18
40255,1,1,0,0,0,0,0,0,0,0,0,0
40255,2,1,0,0,0,0,0,0,0,0,0,0
40256,1,1,0,0,0,0,0,0,0,0,0,0
40257,1,1,6,6,6,6,6,6,6,6,6,6
40257,2,1,0,0,0,0,0,0,0,0,0,0
40258,1,1,12,12,12,12,12,12,12,12,12,12
40258,2,1,0,0,0,0,0,0,0,0,0,0
40259,1,1,0,0,0,0,0,0,0,0,0,0
40259,2,1,0,0,0,0,0,0,0,0,0,0
40260,1,1,0,0,0,0,0,0,0,0,0,0
40261,1,1,0,14,0,0,0,0,0,0,0,0
40262,1,1,0,0,0,0,0,0,0,0,0,0
40262,2,1,0,0,0,0,0,0,0,0,0,0
40263,1,1,0,0,0,0,0,0,0,0,0,0
40264,1,1,17,17,17,17,17,17,17,17,17,17
40264,2,1,0,0,0,0,0,0,0,0,0,0
40264,3,1,0,0,0,0,0,0,0,0,0,0
40264,4,1,0,0,0,0,0,0,0,0,0,0
40264,5,1,0,0,0,0,0,0,0,0,0,18
40265,1,1,0,0,0,0,0,0,0,0,0,0
40265,2,1,0,0,0,0,0,0,0,0,0,0
40266,1,1,0,0,0,0,0,0,0,0,0,0
40266,2,1,0,0,0,0,0,0,0,0,0,0
40267,1,1,12,12,12,12,12,12,12,12,12,12
40268,1,1,0,0,0,0,0,0,0,0,0,0
40269,1,1,0,0,0,0,0,0,0,0,0,0
40269,2,1,0,0,0,0,0,0,0,0,5,0
40270,1,1,0,0,0,0,0,0,0,0,0,0
40271,1,1,0,0,0,0,0,0,0,0,0,0
40272,1,1,5,5,5,5,5,5,5,5,5,5
40273,1,1,14,19,15,25,30,15,22,10,1,12
40274,1,1,0,0,0,0,0,0,0,0,0,0
40274,2,1,0,0,0,0,0,0,0,0,0,0
40275,1,1,0,0,0,0,0,0,0,0,0,0
40276,1,1,6,6,6,6,6,6,6,6,6,6
40277,0,1,2,2,2,2,2,2,2,2,2,2
40277,1,1,0,0,0,0,0,0,0,0,0,0
40278,1,1,11,11,11,11,11,11,11,11,11,11
40278,2,1,0,0,0,0,0,0,0,0,0,0
40279,1,1,0,0,0,0,0,0,0,0,0,0
40279,2,1,0,0,0,0,0,0,0,0,0,0
40280,1,1,0,0,0,0,0,0,15,15,0,0
40280,2,1,0,0,0,0,0,0,0,0,0,0
40281,1,1,13,14,36,22,20,18,3,0,0,8
40282,1,1,0,0,0,0,0,0,0,0,0,0
40282,2,1,0,0,0,0,0,0,0,0,5,0
40283,1,1,0,0,0,0,0,0,0,0,0,0
40283,2,1,21,0,0,0,0,0,0,19,0,0
40284,1,1,22,22,22,22,22,22,22,22,22,22
40285,1,1,0,15,4,0,0,21,0,0,0,12
40286,1,1,15,15,15,15,15,15,15,15,15,15
40286,2,1,0,0,0,0,0,0,0,0,0,0
40287,1,1,11,24,34,37,20,15,13,22,24,30
40288,1,1,0,22,0,0,0,0,30,0,0,0
40288,2,1,0,0,0,0,0,0,0,0,0,0
40289,0,1,0,0,0,0,0,0,0,0,0,0
40289,0,2,11,23,32,26,0,0,0,0,0,0
40289,1,1,0,0,0,0,0,0,0,0,0,0
40290,1,1,5,0,0,0,0,0,0,0,9,0
40290,2,1,0,0,0,0,0,0,0,0,0,0
40291,1,1,28,28,28,28,28,28,28,28,28,28
40293,1,1,0,0,0,0,0,0,0,0,0,0
40293,2,1,0,0,0,0,0,0,0,0,0,0
40294,1,1,0,0,0,0,0,0,0,0,0,0
40295,1,1,0,0,0,0,0,0,0,0,0,0
40295,2,1,0,0,0,0,0,0,0,0,0,0
40296,1,1,26,26,26,26,26,26,26,26,26,26
40297,0,1,37,37,37,37,37,37,37,37,37,37
40297,1,1,0,4,0,0,0,0,0,0,0,0
40298,1,1,0,0,0,0,0,0,0,0,0,0
40298,2,1,0,0,0,0,0,0,0,0,0,0
40299,1,1,0,0,0,0,0,0,0,0,0,0
40300,1,1,3,3,3,3,3,3,3,3,3,3
40301,1,1,0,0,0,0,0,0,3,0,0,0
40301,2,1,0,0,0,0,0,0,0,0,0,0
40302,0,1,6,6,6,6,6,6,6,6,6,6
40302,1,1,0,0,0,0,0,0,0,0,0,0
40303,1,1,0,0,0,0,0,0,0,0,0,0
40303,2,1,0,0,0,0,0,0,0,0,0,0
40304,1,1,21,21,21,21,21,21,21,21,21,21
40305,1,1,0,0,0,0,0,0,0,0,0,0
40306,0,1,0,0,0,0,0,0,0,0,0,0
40306,1,1,0,0,0,0,0,0,0,0,0,0
40306,2,1,0,0,0,0,0,0,0,0,0,0
40307,1,1,0,0,0,0,0,0,0,0,0,0
40308,1,1,0,0,0,0,0,0,0,0,0,0
40308,2,1,0,0,0,0,0,0,0,0,0,0
40309,1,1,16,16,16,16,16,16,16,16,16,16
40310,1,1,17,17,17,17,17,17,17,17,17,17
40311,1,1,11,13,15,9,0,0,9,0,0,16
40312,1,1,0,0,11,12,24,0,10,0,0,15
40312,2,1,0,0,0,0,0,0,0,0,0,0
40313,1,1,19,19,19,19,19,19,19,19,19,19
40314,1,1,0,0,0,0,0,0,0,0,0,0
40315,1,1,0,0,0,0,0,0,0,0,0,0
40315,2,1,0,0,0,0,0,0,0,0,0,0
40316,1,1,21,21,21,21,21,21,21,21,21,21
40317,1,1,0,0,0,0,0,0,0,0,0,0
40317,2,1,0,0,0,0,0,0,0,0,0,0
40318,1,1,6,6,6,6,6,6,6,6,6,6
40319,0,1,0,13,0,0,0,0,37,0,25,0
40319,1,1,0,0,0,0,0,0,0,0,0,0
40320,1,1,0,0,0,0,0,0,0,0,0,0
40321,1,1,0,0,0,0,0,0,0,0,0,0
40322,1,1,0,0,0,0,0,0,0,0,0,0
40322,2,1,0,0,0,0,0,0,0,0,0,0
40323,1,1,0,0,0,0,0,0,0,0,0,0
40324,1,1,0,0,0,0,0,0,0,0,0,0
40325,1,1,0,0,0,0,0,0,0,0,0,0
40326,1,1,0,0,0,0,0,0,0,0,0,0
40326,2,1,0,0,13,0,8,0,4,0,0,0
40327,1,1,0,0,0,0,0,0,0,0,0,0
40328,1,1,0,0,0,0,0,0,0,0,0,0
40328,2,1,0,0,0,0,0,0,0,0,0,0
40329,1,1,27,27,27,27,27,27,27,27,27,27
40330,1,1,15,15,15,15,15,15,15,15,15,15
40331,1,1,11,11,11,11,11,11,11,11,11,11
40332,1,1,27,27,27,27,27,27,27,27,27,27
40333,1,1,0,0,0,0,0,0,0,0,0,0
40334,0,1,0,0,35,0,0,19,28,0,16,15
40334,1,1,0,0,0,0,0,0,0,0,0,0
40335,1,1,0,0,0,0,0,0,0,0,0,0
40336,1,1,14,14,14,14,14,14,14,14,14,14
40336,2,1,0,11,0,0,0,5,0,0,10,0
40337,1,1,0,0,0,0,0,0,0,0,0,0
40338,1,1,8,20,5,14,8,5,29,0,3,10
40338,2,1,0,0,0,0,0,0,0,0,0,0
40339,1,1,0,0,0,0,0,0,0,0,0,0
40339,2,1,0,0,0,0,0,0,0,0,0,0
40340,1,1,0,0,0,0,0,0,0,0,0,0
40341,0,1,5,5,5,5,5,5,5,5,5,5
40341,1,1,9,9,9,9,9,9,9,9,9,9
40342,1,1,7,11,0,0,0,0,9,20,9,14
40343,1,1,0,0,0,0,0,0,0,0,0,0
40343,2,1,0,0,0,0,0,0,0,0,0,0
40344,1,1,0,0,0,0,0,0,0,0,0,0
40344,2,1,0,0,0,0,0,0,0,0,0,0
40345,0,1,0,0,0,0,0,0,0,0,0,0
40345,1,1,18,18,18,18,18,18,18,18,18,18
40346,1,1,7,19,11,14,14,35,19,0,8,10
40347,1,1,0,0,0,0,0,0,0,0,0,0
40347,2,1,22,6,0,9,10,0,10,19,21,0
40348,0,1,32,32,32,32,32,32,32,32,32,32
40348,1,1,0,0,0,0,0,0,0,0,0,0
40349,1,1,0,0,0,0,0,0,0,0,0,0
40349,2,1,0,0,0,0,0,0,0,0,0,0
40350,1,1,29,29,29,29,29,29,29,29,29,29
40350,2,1,0,0,0,0,0,0,0,0,0,0
40351,1,1,29,34,31,8,16,36,21,0,16,19
40352,0,1,0,0,0,0,0,0,0,0,0,0
40352,0,2,0,0,0,0,0,0,0,0,0,0
40352,1,1,0,0,0,0,0,0,0,0,0,0
40353,0,1,3,3,3,3,3,3,3,3,3,3
40353,0,2,0,0,0,19,0,0,0,0,0,0
40353,1,1,1,1,1,1,1,1,1,1,1,1
40354,1,1,0,0,0,0,0,0,0,0,0,0
40354,2,1,0,0,0,0,0,0,0,0,0,0
40355,0,1,0,0,0,0,0,0,0,0,0,0
40355,1,1,0,0,0,0,0,0,0,0,0,0
40356,0,1,0,0,0,0,0,0,0,0,0,0
40356,1,1,4,9,5,10,14,12,29,11,8,27
40357,0,1,3,3,3,3,3,3,3,3,3,3
40357,1,1,0,0,0,0,0,11,0,0,0,0
40358,1,1,0,0,0,0,0,0,0,0,0,0
40359,1,1,0,0,0,0,0,0,0,26,0,0
40360,1,1,20,20,20,20,20,20,20,20,20,20
40361,0,1,40,40,40,40,40,40,40,40,40,40
40361,1,1,0,0,0,0,0,0,0,0,0,0
40362,1,1,0,0,0,0,0,0,0,0,0,0
40363,1,1,0,0,0,0,0,0,0,0,0,0
40363,2,1,0,0,0,3,0,4,0,0,0,0
40364,1,1,0,0,0,0,0,0,0,0,0,0
40365,0,1,0,0,0,0,0,0,0,0,0,0
40365,1,1,0,12,0,0,0,0,0,0,0,22
40365,2,1,0,0,0,0,0,0,0,0,0,0
40365,3,1,0,0,0,0,0,0,0,16,0,0
40367,1,1,1,1,1,1,1,1,1,1,1,1
40368,1,1,23,23,23,23,23,23,23,23,23,23
40368,2,1,0,0,0,0,0,0,0,0,0,0
40369,0,1,33,33,33,33,33,33,33,33,33,33
40369,1,1,0,0,0,0,0,0,0,0,0,0
40370,1,1,26,26,26,26,26,26,26,26,26,26
40370,2,1,0,0,0,0,0,0,0,0,0,0
40372,1,1,0,0,0,0,0,0,0,0,0,0
40372,2,1,0,0,0,0,0,0,0,0,0,0
40372,3,1,0,0,0,0,0,0,0,0,0,0
40372,4,1,0,0,0,0,0,0,0,0,0,0
40373,0,1,0,0,0,0,0,0,0,0,0,0
40373,1,1,0,0,0,0,0,0,0,0,0,0
40374,1,1,22,0,24,25,12,0,0,0,14,0
40375,1,1,29,29,29,29,29,29,29,29,29,29
40376,0,1,0,0,0,0,0,0,0,0,0,0
40376,1,1,0,0,0,0,0,0,0,0,0,0
40377,1,1,0,0,0,0,0,0,0,0,0,0
40378,1,1,0,0,0,0,0,0,0,0,0,0
40379,1,1,0,0,0,0,0,0,0,0,0,0
40379,2,1,0,0,0,0,0,0,0,0,0,0
40380,0,1,0,25,0,0,0,0,16,0,0,0
40380,1,1,0,0,0,0,0,0,0,0,0,0
40381,0,1,4,4,4,4,4,4,4,4,4,4
40381,1,1,0,0,0,0,0,0,0,0,0,0
40381,2,1,0,0,0,0,0,0,0,0,0,0
40382,0,1,0,0,0,0,0,0,0,0,0,0
40382,1,1,0,0,0,0,0,0,0,0,0,0
40383,0,1,23,23,23,23,23,23,23,23,23,23
40383,1,1,0,0,0,0,0,0,0,0,0,0
40384,0,1,23,23,23,23,23,23,23,23,23,23
40384,1,1,0,0,0,0,0,0,0,0,0,0
40385,1,1,0,0,0,5,0,0,0,0,0,0
40385,2,1,0,0,0,0,0,0,0,0,0,0
40386,1,1,0,0,0,0,0,0,0,0,0,0
40387,0,1,0,0,0,0,0,0,0,0,0,0
40387,1,1,0,0,0,0,0,0,0,0,0,0
40388,1,1,12,12,12,12,12,12,12,12,12,12
40390,1,1,0,0,0,0,0,0,0,0,0,9
40390,2,1,0,0,0,0,0,0,0,0,0,0
40391,1,1,20,20,20,20,20,20,20,20,20,20
40391,2,1,0,0,0,0,0,0,0,0,0,0
40392,1,1,0,0,0,0,0,0,0,0,0,0
40392,2,1,0,0,0,0,0,0,0,0,0,0
40393,0,1,0,0,0,0,36,0,0,0,0,0
40393,1,1,0,0,0,0,0,0,0,0,0,0
40394,1,1,0,0,0,0,0,0,0,0,0,0
40394,2,1,0,0,0,0,0,0,0,0,0,0
40395,1,1,16,16,16,16,16,16,16,16,16,16
40395,2,1,0,0,0,0,0,0,0,0,0,0
40396,1,1,0,34,24,18,0,0,13,0,0,19
40397,1,1,0,0,0,0,0,0,0,0,0,0
40398,1,1,0,0,0,0,0,0,0,0,0,0
40398,2,1,0,0,0,0,0,0,0,0,0,0
40398,3,1,7,7,7,7,7,7,7,7,7,7
40399,1,1,0,0,0,0,0,0,0,0,0,0
40400,1,1,6,6,6,6,6,6,6,6,6,6
40401,1,1,0,0,0,0,0,0,0,0,0,0
40401,2,1,0,0,0,22,0,0,0,0,0,0
40402,1,1,0,0,0,0,0,0,0,0,0,0
40403,1,1,0,0,0,0,0,0,0,0,0,0
40404,1,1,8,8,8,8,8,8,8,8,8,8
40404,2,1,0,0,0,0,0,0,0,0,0,0
40405,1,1,0,0,0,0,0,0,0,0,0,0
40405,2,1,0,0,0,0,0,0,0,0,0,0
40406,1,1,12,12,12,12,12,12,12,12,12,12
40406,2,1,0,0,0,0,0,0,0,0,0,0
40407,1,1,26,26,26,26,26,26,26,26,26,26
40408,1,1,0,0,0,0,0,0,0,0,0,0
40409,1,1,0,0,0,0,0,0,0,0,0,0
40409,2,1,0,0,0,0,0,0,0,0,0,0
40410,1,1,0,0,10,0,0,0,0,0,0,0
40411,0,1,23,23,23,23,23,23,23,23,23,23
40411,1,1,0,0,0,0,0,4,0,9,0,0
40412,0,1,23,29,21,11,0,18,0,18,12,0
40412,1,1,30,6,5,0,22,0,0,11,10,0
40413,1,1,16,16,16,16,16,16,16,16,16,16
40414,1,1,22,19,17,25,9,8,3,25,15,19
40415,0,1,30,30,30,30,30,30,30,30,30,30
40415,1,1,6,0,0,0,0,0,31,13,0,0
40416,1,1,0,0,0,0,0,0,0,0,0,0
40416,2,1,14,14,14,14,14,14,14,14,14,14
40417,1,1,8,8,8,8,8,8,8,8,8,8
40419,1,1,0,0,0,0,0,0,0,0,0,0
40420,0,1,0,0,15,0,0,0,0,0,14,0
40420,1,1,0,0,0,3,0,0,0,0,5,0
40421,1,2,0,0,0,0,18,0,36,0,24,0
40422,1,1,0,0,0,0,0,0,0,0,0,0
40423,0,1,0,0,0,0,0,0,0,0,0,0
40423,1,1,0,0,0,0,0,0,0,0,0,0
40424,1,1,39,14,0,0,0,0,0,0,0,0
40425,1,1,0,0,0,0,0,0,0,0,0,0
40426,0,1,0,0,0,0,0,0,0,0,0,0
40426,1,1,15,15,15,15,15,15,15,15,15,15
40427,0,1,0,0,0,0,0,0,0,0,0,0
40427,1,1,0,0,0,0,0,0,0,0,0,0
40428,1,1,0,0,17,0,0,0,0,0,9,0
40428,2,1,0,0,0,0,0,0,0,0,0,0
40429,0,1,0,0,14,0,0,0,0,0,0,0
40429,1,1,23,0,0,0,0,0,0,0,0,0
40430,1,1,0,0,0,0,0,0,0,0,0,0
40430,2,1,0,0,0,0,0,0,0,0,0,0
40431,1,1,0,0,14,0,0,0,0,0,0,0
40432,0,1,0,0,0,0,0,0,0,0,0,0
40432,1,1,17,17,17,17,17,17,17,17,17,17
40432,3,1,0,0,0,0,0,0,0,0,0,0
40433,1,1,0,0,0,0,0,0,10,0,0,5
40434,1,1,0,0,0,0,0,0,0,0,0,0
40434,2,1,0,0,0,0,0,0,0,0,0,0
40435,1,1,0,0,0,0,0,0,0,0,0,0
40435,2,1,0,0,0,0,0,0,0,0,0,0
40436,1,1,0,0,0,0,0,0,0,0,0,0
40437,1,1,0,0,0,0,0,0,0,0,0,0
40437,2,1,0,0,0,0,0,0,0,0,0,0
40438,1,1,0,0,0,0,0,0,0,0,0,0
40438,2,1,0,0,0,0,0,0,0,0,0,0
40439,0,1,32,32,32,32,32,32,32,32,32,32
40439,1,1,0,0,0,0,0,0,0,0,0,0
40440,1,1,0,0,0,0,11,0,0,0,0,0
40440,2,1,0,0,0,0,0,0,0,0,0,0
40441,1,1,29,29,29,29,29,29,29,29,29,29
40442,1,1,3,3,3,3,3,3,3,3,3,3
40443,1,1,0,0,0,0,0,0,0,0,0,0
40444,1,1,0,0,0,0,0,0,0,0,0,0
40444,2,1,0,0,0,0,0,0,0,0,0,0
40444,3,1,0,0,0,0,21,0,0,0,0,0
40445,0,1,0,0,0,0,0,0,0,0,0,0
40445,1,1,0,0,0,0,0,0,0,0,0,0
40446,0,1,0,0,0,0,0,0,0,0,0,0
40446,1,1,0,0,0,5,8,0,0,0,0,0
40447,1,1,8,8,8,8,8,8,8,8,8,8
40448,1,1,0,0,0,0,0,0,0,0,0,0
40448,2,1,0,0,0,0,0,0,0,0,0,0
40449,0,1,27,27,27,27,27,27,27,27,27,27
40449,1,1,0,0,0,13,0,0,0,0,0,0
40450,0,1,19,19,19,19,19,19,19,19,19,19
40450,1,1,0,0,0,0,13,24,0,20,26,7
40451,1,1,0,0,0,0,0,0,0,0,0,0
40451,2,1,0,0,0,0,0,0,0,0,13,0
40452,1,1,35,35,35,35,35,35,35,35,35,35
40452,2,1,0,0,0,0,0,0,0,0,0,0
40453,1,1,0,0,0,0,0,0,0,0,0,0
40454,0,1,0,0,0,0,0,0,0,0,0,0
40454,1,1,0,0,0,0,0,0,6,0,0,11
40456,1,1,0,0,0,0,0,0,0,0,0,0
40457,1,1,19,19,19,19,19,19,19,19,19,19
40457,2,1,0,3,0,0,0,0,0,0,0,0
40458,0,1,0,0,0,0,0,0,0,0,0,0
40458,1,1,0,0,0,0,0,0,0,0,0,0
40459,1,1,0,0,0,0,0,0,0,0,0,0
40460,1,1,0,0,0,0,0,0,0,0,0,0
40461,1,1,0,0,0,0,0,0,0,0,0,0
40462,1,1,0,0,0,0,0,0,0,0,0,0
40463,0,1,23,23,23,23,23,23,23,23,23,23
40463,1,1,0,0,0,0,0,0,0,0,0,0
40464,1,1,7,0,0,0,0,0,0,0,0,0
40464,2,1,0,0,0,0,0,0,0,0,0,0
40465,1,1,21,21,21,21,21,21,21,21,21,21
40465,2,1,0,0,0,0,0,0,0,0,0,0
40466,1,1,16,16,16,16,16,16,16,16,16,16
40467,1,1,0,0,0,0,0,0,0,0,0,0
40467,2,1,0,0,0,0,0,0,0,0,0,0
40468,1,1,0,0,0,0,0,0,0,0,0,0
40468,2,1,0,0,0,0,0,0,0,0,0,0
40469,1,1,23,23,23,23,23,23,23,23,23,23
40469,2,1,0,0,0,0,0,0,13,0,0,0
40470,1,1,0,0,0,0,0,0,0,0,0,0
40470,2,1,0,0,0,0,0,0,0,0,0,0
40471,0,1,22,22,22,22,22,22,22,22,22,22
40471,1,1,0,0,0,0,0,0,0,0,0,0
40472,1,1,0,0,0,0,0,0,0,0,0,0
40472,2,1,0,0,0,0,0,0,0,0,0,0
40473,1,1,0,0,0,0,0,0,0,0,0,0
40474,1,1,9,19,0,15,0,0,0,0,33,14
40475,1,1,22,22,22,22,22,22,22,22,22,22
40476,1,1,0,0,0,0,0,0,0,0,0,0
40476,2,1,0,0,0,0,0,0,0,0,0,0
40477,0,1,38,24,21,15,17,34,15,32,13,24
40477,0,2,25,7,20,20,0,33,0,18,28,8
40477,1,1,0,0,0,0,0,0,0,0,0,0
40478,0,1,11,11,11,11,11,11,11,11,11,11
40478,1,1,0,0,0,0,0,0,0,0,0,0
40479,1,1,0,0,0,0,0,0,0,0,0,0
40480,1,1,21,21,21,21,21,21,21,21,21,21
40481,0,1,0,0,0,0,0,0,0,0,0,0
40481,0,2,0,0,0,0,0,0,0,0,0,0
40481,1,1,0,0,0,0,0,0,0,0,0,0
40482,1,1,9,0,0,11,0,19,17,8,0,14
40482,2,1,0,0,0,0,0,0,0,0,0,0
40483,1,1,0,0,0,0,0,0,0,0,0,0
40483,2,1,0,0,0,0,0,0,0,0,0,0
40485,1,1,19,0,0,0,23,23,0,9,8,23
40486,0,1,0,0,0,0,0,0,0,0,0,0
40486,1,1,13,13,13,13,13,13,13,13,13,13
40487,1,1,0,0,0,0,0,0,0,0,0,0
40487,2,1,0,0,0,0,0,0,0,0,0,0
40488,0,1,0,0,0,0,0,0,0,0,0,0
40488,1,1,0,0,0,0,0,0,0,0,0,0
40489,0,1,0,0,0,0,0,18,0,9,0,0
40489,1,1,0,0,0,0,12,0,0,18,0,24
40490,0,1,20,20,20,20,20,20,20,20,20,20
40490,1,1,0,0,0,0,0,0,0,0,0,0
40491,1,1,22,22,22,22,22,22,22,22,22,22
40491,2,1,0,0,0,0,0,0,0,0,0,0
40492,1,2,0,0,0,0,0,0,0,24,0,35
40493,1,3,0,0,0,4,0,13,0,0,0,20
40494,1,1,0,0,0,13,0,0,0,0,0,0
40494,2,1,0,0,0,0,0,0,0,0,0,0
40494,3,1,0,0,0,0,0,0,0,0,0,0
40494,4,1,0,0,0,0,0,0,0,0,0,0
40495,1,1,25,25,25,25,25,25,25,25,25,25
40496,1,1,0,0,0,0,0,0,0,0,0,0
40496,2,1,6,6,6,6,6,6,6,6,6,6
40496,3,1,0,0,0,0,0,0,0,0,0,0
40496,4,1,0,0,0,0,0,0,0,0,0,0
40497,1,1,0,0,0,0,0,0,0,0,0,0
40497,2,1,0,0,0,0,0,0,0,0,0,0
40498,1,1,0,0,0,0,0,0,0,0,0,0
40498,2,1,0,0,0,0,0,0,0,0,0,0
40499,0,1,0,0,0,0,0,0,0,0,0,0
40499,1,1,0,0,0,0,0,0,0,0,0,0
40500,1,1,0,0,0,0,0,0,0,0,0,0
40500,2,1,0,0,0,0,0,0,0,0,0,0
40501,1,1,0,0,0,0,0,0,0,0,0,0
40501,2,1,0,0,28,0,0,0,0,0,0,0
40501,3,1,0,0,0,0,0,0,0,0,0,0
40502,0,1,0,0,0,0,0,0,0,0,0,0
40502,1,1,0,0,0,0,8,0,0,9,0,0
40503,1,1,0,0,0,0,0,0,0,0,0,0
40503,2,1,21,21,21,21,21,21,21,21,21,21
40504,1,1,25,25,25,25,25,25,25,25,25,25
40505,1,1,0,0,0,0,0,0,0,0,0,0
40505,2,1,0,0,0,0,0,0,0,0,0,0
40506,1,1,0,0,0,0,0,0,0,0,0,0
40506,2,1,0,0,0,0,0,0,0,0,0,0
40506,3,1,0,0,0,0,0,0,0,0,0,0
40506,4,1,0,0,0,13,0,0,0,0,0,0
40506,5,1,0,16,0,0,0,0,0,0,0,0
40507,1,1,10,10,10,10,10,10,10,10,10,10
40507,2,1,0,0,0,0,0,0,0,0,0,0
40508,1,1,0,0,0,0,0,0,0,0,0,0
40508,2,1,0,0,0,0,0,0,0,0,0,0
40509,1,1,16,16,16,16,16,16,16,16,16,16
40510,1,1,0,0,0,0,0,0,0,0,0,0
40511,1,1,0,0,0,0,0,0,0,0,0,0
40511,2,1,0,0,0,0,0,0,0,0,0,0
40511,3,1,0,0,0,0,0,0,0,0,0,0
40513,1,1,22,22,22,22,22,22,22,22,22,22
40516,0,1,0,0,0,0,0,0,0,0,0,0
40516,1,1,0,0,0,0,0,0,0,0,0,0