ST_CASE,VEH_NO,PER_NO,P1,P2,P3,P4,P5,P6,P7,P8,P9,P10
40516,2,1,0,0,0,0,0,0,0,0,0,0
40517,0,1,0,27,24,0,33,16,0,11,0,0
40517,1,1,21,0,0,12,13,0,0,0,0,0
40518,1,1,22,22,22,22,22,22,22,22,22,22
40518,2,1,0,0,0,0,0,0,0,0,0,0
40518,3,1,0,0,0,0,0,0,18,0,0,10
40519,1,1,23,23,23,23,23,23,23,23,23,23
40520,1,1,8,0,0,0,0,13,0,0,0,0
40520,2,1,0,32,0,0,0,24,0,0,0,0
40521,1,1,0,0,0,0,0,0,0,0,0,0
40522,0,1,7,7,7,7,7,7,7,7,7,7
40522,1,1,0,0,0,0,0,0,0,0,0,0
40523,1,1,15,15,15,15,15,15,15,15,15,15
40523,2,1,0,0,0,0,6,0,0,6,0,0
40524,1,1,0,0,0,0,0,0,0,0,0,0
40524,2,1,0,0,0,0,0,0,0,0,0,0
40525,1,1,0,0,0,0,0,0,0,0,0,0
40525,2,1,0,0,0,0,0,0,0,0,0,0
40525,3,1,0,0,0,0,0,0,0,0,0,0
40526,1,1,0,0,0,0,0,0,0,0,0,0
40527,0,1,0,0,0,0,0,0,0,0,0,0
40527,1,1,0,0,0,0,0,0,0,0,0,0
40528,0,1,0,0,0,0,0,0,0,0,0,0
40528,1,1,0,0,0,0,0,0,0,0,0,0
40528,2,1,0,0,0,0,0,0,0,0,0,0
40529,1,1,0,0,0,0,0,0,0,0,0,0
40529,2,1,0,0,0,0,0,0,0,0,0,0
40530,0,1,0,0,0,0,0,0,0,0,0,0
40530,1,1,0,0,0,0,0,0,0,0,0,0
40531,0,1,0,0,0,0,0,0,0,0,0,0
40531,1,1,0,0,0,0,0,0,0,0,0,0
40532,1,1,0,0,0,0,0,0,0,0,0,0
40533,1,1,16,16,16,16,16,16,16,16,16,16
40534,1,1,0,0,0,0,0,0,0,0,0,0
40535,1,1,12,12,12,12,12,12,12,12,12,12
40536,1,1,16,16,16,16,16,16,16,16,16,16
40537,0,1,20,34,16,20,6,38,22,33,20,8
40537,1,1,0,27,33,48,0,0,0,0,29,0
40538,1,1,0,0,0,0,0,0,0,0,0,0
40539,1,1,11,11,11,11,11,11,11,11,11,11
40540,1,1,0,0,0,0,0,0,0,0,0,0
40540,2,1,19,19,19,19,19,19,19,19,19,19
40541,1,1,24,24,24,24,24,24,24,24,24,24
40541,2,1,0,34,21,0,0,0,0,0,0,0
40542,1,1,23,23,23,23,23,23,23,23,23,23
40543,1,1,0,0,0,0,0,0,0,0,0,0
40544,1,1,0,0,0,0,0,0,0,0,0,0
40544,2,1,0,0,9,0,0,0,0,0,0,0
40544,3,1,0,0,0,0,0,0,0,0,0,0
40545,1,1,0,0,0,0,0,0,0,0,0,0
40546,1,1,0,0,0,0,0,0,0,0,0,0
40546,2,1,0,0,0,0,0,0,0,0,0,0
40547,0,1,30,30,30,30,30,30,30,30,30,30
40547,1,1,0,0,0,0,0,0,0,0,0,0
40548,1,1,0,0,0,0,0,0,0,0,0,0
40548,2,1,0,0,0,0,0,0,0,0,0,0
40548,3,1,0,0,0,0,0,0,0,0,0,0
40549,0,1,0,0,0,0,0,0,0,28,20,0
40549,0,2,0,0,0,0,0,0,0,0,0,0
40549,0,3,0,0,0,0,0,0,0,0,0,0
40549,1,1,0,0,0,0,0,0,0,0,0,0
40550,0,1,39,39,39,39,39,39,39,39,39,39
40550,1,1,0,0,0,0,0,0,0,0,0,0
40551,1,1,0,0,0,0,0,0,0,0,0,0
40551,2,1,0,0,0,0,0,0,0,0,0,0
40552,1,1,0,0,0,0,0,0,0,0,0,0
40552,2,1,0,0,0,0,0,0,0,0,0,0
40553,1,1,27,27,27,27,27,27,27,27,27,27
40554,1,1,0,22,17,0,15,0,0,0,13,0
40555,1,1,0,0,0,0,0,0,0,0,0,0
40555,2,1,0,0,0,0,0,0,0,0,0,0
40556,1,1,0,0,0,0,0,0,0,0,0,0
40556,2,1,0,0,0,0,0,0,15,0,0,0
40557,0,1,18,18,18,18,18,18,18,18,18,18
40557,1,1,0,0,21,0,0,38,20,0,0,0
40558,1,1,0,0,13,0,0,0,0,0,23,0
40559,1,1,38,38,38,38,38,38,38,38,38,38
40559,2,1,0,0,0,0,0,0,0,0,0,0
40560,1,1,10,0,0,0,0,0,0,21,0,0
40561,0,1,38,38,38,38,38,38,38,38,38,38
40561,1,1,0,0,0,0,0,0,0,0,0,0
40562,0,1,34,34,34,34,34,34,34,34,34,34
40562,1,1,13,0,0,11,0,0,0,0,0,16
40563,1,1,0,0,0,0,0,0,0,0,0,0
40563,2,1,0,0,0,0,0,0,0,0,0,0
40564,0,1,23,23,23,23,23,23,23,23,23,23
40564,1,1,12,12,12,12,12,12,12,12,12,12
40565,1,1,21,21,21,21,21,21,21,21,21,21
40566,1,1,0,0,0,0,0,0,0,0,0,0
40566,2,1,0,0,0,0,0,0,0,0,37,0
40566,3,1,0,0,0,0,0,0,0,0,0,0
40567,1,1,0,0,0,0,0,0,20,0,0,0
40567,2,1,0,0,0,0,0,0,0,0,0,0
40567,3,1,0,0,0,0,0,0,0,0,0,0
40568,0,1,38,38,38,38,38,38,38,38,38,38
40568,1,1,0,0,0,0,0,0,0,0,0,0
40569,1,1,25,25,25,25,25,25,25,25,25,25
40569,2,1,0,0,0,0,0,0,0,0,0,0
40570,1,1,27,12,16,4,11,8,10,32,14,15
40570,2,1,6,6,6,6,6,6,6,6,6,6
40571,1,1,0,0,0,0,0,0,0,0,0,0
40572,1,1,34,34,34,34,34,34,34,34,34,34
40572,2,1,0,0,0,0,0,0,0,0,0,0
40573,0,1,35,35,35,35,35,35,35,35,35,35
40573,1,1,0,0,0,0,0,0,0,0,0,0
40574,0,1,27,27,27,27,27,27,27,27,27,27
40574,1,1,0,0,0,0,0,0,0,0,0,0
40574,2,1,18,0,0,0,6,19,0,0,28,0
40575,1,1,16,16,16,16,16,16,16,16,16,16
40576,1,1,6,19,0,0,0,0,7,0,0,18
40577,1,1,0,0,0,0,13,0,0,0,0,8
40578,1,1,7,15,16,12,17,23,36,24,14,24
40578,2,1,0,0,0,0,0,0,0,0,0,0
40579,1,1,0,0,0,0,0,0,0,0,0,0
40579,2,1,0,0,0,0,0,0,0,0,0,0
40580,1,1,15,15,15,15,15,15,15,15,15,15
40580,2,1,0,0,0,0,0,0,0,0,0,0
40580,3,1,0,0,0,0,0,0,0,0,0,0
40581,1,1,0,0,0,0,0,0,0,0,0,0
40581,2,1,0,0,0,0,0,0,0,0,0,0
40582,0,1,0,0,0,0,0,0,0,0,0,0
40582,1,1,0,12,0,0,0,0,0,0,0,0
40583,1,1,0,0,0,0,0,0,0,0,0,0
40584,1,1,0,0,0,0,0,0,0,0,0,0
40584,2,1,0,0,0,0,0,0,0,0,0,0
40585,1,1,0,0,0,0,0,0,0,0,0,0
40585,2,1,0,10,0,0,0,0,0,0,0,0
40586,1,1,0,13,19,0,0,16,0,0,0,0
40586,2,1,0,0,0,0,0,0,0,0,0,0
40587,1,1,3,3,3,3,3,3,3,3,3,3
40588,1,1,21,9,7,4,17,15,8,12,0,5
40589,0,1,0,0,0,0,0,0,0,0,0,0
40589,1,1,0,0,0,0,0,0,0,0,0,0
40590,1,1,24,24,24,24,24,24,24,24,24,24
40590,2,1,0,0,0,0,0,0,0,0,0,0
40591,1,1,0,0,0,0,0,0,0,0,0,0
40592,0,1,0,0,0,0,0,0,0,0,0,0
40592,1,1,0,0,0,0,0,0,0,0,0,0
40593,1,1,0,0,0,0,0,0,0,0,0,0
40593,2,1,0,0,9,0,0,0,0,0,0,0
40594,1,1,0,0,0,0,0,0,0,0,0,0
40594,2,1,0,0,0,0,4,0,0,0,0,0
40595,1,1,0,0,0,0,0,0,0,0,0,0
40596,0,1,28,28,28,28,28,28,28,28,28,28
40596,1,1,0,0,0,0,0,0,0,0,0,0
40597,0,1,0,0,0,0,0,0,0,0,0,0
40597,1,1,5,5,5,5,5,5,5,5,5,5
40598,1,1,0,0,0,0,0,0,0,0,0,0
40598,2,1,0,0,0,0,0,0,0,0,0,0
40599,1,1,0,0,0,0,0,0,0,0,0,0
40599,2,1,0,0,0,0,0,0,0,0,0,0
40600,1,1,0,0,0,0,0,0,0,0,0,0
40601,1,1,23,23,23,23,23,23,23,23,23,23
40602,1,1,0,0,10,0,0,0,0,0,0,0
40603,1,1,0,0,0,0,0,0,0,0,0,0
40604,1,1,0,0,0,0,0,0,0,0,0,18
40604,2,1,18,18,18,18,18,18,18,18,18,18
40605,1,1,0,0,0,0,0,0,0,0,0,0
40605,2,1,0,0,0,0,0,0,0,0,0,0
40606,1,1,0,0,0,0,0,0,8,0,8,0
40607,1,1,0,0,0,0,0,0,0,0,0,0
40608,1,1,26,26,26,26,26,26,26,26,26,26
40609,1,1,15,15,15,15,15,15,15,15,15,15
40610,1,1,0,0,0,0,0,0,0,0,0,0
40610,2,1,0,0,0,0,0,0,0,0,0,0
40611,1,1,0,0,0,0,0,0,0,0,0,0
40613,1,1,28,28,28,28,28,28,28,28,28,28
40614,1,1,0,0,0,0,0,0,0,0,0,0
40614,2,1,0,0,0,0,0,0,0,0,0,0
40615,1,1,0,0,0,0,0,0,0,0,0,0
40615,2,1,0,0,0,0,0,0,0,0,0,0
40616,0,1,18,37,45,22,28,22,11,23,30,32
40616,1,1,0,0,0,0,0,0,0,0,0,0
40617,0,1,0,0,0,0,0,0,0,0,0,0
40617,1,1,0,0,0,0,0,0,0,0,0,0
40617,2,1,0,0,0,0,0,0,0,0,0,0
40618,1,1,15,15,15,15,15,15,15,15,15,15
40618,2,1,0,0,0,0,0,0,0,0,0,0
40618,3,1,0,0,0,0,0,0,0,0,0,0
40618,4,1,0,0,0,0,0,0,0,0,0,0
40619,1,1,14,14,14,14,14,14,14,14,14,14
40620,1,1,0,0,0,0,0,0,0,0,0,0
40621,0,1,0,0,0,0,0,0,0,0,0,0
40621,1,1,0,0,0,0,0,0,0,0,0,0
40622,1,1,21,21,21,21,21,21,21,21,21,21
40624,0,1,8,8,8,8,8,8,8,8,8,8
40624,1,1,0,0,0,0,0,0,0,0,0,0
40625,0,1,0,0,0,0,0,0,0,0,0,0
40625,1,1,0,18,0,0,0,0,20,0,0,0
40626,1,1,35,35,35,35,35,35,35,35,35,35
40627,1,1,0,0,0,0,0,0,0,0,0,0
40628,1,1,0,0,0,0,0,0,0,0,0,0
40628,2,1,15,15,15,15,15,15,15,15,15,15
40629,1,1,25,25,25,25,25,25,25,25,25,25
40630,0,1,0,0,0,0,0,0,0,0,0,0
40630,1,1,0,0,0,0,0,0,0,0,0,0
40631,1,1,0,0,23,0,0,0,0,0,0,0
40631,2,1,0,0,0,0,0,0,0,0,0,0
40632,1,1,15,15,15,15,15,15,15,15,15,15
40633,1,1,21,21,21,21,21,21,21,21,21,21
40634,1,1,0,0,0,0,0,0,0,0,0,0
40634,2,1,0,0,0,0,0,0,0,0,0,0
40635,1,1,0,0,0,0,0,0,0,0,0,0
40636,1,1,0,0,0,0,0,0,0,0,0,0
40636,2,1,0,0,0,0,0,0,0,0,0,0
40637,1,1,0,0,0,0,0,0,0,0,0,0
40638,0,1,16,8,10,9,0,22,21,22,5,0
40638,1,1,0,0,0,0,4,0,0,0,0,0
40639,0,1,0,0,0,0,0,0,0,0,0,0
40639,1,1,0,0,0,0,0,0,6,0,0,0
40639,2,1,0,0,0,0,0,0,0,0,0,0
40640,0,1,20,20,20,20,20,20,20,20,20,20
40640,1,1,0,0,0,0,0,0,0,0,0,0
40641,1,1,0,0,0,0,0,0,0,0,0,0
40641,2,1,0,10,0,27,0,16,15,0,0,11
40641,3,1,0,0,0,0,0,0,0,0,0,0
40642,1,1,0,0,0,0,0,0,0,0,0,0
40642,2,1,0,0,0,0,0,0,0,0,0,0
40643,0,1,5,5,5,5,5,5,5,5,5,5
40643,1,1,5,5,5,5,5,5,5,5,5,5
40644,0,1,0,56,32,28,39,28,28,28,14,16
40644,1,1,0,0,0,0,0,0,0,0,0,0
40645,1,1,15,15,15,15,15,15,15,15,15,15
40645,2,1,0,0,0,0,0,0,0,0,0,0
40646,1,1,0,0,0,0,0,0,18,0,0,0
40646,2,1,0,0,0,0,0,0,0,0,0,0
40647,1,1,0,0,0,0,0,0,0,0,0,0
40647,2,1,0,0,0,0,0,0,0,0,0,0
40647,3,1,0,0,0,0,0,0,0,0,0,0
40647,4,1,0,0,0,0,0,0,0,0,0,0
40648,1,1,0,0,0,0,0,0,0,0,0,0
40649,1,1,0,0,0,0,0,0,0,0,0,0
40650,1,1,0,0,0,0,0,0,0,0,0,0
40650,2,1,0,0,0,0,0,0,0,0,0,0
40651,1,1,0,0,29,0,0,16,8,7,0,0
40652,1,1,0,0,0,0,0,0,0,0,0,0
40652,2,1,0,0,0,0,0,0,0,0,0,0
40653,0,1,0,0,0,0,0,0,0,0,0,0
40653,1,1,0,0,0,0,0,0,0,0,0,0
40654,1,1,0,0,0,0,0,0,0,0,0,0
40654,2,1,0,0,0,0,0,0,0,0,0,0
40656,1,1,0,0,0,0,0,0,0,0,0,0
40656,2,1,0,0,0,11,5,0,0,0,0,0
40656,3,1,0,12,0,0,0,0,0,0,0,0
40657,1,1,0,0,0,0,0,0,0,0,0,0
40657,2,1,0,0,0,0,0,0,0,0,0,0
40658,1,1,0,0,0,0,0,0,0,0,0,0
40658,2,1,0,0,0,0,0,0,0,0,0,0
40658,3,1,0,0,0,0,0,0,0,0,0,0
40659,1,1,0,0,11,0,0,0,0,0,0,0
40659,2,1,0,0,0,0,0,0,0,0,0,0
40660,1,1,0,0,0,0,0,0,0,0,0,0
40661,0,1,0,0,0,0,0,0,0,0,0,0
40661,1,1,11,0,0,0,11,15,0,0,0,0
40662,1,1,0,0,0,0,0,0,0,0,0,0
40662,2,1,3,3,3,3,3,3,3,3,3,3
40663,1,1,0,0,0,0,0,0,0,0,0,0
40664,1,1,0,0,0,0,0,0,0,0,0,0
40664,2,1,0,0,0,0,0,0,0,0,0,0
40664,3,1,0,0,0,0,0,0,0,0,0,0
40664,4,1,0,0,0,0,0,0,0,0,0,0
40665,1,1,0,0,0,0,0,0,0,0,0,0
40666,1,1,0,0,0,0,0,0,0,0,0,0
40666,2,1,0,0,0,0,0,0,0,0,0,0
40667,1,1,4,4,4,4,4,4,4,4,4,4
40668,0,1,36,36,36,36,36,36,36,36,36,36
40668,1,1,0,0,0,0,0,0,0,0,0,0
40669,0,1,0,0,0,0,0,0,0,0,0,0
40669,1,1,0,0,0,0,0,0,0,0,0,0
40670,0,1,23,5,18,4,0,23,32,15,20,17
40670,1,1,0,0,0,0,0,0,0,0,0,0
40671,1,1,0,0,5,0,0,0,0,10,16,0
40672,1,1,0,0,0,0,0,0,0,0,0,0
40672,2,1,0,0,0,0,0,0,0,0,0,0
40675,0,1,21,21,21,21,21,21,21,21,21,21
40675,1,1,0,5,13,18,0,0,0,0,6,0
40676,1,1,0,0,0,0,0,0,0,0,0,0
40678,1,1,20,20,20,20,20,20,20,20,20,20
40678,2,1,0,0,0,0,0,0,0,0,0,0
40679,1,1,28,18,0,0,0,12,0,0,0,0
40680,0,1,28,28,28,28,28,28,28,28,28,28
40680,1,1,0,0,0,0,18,0,0,0,0,0
40681,1,1,0,0,0,0,0,0,0,0,0,0
40681,2,1,0,0,0,0,0,0,0,0,6,0
40681,3,1,0,0,0,0,0,11,0,0,0,0
40681,4,1,0,0,6,0,0,0,0,0,17,0
40682,1,1,5,5,5,5,5,5,5,5,5,5
40683,1,1,0,0,0,0,0,0,0,0,0,0
40683,2,1,0,0,0,0,0,0,0,0,0,0
40684,1,2,22,27,0,0,0,9,14,15,0,0
40685,1,1,0,0,0,0,0,0,0,0,0,0
40685,2,1,0,0,0,0,0,0,0,0,0,0
40686,1,1,0,0,0,0,0,0,0,0,20,25
40686,2,1,0,0,0,9,12,0,26,0,0,0
40687,1,2,0,0,0,17,0,12,2,0,10,28
40688,1,1,0,0,0,0,0,0,0,0,0,0
40688,2,1,0,0,0,0,0,0,0,0,0,0
40689,1,1,10,0,25,16,15,0,0,0,0,15
40690,1,1,0,0,0,0,0,0,0,0,0,0
40690,2,1,0,0,0,0,0,0,0,0,0,0
40691,0,1,5,5,5,5,5,5,5,5,5,5
40691,1,1,34,0,16,17,13,0,0,20,0,0
40692,1,1,0,0,0,0,0,0,0,0,0,0
40693,1,1,0,0,0,0,0,0,0,0,0,0
40693,2,1,0,0,0,0,0,0,7,0,0,0
40694,1,1,0,0,0,0,0,0,0,0,0,0
40694,2,1,0,0,0,0,0,0,0,0,0,0
40695,1,1,0,0,0,0,0,0,0,7,0,0
40696,1,1,0,0,0,0,0,0,0,0,0,0
40697,0,1,0,0,0,0,0,0,0,0,0,0
40697,1,1,0,0,0,0,0,0,0,0,0,0
40698,1,1,0,0,0,0,0,0,16,0,0,0
40699,1,1,0,0,0,0,0,0,0,0,0,0
40699,2,1,0,0,0,0,0,0,0,0,0,0
40699,3,1,0,0,0,0,0,0,0,0,0,0
40700,1,1,0,0,0,0,0,0,0,0,0,0
40700,2,1,0,0,0,0,0,0,0,0,0,0
40701,0,1,0,0,0,0,0,0,0,0,17,0
40701,0,2,0,0,0,0,0,0,0,0,0,0
40701,1,1,0,0,0,0,0,0,0,0,0,0
40702,0,1,27,27,27,27,27,27,27,27,27,27
40702,1,1,0,0,0,0,0,0,0,0,0,0
40703,0,1,0,0,0,0,0,0,0,0,0,0
40703,1,1,4,4,4,4,4,4,4,4,4,4
40704,1,1,0,0,0,0,0,0,0,0,0,0
40705,0,1,22,22,22,22,22,22,22,22,22,22
40705,1,1,0,0,0,0,0,0,0,0,0,0
40706,1,1,19,19,19,19,19,19,19,19,19,19
40707,1,1,0,0,0,0,0,0,0,0,0,0
40707,2,1,0,0,0,0,0,0,0,0,0,0
40708,1,1,0,0,0,0,0,0,0,0,0,0
40708,2,1,0,0,0,0,0,0,0,0,0,0
40709,1,1,0,0,0,0,0,0,0,0,0,0
40710,0,1,0,0,0,0,0,0,0,0,0,0
40710,1,1,0,0,0,0,0,0,0,0,0,0
40711,0,1,0,0,0,0,0,0,0,0,0,0
40711,1,1,22,0,0,12,0,15,13,0,0,0
40712,1,1,14,25,22,20,8,9,10,11,19,6
40713,0,1,23,23,23,23,23,23,23,23,23,23
40713,1,1,0,0,0,0,0,0,0,0,0,0
40714,1,1,0,0,0,0,0,0,0,0,0,0
40714,2,1,0,0,0,0,0,0,0,0,0,0
40715,0,1,25,25,25,25,25,25,25,25,25,25
40715,1,1,0,0,0,0,0,0,0,0,0,0
40716,1,1,0,0,0,0,0,0,0,0,0,0
40716,2,1,0,0,0,0,0,0,0,0,0,0
40717,1,1,0,0,0,0,0,0,0,0,0,0
40717,2,1,0,18,0,0,0,0,0,0,0,0
40717,3,1,0,3,0,0,10,0,0,0,0,0
40717,4,1,0,0,0,0,0,0,0,0,0,0
40718,0,1,0,0,0,0,0,0,0,0,0,0
40718,1,1,4,4,4,4,4,4,4,4,4,4
40719,1,1,21,21,21,21,21,21,21,21,21,21
40720,1,1,0,0,0,0,0,0,0,0,0,0
40721,0,1,15,15,15,15,15,15,15,15,15,15
40721,1,1,0,0,0,0,0,0,0,0,0,0
40722,1,1,0,0,0,0,0,0,0,0,0,0
40722,2,1,0,0,0,0,0,0,0,0,0,0
40723,1,1,0,20,0,0,0,0,0,0,0,0
40724,1,1,26,26,26,26,26,26,26,26,26,26
40725,1,1,0,0,0,0,0,0,0,0,0,0
40726,1,1,0,0,0,0,0,0,0,0,14,0
40726,2,1,0,0,0,0,0,0,0,0,0,0
40727,0,1,0,0,0,0,0,0,0,0,0,0
40727,1,1,0,0,0,0,0,0,0,0,0,0
40728,1,1,0,0,0,0,0,0,0,0,0,0
40728,2,1,0,0,0,0,0,0,0,0,0,0
40729,1,1,4,4,4,4,4,4,4,4,4,4
40730,1,1,0,0,0,0,0,0,0,0,0,0
40730,2,1,0,0,0,0,0,0,0,7,0,24
40730,3,1,0,0,0,0,0,0,0,0,0,0
40731,0,1,11,11,11,11,11,11,11,11,11,11
40731,1,1,0,0,0,0,0,0,0,0,0,0
40732,0,1,6,6,6,6,6,6,6,6,6,6
40732,1,1,0,0,0,0,12,0,0,0,0,0
40733,1,1,0,0,0,0,0,0,0,0,0,0
40733,2,1,0,0,0,0,0,0,0,0,0,0
40735,1,1,0,0,0,0,0,0,0,0,0,0
40735,2,1,0,0,0,0,0,0,0,0,0,0
40737,1,1,20,20,20,20,20,20,20,20,20,20
40737,2,1,0,0,0,0,0,0,0,0,0,0
40738,0,1,0,0,0,0,0,0,0,0,0,0
40738,1,1,0,0,0,0,0,0,0,0,0,0
40739,1,1,0,0,0,0,0,0,0,0,0,0
40740,1,1,0,0,0,0,0,0,0,0,0,0
40740,2,1,0,0,0,0,13,0,0,0,0,0
40740,3,1,0,0,0,0,0,0,0,0,0,0
40740,4,1,0,0,0,0,0,0,0,0,0,0
40741,1,1,0,0,0,0,0,0,0,0,0,0
40741,2,1,0,0,0,0,0,0,0,0,0,0
40741,3,1,0,0,0,0,0,0,0,0,0,0
40742,1,1,25,0,0,0,17,0,0,0,0,0
40743,1,1,0,0,0,0,0,0,0,0,0,0
40743,2,1,0,0,0,0,0,0,0,0,0,0
40743,3,1,0,21,0,0,0,0,0,0,0,0
40743,4,1,0,0,0,0,0,0,0,0,0,0
40743,5,1,0,0,0,0,0,0,0,0,4,0
40743,6,1,0,0,0,0,0,0,0,0,0,0
40743,7,1,0,0,0,0,0,0,0,0,0,0
40743,8,1,0,0,0,0,0,0,0,0,0,0
40743,9,1,0,0,0,0,0,0,0,0,0,0
40743,10,1,0,0,0,0,0,0,0,0,0,0
40743,11,1,0,0,0,0,0,0,0,0,0,0
40743,12,1,0,0,0,0,0,0,0,0,0,0
40743,13,1,0,0,0,0,0,0,0,0,0,0
40743,14,1,0,0,0,0,0,0,0,0,0,0
40743,15,1,0,0,0,0,0,0,0,0,0,0
40743,16,1,0,0,0,0,0,0,0,0,0,0
40743,17,1,0,0,0,0,0,0,0,0,0,0
40744,1,1,0,0,0,0,0,0,0,0,0,0
40744,2,1,0,0,0,0,0,0,0,0,0,0
40745,1,1,0,19,21,0,0,0,6,0,13,0
40746,0,1,0,0,0,0,0,0,0,0,0,0
40746,1,1,0,0,0,0,0,0,0,0,0,0
40747,0,1,0,0,0,0,0,0,0,0,0,0
40747,1,1,0,0,0,0,0,0,0,0,0,0
40748,1,1,0,0,0,0,0,0,0,0,0,0
40748,2,1,0,0,0,0,0,0,0,0,0,0
40749,1,1,0,0,0,0,0,0,0,0,0,0
40749,2,1,0,0,0,0,0,0,0,0,0,0
40750,1,1,0,0,0,0,0,0,0,0,0,0
40750,2,1,0,0,0,0,0,0,0,0,0,0
40750,3,1,0,0,0,0,0,0,0,0,0,0
40750,4,1,0,0,0,0,0,0,0,0,0,0
40750,5,1,0,0,0,0,0,0,0,0,0,0
40751,0,1,0,0,0,0,0,0,0,0,0,0
40751,1,1,0,0,0,0,0,0,0,0,0,0
40752,0,1,0,0,0,0,0,0,0,0,0,0
40752,1,1,0,0,0,0,0,0,0,0,0,0
40753,1,1,0,0,0,0,0,0,0,0,0,0
40754,0,1,35,35,35,35,35,35,35,35,35,35
40754,1,1,0,0,0,0,0,0,0,0,0,0
40754,2,1,0,0,0,0,0,0,0,0,0,0
40755,1,1,0,0,0,0,0,0,0,0,0,0
40756,1,1,29,29,29,29,29,29,29,29,29,29
40756,2,1,0,0,0,0,0,0,0,0,0,0
40756,3,1,0,0,0,0,0,0,0,0,0,0
40757,1,1,17,17,17,17,17,17,17,17,17,17
40757,2,1,0,0,0,0,0,0,0,0,0,0
40758,1,1,14,14,14,14,14,14,14,14,14,14
40759,1,1,0,0,0,0,0,0,0,0,0,0
40759,2,1,0,0,0,0,0,0,0,0,0,0
40759,3,1,0,0,0,0,0,0,0,0,0,0
40760,0,1,0,0,0,0,0,0,0,0,0,0
40760,1,1,0,0,0,0,0,0,0,0,0,0
40763,0,1,26,39,22,14,21,29,15,26,37,38
40763,1,1,0,0,0,0,0,0,0,0,0,0
40764,1,1,0,0,0,0,0,0,0,0,0,0
40764,2,1,0,0,0,0,0,0,0,0,0,0
40765,0,1,0,0,0,0,0,0,0,0,0,0
40765,1,1,0,0,0,0,0,0,0,0,0,0
40766,1,1,17,17,17,17,17,17,17,17,17,17
40767,1,1,0,0,0,0,0,0,0,0,0,0
40767,2,1,0,0,0,0,0,0,0,0,0,0
40768,1,1,25,25,25,25,25,25,25,25,25,25
40768,2,1,0,0,0,0,0,0,0,0,0,0
40769,1,1,0,0,0,0,0,0,0,0,0,0
40770,0,1,0,0,0,0,0,0,0,0,0,0
40770,1,1,0,0,0,0,0,0,0,0,0,0
40771,0,1,10,10,10,10,10,10,10,10,10,10
40771,1,1,0,0,0,0,0,0,0,0,0,0
40771,2,1,0,0,0,0,0,0,0,12,0,0
40771,3,1,0,0,0,0,0,0,0,0,0,0
40772,0,1,0,0,0,0,0,0,0,0,0,0
40772,1,1,28,0,0,9,18,20,0,18,6,4
40773,1,1,0,0,0,0,0,0,0,0,0,0
40773,2,1,0,0,0,0,0,0,0,0,0,0
40774,1,1,0,0,0,0,0,0,0,0,0,0
40775,0,1,34,34,34,34,34,34,34,34,34,34
40775,1,1,0,0,0,0,0,0,0,0,0,0
40777,1,1,0,0,0,0,0,0,0,0,0,0
40777,2,1,0,0,0,0,0,0,0,0,0,0
40778,1,1,0,0,0,0,0,0,0,0,0,0
40779,0,1,11,0,16,0,17,0,0,0,0,0
40779,1,1,0,5,0,14,0,0,0,0,0,18
40780,1,1,0,6,0,0,0,0,0,0,0,0
40781,1,1,0,0,26,25,0,12,0,0,16,12
40782,0,1,0,0,0,0,0,0,0,0,0,0
40782,1,1,0,0,0,0,0,0,0,0,0,0
40783,1,1,0,23,0,0,7,0,21,0,16,0
40784,1,1,4,26,17,0,0,29,0,0,0,39
40785,1,1,15,0,0,0,28,0,18,13,17,0
40786,1,1,28,28,28,28,28,28,28,28,28,28
40786,2,1,0,0,35,0,0,0,0,0,0,6
40787,1,1,16,27,13,0,0,0,0,0,0,0
40787,2,1,0,0,0,3,9,0,0,15,13,0
40788,1,1,0,0,0,0,0,0,0,0,0,0
40788,2,1,0,0,0,0,0,0,0,0,0,0
40788,3,1,0,0,0,0,0,0,0,0,0,0
40789,1,1,0,0,0,0,0,0,0,0,0,0
40790,1,1,0,0,0,0,0,0,0,0,0,0
40790,2,1,0,0,0,0,0,0,0,0,0,0
40791,1,1,25,25,25,25,25,25,25,25,25,25
40792,1,1,24,24,24,24,24,24,24,24,24,24
40793,0,1,0,0,0,0,0,0,0,0,0,0
40793,1,1,3,3,3,3,3,3,3,3,3,3
40794,0,1,0,0,0,0,0,0,0,0,0,0
40794,1,1,0,0,0,0,0,0,0,0,0,0
40795,0,1,0,0,0,0,0,0,0,0,0,0
40795,1,1,0,0,0,0,0,0,0,0,0,0
40795,2,1,0,0,0,0,0,0,0,0,0,0
40796,0,1,0,0,0,0,0,0,0,0,0,0
40796,1,1,4,0,16,0,0,0,0,21,0,0
40797,1,1,0,0,0,0,0,0,0,0,0,0
40799,0,1,11,0,22,0,0,0,0,0,0,0
40799,1,1,0,0,0,22,0,21,12,16,0,0
40800,1,1,10,10,10,10,10,10,10,10,10,10
40801,1,1,28,28,28,28,28,28,28,28,28,28
40802,1,1,0,0,0,0,0,0,0,0,0,0
40803,1,2,0,9,0,0,0,24,0,0,0,0
40804,1,1,0,0,0,0,0,0,0,0,0,0
40804,2,1,0,0,0,0,0,0,0,0,0,0
40805,0,1,0,0,38,0,38,34,20,0,0,31
40805,1,1,0,11,0,0,0,0,27,10,0,0
40806,0,1,0,0,0,0,0,0,0,0,0,0
40806,1,1,32,26,19,27,14,0,33,14,0,0
40806,2,1,0,0,0,0,0,16,0,15,0,0
40807,1,1,0,0,0,0,0,0,0,0,0,0
40807,2,1,3,3,3,3,3,3,3,3,3,3
40808,0,1,0,0,0,0,0,0,0,0,0,0
40808,1,1,0,0,20,0,0,0,0,0,0,0
40809,1,2,0,12,0,0,0,0,22,16,0,0
40810,1,1,0,0,0,0,0,0,0,0,0,0
40811,1,4,18,0,15,13,0,13,0,0,0,21
40812,1,1,17,17,17,17,17,17,17,17,17,17
40813,1,1,0,0,0,0,0,0,0,20,0,0