ST_CASE,VEH_NO,PER_NO,P1,P2,P3,P4,P5,P6,P7,P8,P9,P10
40813,2,1,0,16,18,15,21,16,10,11,11,0
50001,1,1,0,0,0,0,0,0,0,0,0,0
50001,2,1,20,20,20,20,20,20,20,20,20,20
50002,1,1,0,0,12,0,0,0,0,0,0,0
50002,2,1,0,0,0,0,0,0,0,0,0,0
50002,3,1,21,21,21,21,21,21,21,21,21,21
50003,1,1,0,0,0,0,0,0,0,0,0,0
50003,2,1,21,21,21,21,21,21,21,21,21,21
50004,0,1,19,19,19,19,19,19,19,19,19,19
50004,1,1,1,1,1,1,1,1,1,1,1,1
50005,1,1,0,0,0,0,0,0,0,0,0,0
50006,1,1,1,1,1,1,1,1,1,1,1,1
50006,2,1,23,23,23,23,23,23,23,23,23,23
50007,1,1,0,0,0,0,0,0,0,0,0,0
50008,1,1,0,13,3,0,0,12,12,0,0,0
50008,2,1,10,10,10,10,10,10,10,10,10,10
50009,1,1,0,0,0,0,0,0,0,0,0,0
50010,1,1,0,0,0,0,0,0,0,0,0,0
50010,2,1,0,0,0,0,0,0,8,0,0,0
50011,1,1,0,0,0,0,0,0,0,0,15,0
50012,1,1,0,0,0,0,0,0,0,0,0,0
50013,1,1,0,0,0,0,0,0,0,0,0,0
50014,1,1,0,0,0,0,0,0,0,0,0,0
50015,1,1,0,0,0,0,0,0,0,0,0,0
50016,1,1,0,0,0,0,0,0,0,0,0,0
50017,1,1,0,0,0,0,0,0,0,0,0,0
50018,1,1,0,0,0,0,0,0,0,0,0,0
50019,1,1,0,0,0,0,0,0,0,0,0,0
50020,1,1,0,0,0,0,0,0,0,0,0,0
50021,0,1,4,4,4,4,4,4,4,4,4,4
50021,3,1,0,0,0,0,0,0,0,0,0,0
50022,1,1,0,0,0,0,0,0,0,0,0,0
50023,1,1,0,0,0,0,0,0,0,0,0,0
50024,1,1,0,0,0,0,0,0,0,0,0,0
50025,1,1,18,18,18,18,18,18,18,18,18,18
50026,0,1,12,30,19,38,39,20,17,22,44,21
50026,1,1,0,0,0,0,0,0,0,0,0,0
50027,1,1,0,4,0,0,16,0,0,0,0,0
50027,2,1,0,0,0,0,0,0,0,0,0,0
50028,1,1,22,16,5,17,17,23,17,0,12,5
50028,2,1,0,0,0,0,0,0,0,0,0,0
50029,1,1,13,13,13,13,13,13,13,13,13,13
50030,1,1,0,0,0,0,0,0,0,0,0,0
50031,1,1,0,0,0,0,0,0,0,0,0,0
50031,2,1,0,0,0,0,0,0,0,0,0,0
50032,1,1,0,0,0,0,0,0,0,0,0,0
50033,0,1,0,14,13,0,9,36,19,0,24,10
50033,1,1,0,0,0,0,0,0,0,0,0,0
50034,1,1,0,0,0,0,0,0,0,0,0,16
50035,1,1,0,0,0,0,0,0,0,0,0,0
50036,1,1,0,0,0,0,0,0,0,0,0,0
50036,2,1,25,25,25,25,25,25,25,25,25,25
50037,1,1,0,0,0,0,0,0,0,0,0,0
50038,0,1,0,0,0,0,0,0,0,0,0,0
50038,1,1,8,0,24,10,9,11,10,16,27,25
50039,1,1,0,0,0,0,0,0,0,0,0,0
50039,2,1,0,0,0,0,0,0,0,0,3,0
50040,1,1,0,0,0,0,0,0,0,0,0,0
50040,2,1,0,0,0,0,0,0,0,0,0,0
50041,1,1,0,0,0,0,0,0,0,0,0,0
50041,2,1,0,0,0,0,0,0,0,0,0,0
50042,1,1,21,21,21,21,21,21,21,21,21,21
50043,1,1,0,0,0,0,0,0,0,0,0,0
50043,2,1,0,0,0,0,0,0,0,0,0,0
50044,1,1,0,0,0,0,0,0,0,0,0,0
50045,1,1,0,0,0,0,0,0,0,0,0,0
50045,2,1,0,0,0,0,0,0,0,0,0,0
50046,1,1,17,17,17,17,17,17,17,17,17,17
50046,2,1,0,0,0,0,0,0,0,0,0,0
50047,1,1,0,0,0,0,0,0,0,0,0,0
50048,0,1,0,0,0,0,0,0,0,0,0,0
50048,1,1,0,0,0,0,0,0,0,0,0,0
50049,1,1,0,0,0,0,0,0,0,0,0,0
50050,1,1,0,0,0,0,0,0,0,0,0,0
50050,2,1,0,0,0,0,0,0,0,0,0,0
50051,1,1,0,0,0,0,0,0,0,0,0,0
50051,2,1,0,0,0,0,0,0,0,0,0,0
50051,3,1,0,0,0,0,0,0,0,0,0,0
50052,1,1,29,29,29,29,29,29,29,29,29,29
50052,2,1,5,5,5,5,5,5,5,5,5,5
50053,0,1,20,20,20,20,20,20,20,20,20,20
50053,1,1,0,0,0,0,0,0,0,0,0,0
50054,1,1,0,0,0,0,0,0,0,0,0,0
50055,1,1,7,7,7,7,7,7,7,7,7,7
50056,1,1,0,0,0,0,0,0,0,0,0,0
50057,1,1,0,0,0,0,0,0,0,0,0,0
50057,2,1,0,0,0,0,0,0,0,0,0,0
50058,1,1,0,0,0,0,0,0,0,0,0,0
50059,1,1,0,0,0,0,0,0,0,0,0,24
50060,1,1,12,12,12,12,12,12,12,12,12,12
50061,1,1,13,13,13,13,13,13,13,13,13,13
50062,1,1,0,0,0,0,0,0,0,0,0,0
50063,1,1,15,15,15,15,15,15,15,15,15,15
50064,1,1,8,8,8,8,8,8,8,8,8,8
50065,1,1,0,0,0,0,0,0,0,0,0,0
50066,1,1,0,0,0,0,0,0,0,0,0,0
50066,2,1,25,11,0,12,10,15,0,11,9,28
50067,1,1,0,0,0,0,0,0,0,0,0,0
50067,2,1,0,0,0,0,0,0,0,0,0,0
50068,1,1,0,0,0,0,0,0,0,0,0,0
50069,1,1,0,0,0,0,0,0,0,0,0,0
50070,0,1,0,24,0,26,19,0,0,0,11,0
50070,0,2,33,0,0,0,18,0,0,0,0,0
50070,1,1,7,7,7,7,7,7,7,7,7,7
50071,1,1,0,0,0,0,0,0,0,0,0,0
50072,0,1,17,0,0,32,21,4,15,29,0,12
50072,1,1,1,1,1,1,1,1,1,1,1,1
50073,1,1,0,0,0,0,0,0,0,0,0,0
50073,2,1,2,2,2,2,2,2,2,2,2,2
50074,1,1,22,22,22,22,22,22,22,22,22,22
50075,1,1,0,0,0,0,0,0,0,0,0,0
50075,2,1,0,0,0,0,0,0,0,0,0,0
50076,1,1,0,0,0,0,0,0,0,0,0,0
50077,0,1,0,9,0,0,0,0,0,0,0,0
50077,1,1,0,0,0,0,0,0,0,0,0,0
50078,1,1,0,0,0,0,0,0,0,0,0,0
50078,2,1,0,0,0,0,0,0,0,0,0,0
50079,1,1,0,0,0,0,0,0,0,0,0,0
50079,2,1,0,0,0,0,0,0,0,0,0,0
50080,1,1,0,0,0,0,0,0,0,0,0,0
50080,2,1,0,0,0,0,0,0,0,0,0,0
50081,1,1,10,10,10,10,10,10,10,10,10,10
50082,1,1,0,0,0,0,0,0,0,0,0,0
50082,2,1,0,0,0,0,0,0,0,0,0,0
50083,1,1,6,21,16,18,0,5,0,9,0,0
50083,2,1,0,0,0,0,0,0,0,0,0,0
50084,1,1,0,0,0,0,0,0,0,0,0,0
50085,1,1,26,26,26,26,26,26,26,26,26,26
50086,1,1,0,0,5,19,0,0,0,0,0,0
50086,2,1,26,18,26,17,4,33,15,18,14,0
50087,1,1,0,0,0,0,0,0,0,0,0,0
50088,1,1,0,0,0,0,0,0,0,0,27,0
50089,0,1,0,0,28,0,0,25,0,0,0,0
50089,1,1,5,5,5,5,5,5,5,5,5,5
50090,1,1,0,0,0,0,0,0,0,0,0,0
50090,2,1,0,0,0,0,0,0,0,0,0,0
50090,3,1,0,0,0,0,0,0,0,0,0,0
50090,4,1,0,0,0,0,0,0,0,0,0,0
50090,5,1,7,7,7,7,7,7,7,7,7,7
50090,6,1,0,0,0,0,0,0,0,0,0,0
50091,1,1,0,0,0,0,0,0,0,0,0,0
50092,0,1,17,17,17,17,17,17,17,17,17,17
50092,1,1,0,0,0,0,0,0,0,0,0,0
50092,2,1,0,0,0,0,0,0,0,0,0,0
50093,1,1,0,0,0,0,0,0,0,0,0,0
50094,1,1,19,19,19,19,19,19,19,19,19,19
50095,1,1,0,0,0,0,0,0,0,0,0,0
50095,2,1,5,5,5,5,5,5,5,5,5,5
50096,1,1,0,0,0,0,0,0,0,0,0,0
50097,1,1,0,0,0,0,0,0,0,0,0,0
50098,1,1,0,0,0,0,0,0,0,0,0,0
50098,2,1,0,0,0,0,0,0,0,0,0,0
50098,3,1,0,0,0,0,0,0,0,0,0,0
50099,1,1,0,0,0,0,0,0,0,0,0,0
50100,1,1,16,16,16,16,16,16,16,16,16,16
50101,1,1,0,0,0,0,0,0,0,0,0,0
50101,2,1,0,0,0,0,0,0,0,0,0,0
50102,0,1,0,0,0,0,0,0,0,0,0,0
50102,1,1,0,0,0,0,0,0,0,0,0,0
50103,0,1,0,0,0,0,0,0,0,0,0,0
50103,1,1,0,0,0,0,0,0,0,0,0,0
50104,1,1,0,0,0,0,0,0,0,0,0,0
50104,2,1,0,0,0,0,0,0,0,0,0,0
50105,1,1,0,0,0,0,0,0,0,0,0,0
50106,1,1,0,0,0,0,0,0,0,0,0,0
50106,2,1,0,0,0,0,0,0,0,0,0,0
50107,1,1,14,27,0,0,7,5,28,28,13,0
50108,1,1,0,0,0,0,0,0,0,0,0,0
50109,1,1,0,0,0,0,0,0,0,0,0,0
50109,2,1,0,0,0,0,0,0,0,0,0,0
50110,1,1,0,0,0,0,0,0,0,0,0,0
50110,2,1,0,0,0,0,0,0,0,0,0,0
50111,0,1,0,25,0,0,31,0,26,0,0,0
50111,1,1,0,0,0,0,0,0,0,0,0,0
50112,1,1,0,0,0,0,0,0,0,0,0,0
50112,2,1,0,0,0,0,0,0,0,0,0,0
50113,1,1,0,0,0,0,0,0,0,0,0,0
50114,1,1,0,0,0,0,0,0,0,0,0,0
50114,2,1,5,5,5,5,5,5,5,5,5,5
50115,1,1,14,7,19,0,0,0,0,0,0,0
50116,1,1,0,0,0,0,0,0,0,0,0,0
50116,2,1,0,0,0,0,0,0,0,0,0,0
50117,1,1,0,9,25,0,0,0,0,0,0,0
50118,1,1,0,0,0,0,0,0,0,0,0,0
50119,1,1,19,19,19,19,19,19,19,19,19,19
50120,1,1,0,0,0,0,0,0,0,0,0,0
50120,2,1,0,0,0,0,0,0,0,0,0,0
50121,1,1,0,0,0,0,0,0,0,0,0,0
50121,2,1,0,0,0,0,0,0,0,0,0,0
50122,0,1,0,0,0,0,0,0,0,0,0,0
50122,1,1,0,0,0,0,0,0,0,0,0,0
50123,1,1,0,0,0,0,0,0,0,0,0,0
50124,1,1,20,20,20,20,20,20,20,20,20,20
50125,1,1,0,0,0,0,0,0,0,0,0,0
50126,1,1,0,0,0,0,0,0,0,0,0,0
50126,2,1,0,10,16,7,17,0,10,17,0,18
50127,1,1,0,0,0,0,0,0,0,0,0,0
50128,0,1,0,0,0,0,0,0,0,10,0,0
50128,0,2,0,16,9,16,0,0,17,0,0,0
50128,1,1,3,3,3,3,3,3,3,3,3,3
50129,1,1,0,0,0,0,0,0,0,0,0,0
50129,2,1,0,0,0,0,0,0,0,0,0,0
50130,1,1,0,0,0,0,0,0,0,0,0,0
50130,2,1,0,0,0,0,0,0,0,0,0,0
50131,1,1,0,0,0,0,0,0,0,0,0,0
50132,1,1,0,0,0,0,0,0,0,0,0,0
50133,0,1,0,39,0,7,0,0,0,0,0,22
50133,1,1,0,0,0,0,0,0,0,5,0,0
50133,2,1,0,0,0,0,0,0,0,8,0,0
50133,3,1,0,0,0,0,20,0,0,0,0,0
50133,4,1,14,0,0,0,0,0,0,0,0,0
50134,1,1,0,0,0,0,0,0,0,0,0,0
50134,2,1,0,0,0,0,0,0,0,0,0,0
50135,1,1,0,0,0,0,0,0,0,0,0,0
50135,2,1,0,0,0,0,0,0,0,0,0,0
50136,1,1,0,0,0,0,0,0,0,0,0,0
50137,1,1,11,16,24,23,19,18,22,0,13,30
50138,1,1,12,12,12,12,12,12,12,12,12,12
50139,0,1,29,0,11,0,0,33,0,0,0,0
50139,1,1,5,5,5,5,5,5,5,5,5,5
50140,1,1,20,20,20,20,20,20,20,20,20,20
50141,1,1,0,0,0,0,0,0,0,0,0,0
50142,1,1,18,18,18,18,18,18,18,18,18,18
50143,1,1,0,0,0,17,0,15,0,0,0,10
50143,2,1,0,0,0,0,0,0,0,0,0,0
50144,1,1,0,0,0,0,0,0,0,0,0,0
50145,1,1,0,0,0,0,0,0,0,0,0,0
50145,2,1,0,0,0,0,0,0,0,0,0,0
50145,3,1,0,0,0,0,0,0,0,0,0,0
50146,1,2,0,0,12,0,13,0,0,1,0,17
50147,1,1,0,0,0,0,0,0,0,0,0,0
50147,2,1,0,0,0,0,0,0,0,0,0,0
50148,1,1,0,0,0,0,0,0,0,0,0,0
50148,2,1,0,0,0,0,0,0,0,0,0,0
50149,1,1,0,0,0,0,0,0,0,0,0,0
50149,2,1,0,0,0,0,0,0,0,0,0,0
50149,3,1,0,0,0,0,0,0,0,0,0,0
50149,4,1,0,0,0,0,0,0,0,0,0,0
50149,5,1,0,0,0,0,0,0,0,0,0,0
50149,6,1,0,0,0,0,0,0,0,0,0,0
50150,1,1,14,7,0,0,7,0,0,0,0,0
50150,2,1,0,0,0,0,0,0,0,0,0,0
50151,1,1,16,16,16,16,16,16,16,16,16,16
50152,1,1,0,0,0,0,0,0,0,0,0,0
50153,1,1,0,0,0,0,0,0,0,0,0,0
50154,1,1,0,0,0,0,0,0,0,0,0,0
50155,1,1,0,0,0,0,0,0,0,0,0,0
50156,0,1,3,3,3,3,3,3,3,3,3,3
50156,1,1,0,0,0,0,0,0,0,0,0,0
50157,1,1,0,0,0,0,0,0,0,0,0,0
50158,1,1,27,27,27,27,27,27,27,27,27,27
50159,1,1,0,0,0,0,0,0,0,0,0,0
50159,2,1,0,0,0,0,0,0,0,0,0,0
50160,1,1,1,1,1,1,1,1,1,1,1,1
50160,2,1,37,0,0,0,14,0,0,0,12,0
50161,1,1,0,0,0,0,0,0,0,0,0,0
50162,1,1,0,0,0,0,0,0,0,0,0,0
50162,2,1,0,0,0,0,0,0,0,0,0,0
50163,1,1,0,0,0,0,0,0,0,6,0,10
50164,1,1,0,0,0,0,0,0,0,0,0,0
50164,2,1,0,0,0,0,8,19,0,8,12,23
50165,1,1,0,0,0,0,0,0,0,0,0,0
50165,2,1,0,0,0,0,0,0,0,0,0,0
50166,0,1,0,0,0,0,0,0,0,0,0,0
50166,1,1,0,0,0,0,0,0,0,0,0,0
50167,1,1,0,0,0,0,0,0,0,0,0,0
50167,2,1,0,0,0,0,0,0,0,0,0,0
50168,1,1,0,0,0,0,0,0,0,0,0,0
50169,1,1,0,0,0,0,0,0,0,0,0,0
50170,1,1,0,0,0,0,0,0,0,0,0,0
50171,0,1,31,31,31,31,31,31,31,31,31,31
50171,1,1,0,0,0,0,0,0,0,0,0,0
50172,1,1,0,0,0,0,0,0,0,0,0,0
50173,1,1,0,0,0,0,0,0,0,0,0,0
50174,1,1,0,0,0,0,0,0,0,0,0,0
50175,1,1,20,20,20,20,20,20,20,20,20,20
50175,2,1,0,0,0,0,0,0,0,0,0,0
50176,1,1,0,0,0,0,0,0,0,0,0,0
50177,1,1,0,0,0,0,0,0,0,0,0,0
50177,2,1,0,0,0,0,0,0,0,0,0,0
50177,3,1,0,0,0,0,0,0,0,0,0,0
50177,4,1,0,10,0,0,0,0,0,0,0,0
50179,1,1,18,18,18,18,18,18,18,18,18,18
50180,1,1,0,0,0,0,0,0,0,0,0,0
50181,1,1,0,0,0,0,0,0,0,0,0,0
50181,2,1,0,0,0,0,0,0,0,0,0,0
50182,1,1,0,0,0,0,0,0,0,0,0,0
50183,1,1,0,0,0,0,0,0,0,0,0,0
50183,2,1,0,0,0,0,0,0,0,0,0,0
50184,1,1,0,0,0,0,0,0,0,0,0,0
50185,1,1,15,15,15,15,15,15,15,15,15,15
50185,2,1,0,0,0,0,0,0,0,0,0,0
50185,3,1,0,0,0,0,0,0,0,0,0,0
50186,1,1,0,0,25,0,0,0,0,0,0,0
50187,1,1,0,0,0,0,0,0,0,0,0,0
50188,1,1,0,0,0,0,0,0,0,0,0,0
50189,1,1,0,0,0,0,0,0,0,0,0,0
50190,1,1,0,0,0,0,0,0,0,0,0,0
50191,1,1,16,16,16,16,16,16,16,16,16,16
50192,1,1,0,0,0,0,0,0,0,0,0,0
50192,2,1,0,0,0,0,0,0,0,0,0,0
50193,1,1,0,0,0,0,0,0,0,0,0,0
50193,2,1,0,0,0,0,0,0,0,0,0,0
50194,0,1,25,25,25,25,25,25,25,25,25,25
50194,1,1,0,0,0,0,0,0,0,0,0,0
50195,1,1,0,0,0,0,0,0,0,0,0,0
50195,2,1,0,0,0,0,0,0,0,0,0,0
50196,1,1,5,5,5,5,5,5,5,5,5,5
50196,2,1,0,0,0,0,0,0,0,0,0,0
50197,1,1,0,0,0,0,0,0,0,0,0,3
50197,2,1,0,0,0,0,0,0,0,0,0,0
50198,1,1,10,10,10,10,10,10,10,10,10,10
50199,1,1,0,0,0,0,0,0,0,0,0,0
50199,2,1,0,0,0,0,0,0,0,0,0,0
50200,1,1,0,0,0,0,0,0,0,0,0,0
50201,1,1,0,0,0,0,0,0,0,0,0,0
50201,2,1,0,0,0,0,0,0,0,0,0,0
50202,1,1,0,0,0,0,20,0,0,0,0,0
50202,2,1,0,0,0,0,0,0,0,0,0,0
50203,1,1,0,0,0,0,0,0,0,0,0,0
50203,2,1,0,0,0,0,0,0,0,0,0,0
50204,1,1,16,0,0,0,0,13,0,0,0,0
50205,1,1,17,17,17,17,17,17,17,17,17,17
50206,1,1,13,13,13,13,13,13,13,13,13,13
50206,2,1,0,0,0,0,0,0,0,0,0,0
50207,1,1,20,20,20,20,20,20,20,20,20,20
50208,1,1,12,12,12,12,12,12,12,12,12,12
50209,1,1,10,10,10,10,10,10,10,10,10,10
50210,1,1,0,0,0,0,0,0,0,0,0,0
50211,1,1,0,0,0,0,0,0,0,0,0,0
50212,1,1,0,0,0,0,0,0,0,0,0,0
50212,2,1,0,0,0,0,0,0,0,0,0,0
50213,1,1,0,0,0,0,0,0,0,0,0,0
50214,1,1,20,20,20,20,20,20,20,20,20,20
50215,1,1,0,0,0,0,0,0,0,0,0,0
50215,2,1,0,0,0,0,0,0,0,0,0,0
50216,1,1,0,0,0,0,0,0,0,0,0,0
50216,2,1,0,0,0,0,0,0,0,0,0,0
50217,1,1,17,17,17,17,17,17,17,17,17,17
50218,1,1,0,0,0,0,0,0,0,0,0,0
50218,2,1,5,5,5,5,5,5,5,5,5,5
50219,1,1,0,0,0,0,0,0,0,0,0,0
50219,2,1,0,0,0,0,0,0,0,0,0,0
50220,1,1,21,21,21,21,21,21,21,21,21,21
50221,1,1,0,0,0,0,0,0,0,0,0,0
50221,2,1,0,0,0,0,0,0,0,0,0,0
50222,1,1,9,0,0,0,0,0,0,0,8,7
50223,1,1,0,0,0,0,0,0,0,0,0,0
50223,2,1,0,0,0,0,0,0,0,0,0,0
50224,1,1,1,1,1,1,1,1,1,1,1,1
50224,2,1,0,0,0,0,0,0,0,0,0,0
50224,3,1,0,0,0,0,0,0,0,0,0,0
50225,1,1,0,0,19,9,0,18,0,9,0,15
50226,1,1,28,28,28,28,28,28,28,28,28,28
50227,1,1,0,0,0,0,0,0,0,0,0,0
50228,1,1,0,0,0,0,0,0,0,0,0,0
50228,2,1,0,0,0,0,0,0,0,0,0,0
50229,1,1,0,0,0,0,0,0,0,0,0,0
50229,2,1,0,0,0,0,0,0,0,0,0,0
50230,1,1,1,1,1,1,1,1,1,1,1,1
50231,1,1,0,0,0,0,0,0,0,0,0,0
50232,1,1,12,12,12,12,12,12,12,12,12,12
50232,2,1,0,0,0,0,0,0,0,0,0,0
50233,1,1,1,1,1,1,1,1,1,1,1,1
50234,1,1,0,0,0,0,0,0,0,0,0,0
50234,2,1,0,0,0,0,0,0,0,0,0,0
50235,0,1,0,0,0,0,0,21,0,0,16,0
50235,1,1,8,0,0,0,0,0,0,0,0,0
50236,1,1,0,0,0,0,0,0,0,0,0,0
50237,0,1,9,33,0,0,18,0,0,0,0,0
50237,0,2,0,0,0,0,0,0,0,0,0,0
50237,0,3,0,0,0,0,0,0,0,0,0,0
50237,0,4,0,0,0,0,0,0,0,0,0,0
50237,0,5,0,0,0,9,0,0,0,0,0,0
50237,0,6,0,0,0,0,0,0,0,0,0,10
50237,0,7,0,0,0,19,0,0,0,0,0,0
50237,0,8,0,0,0,0,0,0,0,20,0,0
50237,0,9,0,0,0,0,0,0,0,0,0,0
50237,1,1,0,0,0,0,0,0,0,0,0,0
50238,1,1,0,0,0,0,0,0,0,0,0,0
50240,1,1,0,0,0,0,0,0,0,0,0,0
50240,2,1,0,0,0,0,0,0,0,0,0,0
50241,1,1,0,0,0,0,11,0,0,0,0,0
50242,1,1,27,18,0,16,22,2,0,28,0,15
50243,1,1,16,16,27,7,25,13,10,12,28,0
50244,1,1,0,0,0,0,0,0,0,0,0,0
50244,2,1,0,0,0,0,0,0,0,0,0,0
50245,0,1,3,3,3,3,3,3,3,3,3,3
50245,1,1,0,0,0,0,0,0,0,0,0,0
50246,1,1,0,0,0,0,0,0,0,0,0,0
50247,1,1,0,0,0,0,0,0,0,0,0,0
50248,1,1,0,0,0,0,0,0,0,0,0,0
50248,2,1,17,17,17,17,17,17,17,17,17,17
50249,1,1,2,2,2,2,2,2,2,2,2,2
50249,2,1,0,0,0,0,0,0,0,0,0,0
50249,3,1,21,0,13,0,23,0,0,0,0,0
50249,4,1,0,0,0,0,0,0,0,0,0,0
50250,1,1,18,18,18,18,18,18,18,18,18,18
50251,1,1,6,0,0,0,0,13,22,0,17,0
50252,1,1,0,0,0,0,0,0,0,0,0,0
50253,1,1,14,14,14,14,14,14,14,14,14,14
50254,1,1,0,0,0,0,0,0,0,0,0,0
50255,0,1,21,21,21,21,21,21,21,21,21,21
50255,1,1,0,0,0,0,0,0,0,0,0,0
50256,1,1,25,25,25,25,25,25,25,25,25,25
50257,1,1,17,24,8,0,4,3,13,20,33,17
50258,1,1,0,0,0,0,0,0,0,0,0,0
50259,1,1,0,0,5,11,0,0,0,0,0,0
50260,1,1,0,0,0,0,0,0,0,0,0,0
50261,1,1,11,26,39,13,19,26,7,17,13,16
50262,1,1,0,0,0,0,0,0,0,0,0,0
50263,1,1,27,27,27,27,27,27,27,27,27,27
50264,1,1,0,5,39,0,0,16,19,28,0,0
50265,0,1,31,31,31,31,31,31,31,31,31,31
50265,1,1,0,0,0,0,0,0,0,0,0,0
50266,1,1,0,0,0,0,0,0,0,0,0,0
50267,1,1,0,0,0,0,0,0,0,0,0,0
50268,1,1,0,0,0,0,0,0,0,0,0,0
50269,1,1,16,9,26,37,13,8,16,21,30,14
50270,1,1,36,36,36,36,36,36,36,36,36,36
50271,0,1,0,0,0,0,0,0,0,0,0,0
50271,1,1,2,2,2,2,2,2,2,2,2,2
50272,1,1,0,0,0,0,0,0,0,0,0,0
50273,0,1,27,27,27,27,27,27,27,27,27,27
50273,1,1,0,0,0,0,0,0,0,0,0,0
50273,2,1,0,0,0,0,0,0,0,0,0,0
50274,0,1,15,15,15,15,15,15,15,15,15,15
50274,1,1,0,0,0,0,0,0,0,0,0,0
50275,1,1,0,0,0,0,0,0,0,0,0,0
50277,1,1,0,0,0,0,0,0,0,0,41,0
50277,2,1,0,0,0,0,0,0,0,0,0,0
50278,1,3,0,0,0,18,0,20,13,0,15,0
50279,1,1,0,0,0,0,0,0,0,0,0,0
50279,2,1,0,0,0,0,0,0,0,0,0,0
50280,1,1,0,19,20,0,0,0,21,0,0,0
50281,1,1,0,0,0,0,0,0,0,0,0,0
50281,2,1,0,0,0,0,0,0,0,0,0,0
50281,3,1,0,0,0,0,0,0,0,0,0,0
50282,1,1,10,20,5,0,12,20,18,17,18,4
50283,1,1,0,0,0,0,0,0,0,0,0,0
50283,2,1,0,0,0,0,0,0,0,0,0,0
50283,3,1,0,0,0,0,0,0,0,0,0,0
50284,1,1,2,2,2,2,2,2,2,2,2,2
50285,1,1,0,0,0,0,0,0,0,0,0,0
50285,2,1,0,0,0,0,0,0,0,0,0,0
50286,1,1,25,25,25,25,25,25,25,25,25,25
50287,0,1,31,31,31,31,31,31,31,31,31,31
50287,1,1,0,0,0,0,0,0,0,0,0,0
50288,1,1,4,4,4,4,4,4,4,4,4,4
50289,1,1,0,14,0,0,0,0,0,0,0,0
50290,1,1,0,0,0,0,0,0,0,0,0,0
50291,1,1,0,0,0,0,0,18,5,0,0,0
50291,2,1,0,0,0,0,0,0,0,0,0,0
50292,0,1,0,2,0,0,0,0,0,0,0,0
50292,1,1,13,13,13,13,13,13,13,13,13,13
50293,1,1,16,16,16,16,16,16,16,16,16,16
50294,1,1,0,0,0,0,0,0,0,0,0,0
50294,2,1,0,0,0,0,0,0,0,0,0,0
50295,1,1,24,24,24,24,24,24,24,24,24,24
50295,2,1,0,0,0,0,0,0,0,0,0,0
50296,1,1,15,15,15,15,15,15,15,15,15,15
50296,2,1,0,0,0,0,0,0,0,0,0,0
50297,1,1,0,0,0,0,0,0,0,0,0,0
50298,1,1,21,21,21,21,21,21,21,21,21,21
50299,1,1,22,22,22,22,22,22,22,22,22,22
50300,1,1,0,32,0,18,0,0,22,3,0,0
50301,1,1,0,0,0,0,0,0,0,0,0,0
50302,1,1,0,0,0,0,0,0,0,0,0,0
50303,1,1,5,5,5,5,5,5,5,5,5,5
50304,1,1,0,0,0,0,0,0,0,0,0,0
50304,2,1,0,0,0,0,0,0,0,0,0,0
50305,1,1,0,0,25,7,0,12,0,21,0,8
50306,1,1,12,12,12,12,12,12,12,12,12,12
50308,1,1,0,0,0,0,0,0,0,0,0,0
50308,2,1,0,0,0,0,0,0,0,0,0,0
50309,1,1,0,0,0,0,0,0,0,0,0,0
50309,2,1,0,0,0,0,0,0,0,0,0,0
50310,1,1,0,0,0,0,0,0,0,0,0,11
50310,2,1,0,10,0,0,0,0,0,0,0,0
50311,1,1,0,0,0,0,0,0,0,0,0,0
50312,1,1,0,0,0,0,0,0,0,0,0,0
50312,2,1,0,0,0,0,0,0,0,0,0,0
50313,1,1,35,35,35,35,35,35,35,35,35,35
50314,1,1,35,35,35,35,35,35,35,35,35,35
50315,1,1,18,18,18,18,18,18,18,18,18,18
50316,0,1,0,0,0,0,0,0,0,0,0,6
50316,1,1,0,0,0,0,0,0,0,0,0,0
50317,1,1,0,0,0,0,0,0,0,0,0,0
50318,1,1,0,0,0,0,0,0,0,0,0,0
50319,1,1,0,0,0,0,0,0,0,0,0,0
50320,1,1,21,21,21,21,21,21,21,21,21,21
50321,1,1,0,0,0,0,0,0,0,0,0,0
50322,1,1,0,0,0,0,0,0,0,0,0,0
50322,2,1,0,0,0,0,0,0,0,0,0,0
50323,1,1,10,14,0,0,5,0,13,0,0,0
50324,0,1,0,0,0,0,0,0,0,0,0,17
50324,1,1,0,0,0,0,0,0,0,0,0,0
50324,2,1,0,0,0,0,0,0,0,0,0,0
50325,1,1,12,12,12,12,12,12,12,12,12,12
50326,1,1,4,11,0,14,15,15,15,20,16,6
50327,1,1,0,0,0,0,0,0,0,0,0,0
50327,2,1,0,0,0,0,0,0,0,0,0,0
50328,1,1,24,24,24,24,24,24,24,24,24,24
50329,1,1,0,0,0,0,0,0,0,0,0,0
50329,2,1,0,0,0,0,0,0,0,0,0,0
50330,0,1,0,0,0,0,0,0,0,0,0,0
50330,0,2,14,19,13,24,40,11,3,0,10,18
50330,1,1,0,0,0,0,0,0,0,0,0,0
50331,2,1,0,0,0,0,0,0,0,0,0,0
50332,1,1,0,0,0,0,0,0,0,0,0,0
50333,1,1,0,0,0,0,0,0,0,0,0,0
50333,2,1,0,0,0,0,0,0,0,0,0,0
50334,1,1,19,19,19,19,19,19,19,19,19,19
50335,1,1,0,0,0,0,7,19,16,6,14,6
50336,1,1,0,0,0,0,0,0,0,0,0,0
50337,1,1,0,0,0,0,0,0,7,0,0,0
50338,1,1,0,0,0,0,0,0,0,0,0,0
50338,2,1,0,0,0,0,0,0,0,0,0,0
50339,1,1,14,14,14,14,14,14,14,14,14,14
50339,2,1,0,0,0,0,0,0,0,0,0,0
50340,1,1,3,3,3,3,3,3,3,3,3,3
50341,0,1,0,0,0,0,19,0,36,29,0,0
50341,1,1,0,0,0,0,0,41,0,0,0,0
50341,2,1,0,0,0,0,12,0,0,0,0,0
50341,3,1,0,0,0,0,0,0,0,0,0,0
50342,1,1,0,0,0,0,0,0,0,0,0,0