ST_CASE,VEH_NO,PER_NO,P1,P2,P3,P4,P5,P6,P7,P8,P9,P10
50342,2,1,0,0,0,0,0,0,0,0,0,0
50343,1,1,40,40,40,40,40,40,40,40,40,40
50345,1,1,7,7,7,7,7,7,7,7,7,7
50345,2,1,0,0,0,0,0,0,0,0,0,0
50346,1,1,7,7,7,7,7,7,7,7,7,7
50348,1,1,0,0,0,0,0,0,0,0,0,6
50349,1,1,15,23,14,14,16,0,7,15,33,16
50349,2,1,0,0,0,0,0,0,0,0,0,0
50350,1,1,0,0,0,0,0,0,0,0,0,0
50350,2,1,0,0,0,0,0,0,0,0,0,0
50351,1,1,0,0,0,0,0,0,0,0,0,0
50352,1,1,0,0,0,13,0,0,0,0,0,0
50352,2,1,0,0,0,0,0,0,0,0,0,0
50353,1,1,0,0,0,0,0,0,0,0,0,0
50354,1,1,0,0,0,0,0,0,0,0,0,0
50354,2,1,0,0,0,0,0,0,0,0,0,0
50355,1,1,5,40,0,0,0,16,0,0,0,0
50355,2,1,0,0,0,0,0,0,0,0,0,0
50356,0,1,0,0,0,0,0,0,0,0,0,0
50356,1,1,0,0,0,0,0,0,0,0,0,0
50356,2,1,0,0,0,0,0,0,0,0,0,0
50357,1,1,21,21,21,21,21,21,21,21,21,21
50358,1,1,0,16,0,0,0,0,0,0,0,0
50359,1,1,16,16,16,16,16,16,16,16,16,16
50359,2,1,0,0,0,0,0,0,0,0,0,0
50360,0,1,0,0,0,0,0,0,0,0,0,0
50360,1,1,0,0,0,0,0,0,0,0,0,0
50361,1,1,0,0,0,0,0,0,0,0,0,0
50362,0,1,0,0,0,0,0,0,0,0,0,0
50362,1,1,0,0,0,0,0,0,0,0,0,0
50363,1,1,0,0,0,0,0,0,0,0,0,0
50363,2,1,0,0,0,0,0,0,0,0,0,0
50364,1,1,0,0,0,0,0,0,0,0,0,0
50365,1,1,0,0,0,0,0,0,0,0,0,0
50366,1,1,27,27,27,27,27,27,27,27,27,27
50366,2,1,0,0,0,0,0,0,0,0,0,0
50367,1,1,0,0,0,0,0,0,0,0,0,0
50368,0,1,0,0,21,19,0,0,0,0,11,11
50368,1,1,31,31,31,31,31,31,31,31,31,31
50369,1,1,9,0,3,0,0,0,8,0,0,0
50370,1,1,22,22,22,22,22,22,22,22,22,22
50370,2,1,0,0,0,0,0,0,0,0,0,0
50371,1,1,0,0,0,0,0,0,0,0,0,0
50371,2,1,14,14,14,14,14,14,14,14,14,14
50372,1,1,0,0,0,0,0,0,0,0,0,0
50372,2,1,0,0,0,0,0,0,0,0,0,0
50372,3,1,0,0,0,0,0,0,0,0,0,0
50373,0,1,0,0,0,0,0,0,0,0,0,0
50373,1,1,0,0,0,0,0,0,0,0,0,0
50374,1,1,0,0,0,0,0,0,0,0,0,0
50375,1,1,21,21,21,21,21,21,21,21,21,21
50376,1,1,76,76,76,76,76,76,76,76,76,76
50377,1,1,0,0,0,0,0,0,0,0,0,0
50377,2,1,0,0,0,0,0,0,0,0,0,0
50378,0,1,0,0,0,0,0,0,0,0,0,0
50378,1,1,0,0,0,0,0,0,0,0,0,0
50379,1,1,18,18,18,18,18,18,18,18,18,18
50380,1,1,0,0,0,0,0,0,0,0,0,0
50381,1,1,0,0,0,0,0,0,0,0,0,0
50382,1,1,11,11,11,11,11,11,11,11,11,11
50383,1,1,0,0,0,0,0,0,0,0,0,0
50384,1,1,0,0,0,0,0,0,0,0,0,0
50385,2,1,0,0,0,0,0,0,0,0,0,0
50386,1,1,0,0,0,0,0,0,0,0,0,0
50386,2,1,0,0,0,0,0,0,0,0,0,0
50387,1,1,21,21,21,21,21,21,21,21,21,21
50388,1,1,17,0,0,0,0,13,9,36,0,26
50389,1,1,13,13,13,13,13,13,13,13,13,13
50390,1,1,0,0,0,0,0,0,0,0,0,0
50391,1,1,0,0,0,0,0,0,0,0,0,0
50391,2,1,0,0,0,0,0,0,0,0,0,0
50392,1,1,0,0,0,0,0,0,0,0,0,0
50392,2,1,13,0,12,0,0,8,0,8,8,12
50393,1,1,0,0,0,28,0,22,0,15,0,20
50394,1,1,0,0,0,0,0,0,0,0,0,0
50394,2,1,28,28,28,28,28,28,28,28,28,28
50395,0,1,21,21,21,21,21,21,21,21,21,21
50395,1,1,0,0,0,0,0,0,0,0,0,0
50396,1,1,0,0,0,0,0,0,0,0,0,0
50396,2,1,0,0,0,0,0,0,0,0,0,0
50397,1,1,13,13,13,13,13,13,13,13,13,13
50398,1,1,18,18,18,18,18,18,18,18,18,18
50399,0,1,0,17,0,20,9,0,47,0,35,42
50399,1,1,0,0,0,0,0,0,0,0,0,0
50399,2,1,0,0,0,0,0,0,0,0,0,0
50400,1,1,0,0,0,0,0,0,0,0,0,0
50401,1,1,0,0,0,0,0,0,0,0,0,0
50402,1,1,0,0,0,0,0,0,0,0,0,0
50403,1,1,0,0,0,0,0,0,0,0,0,0
50404,1,1,0,0,0,0,0,0,0,0,0,0
50404,2,1,0,0,0,0,0,0,0,0,0,0
50405,1,1,0,0,0,0,0,0,0,0,0,0
50406,1,1,0,0,0,0,0,0,0,0,0,0
50406,2,1,3,3,3,3,3,3,3,3,3,3
50407,1,1,0,27,0,0,24,0,0,7,0,0
50408,1,1,0,0,0,0,0,0,0,0,0,0
50408,2,1,20,20,20,20,20,20,20,20,20,20
50409,1,1,0,0,0,0,0,0,0,0,0,0
50410,2,1,0,0,0,0,0,0,0,0,0,0
50411,1,1,0,0,0,0,0,0,0,0,0,0
50412,1,1,0,0,0,0,0,0,0,0,0,0
50412,2,1,0,0,0,0,0,0,0,0,0,0
50413,1,1,18,23,0,0,20,0,5,21,0,10
50414,1,1,0,0,0,0,0,0,0,0,0,0
50415,1,1,0,0,0,0,0,0,0,0,0,0
50415,2,1,0,0,0,0,0,0,0,0,0,0
50416,0,1,0,0,0,0,0,0,0,0,0,0
50416,1,1,0,0,0,0,0,0,0,0,0,0
50417,0,1,0,36,12,17,22,31,0,0,24,30
50417,1,1,0,0,0,0,0,0,0,0,0,0
50417,2,1,0,0,0,0,0,0,0,0,0,0
50418,1,1,24,24,24,24,24,24,24,24,24,24
50419,0,1,26,26,26,26,26,26,26,26,26,26
50419,1,1,0,0,0,0,0,0,0,0,0,0
50420,1,1,0,0,0,0,0,0,0,0,0,0
50421,1,1,0,0,0,0,0,0,0,0,0,0
50421,2,1,0,0,0,0,0,0,0,0,0,0
50422,1,1,0,0,0,0,0,0,0,0,0,0
50423,1,1,0,0,0,0,0,0,0,0,0,0
50423,2,1,0,0,0,0,0,0,0,0,0,0
50423,3,1,0,0,0,0,0,0,0,0,0,0
50424,1,1,0,0,0,0,0,0,0,0,0,0
50424,2,1,0,0,0,0,0,0,0,0,0,0
50425,1,1,0,0,0,0,0,0,0,0,0,0
50426,1,1,0,0,0,0,0,0,0,0,0,0
50428,0,1,12,21,12,12,14,0,14,0,0,16
50428,1,1,21,0,25,5,0,0,8,13,18,25
50429,1,1,1,1,1,1,1,1,1,1,1,1
50429,2,1,0,0,0,0,0,0,0,0,0,0
50430,1,1,24,24,24,24,24,24,24,24,24,24
50431,1,1,0,0,0,0,0,0,0,0,0,0
50431,2,1,0,0,0,0,0,0,0,0,0,0
50432,1,1,19,19,19,19,19,19,19,19,19,19
50433,1,1,0,0,0,0,0,0,0,0,0,0
50434,1,1,0,0,0,0,0,0,0,0,0,0
50434,2,1,0,0,0,0,0,0,0,0,0,0
50435,1,1,0,0,0,0,0,0,0,0,0,0
50435,2,1,0,0,0,10,0,0,0,0,0,0
50436,1,1,0,0,0,0,0,0,0,0,0,0
50437,0,1,0,0,0,0,0,0,0,0,0,0
50437,1,1,0,0,0,0,0,0,0,0,0,0
50438,1,1,0,0,0,0,0,0,0,0,0,0
50438,2,1,0,0,0,0,0,0,0,0,0,0
50438,3,1,0,0,0,0,0,0,0,0,0,0
50438,4,1,0,0,0,0,0,0,0,0,0,0
50438,5,1,0,0,0,0,0,0,0,0,0,0
50438,6,1,0,0,0,0,0,0,0,0,0,0
50438,7,1,0,0,0,0,0,0,0,0,0,0
50439,2,1,0,0,0,0,0,0,0,0,0,0
50440,1,1,14,0,22,0,0,0,0,9,0,0
50441,1,1,0,0,0,0,0,0,0,0,0,0
50441,2,1,0,0,0,0,0,0,0,0,0,0
50442,1,1,29,29,29,29,29,29,29,29,29,29
50443,1,1,0,0,0,0,0,0,0,0,0,0
50444,1,1,24,24,24,24,24,24,24,24,24,24
50445,1,1,0,0,0,0,0,0,0,0,0,0
50445,2,1,0,0,0,0,0,0,0,0,0,0
50446,1,1,23,23,23,23,23,23,23,23,23,23
50446,2,1,0,0,0,0,0,0,0,0,0,0
50447,1,1,18,18,18,18,18,18,18,18,18,18
50448,1,1,0,0,0,0,0,0,0,0,0,0
50448,2,1,0,0,0,0,0,0,0,0,0,0
50449,1,1,0,0,0,0,0,0,0,0,0,0
50449,2,1,0,0,0,0,0,0,0,0,0,0
50450,1,1,0,0,0,0,0,0,0,0,0,0
50451,1,1,0,0,0,0,0,0,0,0,0,0
50452,1,1,0,0,0,0,0,0,0,0,0,0
50452,2,1,0,0,0,0,0,0,0,0,0,0
50453,1,1,0,0,0,0,0,0,0,0,0,0
50453,2,1,0,0,0,0,0,0,0,0,0,0
50454,1,1,15,5,0,20,14,10,7,13,17,4
50455,1,1,0,0,0,0,0,0,0,0,0,0
50456,1,1,0,0,0,0,0,0,0,0,0,0
50456,2,1,0,0,0,0,0,0,0,0,0,0
50457,1,1,0,0,0,0,0,0,0,0,0,0
50457,2,1,0,16,0,0,0,0,0,0,12,0
50458,1,1,0,0,0,0,0,0,0,0,0,0
50458,2,1,0,0,0,0,0,17,0,0,0,0
50459,0,1,32,19,0,0,0,0,0,0,0,0
50459,1,1,0,8,14,0,0,8,0,0,0,0
50460,1,1,0,0,0,0,0,0,0,0,0,0
50460,2,1,0,0,0,0,0,0,0,0,0,0
50461,1,1,0,0,0,0,0,0,0,0,0,0
50462,1,1,0,0,17,0,0,0,0,0,0,21
50463,1,1,0,0,0,0,0,0,0,0,0,0
50464,1,1,0,0,0,0,0,0,0,0,0,0
50465,1,1,0,0,0,0,0,0,0,0,0,0
50465,2,1,0,0,0,0,0,0,0,0,0,0
50466,1,1,0,0,0,0,22,0,0,0,0,0
50466,2,1,0,0,0,0,0,0,0,0,0,0
50467,1,1,0,0,0,18,0,0,0,0,0,0
50467,2,1,0,0,0,0,0,0,0,0,0,0
80001,0,1,7,7,7,7,7,7,7,7,7,7
80001,1,1,0,0,0,0,0,0,0,0,0,0
80002,1,1,0,0,0,0,0,0,0,0,0,0
80003,0,1,0,0,0,0,0,0,0,0,0,0
80003,0,2,0,0,0,0,0,0,0,0,0,0
80003,1,1,0,0,0,0,0,0,0,0,0,0
80004,1,1,0,0,0,0,0,0,0,0,0,0
80005,1,1,0,0,0,0,0,0,0,0,0,0
80006,1,1,16,16,16,16,16,16,16,16,16,16
80007,1,1,10,0,0,0,0,0,0,0,0,0
80008,1,1,0,0,0,0,0,0,0,0,0,0
80009,1,1,15,15,15,15,15,15,15,15,15,15
80010,1,1,17,17,17,17,17,17,17,17,17,17
80011,1,1,11,11,11,11,11,11,11,11,11,11
80012,1,1,12,12,12,12,12,12,12,12,12,12
80013,1,1,11,11,11,11,11,11,11,11,11,11
80014,1,1,0,0,0,0,0,0,0,0,0,0
80015,0,1,35,35,35,35,35,35,35,35,35,35
80015,1,1,0,0,0,0,0,0,0,0,0,0
80016,1,1,0,17,18,0,0,7,0,0,12,16
80016,2,1,0,26,0,0,0,0,0,0,0,0
80016,3,1,0,0,0,0,0,0,0,0,0,0
80017,1,1,0,0,0,0,0,0,0,0,0,0
80017,2,1,0,0,0,0,0,0,0,0,0,0
80018,0,1,0,0,0,0,0,0,0,0,0,0
80018,1,1,0,0,0,0,0,0,0,24,0,0
80019,1,1,21,21,21,21,21,21,21,21,21,21
80020,1,1,0,0,0,0,0,0,0,0,0,0
80020,2,1,0,0,0,0,0,0,0,0,0,0
80020,3,1,14,0,0,0,0,0,0,0,0,0
80021,0,1,0,0,0,0,0,0,0,0,0,0
80021,1,1,0,0,0,0,0,0,0,0,0,0
80022,1,1,11,11,11,11,11,11,11,11,11,11
80022,2,1,10,10,10,10,10,10,10,10,10,10
80023,1,1,0,0,0,0,0,0,0,0,0,0
80024,1,1,0,0,0,0,0,0,0,0,0,0
80025,0,1,37,37,37,37,37,37,37,37,37,37
80025,1,1,0,16,0,0,0,22,0,0,0,0
80026,1,1,0,0,0,0,0,0,0,0,0,0
80026,2,1,0,0,0,0,0,0,0,0,0,0
80027,1,1,0,0,0,0,0,0,0,0,0,0
80027,2,1,0,0,0,0,0,0,0,0,0,0
80028,1,1,27,27,27,27,27,27,27,27,27,27
80029,1,1,32,32,32,32,32,32,32,32,32,32
80030,1,1,0,0,0,0,0,0,0,0,0,0
80030,2,1,0,0,0,0,0,0,0,0,0,0
80031,1,1,0,0,0,0,0,0,0,0,0,0
80031,2,1,0,0,0,0,0,0,0,0,0,0
80032,1,1,1,1,1,1,1,1,1,1,1,1
80032,2,1,0,0,0,0,0,0,0,0,0,0
80033,1,1,0,0,0,0,0,0,0,0,0,0
80034,1,1,15,15,15,15,15,15,15,15,15,15
80035,1,1,0,0,0,0,0,0,0,0,0,0
80036,1,1,0,0,0,0,0,0,0,0,0,0
80036,2,1,30,0,0,0,0,0,0,0,0,0
80037,1,1,0,0,0,0,0,0,0,0,0,0
80037,2,1,0,0,0,6,0,0,0,0,0,3
80038,0,1,28,28,28,28,28,28,28,28,28,28
80038,1,1,0,0,0,0,0,0,0,0,0,0
80039,1,1,0,0,0,0,0,0,0,0,0,0
80040,1,1,4,0,0,0,0,0,0,0,9,0
80041,1,1,25,25,25,25,25,25,25,25,25,25
80041,2,1,0,0,0,0,0,0,0,5,0,0
80042,1,1,10,10,10,10,10,10,10,10,10,10
80043,0,1,23,23,23,23,23,23,23,23,23,23
80043,1,1,0,0,0,0,0,0,0,0,0,0
80044,1,1,21,21,21,21,21,21,21,21,21,21
80044,2,1,28,19,0,9,1,32,6,23,5,9
80045,1,1,0,0,0,0,0,0,0,0,0,0
80045,2,1,0,0,13,0,0,6,0,0,0,0
80046,1,1,0,0,0,0,0,0,0,0,0,0
80046,2,1,0,0,0,0,0,0,0,0,0,0
80047,1,1,0,0,0,0,0,0,0,0,0,0
80047,2,1,0,0,0,0,0,0,0,0,8,0
80048,1,1,0,0,0,0,0,0,0,0,0,0
80048,2,1,0,0,0,0,0,0,0,0,0,0
80049,1,1,12,12,12,12,12,12,12,12,12,12
80049,2,1,0,0,0,0,12,0,0,0,0,0
80050,1,1,0,0,0,0,0,0,0,0,0,0
80051,1,1,0,0,0,0,0,20,0,31,0,12
80052,1,1,0,0,0,0,0,0,0,0,0,0
80053,1,1,0,0,0,0,0,0,0,0,0,0
80053,2,1,0,0,0,0,0,0,0,0,0,0
80054,0,1,0,0,0,0,0,0,0,0,0,0
80054,1,1,0,0,0,0,0,0,0,0,0,0
80055,1,1,20,20,20,20,20,20,20,20,20,20
80055,2,1,0,0,0,0,0,0,0,0,0,0
80056,1,1,0,0,0,0,0,0,0,0,0,0
80056,2,1,0,0,0,0,0,0,0,0,0,0
80057,1,1,25,15,7,11,29,9,18,0,0,0
80058,1,1,0,0,0,0,0,0,0,0,0,0
80059,1,1,0,0,0,0,0,0,0,0,0,0
80060,0,1,18,18,18,18,18,18,18,18,18,18
80060,1,1,0,13,0,0,24,13,0,0,0,0
80061,1,1,0,0,0,0,0,0,0,0,0,0
80061,2,1,0,0,0,0,0,0,0,0,0,0
80061,3,1,0,0,0,0,0,0,0,0,0,0
80062,1,1,0,0,0,0,0,0,0,0,0,0
80062,2,1,0,0,0,0,0,0,0,0,0,0
80062,3,1,0,0,0,0,0,0,0,0,0,0
80063,0,1,0,0,0,0,0,0,0,0,0,0
80063,1,1,0,0,0,0,0,0,0,0,0,0
80064,1,1,0,0,0,0,0,0,0,0,0,0
80064,2,1,0,0,0,0,0,0,0,0,0,0
80065,1,1,0,0,0,0,0,0,0,0,0,0
80065,2,1,0,0,0,0,0,0,0,0,0,0
80066,0,1,0,0,0,0,0,0,0,0,0,0
80066,1,1,0,0,0,0,0,0,8,0,0,0
80067,1,1,0,0,0,0,3,0,0,0,0,0
80067,2,1,0,0,0,0,0,0,0,0,0,0
80068,1,1,0,0,0,0,0,0,0,0,0,0
80068,2,1,0,7,0,0,0,6,0,0,0,0
80069,1,1,0,0,0,0,0,0,0,0,0,0
80069,2,1,0,0,0,0,0,0,0,0,0,0
80070,0,1,0,20,0,0,0,0,0,0,0,13
80070,0,2,0,0,0,0,0,0,0,0,0,0
80070,0,3,0,0,0,0,0,0,0,0,0,0
80070,1,1,15,0,0,0,34,0,0,36,0,0
80071,1,1,0,0,0,0,0,0,0,0,0,0
80071,2,1,0,0,0,0,0,0,0,0,0,0
80072,1,1,0,0,0,0,0,0,0,0,0,0
80072,2,1,0,0,0,0,0,0,0,0,0,0
80073,1,1,0,0,0,0,0,0,0,0,0,0
80074,1,1,20,20,20,20,20,20,20,20,20,20
80075,1,1,0,0,0,0,0,0,0,0,0,0
80075,2,1,0,0,0,0,0,0,0,0,0,0
80076,1,1,15,15,15,15,15,15,15,15,15,15
80076,2,1,0,0,0,0,0,0,0,15,0,0
80076,3,1,0,18,15,0,0,0,0,0,0,0
80077,0,1,33,33,33,33,33,33,33,33,33,33
80077,1,1,0,0,0,0,0,0,0,30,0,17
80077,2,1,0,0,3,0,0,0,0,0,0,0
80078,1,1,12,12,12,12,12,12,12,12,12,12
80079,1,1,20,20,20,20,20,20,20,20,20,20
80080,0,1,8,11,28,29,11,7,26,7,27,27
80080,1,1,0,0,0,0,0,0,0,0,0,0
80081,1,1,0,0,0,0,0,0,0,0,0,0
80082,1,1,0,0,0,0,0,0,0,0,0,0
80083,0,1,15,15,15,15,15,15,15,15,15,15
80083,1,1,14,8,13,11,0,35,6,13,13,27
80084,1,1,0,0,0,0,0,0,0,0,0,0
80084,2,1,0,0,0,0,0,0,0,0,0,0
80084,3,1,0,0,0,0,0,0,0,0,0,0
80085,1,1,0,0,0,0,0,0,0,0,0,0
80086,0,1,23,23,23,23,23,23,23,23,23,23
80086,1,1,0,0,0,0,19,0,0,17,0,0
80087,1,1,24,24,24,24,24,24,24,24,24,24
80088,1,1,24,24,24,24,24,24,24,24,24,24
80088,2,1,9,0,0,0,0,0,0,0,0,0
80089,1,1,12,18,0,28,46,20,21,14,21,7
80089,2,1,0,0,0,0,0,0,0,0,0,0
80090,1,1,22,22,22,22,22,22,22,22,22,22
80091,1,1,18,18,18,18,18,18,18,18,18,18
80091,2,1,0,0,18,0,0,0,0,0,7,5
80091,3,1,0,0,0,0,0,0,0,0,0,0
80092,1,1,0,0,0,0,0,0,0,0,0,0
80093,1,1,0,0,0,13,0,0,0,0,0,0
80094,1,1,9,19,0,0,0,0,0,0,0,0
80095,0,1,27,27,27,27,27,27,27,27,27,27
80095,1,1,0,15,0,0,0,0,24,0,17,0
80096,1,1,0,0,0,0,0,0,0,0,0,0
80096,2,1,0,0,0,0,0,0,0,0,0,0
80097,1,1,0,0,0,0,0,0,0,0,0,0
80098,1,1,0,0,0,0,0,0,0,0,0,0
80099,1,1,9,9,9,9,9,9,9,9,9,9
80100,1,1,0,0,0,0,0,24,0,0,0,0
80100,2,1,0,0,0,0,0,0,0,0,0,0
80101,1,1,0,8,0,15,0,0,0,0,0,12
80101,2,1,0,0,0,0,0,0,0,0,0,0
80102,1,1,0,0,0,0,0,0,0,0,0,0
80102,2,1,0,0,0,0,0,0,0,0,0,0
80103,0,1,0,0,0,0,0,0,0,0,0,0
80103,1,1,0,0,0,0,0,0,0,0,0,0
80103,2,1,0,0,0,0,0,0,0,0,0,0
80104,0,1,0,0,0,0,0,0,0,0,0,0
80104,1,1,0,0,0,0,0,0,0,6,0,0
80105,1,1,0,0,0,0,0,0,0,0,0,0
80106,1,1,24,24,24,24,24,24,24,24,24,24
80107,1,1,9,9,9,9,9,9,9,9,9,9
80107,2,1,0,0,0,0,0,0,0,0,0,0
80108,1,1,6,0,0,0,0,0,0,0,0,0
80108,2,1,0,0,0,0,0,0,0,0,0,0
80109,1,1,20,20,20,20,20,20,20,20,20,20
80110,0,1,29,29,29,29,29,29,29,29,29,29
80110,1,1,0,0,0,0,0,0,0,0,0,0
80111,1,1,28,28,28,28,28,28,28,28,28,28
80112,1,1,39,39,39,39,39,39,39,39,39,39
80113,1,1,0,0,0,0,0,0,0,0,0,0
80114,1,1,18,18,18,18,18,18,18,18,18,18
80115,1,1,26,26,26,26,26,26,26,26,26,26
80116,1,1,17,17,17,17,17,17,17,17,17,17
80117,0,1,25,25,25,25,25,25,25,25,25,25
80117,1,1,0,0,0,0,0,0,0,0,0,0
80118,1,1,0,0,0,10,0,0,0,0,0,0
80118,2,1,0,0,0,0,0,0,0,0,0,0
80119,1,1,0,0,0,0,0,0,0,0,0,0
80119,2,1,0,0,0,0,0,0,0,0,0,0
80120,1,1,0,0,0,0,0,0,0,0,0,0
80120,2,1,0,4,0,0,0,0,0,0,0,7
80121,0,1,0,0,0,0,0,0,0,13,0,0
80121,1,1,16,16,16,16,16,16,16,16,16,16
80122,1,1,0,0,0,0,0,0,0,0,0,0
80122,2,1,0,0,0,0,0,0,0,0,0,0
80122,3,1,0,0,0,0,0,0,0,0,0,0
80123,1,1,0,13,0,0,0,0,0,0,0,0
80124,1,1,6,6,6,6,6,6,6,6,6,6
80125,1,1,11,11,11,11,11,11,11,11,11,11
80126,1,1,9,53,31,14,0,8,34,15,22,11
80127,1,1,0,0,0,0,0,0,0,0,0,0
80127,2,1,0,0,0,0,0,0,0,0,0,0
80128,1,1,30,30,30,30,30,30,30,30,30,30
80129,1,1,28,28,28,28,28,28,28,28,28,28
80130,1,1,16,16,16,16,16,16,16,16,16,16
80131,0,1,14,25,31,25,21,42,20,11,27,31
80131,1,1,0,0,0,0,0,0,0,0,0,0
80132,1,1,0,0,0,0,0,0,0,0,0,0
80132,2,1,0,0,0,0,0,0,0,0,0,0
80133,1,1,0,0,0,0,0,0,0,0,0,0
80133,2,1,0,0,0,0,0,0,0,0,0,0
80134,0,1,44,44,44,44,44,44,44,44,44,44
80134,1,1,0,0,8,0,0,0,0,0,0,11
80135,1,1,0,0,0,0,0,0,0,0,0,0
80135,2,1,0,0,0,0,0,0,0,8,0,0
80136,1,1,0,0,0,0,0,0,0,0,0,0
80137,1,1,24,24,24,24,24,24,24,24,24,24
80138,1,1,0,0,0,0,0,0,0,0,0,0
80139,0,1,27,0,0,0,17,0,19,4,0,0
80139,1,1,9,9,9,9,9,9,9,9,9,9
80140,1,1,0,0,0,0,0,0,0,0,0,0
80140,2,1,0,0,0,0,0,0,0,0,0,10
80141,0,1,0,0,0,0,0,0,0,0,0,0
80141,1,1,0,0,0,0,0,0,0,0,0,0
80142,1,1,14,14,14,14,14,14,14,14,14,14
80142,2,1,6,6,6,6,6,6,6,6,6,6
80142,3,1,0,0,0,0,0,0,0,0,0,0
80143,1,1,23,23,23,23,23,23,23,23,23,23
80144,0,1,0,0,0,0,0,0,0,0,0,0
80144,1,1,0,0,0,0,0,0,0,0,0,0
80145,1,1,32,32,32,32,32,32,32,32,32,32
80146,1,1,0,0,13,0,0,0,0,0,0,0
80146,2,1,9,9,9,9,9,9,9,9,9,9
80147,1,1,0,0,25,0,0,0,0,0,0,0
80147,2,1,0,0,0,0,0,0,0,0,0,0
80147,3,1,0,5,0,0,0,0,0,0,2,0
80148,1,1,14,14,14,14,14,14,14,14,14,14
80149,1,1,0,0,0,0,0,0,0,0,0,0
80149,2,1,0,0,0,0,0,0,0,0,0,0
80150,1,1,24,24,24,24,24,24,24,24,24,24
80151,1,1,0,0,0,0,0,0,0,0,0,0
80151,2,1,0,0,0,0,0,0,0,0,0,0
80151,3,1,0,0,0,0,0,0,0,0,0,0
80152,1,1,0,0,0,0,0,0,0,0,0,0
80153,0,1,0,0,0,0,0,0,0,0,0,0
80153,1,1,0,0,0,0,0,0,0,0,0,0
80154,0,1,0,0,0,0,0,0,0,0,0,0
80154,1,1,0,3,0,0,0,0,0,0,0,0
80155,1,1,0,0,0,0,0,0,0,0,0,0
80156,1,1,0,0,0,0,0,0,0,0,0,0
80157,1,1,0,13,0,0,0,0,0,0,0,0
80157,2,1,0,0,0,0,0,0,0,15,0,0
80157,3,1,0,0,0,0,0,0,0,0,0,0
80158,1,1,0,0,0,0,0,0,0,0,0,0
80158,2,1,0,0,0,0,0,0,0,0,0,0
80159,1,1,0,0,0,0,0,0,0,0,0,0
80159,2,1,0,0,0,0,0,0,0,0,0,0
80160,0,1,28,20,0,0,0,0,0,24,0,0
80160,1,1,0,24,0,0,24,0,0,0,0,0
80161,1,1,0,0,0,0,0,0,0,0,0,0
80161,2,1,0,0,0,0,0,0,0,0,0,0
80162,1,1,0,0,0,0,0,0,0,0,0,0
80163,1,1,0,0,0,0,0,0,0,0,0,0
80164,1,1,20,20,20,20,20,20,20,20,20,20
80165,1,1,0,0,0,0,0,0,0,0,0,0
80165,2,1,0,0,0,0,0,0,0,0,0,0
80166,0,1,0,0,0,0,0,0,0,0,0,0
80166,1,1,0,0,0,0,0,0,0,0,0,0
80167,1,1,19,19,19,19,19,19,19,19,19,19
80168,1,1,0,0,0,0,0,0,0,0,0,0
80169,1,1,0,0,0,0,0,0,0,0,0,0
80170,1,1,0,0,0,0,0,0,0,0,0,0
80171,1,1,0,0,0,0,0,0,0,0,0,0
80171,2,1,0,0,0,0,0,0,0,0,0,0
80172,1,1,21,21,21,21,21,21,21,21,21,21
80172,2,1,0,0,0,0,0,0,0,0,0,0
80173,0,1,0,0,0,0,0,0,0,0,0,0
80173,1,1,0,0,0,0,0,0,0,0,0,0
80174,1,1,0,0,0,0,0,0,0,0,0,0
80174,2,1,0,0,0,0,0,0,0,0,0,0
80175,1,1,0,0,0,0,0,0,0,0,0,0
80175,2,1,0,0,0,0,0,0,0,8,0,0
80176,0,1,37,37,37,37,37,37,37,37,37,37
80176,1,1,0,0,0,0,0,13,0,0,0,0
80177,0,1,21,21,21,21,21,21,21,21,21,21
80177,1,1,0,0,19,0,0,0,0,0,0,0
80178,1,1,0,0,0,0,0,0,0,0,0,0
80179,1,1,4,4,4,4,4,4,4,4,4,4
80180,0,1,0,0,0,0,0,0,0,0,0,0
80180,1,1,2,2,2,2,2,2,2,2,2,2
80181,1,1,0,0,0,0,0,0,0,0,0,0
80182,1,1,0,0,0,0,0,0,0,0,0,0
80182,2,1,0,0,0,0,0,0,0,0,0,0
80183,1,1,0,0,0,0,0,0,0,0,0,0
80183,2,1,0,0,0,0,0,0,0,0,0,0
80185,1,1,0,0,0,0,0,0,0,0,0,0
80185,2,1,0,0,0,0,0,0,0,0,0,0
80186,1,1,0,0,0,0,0,0,0,0,0,0
80187,1,1,0,0,0,0,0,0,0,0,0,0
80188,1,1,0,0,0,0,0,0,0,0,0,0
80189,0,1,9,9,9,9,9,9,9,9,9,9
80189,1,1,0,0,0,0,0,0,0,0,18,0
80190,1,1,0,0,0,0,0,0,0,0,0,0
80191,0,1,28,28,28,28,28,28,28,28,28,28
80191,1,1,0,3,0,0,0,0,0,0,0,0
80192,1,1,3,3,3,3,3,3,3,3,3,3
80192,2,1,0,0,0,0,0,0,0,0,0,0
80193,1,1,5,14,6,9,9,20,14,29,11,14
80194,1,1,0,0,0,0,0,0,0,0,0,0
80194,2,1,0,0,0,0,0,0,0,0,0,0
80195,1,1,27,27,27,27,27,27,27,27,27,27
80196,0,1,0,0,0,0,0,0,0,0,0,0
80196,0,2,0,0,0,0,0,15,0,0,0,22
80196,0,3,0,0,18,0,0,0,0,0,0,0
80196,0,4,0,0,0,0,0,0,0,0,0,0
80196,0,5,0,0,0,0,0,0,0,0,0,0
80196,1,1,17,17,17,17,17,17,17,17,17,17
80197,1,1,0,0,0,0,0,0,0,0,0,0
80198,1,1,0,0,0,0,0,0,0,0,0,0
80199,1,1,0,0,0,0,0,0,0,0,0,0
80199,2,1,3,0,0,0,0,0,0,0,0,0
80200,1,1,3,3,3,3,3,3,3,3,3,3
80201,1,1,0,0,0,0,0,0,0,0,0,0