ST_CASE,VEH_NO,PER_NO,P1,P2,P3,P4,P5,P6,P7,P8,P9,P10
80202,1,1,0,0,0,0,0,0,0,0,0,0
80203,1,1,25,25,25,25,25,25,25,25,25,25
80203,2,1,0,0,0,0,0,0,0,0,0,0
80204,1,1,0,0,0,0,0,0,0,0,0,0
80205,1,1,0,0,0,0,0,0,0,0,0,0
80206,1,1,0,0,0,0,0,0,0,0,0,0
80206,2,1,0,0,0,0,0,0,0,0,0,0
80207,1,1,0,0,0,0,0,0,0,0,0,0
80208,1,1,0,0,0,0,0,0,0,0,0,0
80208,2,1,0,0,0,0,0,0,0,0,0,0
80209,1,1,0,0,0,0,0,0,0,0,0,0
80210,0,1,0,0,0,0,0,0,0,0,0,0
80210,1,1,9,14,9,18,22,14,0,5,2,21
80211,1,1,0,0,0,0,0,0,0,0,0,0
80212,1,1,0,0,0,0,0,0,0,0,0,0
80213,1,1,0,0,0,0,0,0,0,0,0,0
80214,0,1,0,0,0,0,0,0,0,0,0,0
80214,1,1,0,0,0,0,0,0,0,0,0,0
80215,1,1,1,1,1,1,1,1,1,1,1,1
80216,1,1,27,27,27,27,27,27,27,27,27,27
80217,1,1,0,0,0,0,0,0,0,0,0,0
80217,2,1,0,0,0,0,0,0,0,0,0,0
80218,1,1,15,15,15,15,15,15,15,15,15,15
80219,1,1,12,0,0,17,0,16,0,12,11,0
80220,1,1,0,0,0,0,0,0,0,0,0,0
80220,2,1,0,0,0,0,2,0,0,0,0,0
80220,3,1,0,0,0,0,0,0,0,0,0,0
80221,1,1,0,0,0,0,0,0,0,0,0,0
80221,2,1,0,0,0,0,0,0,0,0,0,0
80221,3,1,0,0,0,0,0,0,0,0,6,0
80221,4,1,0,0,0,0,0,0,0,0,0,0
80222,1,1,0,0,0,0,0,0,0,0,0,0
80222,2,1,0,0,0,0,0,0,5,0,0,0
80223,1,1,0,0,0,0,0,0,8,0,0,0
80224,1,1,19,19,19,19,19,19,19,19,19,19
80225,0,1,25,25,25,25,25,25,25,25,25,25
80225,1,1,0,0,0,0,0,0,0,0,0,0
80226,1,1,17,17,17,17,17,17,17,17,17,17
80226,2,1,0,0,0,0,0,0,0,0,0,0
80227,1,1,19,8,8,23,11,13,16,17,13,12
80227,2,1,0,0,0,0,0,0,9,0,0,0
80227,3,1,0,0,0,0,9,0,0,0,0,0
80228,1,1,21,21,21,21,21,21,21,21,21,21
80229,1,1,30,0,0,0,0,0,0,0,0,0
80229,2,1,0,0,0,0,0,0,0,0,0,0
80230,1,1,20,20,20,20,20,20,20,20,20,20
80231,1,1,0,0,0,0,0,39,0,0,0,0
80231,2,1,0,0,0,0,0,0,0,0,0,0
80232,1,1,17,17,17,17,17,17,17,17,17,17
80233,1,1,0,0,0,0,0,0,0,0,0,0
80233,2,1,0,0,0,0,0,0,0,0,0,0
80233,3,1,14,0,0,0,0,0,0,0,0,0
80234,1,1,0,0,0,0,0,0,0,0,0,0
80234,2,1,0,0,0,0,0,0,0,0,0,0
80234,3,1,0,0,0,0,0,0,0,0,0,0
80235,1,1,0,0,0,0,0,0,0,0,0,0
80235,2,1,0,0,0,0,0,0,0,0,0,0
80236,1,1,0,0,0,0,0,0,0,0,0,0
80237,0,1,0,0,0,0,0,0,0,0,0,0
80237,1,1,0,0,0,0,0,0,0,0,0,0
80238,1,1,0,0,0,0,0,0,0,0,0,0
80238,2,1,0,0,0,0,0,0,0,0,0,22
80239,1,1,7,7,7,7,7,7,7,7,7,7
80239,2,1,0,0,0,0,0,0,0,0,0,0
80240,1,1,0,0,0,0,0,0,0,0,0,0
80241,1,1,0,0,0,0,0,0,0,0,0,0
80241,2,1,0,0,0,0,0,0,0,0,0,0
80242,1,1,0,0,0,0,0,0,0,0,0,0
80242,2,1,0,0,0,0,0,0,0,0,0,0
80243,1,1,0,0,0,0,0,0,0,0,0,0
80244,1,1,0,0,0,0,0,0,0,0,0,0
80244,2,1,0,0,0,0,0,0,0,0,0,20
80245,1,1,0,0,0,0,0,0,0,0,0,0
80246,1,1,0,0,0,0,0,0,0,0,0,0
80247,1,1,0,0,0,0,0,0,0,0,0,0
80248,1,1,0,0,0,0,0,0,0,0,0,0
80249,0,1,0,0,0,0,0,0,0,0,0,0
80249,1,1,0,0,0,0,0,0,0,0,0,0
80250,1,1,0,0,14,0,27,0,0,0,17,0
80251,1,1,0,0,0,0,0,0,0,1,0,0
80251,2,1,4,0,0,0,0,0,0,0,0,0
80252,1,1,26,26,26,26,26,26,26,26,26,26
80252,2,1,0,0,8,0,0,0,0,0,0,0
80253,0,1,0,0,0,0,0,0,0,0,0,0
80253,1,1,0,0,0,14,0,0,0,0,0,0
80254,1,1,11,11,11,11,11,11,11,11,11,11
80255,1,1,0,0,0,0,0,0,0,0,0,23
80256,1,1,27,27,27,27,27,27,27,27,27,27
80257,1,1,0,0,0,0,0,0,0,0,0,0
80257,2,1,0,0,0,0,0,0,0,0,0,0
80258,1,1,0,0,0,0,0,0,0,0,0,0
80258,2,1,0,0,0,0,0,0,0,0,0,0
80259,1,1,0,0,0,0,0,0,0,0,0,0
80259,2,1,0,0,0,0,0,0,0,0,0,0
80260,1,1,0,0,0,0,0,0,0,0,0,0
80261,1,1,4,0,0,0,0,0,14,0,0,0
80262,1,1,0,21,0,0,0,0,0,15,0,0
80262,2,1,0,0,0,0,0,0,0,0,0,0
80263,1,1,0,0,0,0,0,0,0,0,0,0
80263,2,1,0,0,0,0,0,0,0,0,0,0
80264,1,1,0,0,0,0,0,0,0,0,0,0
80265,1,1,0,0,0,0,0,0,0,0,0,0
80266,1,1,0,0,0,0,0,0,0,0,0,0
80266,2,1,0,0,0,0,0,0,0,0,0,0
80267,1,1,0,0,0,0,0,0,0,0,0,0
80268,1,1,24,24,24,24,24,24,24,24,24,24
80269,1,1,13,13,13,13,13,13,13,13,13,13
80270,1,1,0,0,0,0,0,0,0,0,0,10
80270,2,1,0,0,0,0,0,0,0,0,0,0
80271,0,1,0,0,0,0,0,0,0,0,0,0
80271,1,1,0,0,0,0,0,0,0,0,0,0
80271,2,1,0,0,0,0,0,0,0,0,0,0
80272,1,1,0,0,0,0,0,0,0,0,0,0
80273,1,1,0,0,0,0,0,0,0,0,0,0
80273,2,1,0,0,0,0,0,0,0,0,0,0
80274,1,1,0,0,0,0,0,0,0,0,0,0
80274,2,1,0,0,0,0,0,0,0,0,0,0
80275,1,1,16,16,16,16,16,16,16,16,16,16
80275,2,1,0,0,0,0,0,0,0,0,0,0
80276,1,1,25,25,25,25,25,25,25,25,25,25
80276,2,1,0,0,6,0,0,0,14,7,0,0
80277,1,1,10,10,10,10,10,10,10,10,10,10
80278,1,1,0,0,0,0,0,0,0,0,0,0
80279,1,1,0,0,0,0,0,0,0,0,0,0
80279,2,1,0,0,0,0,0,0,0,0,0,0
80279,3,1,0,0,0,0,0,0,0,0,0,0
80280,1,1,0,0,0,0,0,0,0,0,0,0
80281,1,1,0,15,0,0,0,0,0,0,0,0
80281,2,1,5,5,5,5,5,5,5,5,5,5
80282,1,1,0,0,0,0,0,0,0,0,0,0
80282,2,1,0,0,0,0,0,0,0,0,0,0
80283,1,1,0,0,0,0,0,0,0,0,0,0
80283,2,1,0,0,0,0,0,0,0,0,0,0
80284,1,1,0,0,0,0,0,0,0,0,0,0
80284,2,1,0,0,0,0,0,0,0,0,0,0
80284,3,1,0,0,0,0,0,0,0,0,0,0
80285,1,1,0,0,0,0,0,0,0,0,0,0
80285,2,1,0,0,0,0,0,0,0,0,0,0
80286,1,1,0,0,0,0,0,0,0,0,0,0
80286,2,1,0,0,0,0,0,0,0,0,0,0
80287,1,1,0,0,0,9,0,0,0,0,0,0
80287,2,1,0,0,0,0,0,0,0,0,0,0
80288,1,1,0,0,0,0,0,0,0,0,0,0
80289,0,1,17,17,17,17,17,17,17,17,17,17
80289,1,1,0,0,0,0,0,0,0,0,0,0
80290,1,1,0,0,0,0,0,0,0,0,0,0
80290,2,1,4,4,4,4,4,4,4,4,4,4
80291,1,1,0,0,0,0,0,0,0,0,0,0
80292,1,1,0,0,0,0,0,0,0,0,0,0
80293,1,1,0,0,0,0,0,0,0,0,0,0
80293,2,1,0,0,0,0,0,0,0,0,0,0
80294,1,1,0,0,0,0,0,0,0,0,0,16
80295,1,1,0,0,0,0,0,0,0,0,0,0
80296,1,1,18,18,18,18,18,18,18,18,18,18
80297,1,1,5,5,5,5,5,5,5,5,5,5
80298,1,1,0,0,0,0,0,0,0,0,0,0
80298,2,1,0,0,0,0,0,0,0,0,0,0
80299,1,1,0,0,0,0,0,0,0,0,0,0
80299,2,1,0,0,0,0,0,0,0,0,0,0
80300,1,1,0,0,0,0,0,0,0,0,0,0
80300,2,1,0,0,0,0,0,0,0,0,0,0
80301,1,1,0,0,0,0,0,0,0,0,0,0
80301,2,1,0,0,0,0,0,0,0,0,0,0
80302,1,1,0,0,0,0,0,0,0,0,0,0
80303,1,1,0,0,0,0,0,0,0,0,0,0
80303,2,1,0,0,0,0,0,0,3,0,0,0
80304,1,1,0,0,0,0,0,0,0,0,0,0
80305,0,1,0,0,0,0,0,0,0,0,0,0
80305,1,1,0,0,0,0,0,0,0,0,0,0
80306,1,1,13,16,26,16,16,22,0,0,26,16
80307,1,1,22,22,22,22,22,22,22,22,22,22
80308,0,1,0,0,0,0,0,0,0,0,0,0
80308,1,1,0,0,0,0,0,0,0,0,0,0
80309,1,1,0,0,0,0,0,0,0,0,0,0
80309,2,1,0,0,0,0,0,0,0,0,0,0
80310,0,1,0,0,0,0,0,0,0,0,0,0
80310,1,1,0,0,0,0,0,0,0,0,0,0
80311,1,1,0,14,0,0,0,5,23,0,0,0
80311,2,1,0,0,0,0,0,0,0,0,0,0
80312,1,1,17,17,17,17,17,17,17,17,17,17
80313,1,1,0,0,0,0,0,0,0,0,0,0
80313,2,1,0,0,18,0,0,0,0,0,0,0
80313,3,1,0,0,0,0,0,0,0,0,0,0
80314,1,1,0,0,0,0,0,0,0,0,0,0
80314,2,1,0,0,0,0,0,0,0,0,0,0
80315,1,1,0,0,0,0,0,0,0,0,0,0
80315,2,1,0,0,0,0,0,0,0,0,0,0
80316,1,1,0,0,0,0,0,0,0,0,0,0
80316,2,1,0,0,0,0,0,0,0,0,0,0
80317,0,1,0,0,0,0,0,0,0,0,0,0
80318,1,1,0,0,0,0,0,0,0,0,0,0
80318,2,1,0,0,0,0,0,0,0,0,0,0
80319,1,1,0,0,0,0,0,0,0,0,0,0
80319,2,1,0,0,0,0,0,0,0,0,0,0
80320,1,1,21,21,21,21,21,21,21,21,21,21
80321,1,1,33,33,33,33,33,33,33,33,33,33
80321,2,1,0,0,0,0,0,0,0,0,0,0
80322,1,1,7,0,0,0,0,0,0,4,0,13
80323,1,1,0,0,0,0,0,0,0,0,0,0
80324,1,1,0,0,0,0,0,0,0,0,0,0
80325,1,1,15,15,15,15,15,15,15,15,15,15
80325,2,1,0,0,0,0,0,0,0,0,0,0
80326,1,1,23,23,23,23,23,23,23,23,23,23
80326,2,1,0,0,4,0,0,0,0,0,0,0
80327,1,1,0,3,0,8,0,0,0,0,0,0
80327,2,1,0,0,18,0,15,0,0,0,0,0
80328,1,1,0,0,0,0,0,0,0,0,0,0
80329,1,1,30,30,30,30,30,30,30,30,30,30
80329,2,1,0,0,0,0,0,0,0,0,0,0
80330,1,1,0,0,0,0,0,0,0,0,0,0
80330,2,1,5,5,5,5,5,5,5,5,5,5
80331,1,1,0,0,0,0,0,0,0,0,0,0
80332,1,1,9,9,9,9,9,9,9,9,9,9
80333,1,1,0,0,0,0,0,0,0,0,0,0
80334,1,1,1,1,1,1,1,1,1,1,1,1
80335,1,1,0,0,0,0,0,0,0,0,0,0
80336,1,1,29,29,29,29,29,29,29,29,29,29
80337,1,1,0,0,0,0,0,0,0,0,0,0
80338,1,1,1,1,1,1,1,1,1,1,1,1
80339,1,1,16,16,16,16,16,16,16,16,16,16
80340,1,1,12,12,12,12,12,12,12,12,12,12
80341,1,1,4,4,4,4,4,4,4,4,4,4
80342,1,1,5,5,5,5,5,5,5,5,5,5
80342,2,1,0,0,0,0,0,0,0,0,0,0
80343,1,1,22,22,22,22,22,22,22,22,22,22
80344,1,1,0,0,0,0,0,0,0,0,0,0
80344,2,1,0,0,0,0,0,0,0,0,0,9
80344,3,1,0,0,0,0,0,0,0,0,0,0
80345,0,1,0,0,0,0,0,0,0,0,0,0
80345,1,1,0,0,0,0,0,0,0,0,0,0
80346,0,1,0,0,0,0,0,0,0,0,0,0
80346,1,1,0,0,0,0,0,0,0,0,0,0
80347,1,1,0,0,0,0,0,0,0,0,0,0
80348,0,1,15,48,19,27,26,27,20,31,36,18
80348,0,2,0,25,23,20,29,14,29,25,18,0
80348,0,3,16,18,28,29,21,26,24,20,38,10
80348,1,1,30,30,30,30,30,30,30,30,30,30
80349,1,1,0,0,0,0,0,0,0,0,0,0
80350,1,1,29,29,29,29,29,29,29,29,29,29
80351,1,1,0,0,0,0,0,0,0,0,0,0
80351,2,1,0,0,0,0,0,0,0,0,0,0
80352,1,1,0,0,0,0,0,0,0,0,0,0
80353,0,1,0,0,0,0,0,0,0,0,0,0
80353,1,1,0,0,0,0,0,0,0,0,0,0
80355,1,1,0,0,0,0,0,0,0,0,0,0
80355,2,1,0,0,0,0,0,0,0,0,0,0
80356,1,1,0,0,0,0,0,0,0,0,0,0
80357,1,1,0,0,0,0,0,0,0,0,0,0
80357,2,1,0,0,0,0,0,4,0,0,0,0
80358,1,1,0,0,0,0,0,0,0,0,0,0
80359,1,1,0,0,0,0,0,0,0,0,0,0
80359,2,1,4,4,4,4,4,4,4,4,4,4
80360,1,1,0,0,0,0,0,0,0,0,0,0
80361,0,1,0,0,0,0,0,0,0,0,0,0
80361,1,1,4,0,0,0,0,0,0,3,0,0
80362,1,1,25,15,14,42,0,0,0,27,17,13
80363,1,1,0,0,0,0,0,0,0,0,0,0
80363,2,1,0,0,0,0,0,0,0,0,4,0
80365,1,1,0,27,0,0,0,0,0,0,0,0
80366,1,1,18,18,18,18,18,18,18,18,18,18
80367,0,1,2,2,2,2,2,2,2,2,2,2
80367,1,1,0,0,0,0,0,0,0,0,0,0
80368,1,1,11,11,11,11,11,11,11,11,11,11
80369,1,1,0,0,0,0,0,0,0,0,0,0
80369,2,1,0,0,0,0,12,0,0,0,0,0
80370,1,1,13,24,13,43,8,30,16,37,21,11
80371,1,1,28,29,21,19,15,35,12,8,15,22
80372,1,1,0,0,0,0,0,0,0,0,0,0
80372,2,1,14,0,0,0,0,0,0,0,0,39
80373,1,1,19,19,19,19,19,19,19,19,19,19
80373,2,1,0,0,0,0,0,0,0,0,0,0
80374,1,1,21,21,21,21,21,21,21,21,21,21
80375,1,1,7,7,7,7,7,7,7,7,7,7
80376,1,1,7,7,7,7,7,7,7,7,7,7
80376,2,1,0,0,0,0,0,0,0,0,0,0
80377,1,1,0,0,0,0,0,0,0,0,0,0
80377,2,1,0,0,0,0,0,0,0,0,0,0
80378,1,1,0,0,0,0,0,0,0,0,0,0
80379,1,1,0,0,0,0,0,0,0,0,0,0
80380,1,1,0,0,0,0,0,32,0,0,0,0
80380,2,1,0,0,0,0,0,0,0,0,0,0
80381,1,1,19,19,19,19,19,19,19,19,19,19
80382,1,1,0,0,0,0,0,0,0,0,0,0
80383,1,1,0,0,0,0,0,0,0,0,0,0
80383,2,1,0,0,0,0,0,0,0,0,0,0
80384,1,1,9,9,9,9,9,9,9,9,9,9
80384,2,1,0,0,0,0,0,0,0,0,0,0
80385,0,1,0,0,0,0,0,0,0,0,0,0
80385,1,1,0,0,0,0,0,0,0,0,0,0
80386,1,1,19,19,19,19,19,19,19,19,19,19
80386,2,1,0,0,0,0,0,0,0,11,0,0
80387,1,1,18,18,18,18,18,18,18,18,18,18
80388,1,1,18,18,18,18,18,18,18,18,18,18
80389,1,1,0,0,0,0,0,0,0,0,0,0
80389,2,1,0,9,0,0,0,5,0,0,0,0
80390,1,1,0,0,0,0,5,0,0,0,0,0
80391,0,1,20,20,20,20,20,20,20,20,20,20
80391,1,1,0,10,0,0,0,0,0,0,0,0
80392,1,1,27,27,27,27,27,27,27,27,27,27
80393,1,1,0,0,0,0,0,0,0,0,0,0
80393,2,1,0,0,0,0,0,0,0,0,0,0
80394,1,1,11,11,11,11,11,11,11,11,11,11
80395,0,1,10,10,10,10,10,10,10,10,10,10
80395,1,1,20,0,0,32,12,8,0,0,0,0
80396,1,1,18,18,18,18,18,18,18,18,18,18
80397,1,1,26,26,26,26,26,26,26,26,26,26
80398,1,1,0,0,0,0,0,0,0,0,0,0
80398,2,1,0,0,0,0,0,0,0,0,0,0
80399,1,1,30,30,30,30,30,30,30,30,30,30
80400,1,1,24,24,24,24,24,24,24,24,24,24
80400,2,1,0,0,0,0,0,0,0,0,0,0
80400,3,1,0,0,0,0,0,0,0,0,0,0
80401,0,1,17,17,17,17,17,17,17,17,17,17
80401,0,2,29,0,11,4,10,16,18,21,33,17
80401,1,1,0,0,0,0,0,0,0,0,0,0
80402,1,1,0,0,0,0,0,0,0,0,0,0
80403,1,1,0,0,0,0,0,0,0,0,0,0
80403,2,1,0,0,0,0,0,0,0,0,0,0
80404,1,1,0,0,0,0,0,0,0,0,0,0
80404,2,1,0,0,0,0,0,0,0,0,0,0
80405,1,1,0,0,0,0,0,0,0,0,0,0
80406,0,1,0,0,0,0,0,0,0,0,0,0
80406,1,1,0,0,0,0,0,0,0,0,0,10
80407,1,1,0,0,0,0,0,0,0,0,0,0
80407,2,1,0,0,0,0,0,0,0,0,0,0
80408,1,1,0,0,0,0,0,0,0,0,0,0
80409,1,1,0,0,0,0,0,0,0,0,0,0
80409,2,1,32,31,0,0,0,0,0,0,0,0
80410,1,1,19,19,19,19,19,19,19,19,19,19
80411,1,1,10,10,10,10,10,10,10,10,10,10
80411,2,1,13,0,0,5,0,0,0,0,0,19
80411,3,1,10,0,0,0,0,0,0,0,0,0
80412,1,1,0,0,0,0,0,0,0,0,0,0
80413,1,1,25,25,25,25,25,25,25,25,25,25
80413,2,1,0,0,0,0,0,0,0,0,0,0
80414,1,1,0,0,0,0,0,0,0,0,0,0
80415,1,1,16,16,16,16,16,16,16,16,16,16
80416,1,1,19,19,19,19,19,19,19,19,19,19
80417,1,1,0,0,15,0,0,0,14,13,0,0
80417,2,1,0,0,0,0,0,0,0,0,0,0
80418,1,1,37,37,37,37,37,37,37,37,37,37
80419,1,1,0,0,0,0,0,0,0,0,0,0
80419,2,1,0,0,0,0,7,0,0,0,0,0
80420,1,1,0,0,0,0,0,0,0,0,0,0
80420,2,1,0,0,0,0,0,0,0,0,0,0
80421,1,1,10,10,10,10,10,10,10,10,10,10
80422,1,1,0,0,0,0,0,0,0,0,0,0
80422,2,1,0,0,0,0,0,0,0,0,0,0
80422,3,1,0,0,0,0,0,0,0,0,0,0
80423,1,1,0,0,0,0,0,0,0,0,0,0
80423,2,1,2,2,2,2,2,2,2,2,2,2
80424,1,1,5,5,5,5,5,5,5,5,5,5
80425,0,1,23,23,23,23,23,23,23,23,23,23
80425,1,1,0,0,0,0,0,0,0,0,0,0
80426,1,1,0,0,0,0,0,0,0,0,0,0
80426,2,1,0,14,0,0,0,0,0,0,0,0
80427,1,2,13,0,0,0,0,0,0,10,13,16
80428,1,1,0,0,0,0,0,0,0,0,0,0
80428,2,1,0,0,0,0,0,0,0,0,0,0
80428,3,1,0,0,0,0,0,0,9,0,0,0
80428,4,1,0,0,0,0,0,0,0,0,0,0
80428,5,1,0,0,0,0,0,0,0,0,0,0
80429,1,1,14,14,14,14,14,14,14,14,14,14
80430,1,1,28,31,0,0,13,13,15,30,9,22
80431,1,1,0,0,0,0,0,0,0,0,0,0
80431,2,1,0,0,0,0,0,0,0,0,0,0
80432,0,1,12,12,12,12,12,12,12,12,12,12
80432,1,1,0,0,0,4,0,0,0,0,0,0
80433,1,1,0,0,0,0,0,0,0,0,0,0
80434,1,1,0,0,0,8,0,0,2,0,0,0
80434,2,1,0,0,0,0,0,0,0,0,0,0
80435,1,1,27,27,27,27,27,27,27,27,27,27
90001,1,1,0,0,0,0,0,0,0,0,0,0
90002,0,1,0,0,0,0,0,0,0,0,0,0
90002,1,1,0,0,0,0,0,0,0,0,0,0
90003,1,1,0,0,0,0,0,0,0,0,0,0
90004,1,1,33,33,33,33,33,33,33,33,33,33
90004,2,1,0,0,0,0,0,0,0,0,0,0
90005,1,1,0,3,11,19,13,22,18,6,7,18
90006,1,1,13,13,13,13,13,13,13,13,13,13
90007,1,1,23,23,23,23,23,23,23,23,23,23
90008,1,1,0,0,0,0,0,0,0,0,0,0
90009,0,1,0,0,0,0,0,0,0,0,0,0
90009,1,1,0,0,15,0,15,5,9,0,21,0
90010,1,1,19,36,43,17,0,10,24,25,0,35
90011,1,1,0,0,13,0,0,0,7,21,0,0
90012,1,1,10,10,10,10,10,10,10,10,10,10
90012,2,1,0,0,0,0,0,0,0,0,20,14
90013,1,1,0,0,0,13,0,0,34,0,0,8
90013,2,1,3,0,0,0,0,0,0,0,0,0
90013,3,1,0,0,0,0,0,13,0,0,26,0
90013,4,1,0,0,0,0,0,0,0,0,0,5
90014,0,1,0,0,0,25,0,11,0,15,0,0
90014,0,2,0,0,0,0,0,0,0,0,0,0
90014,0,3,0,11,7,0,0,0,12,0,25,0
90014,0,4,0,0,0,0,0,0,0,0,0,0
90014,1,1,0,0,0,0,0,0,4,0,0,0
90015,1,1,0,0,0,0,0,0,0,0,0,0
90015,2,1,0,0,17,0,0,25,0,10,0,0
90016,1,1,0,0,0,0,0,0,0,0,0,0
90017,1,1,31,16,0,0,5,13,0,0,36,13
90018,0,1,0,0,0,0,0,0,0,0,0,0
90018,1,1,0,0,0,23,0,0,20,0,0,0
90019,1,1,32,32,32,32,32,32,32,32,32,32
90020,1,1,0,0,0,0,0,0,0,0,0,0
90020,2,1,0,0,0,0,0,0,0,0,0,0
90021,1,1,9,15,36,19,7,20,9,21,24,14
90022,1,1,25,32,18,22,10,22,14,9,16,10
90023,0,1,0,0,0,0,0,0,0,0,0,0
90023,1,1,0,3,0,0,0,0,0,0,0,0
90024,1,1,13,13,0,0,15,0,0,13,0,0
90024,2,1,0,0,25,0,0,0,3,0,0,7
90024,3,1,0,0,0,0,0,0,0,0,0,13
90024,4,1,0,0,0,0,0,13,0,0,16,0
90025,1,1,25,25,25,25,25,25,25,25,25,25
90026,1,1,27,27,27,27,27,27,27,27,27,27
90026,2,1,0,0,0,0,0,0,11,0,0,0
90027,1,1,0,24,0,0,0,16,0,0,19,0
90027,2,1,15,5,0,0,0,0,0,0,0,13
90028,1,1,19,19,19,19,19,19,19,19,19,19
90029,1,1,0,0,0,0,0,0,0,0,0,0
90030,0,1,16,16,16,16,16,16,16,16,16,16
90030,0,2,5,0,0,0,0,0,0,26,11,0
90030,1,1,14,14,14,14,14,14,14,14,14,14
90031,1,1,0,0,0,0,0,0,0,0,0,0
90032,1,1,0,0,0,0,0,0,0,0,0,0
90032,2,1,14,14,14,14,14,14,14,14,14,14
90033,1,1,17,25,10,6,18,13,21,27,10,23
90034,1,1,12,12,12,12,12,12,12,12,12,12
90035,1,1,0,0,0,0,0,0,0,0,0,0
90036,1,1,0,0,0,0,0,0,0,0,0,0
90036,2,1,0,0,0,0,0,0,0,0,0,0
90037,1,1,0,0,0,0,0,0,0,0,0,0
90037,2,1,0,0,0,0,0,0,0,0,0,0
90037,3,1,0,0,0,0,0,0,0,0,0,0
90038,1,1,0,0,0,0,0,0,0,0,0,0
90039,1,1,0,8,0,0,0,0,0,0,0,0
90039,2,1,0,0,0,0,0,0,0,0,0,0
90040,0,1,0,0,0,0,0,0,0,0,0,0
90040,2,1,0,0,14,0,0,20,0,0,19,21
90040,3,1,16,0,0,0,0,0,0,0,0,0
90041,1,1,0,0,0,0,0,0,0,0,0,0
90041,2,1,0,0,0,0,0,0,0,0,0,0
90042,1,1,0,0,0,0,0,0,0,0,0,0
90042,2,1,0,0,0,0,0,0,0,0,0,0
90043,1,1,22,22,22,22,22,22,22,22,22,22
90044,1,1,0,0,0,0,0,0,0,0,0,0
90045,1,1,0,0,0,0,0,0,0,0,0,0
90045,2,1,0,0,0,0,0,0,0,0,0,0
90045,3,1,0,0,0,0,0,0,0,0,0,0
90045,4,1,0,0,0,0,0,0,0,0,0,0
90046,1,1,17,17,17,17,17,17,17,17,17,17
90047,1,1,12,12,12,12,12,12,12,12,12,12
90048,1,1,8,8,8,8,8,8,8,8,8,8
90049,1,1,1,1,1,1,1,1,1,1,1,1
90050,1,1,0,0,0,0,0,0,0,0,0,0
90050,2,1,0,0,4,14,0,2,9,0,0,0
90051,1,1,18,18,18,18,18,18,18,18,18,18
90052,0,1,0,25,0,33,0,45,22,0,21,16
90052,1,1,9,9,9,9,9,9,9,9,9,9
90053,1,1,14,14,14,14,14,14,14,14,14,14
90054,1,1,27,27,27,27,27,27,27,27,27,27
90055,1,1,4,4,4,4,4,4,4,4,4,4
90056,1,1,14,0,22,0,0,0,0,11,25,0
90057,1,1,0,0,0,0,0,0,0,0,0,0
90057,2,1,0,0,0,0,10,0,0,16,0,0
90058,1,1,0,0,0,0,0,0,0,0,0,0
90058,2,1,0,0,0,16,0,14,25,0,0,0
90059,1,1,0,0,0,0,0,0,0,16,0,0
90059,2,1,0,0,0,0,0,0,0,0,0,0
90060,1,1,0,0,0,0,0,0,0,0,0,0
90061,0,1,26,26,26,26,26,26,26,26,26,26
90061,1,1,0,13,22,0,0,25,0,0,3,0
90062,1,1,29,29,29,29,29,29,29,29,29,29
90063,1,1,17,17,17,17,17,17,17,17,17,17
90064,1,1,0,0,0,0,0,0,0,0,0,0
90064,2,1,0,0,0,0,0,0,0,0,0,0
90065,1,1,16,16,16,16,16,16,16,16,16,16
90066,1,1,18,18,18,18,18,18,18,18,18,18
90067,1,1,24,24,24,24,24,24,24,24,24,24
90068,1,1,0,0,0,0,0,0,0,0,0,0
90069,1,1,11,11,11,11,11,11,11,11,11,11
90069,2,1,0,0,12,0,16,0,5,20,0,0
90070,1,1,12,12,12,12,12,12,12,12,12,12
90071,1,1,0,0,0,0,0,0,0,0,0,0
90071,2,1,5,7,6,9,0,0,0,15,0,0
90072,1,1,8,8,8,8,8,8,8,8,8,8
90073,1,1,0,0,0,0,0,0,0,0,0,0
90074,1,1,15,15,15,15,15,15,15,15,15,15
90075,1,1,0,7,0,0,0,0,0,0,0,0
90075,2,1,0,0,0,0,12,0,0,0,0,9
90076,1,1,0,0,0,0,0,0,0,0,0,0
90076,2,1,0,0,0,0,0,0,0,0,0,0
90077,1,1,12,7,12,24,15,0,0,0,0,25
90078,1,1,25,25,25,25,25,25,25,25,25,25
90079,1,1,0,0,0,0,0,0,0,0,0,0
90079,2,1,0,0,0,0,0,0,0,0,0,0
90080,1,1,19,19,19,19,19,19,19,19,19,19
90080,2,1,0,7,0,0,0,0,0,0,0,0
90081,1,1,15,15,15,15,15,15,15,15,15,15
90082,0,1,7,7,7,7,7,7,7,7,7,7
90082,1,1,12,12,12,12,12,12,12,12,12,12
90083,1,1,0,0,0,0,0,0,0,0,0,0
90084,1,1,36,36,36,36,36,36,36,36,36,36
90085,1,1,0,0,0,0,0,0,0,0,0,0
90085,2,1,0,0,0,0,14,0,0,0,0,8
90086,1,1,10,10,10,10,10,10,10,10,10,10
90087,1,1,27,27,27,27,27,27,27,27,27,27
90088,1,1,4,4,4,4,4,4,4,4,4,4
90089,1,1,0,0,0,0,0,3,0,2,0,5
90090,1,1,21,15,14,8,8,11,4,9,17,28
90091,1,1,28,28,28,28,28,28,28,28,28,28
90092,1,1,19,19,19,19,19,19,19,19,19,19
90093,1,1,26,26,26,26,26,26,26,26,26,26
90094,1,1,0,0,0,0,0,0,0,0,0,0
90094,2,1,0,0,0,0,0,0,0,0,0,0
90095,1,1,9,8,0,20,11,10,5,13,9,18