ST_CASE,VEH_NO,PER_NO,P1,P2,P3,P4,P5,P6,P7,P8,P9,P10
120004,1,1,10,10,10,10,10,10,10,10,10,10
120005,0,1,16,16,16,16,16,16,16,16,16,16
120005,1,1,4,4,4,4,4,4,4,4,4,4
120006,1,1,0,0,0,0,0,0,0,0,0,0
120006,2,1,0,0,0,0,0,0,0,0,0,0
120007,1,1,0,0,0,0,0,13,0,0,0,0
120007,2,1,0,0,0,0,0,0,0,0,0,0
120007,3,1,0,0,0,0,4,0,0,12,0,0
120008,0,1,8,8,8,8,8,8,8,8,8,8
120008,1,1,0,0,0,0,0,0,0,0,0,0
120008,2,1,32,15,0,0,0,0,0,0,0,0
120009,0,1,0,0,0,0,0,0,0,0,0,0
120009,1,1,11,0,0,0,0,0,0,0,0,0
120010,0,1,0,0,0,0,0,0,0,0,0,0
120010,1,1,0,0,0,0,0,0,0,0,0,0
120011,0,1,24,24,24,24,24,24,24,24,24,24
120011,1,1,0,0,0,0,0,0,0,0,0,0
120012,1,1,0,0,8,0,0,9,0,0,0,0
120013,1,1,0,5,0,0,0,0,0,0,0,0
120013,2,1,0,0,0,0,0,0,0,0,0,0
120014,1,1,0,0,0,0,0,0,0,0,0,0
120014,2,1,2,2,2,2,2,2,2,2,2,2
120015,0,1,0,0,0,0,0,0,0,0,0,0
120015,1,1,0,0,11,0,0,0,0,0,0,0
120016,1,1,6,6,6,6,6,6,6,6,6,6
120016,2,1,0,0,15,0,0,0,0,0,0,0
120017,0,1,36,36,36,36,36,36,36,36,36,36
120017,1,1,0,0,0,0,0,0,0,0,0,0
120018,0,1,9,9,9,9,9,9,9,9,9,9
120018,1,1,0,0,0,0,12,0,0,0,0,0
120019,1,1,0,0,0,0,0,0,0,0,0,0
120019,2,1,0,0,0,0,0,0,0,0,0,0
120020,1,1,2,2,2,2,2,2,2,2,2,2
120020,2,1,0,0,0,0,0,0,0,0,0,0
120021,0,1,32,32,32,32,32,32,32,32,32,32
120021,1,1,0,0,0,0,22,0,0,0,0,0
120022,1,1,0,0,0,0,0,0,0,0,0,0
120023,0,1,27,27,27,27,27,27,27,27,27,27
120023,1,1,0,0,0,0,0,0,18,0,0,0
120024,1,1,0,0,0,0,0,0,0,0,0,0
120025,1,1,0,0,0,0,0,0,0,0,0,0
120026,1,1,0,0,0,0,0,0,0,13,0,0
120026,2,1,0,0,0,0,0,0,0,0,0,0
120027,1,1,10,10,10,10,10,10,10,10,10,10
120028,0,1,0,0,0,0,0,0,0,0,0,0
120028,1,1,0,0,0,0,0,0,0,0,0,0
120029,1,1,0,6,0,0,0,0,0,0,0,0
120030,1,1,14,14,14,14,14,14,14,14,14,14
120030,2,1,0,0,0,0,0,0,27,0,0,0
120031,0,1,0,0,0,0,0,0,0,0,0,0
120031,1,1,0,0,0,0,0,0,0,0,0,0
120032,1,1,0,0,0,0,0,0,0,0,0,0
120033,1,1,0,0,0,0,0,0,0,0,0,0
120033,2,1,0,0,0,0,0,0,0,0,0,0
120034,1,1,0,0,0,0,20,0,0,0,0,0
120035,0,1,0,7,0,0,0,0,0,0,0,0
120035,1,1,0,0,0,0,0,20,0,0,0,0
120036,1,1,0,0,0,0,0,0,0,0,0,0
120037,1,1,0,0,0,0,0,0,0,0,0,0
120037,2,1,0,0,0,0,0,0,0,0,0,0
120038,1,1,0,0,0,0,0,0,0,0,0,0
120038,2,1,21,21,21,21,21,21,21,21,21,21
120039,0,1,23,23,23,23,23,23,23,23,23,23
120039,1,1,0,0,0,0,0,0,0,0,0,0
120040,0,1,0,16,0,0,0,0,0,0,0,0
120040,1,1,0,0,0,0,0,0,0,0,0,0
120042,0,1,29,29,29,29,29,29,29,29,29,29
120042,1,1,0,0,0,0,0,0,0,0,6,0
120043,1,1,0,0,0,0,0,0,0,0,8,0
120043,2,1,0,0,0,0,0,0,0,0,0,22
120044,1,1,0,0,0,0,0,0,0,0,0,0
120044,2,1,0,0,0,0,0,0,0,0,0,0
120045,0,1,1,1,1,1,1,1,1,1,1,1
120045,1,1,5,5,5,5,5,5,5,5,5,5
120046,1,1,34,34,34,34,34,34,34,34,34,34
120046,2,1,0,0,0,0,0,0,0,0,0,0
120047,0,1,0,0,0,0,0,0,0,0,0,0
120047,1,1,0,0,15,0,0,0,0,0,0,15
120048,1,1,0,0,0,0,0,0,0,0,0,0
120048,2,1,0,0,0,0,0,0,0,0,0,0
120049,1,1,0,0,0,0,0,25,0,0,0,16
120049,2,1,0,0,14,0,0,0,3,0,0,0
120050,1,1,19,19,19,19,19,19,19,19,19,19
120051,1,1,36,36,36,36,36,36,36,36,36,36
120052,1,1,2,2,2,2,2,2,2,2,2,2
120053,1,1,0,0,0,0,0,0,0,0,0,0
120054,1,1,0,0,0,0,0,0,0,0,0,0
120054,2,1,0,0,0,0,0,0,0,0,0,0
120055,1,1,0,0,0,0,0,0,0,17,0,0
120055,2,1,0,0,0,0,0,0,0,0,0,0
120056,0,1,0,0,0,0,0,0,0,0,0,0
120056,1,1,0,0,0,0,0,0,0,0,0,0
120057,0,1,43,43,43,43,43,43,43,43,43,43
120057,1,1,0,0,0,0,0,0,0,0,0,0
120058,0,1,7,7,7,7,7,7,7,7,7,7
120058,1,1,0,0,0,0,0,0,0,0,0,0
120059,1,1,18,18,18,18,18,18,18,18,18,18
120059,2,1,0,0,34,0,0,0,0,0,0,0
120060,0,1,0,0,0,0,0,0,0,0,0,0
120060,1,1,2,2,2,2,2,2,2,2,2,2
120061,0,1,0,0,0,0,0,0,0,0,0,0
120061,1,1,0,0,0,0,0,0,0,0,0,0
120062,1,1,2,2,2,2,2,2,2,2,2,2
120062,2,1,0,0,0,0,0,0,0,0,0,0
120063,1,1,18,18,18,18,18,18,18,18,18,18
120064,1,1,22,22,22,22,22,22,22,22,22,22
120065,1,1,0,0,0,0,0,0,0,0,0,0
120065,2,1,19,19,19,19,19,19,19,19,19,19
120066,1,1,21,21,21,21,21,21,21,21,21,21
120067,0,1,0,0,0,0,0,0,0,0,0,0
120067,1,1,0,0,0,0,0,0,0,0,0,0
120068,1,1,0,0,0,0,0,0,0,0,0,0
120068,2,1,0,0,0,0,0,0,0,0,0,0
120069,1,1,0,0,0,0,0,7,4,0,10,20
120070,1,1,0,0,0,0,0,0,0,0,0,0
120070,2,1,0,0,0,0,0,0,0,0,0,0
120071,0,1,32,32,32,32,32,32,32,32,32,32
120071,1,1,0,19,0,0,0,0,0,0,0,0
120072,1,1,0,0,0,0,0,0,0,0,0,0
120073,0,1,10,2,17,5,28,24,22,0,15,15
120073,1,1,0,0,0,0,0,0,0,0,0,0
120074,0,1,27,27,27,27,27,27,27,27,27,27
120074,1,1,0,0,0,0,0,0,0,0,0,0
120075,0,1,4,4,4,4,4,4,4,4,4,4
120075,1,1,0,0,0,0,0,0,26,0,0,0
120076,1,1,0,0,0,0,0,0,0,0,0,0
120077,0,1,0,0,0,0,0,0,0,0,0,0
120077,1,1,0,0,0,0,0,0,0,0,0,0
120078,1,1,0,0,0,0,0,0,0,0,0,0
120079,1,1,0,0,0,0,0,0,0,0,0,0
120079,2,1,0,0,0,0,0,0,0,0,0,0
120080,1,1,0,0,0,0,0,0,0,0,0,0
120080,2,1,0,0,0,0,0,0,0,0,0,0
120080,3,1,0,0,0,0,0,0,0,0,0,0
120081,1,1,0,0,0,0,0,0,0,0,0,0
120081,2,1,0,0,0,0,0,0,0,0,0,0
120082,0,1,3,3,3,3,3,3,3,3,3,3
120082,1,1,0,0,0,0,0,0,0,0,0,0
120083,1,1,0,0,0,0,0,0,0,0,0,0
120083,2,1,0,0,0,0,0,0,0,0,0,0
120084,1,1,0,0,0,0,0,0,0,0,0,0
120084,2,1,0,9,0,0,0,0,0,0,0,0
120085,1,1,19,19,19,19,19,19,19,19,19,19
120085,2,1,23,28,24,27,11,17,9,13,4,20
120086,1,1,0,0,0,0,0,0,0,0,0,0
120086,2,1,0,0,0,0,0,0,0,0,0,0
120087,1,1,23,23,23,23,23,23,23,23,23,23
120088,1,1,37,37,37,37,37,37,37,37,37,37
120089,1,1,0,0,0,0,0,0,0,0,0,0
120090,1,1,23,23,23,23,23,23,23,23,23,23
120092,0,1,0,0,0,0,0,0,0,0,0,0
120092,1,1,0,0,0,0,0,0,0,0,0,0
120093,1,1,0,0,0,0,0,0,0,0,0,0
120094,1,1,0,0,0,0,0,0,0,0,0,0
120095,1,1,20,20,20,20,20,20,20,20,20,20
120096,1,1,16,16,16,16,16,16,16,16,16,16
120097,1,1,0,0,0,0,0,0,0,0,0,0
120098,1,1,0,0,0,0,0,0,0,0,0,0
120099,1,1,0,0,0,0,0,0,0,0,0,0
120099,2,1,0,0,0,0,0,0,0,0,0,0
120100,1,1,0,0,0,0,0,0,7,0,0,0
120101,0,1,0,0,0,0,12,0,0,29,0,0
120101,1,1,0,0,0,0,0,0,0,0,0,0
120102,1,1,0,0,18,0,0,3,11,0,21,14
120102,2,1,0,0,0,0,0,0,0,0,0,0
120103,0,1,4,0,6,0,0,0,0,0,18,0
120103,1,1,0,13,0,0,0,0,0,0,0,0
120105,1,1,0,0,0,0,0,0,0,0,0,0
120105,2,1,0,0,0,0,0,0,0,0,0,0
120105,3,1,0,0,0,0,0,0,0,0,0,0
120105,4,1,0,0,0,0,0,0,0,0,0,0
120106,1,1,46,46,46,46,46,46,46,46,46,46
120107,0,1,0,0,0,0,0,0,0,0,0,0
120107,1,1,0,0,0,0,0,0,0,0,0,0
120108,1,1,0,0,0,0,0,0,0,0,0,0
120109,1,1,0,0,0,0,0,0,0,0,0,0
120109,2,1,0,0,0,0,0,0,0,0,0,0
120110,1,1,21,21,21,21,21,21,21,21,21,21
120111,1,1,0,0,0,0,0,0,0,0,0,0
120111,2,1,0,0,0,0,0,0,0,0,0,0
120112,1,1,0,0,0,0,0,0,0,0,0,0
120112,2,1,0,0,0,0,0,0,0,0,0,0
120112,3,1,0,0,0,0,0,0,0,0,0,0
120113,0,1,0,0,0,0,0,0,0,0,0,0
120113,1,1,0,0,0,0,0,0,0,0,0,0
120114,1,1,0,0,0,0,0,0,0,0,0,0
120115,1,1,26,26,26,26,26,26,26,26,26,26
120116,1,1,0,0,0,0,0,0,0,0,0,0
120116,2,1,0,0,0,0,0,0,0,0,0,0
120117,1,1,13,13,13,13,13,13,13,13,13,13
120118,0,1,20,20,20,20,20,20,20,20,20,20
120118,1,1,0,0,0,0,0,0,0,0,0,0
120119,1,1,0,0,0,0,0,0,0,0,0,0
120119,2,1,0,0,0,0,0,0,0,0,0,0
120120,1,1,27,27,27,27,27,27,27,27,27,27
120121,1,1,0,0,0,0,0,0,0,0,0,0
120121,2,1,0,0,0,0,0,0,0,0,0,0
120122,1,1,0,0,0,0,0,0,0,0,0,0
120122,2,1,0,5,0,0,0,0,0,0,0,0
120123,0,1,36,36,36,36,36,36,36,36,36,36
120123,1,1,0,24,0,0,0,0,0,0,0,0
120124,0,1,0,0,0,0,0,0,0,0,17,0
120124,1,1,0,0,0,0,0,0,0,0,0,0
120124,2,1,0,0,0,0,0,0,0,0,0,0
120125,1,1,0,0,0,0,0,0,0,0,0,0
120125,2,1,0,0,0,0,0,0,0,0,0,0
120126,0,1,0,0,0,0,0,0,0,22,0,0
120126,1,1,0,0,0,0,0,0,0,0,0,0
120127,1,1,0,0,0,0,0,0,0,0,0,0
120127,2,1,0,0,0,0,0,0,0,0,0,0
120128,1,1,0,0,0,0,0,0,0,0,0,0
120129,1,1,0,0,0,0,0,0,0,0,0,0
120130,1,1,6,6,6,6,6,6,6,6,6,6
120130,2,1,0,0,0,0,0,0,0,0,0,0
120131,0,1,0,0,0,0,0,0,0,0,0,0
120131,1,1,0,0,0,0,0,0,0,0,0,6
120132,1,1,10,10,10,10,10,10,10,10,10,10
120133,1,1,0,0,25,0,0,0,0,0,0,0
120133,2,1,8,8,8,8,8,8,8,8,8,8
120134,1,1,0,0,0,0,0,0,0,0,0,0
120135,1,1,21,21,21,21,21,21,21,21,21,21
120135,2,1,0,0,0,0,0,0,0,0,0,0
120136,1,1,0,0,0,0,0,0,0,0,0,0
120137,1,1,0,0,0,0,0,0,0,0,0,0
120138,1,1,8,8,8,8,8,8,8,8,8,8
120138,2,1,0,0,0,0,0,0,0,0,0,0
120138,3,1,0,0,0,0,0,7,0,0,0,6
120139,1,1,31,31,31,31,31,31,31,31,31,31
120139,2,1,0,0,0,0,0,0,0,0,0,20
120140,1,1,0,0,0,0,0,0,0,0,0,0
120141,1,1,17,17,17,17,17,17,17,17,17,17
120141,2,1,0,0,0,0,0,0,0,0,0,0
120142,1,1,28,28,28,28,28,28,28,28,28,28
120142,2,1,22,22,22,22,22,22,22,22,22,22
120143,1,1,29,29,29,29,29,29,29,29,29,29
120144,1,1,0,0,0,0,0,0,0,0,0,0
120145,0,1,26,26,26,26,26,26,26,26,26,26
120145,1,1,6,0,0,0,0,0,0,0,0,18
120146,1,1,0,0,0,0,15,0,0,0,0,0
120146,2,1,25,0,0,0,0,0,0,0,0,0
120147,1,1,0,0,0,0,0,0,0,0,0,12
120147,2,1,0,0,0,0,0,0,0,0,0,0
120148,1,1,0,0,0,0,0,0,0,0,0,0
120148,2,1,0,0,0,0,0,0,0,14,0,2
120149,1,1,0,0,0,0,0,0,0,0,0,0
120149,2,1,6,6,6,6,6,6,6,6,6,6
120150,1,1,0,0,0,0,0,0,0,0,0,0
120150,2,1,0,0,0,0,0,0,0,0,0,0
120152,1,1,0,0,0,0,0,0,0,0,0,0
120152,2,1,20,0,0,7,0,19,0,3,0,0
120153,1,1,0,0,0,0,0,0,0,0,0,0
120154,0,1,7,7,7,7,7,7,7,7,7,7
120154,1,1,0,0,0,0,0,0,0,0,0,0
120155,1,1,0,0,0,0,0,0,0,0,0,0
120156,0,1,0,0,0,0,0,0,0,0,0,0
120156,0,2,0,0,0,0,0,0,0,0,0,0
120156,1,1,0,0,0,0,0,0,0,0,0,0
120157,0,1,23,23,23,23,23,23,23,23,23,23
120157,1,1,0,0,0,0,0,0,0,0,0,0
120158,1,1,0,0,0,0,0,0,0,0,0,0
120158,2,1,0,0,0,0,0,0,0,0,0,0
120159,0,1,0,0,0,0,0,0,0,0,0,0
120159,1,1,0,0,0,0,0,0,0,0,0,0
120160,0,1,0,0,0,0,0,0,0,0,0,0
120160,1,1,0,0,0,0,0,0,0,0,0,0
120162,0,1,0,0,0,0,0,0,0,0,0,0
120162,1,1,0,0,0,0,0,9,0,0,2,0
120163,1,1,31,31,31,31,31,31,31,31,31,31
120163,3,1,0,0,0,0,0,0,0,0,0,0
120164,0,1,33,33,33,33,33,33,33,33,33,33
120164,1,1,0,0,0,0,0,0,0,0,0,0
120165,0,1,0,17,20,13,28,0,19,36,21,16
120165,1,1,0,0,0,19,0,0,0,0,0,0
120165,2,1,0,0,0,0,0,0,11,0,0,0
120165,3,1,0,0,0,0,0,0,0,0,0,0
120166,1,1,0,0,0,0,0,0,0,0,0,0
120166,2,1,9,9,9,9,9,9,9,9,9,9
120167,1,1,0,0,0,0,0,0,0,0,0,0
120168,1,1,4,4,4,4,4,4,4,4,4,4
120169,1,1,0,0,0,0,0,0,0,0,0,0
120169,2,1,0,24,19,0,0,0,0,0,0,0
120170,1,1,2,2,2,2,2,2,2,2,2,2
120171,1,1,0,0,0,0,0,0,0,0,0,0
120172,0,1,25,25,25,25,25,25,25,25,25,25
120172,1,1,0,8,12,0,0,0,0,0,0,0
120173,1,1,14,14,14,14,14,14,14,14,14,14
120174,1,1,16,16,16,16,16,16,16,16,16,16
120175,1,1,13,0,13,19,0,0,9,33,7,31
120175,2,1,0,0,0,0,0,0,0,0,0,0
120175,3,1,0,19,0,0,0,0,0,5,10,0
120176,1,1,0,0,0,0,0,0,0,0,0,0
120176,2,1,0,0,0,0,0,0,0,0,0,0
120177,1,1,20,20,20,20,20,20,20,20,20,20
120178,0,1,0,0,0,0,0,0,0,0,0,0
120178,1,1,0,8,0,0,0,10,0,0,11,17
120179,1,1,0,0,0,0,0,0,0,0,0,0
120179,2,1,0,0,0,0,0,0,0,0,0,0
120180,1,1,0,0,0,0,0,0,15,0,0,0
120180,2,1,6,6,6,6,6,6,6,6,6,6
120181,1,1,0,0,0,0,0,0,0,0,0,0
120182,1,1,15,15,15,15,15,15,15,15,15,15
120183,1,1,11,11,11,11,11,11,11,11,11,11
120183,2,1,11,11,11,11,11,11,11,11,11,11
120184,1,1,36,36,36,36,36,36,36,36,36,36
120185,1,1,18,18,18,18,18,18,18,18,18,18
120186,1,1,17,17,17,17,17,17,17,17,17,17
120187,1,1,0,0,0,0,0,0,0,0,0,0
120188,0,1,0,0,0,0,0,0,0,0,0,0
120188,1,1,0,0,0,0,30,0,0,0,0,0
120189,1,1,16,16,16,16,16,16,16,16,16,16
120189,2,1,0,0,0,0,0,0,0,0,0,0
120190,0,1,0,0,0,0,0,0,0,0,0,0
120190,0,2,16,45,27,0,0,14,0,0,0,16
120190,1,1,0,0,0,0,0,0,0,0,0,0
120190,2,1,0,0,0,0,0,0,0,0,0,0
120191,1,1,3,3,3,3,3,3,3,3,3,3
120191,2,1,0,0,0,0,0,0,0,0,0,0
120192,1,1,28,28,28,28,28,28,28,28,28,28
120192,2,1,0,0,0,0,0,0,0,0,0,0
120192,3,1,0,0,0,0,10,0,0,0,0,0
120193,1,1,19,15,11,23,14,18,0,0,17,8
120193,2,1,0,0,0,0,0,0,0,0,0,0
120194,0,1,21,21,21,21,21,21,21,21,21,21
120194,1,1,0,0,0,0,0,0,0,0,0,0
120195,1,1,0,0,0,0,0,0,0,0,0,0
120195,2,1,0,0,0,0,0,0,0,0,0,0
120196,1,1,0,0,0,0,0,0,0,0,0,0
120196,2,1,0,0,0,0,0,0,0,0,0,0
120197,1,1,0,0,0,3,0,0,13,0,0,0
120198,1,1,23,11,13,9,34,19,15,39,3,19
120199,0,1,40,40,40,40,40,40,40,40,40,40
120199,1,1,0,0,11,0,0,0,0,0,0,0
120200,1,1,0,0,0,0,0,0,0,0,0,0
120200,2,1,0,0,0,0,0,0,0,0,0,0
120200,3,1,0,0,0,0,0,0,0,0,0,0
120200,4,1,0,0,0,0,0,0,0,0,0,0
120201,1,1,11,11,11,11,11,11,11,11,11,11
120201,2,1,0,12,19,10,0,12,0,0,0,22
120202,1,1,0,0,0,0,0,0,0,0,0,0
120202,2,1,0,0,0,0,0,0,0,0,0,0
120202,3,1,0,0,0,3,0,0,0,0,0,0
120203,1,1,25,0,0,13,0,0,19,0,0,4
120204,1,1,0,0,0,0,0,0,0,0,0,0
120204,2,1,0,0,0,0,0,8,0,0,0,0
120205,1,1,10,10,10,10,10,10,10,10,10,10
120206,1,1,0,0,0,0,0,0,0,0,0,0
120206,2,1,0,0,0,0,0,0,0,0,0,0
120207,0,1,33,33,33,33,33,33,33,33,33,33
120207,1,1,0,0,0,0,0,0,0,0,0,0
120207,2,1,0,0,0,0,0,0,0,0,0,0
120208,1,1,0,0,0,0,0,0,0,0,0,0
120209,1,1,8,8,8,8,8,8,8,8,8,8
120211,1,1,0,0,0,0,17,24,0,0,14,0
120211,2,1,0,0,0,0,0,0,0,0,0,0
120212,1,1,16,16,16,16,16,16,16,16,16,16
120213,1,1,0,0,0,0,0,0,0,0,0,0
120213,2,1,0,0,0,0,0,0,0,0,0,0
120214,1,1,15,15,15,15,15,15,15,15,15,15
120215,1,1,28,28,28,28,28,28,28,28,28,28
120216,1,1,0,0,0,0,0,0,0,0,0,0
120217,0,1,0,0,0,0,0,0,0,0,0,0
120217,1,1,0,0,0,0,0,0,19,0,0,0
120218,1,1,0,0,0,0,0,0,0,0,0,0
120218,2,1,19,19,19,19,19,19,19,19,19,19
120219,1,1,26,26,26,26,26,26,26,26,26,26
120221,0,1,0,0,0,0,0,0,0,0,0,0
120221,1,1,0,0,0,0,0,0,0,0,0,0
120222,1,1,27,27,27,27,27,27,27,27,27,27
120222,2,1,0,0,0,0,0,0,0,0,0,0
120222,3,1,0,0,0,0,0,0,0,0,0,0
120223,1,1,0,0,0,0,21,0,0,0,0,0
120223,2,1,6,6,6,6,6,6,6,6,6,6
120224,0,1,0,0,0,0,0,0,0,0,0,0
120224,1,1,0,0,0,0,0,0,0,0,0,0
120226,1,1,0,0,0,0,0,0,0,0,0,0
120226,2,1,0,0,0,0,0,0,0,0,0,0
120226,3,1,0,0,0,0,0,0,0,0,3,0
120228,1,1,0,0,0,0,0,0,0,0,0,0
120229,1,1,0,0,25,0,0,0,24,0,0,0
120229,2,1,0,0,0,0,0,0,0,0,0,0
120230,1,1,0,0,0,0,0,0,0,0,0,0
120230,2,1,0,0,0,0,0,0,0,0,0,0
120231,1,1,0,0,0,0,0,0,0,0,0,0
120231,2,1,0,0,0,0,0,0,0,0,0,0
120232,1,1,0,0,0,0,0,0,0,0,0,0
120232,2,1,0,0,0,0,0,0,0,0,0,0
120233,1,1,14,14,14,14,14,14,14,14,14,14
120233,2,1,0,0,0,0,0,0,0,0,0,0
120234,1,1,0,0,0,0,0,0,0,0,0,0
120234,2,1,13,0,5,0,0,0,0,16,0,0
120235,0,1,0,0,0,0,0,0,0,0,0,0
120235,1,1,0,0,0,0,0,0,0,0,0,0
120235,2,1,0,0,0,0,0,0,0,0,0,0
120235,3,1,0,0,0,0,0,0,0,0,0,0
120235,4,1,0,0,0,0,0,0,0,0,0,0
120235,5,1,0,0,0,0,0,0,0,0,0,0
120236,1,1,22,22,22,22,22,22,22,22,22,22
120236,2,1,1,1,1,1,1,1,1,1,1,1
120237,1,1,0,0,0,0,0,0,0,0,0,0
120238,0,1,14,0,0,0,0,0,24,0,0,0
120238,0,2,24,24,24,24,24,24,24,24,24,24
120238,1,1,0,0,0,0,0,0,0,0,0,0
120239,1,1,3,3,3,3,3,3,3,3,3,3
120240,1,1,19,19,19,19,19,19,19,19,19,19
120241,1,1,17,17,17,17,17,17,17,17,17,17
120242,0,1,16,8,22,20,39,23,39,27,41,19
120242,1,1,0,0,0,0,0,0,0,0,0,0
120243,1,1,22,22,22,22,22,22,22,22,22,22
120243,2,1,0,0,0,0,13,0,0,0,0,0
120244,1,1,37,37,37,37,37,37,37,37,37,37
120244,2,1,0,0,0,0,0,0,0,0,0,0
120244,3,1,0,0,0,0,0,0,0,0,0,0
120245,0,1,0,0,0,0,0,0,0,0,0,0
120245,1,1,0,0,0,0,0,0,0,0,0,0
120246,1,1,0,0,0,0,0,0,0,0,0,0
120246,2,1,0,0,0,0,0,0,0,0,0,0
120247,0,1,0,0,0,0,0,0,0,0,0,0
120247,1,1,0,0,0,0,0,0,0,0,0,0
120248,1,1,0,0,0,0,0,0,0,0,0,0
120248,2,1,0,0,0,0,0,0,0,0,9,0
120248,3,1,0,0,0,0,0,0,0,0,0,0
120248,4,1,0,0,0,0,0,0,0,0,0,0
120249,0,1,0,0,0,0,14,0,0,0,0,0
120249,1,1,0,0,0,0,0,0,0,0,0,0
120250,1,1,21,21,21,21,21,21,21,21,21,21
120251,0,1,0,0,0,0,0,0,0,0,0,0
120251,1,1,0,0,0,0,0,0,0,0,0,0
120252,1,1,0,0,0,0,0,0,0,0,0,0
120252,2,1,0,0,0,0,0,0,0,0,0,0
120253,1,1,0,0,0,0,0,0,0,0,0,0
120253,2,1,20,20,20,20,20,20,20,20,20,20
120254,1,1,30,30,30,30,30,30,30,30,30,30
120254,2,1,0,0,0,0,0,0,0,0,0,0
120255,1,1,0,0,0,0,0,0,0,0,0,0
120256,0,1,25,25,25,25,25,25,25,25,25,25
120256,1,1,0,0,0,0,0,0,0,0,0,0
120257,1,1,25,25,25,25,25,25,25,25,25,25
120258,1,1,14,14,14,14,14,14,14,14,14,14
120259,0,1,0,0,0,0,0,0,0,0,0,0
120259,1,1,0,0,0,0,0,0,0,0,0,11
120260,1,1,0,0,0,0,0,0,0,0,0,0
120260,2,1,0,0,0,7,0,0,0,0,0,0
120261,1,1,0,0,0,0,0,8,0,0,0,0
120261,2,1,0,0,0,0,0,0,0,0,0,0
120262,1,1,0,0,0,0,0,0,0,0,0,0
120263,0,1,0,0,0,0,0,0,0,0,0,0
120263,1,1,0,0,0,0,0,0,0,0,0,0
120264,0,1,0,0,0,0,0,0,0,0,0,0
120264,1,1,2,2,2,2,2,2,2,2,2,2
120265,1,1,15,15,15,15,15,15,15,15,15,15
120265,2,1,8,8,8,8,8,8,8,8,8,8
120266,1,1,0,0,0,0,0,0,0,0,0,0
120267,0,1,0,0,0,0,0,0,0,0,0,0
120267,1,1,0,0,0,0,0,0,0,0,0,12
120268,0,1,0,0,0,0,0,0,0,0,0,0
120268,1,1,0,0,0,0,0,0,0,0,9,6
120269,0,1,23,23,23,23,23,23,23,23,23,23
120269,1,1,0,0,0,0,0,0,0,0,0,0
120269,2,1,0,0,0,0,0,0,0,0,0,0
120270,0,1,0,0,0,0,0,0,0,0,0,0
120270,1,1,0,0,3,0,0,0,0,0,0,0
120271,0,1,0,0,0,0,0,0,0,0,4,0
120271,1,1,0,0,0,0,0,0,0,0,0,0
120272,0,1,0,0,0,0,0,0,0,0,0,0
120272,1,1,0,0,0,0,0,0,0,0,0,0
120273,1,1,0,0,0,0,0,0,0,0,0,0
120273,2,1,0,0,0,0,0,0,0,0,0,0
120274,1,1,0,0,0,0,0,0,0,0,0,0
120274,2,1,0,0,0,0,0,0,0,0,0,0
120274,3,1,0,0,0,0,0,21,0,0,0,0
120275,1,1,0,0,0,0,0,0,0,0,0,0
120275,2,1,0,0,0,0,0,0,0,0,0,0
120276,1,1,0,0,0,0,0,0,0,0,0,0
120276,2,1,0,0,0,0,0,0,0,0,8,0
120277,1,1,30,30,30,30,30,30,30,30,30,30
120277,2,1,0,0,0,0,0,0,0,0,0,0
120279,1,1,22,22,22,22,22,22,22,22,22,22
120280,1,1,0,0,0,0,0,0,0,0,0,0
120280,2,1,0,0,0,0,0,0,0,0,0,0
120280,3,1,0,0,0,0,0,0,0,0,0,0
120281,1,1,9,9,9,9,9,9,9,9,9,9
120282,1,1,0,0,0,0,0,0,0,0,0,0
120282,2,1,0,0,0,0,0,0,17,0,0,0
120283,0,1,19,23,22,42,40,16,21,7,24,38
120283,1,1,0,0,0,0,0,0,0,0,0,0
120284,1,1,0,0,0,0,0,0,0,0,0,0
120285,1,1,28,28,28,28,28,28,28,28,28,28
120285,2,1,0,0,0,0,0,0,0,0,0,0
120286,1,1,27,27,27,27,27,27,27,27,27,27
120286,2,1,0,0,0,0,0,0,0,0,0,0
120287,1,1,0,0,0,0,0,0,0,0,0,0
120287,2,1,0,0,0,0,0,0,0,0,0,0
120289,0,1,15,34,8,19,19,18,20,27,24,14
120289,1,1,0,0,0,0,0,0,0,0,0,0
120290,0,1,15,36,13,13,17,15,0,48,28,19
120290,1,1,9,16,18,18,4,25,7,21,12,9
120290,2,1,13,13,12,0,7,10,12,9,21,20
120291,1,1,14,14,14,14,14,14,14,14,14,14
120291,2,1,0,0,0,0,0,0,0,0,0,0
120291,3,1,0,0,0,0,0,0,0,0,0,12
120292,1,1,17,17,17,17,17,17,17,17,17,17
120293,1,1,0,0,0,0,0,0,0,0,0,0
120293,2,1,0,0,0,0,0,0,0,0,0,0
120294,1,1,12,12,12,12,12,12,12,12,12,12
120294,2,1,0,0,0,0,0,0,0,0,0,0