ST_CASE,VEH_NO,PER_NO,P1,P2,P3,P4,P5,P6,P7,P8,P9,P10
120294,3,1,0,0,0,0,0,0,0,0,0,0
120295,1,1,3,3,3,3,3,3,3,3,3,3
120296,1,1,0,0,0,0,0,0,0,0,0,0
120296,2,1,0,0,0,0,0,0,0,0,0,0
120297,1,1,13,18,0,0,0,0,14,8,0,0
120297,2,1,9,8,0,16,0,0,0,6,0,0
120298,0,1,0,0,0,0,0,0,0,0,0,0
120298,1,1,0,0,0,0,0,0,0,0,0,0
120299,1,1,16,16,16,16,16,16,16,16,16,16
120299,2,1,0,0,0,0,0,0,0,0,0,0
120300,1,1,14,14,14,14,14,14,14,14,14,14
120300,2,1,0,0,0,0,0,0,0,0,0,0
120301,0,1,0,0,0,0,0,0,0,0,0,0
120301,1,1,0,0,0,0,0,0,0,0,0,0
120302,0,1,0,33,0,0,0,0,0,0,0,0
120302,1,1,0,0,0,0,0,0,0,0,0,0
120303,0,1,0,0,0,0,0,0,18,0,0,0
120303,1,1,0,0,0,0,0,0,0,0,0,0
120304,1,1,0,0,0,0,0,0,0,0,0,0
120304,2,1,0,0,0,0,0,0,0,0,0,0
120305,1,1,0,7,0,0,0,0,0,0,0,8
120306,1,1,0,0,0,0,0,0,0,0,0,0
120307,1,1,0,0,0,0,0,0,0,0,0,0
120308,1,1,10,10,10,10,10,10,10,10,10,10
120309,1,1,10,10,10,10,10,10,10,10,10,10
120309,2,1,0,0,0,0,0,0,0,0,0,4
120310,1,1,4,4,4,4,4,4,4,4,4,4
120311,0,1,0,0,0,0,17,0,16,28,0,0
120311,1,1,0,0,0,0,0,0,0,0,0,0
120312,0,1,33,33,33,33,33,33,33,33,33,33
120312,1,1,0,0,0,23,0,0,0,0,0,0
120313,1,1,5,5,5,5,5,5,5,5,5,5
120314,0,1,0,0,0,0,0,0,0,0,0,0
120314,1,1,0,0,0,0,0,0,0,0,0,0
120315,0,1,0,0,0,0,0,0,0,0,0,0
120315,1,1,0,0,0,12,0,0,0,0,0,0
120316,1,1,0,0,16,10,0,0,0,15,0,0
120316,2,1,7,13,7,3,10,12,0,14,11,8
120317,1,1,8,8,8,8,8,8,8,8,8,8
120318,1,1,11,11,11,11,11,11,11,11,11,11
120318,2,1,0,0,0,0,0,0,0,0,0,0
120319,1,1,0,0,0,0,0,0,0,0,0,0
120319,2,1,0,0,0,0,0,0,0,0,0,0
120320,0,1,38,38,38,38,38,38,38,38,38,38
120320,1,1,37,0,0,0,0,0,0,0,0,0
120321,0,1,0,0,24,22,16,0,13,0,13,0
120321,1,1,0,0,0,0,0,32,0,0,0,0
120322,1,1,35,35,35,35,35,35,35,35,35,35
120322,2,1,0,0,0,0,0,0,0,0,0,0
120323,1,1,0,0,0,0,0,0,0,0,0,0
120323,2,1,0,0,0,0,0,0,0,0,0,0
120324,0,1,0,0,0,14,0,0,19,8,26,0
120324,0,2,12,0,0,0,0,0,0,0,0,0
120324,1,1,0,0,0,0,0,0,0,0,0,0
120325,0,1,0,0,0,0,0,0,0,0,0,0
120325,1,1,0,0,2,0,0,0,0,0,0,0
120325,2,1,0,0,0,0,0,0,0,0,0,0
120325,3,1,0,0,0,0,21,0,0,0,0,0
120326,1,1,0,0,0,0,0,0,0,0,0,0
120327,0,1,0,0,0,0,0,0,0,0,0,0
120327,1,1,20,20,20,20,20,20,20,20,20,20
120328,1,1,0,0,0,0,0,0,0,0,0,0
120328,2,1,0,0,0,0,0,0,0,0,0,0
120329,1,1,0,0,0,0,0,0,0,0,0,0
120329,2,1,0,0,0,0,0,0,0,0,0,11
120330,0,1,0,0,0,0,0,0,0,0,0,0
120330,1,1,0,0,0,0,0,0,0,0,0,0
120331,0,1,14,14,14,14,14,14,14,14,14,14
120331,1,1,0,5,0,0,0,8,0,0,0,0
120332,1,1,0,0,0,0,0,0,0,0,0,0
120332,2,1,0,0,0,0,0,0,0,0,0,0
120333,1,1,0,0,0,0,0,0,0,0,0,0
120333,2,1,0,0,0,0,0,0,0,0,0,0
120334,1,1,0,0,0,0,0,0,0,0,0,0
120334,2,1,0,0,0,0,0,0,0,0,0,0
120335,1,1,0,0,3,0,0,0,0,0,0,0
120336,1,1,0,0,0,0,24,0,0,0,0,0
120336,2,1,0,0,0,0,0,0,0,0,0,0
120337,1,1,14,14,14,14,14,14,14,14,14,14
120337,2,1,0,0,0,0,0,0,0,0,0,0
120338,1,1,0,0,0,0,0,0,0,8,0,0
120338,2,1,0,0,0,4,0,0,0,0,0,0
120339,1,1,0,0,0,0,0,0,0,0,0,0
120339,2,1,5,5,5,5,5,5,5,5,5,5
120339,3,1,0,0,0,0,0,0,0,0,0,0
120339,4,1,0,0,0,0,0,0,0,0,0,0
120340,1,1,0,0,0,0,0,0,0,0,0,0
120341,1,1,0,0,0,0,0,0,0,0,0,0
120341,2,1,0,0,0,0,0,0,0,0,0,0
120342,0,1,0,0,0,0,0,0,0,0,0,0
120342,1,1,0,0,0,0,0,0,0,0,24,0
120343,1,1,0,0,0,0,0,0,0,0,0,0
120344,1,1,0,0,0,0,0,0,0,0,0,0
120345,1,1,0,0,0,0,0,0,0,0,0,0
120345,2,1,0,17,0,0,0,12,0,0,0,0
120345,3,1,18,18,18,18,18,18,18,18,18,18
120346,1,1,0,0,0,0,0,0,0,0,0,0
120347,1,1,22,22,22,22,22,22,22,22,22,22
120347,2,1,0,0,0,0,0,0,0,0,0,10
120347,3,1,0,0,0,0,0,0,0,12,0,0
120347,4,1,0,0,0,0,0,0,0,0,0,12
120348,1,1,0,19,0,0,0,0,0,0,0,0
120349,1,1,0,0,0,0,0,0,0,0,0,0
120349,2,1,0,0,0,0,0,0,0,6,0,0
120350,0,1,0,0,0,0,0,0,0,0,0,0
120350,1,1,18,0,5,0,0,0,0,0,0,0
120351,0,1,18,18,18,18,18,18,18,18,18,18
120351,1,1,0,0,0,0,0,0,0,0,0,0
120352,1,1,12,12,12,12,12,12,12,12,12,12
120352,2,1,0,0,0,0,0,0,0,0,0,0
120353,1,1,0,0,0,0,0,0,0,0,0,0
120353,2,1,0,0,0,0,0,0,0,0,0,0
120354,1,1,20,20,20,20,20,20,20,20,20,20
120354,2,1,16,0,0,0,0,0,0,0,0,0
120355,1,1,0,0,0,0,0,0,0,0,0,0
120356,1,1,0,0,0,0,0,0,0,29,0,0
120357,1,1,4,4,4,4,4,4,4,4,4,4
120358,0,1,0,0,0,0,0,0,0,0,0,0
120358,1,1,0,0,0,0,0,0,0,0,0,0
120359,0,1,0,0,0,0,0,0,0,0,0,0
120359,1,1,0,0,0,0,0,0,0,0,0,0
120360,0,1,0,0,0,0,0,0,0,0,0,0
120360,1,1,0,0,0,0,16,0,14,0,0,0
120361,1,1,0,0,0,0,0,0,0,0,0,0
120362,0,1,0,0,0,0,0,0,0,0,0,0
120362,1,1,0,0,0,0,0,0,22,0,0,0
120363,1,1,24,24,24,24,24,24,24,24,24,24
120364,0,1,19,0,0,0,0,0,0,0,0,22
120364,1,1,0,0,0,0,0,0,0,0,0,0
120365,1,1,0,0,7,0,0,0,0,0,9,0
120365,2,1,14,14,14,14,14,14,14,14,14,14
120366,1,1,14,14,14,14,14,14,14,14,14,14
120367,0,1,32,32,32,32,32,32,32,32,32,32
120367,1,1,0,0,0,0,0,0,0,0,0,0
120368,1,1,0,0,0,0,0,0,0,0,0,0
120368,2,1,0,0,0,0,0,0,0,0,0,0
120369,1,1,0,0,0,0,0,0,0,13,0,19
120370,1,1,3,3,3,3,3,3,3,3,3,3
120371,0,1,26,26,26,26,26,26,26,26,26,26
120371,2,1,0,0,0,0,0,0,16,0,0,0
120371,3,1,0,0,0,0,0,0,0,0,0,6
120371,5,1,0,0,0,0,0,0,0,0,0,0
120371,6,1,0,0,12,0,0,0,0,0,0,0
120372,1,1,0,0,5,0,0,0,0,0,0,0
120373,1,1,29,29,29,29,29,29,29,29,29,29
120374,1,1,0,0,0,0,0,0,0,0,0,0
120374,2,1,0,0,0,0,0,0,0,0,0,0
120375,0,1,0,0,0,0,0,0,0,0,0,0
120375,1,1,0,0,0,0,0,0,0,0,0,0
120376,1,1,0,0,0,0,0,0,0,0,0,0
120376,2,1,0,0,0,0,0,0,0,0,0,0
120376,3,1,0,0,0,0,0,0,0,0,0,0
120376,4,1,0,0,0,0,0,0,0,14,0,0
120377,0,1,0,0,0,0,0,0,0,0,0,0
120377,1,1,0,0,0,0,0,0,0,0,7,0
120379,1,1,0,0,0,0,0,0,0,0,0,0
120379,2,1,0,0,0,0,0,0,0,0,0,0
120379,3,1,0,0,0,0,0,0,0,0,0,0
120380,1,1,0,0,0,0,0,0,0,0,0,0
120380,2,1,0,0,0,0,0,0,0,0,0,0
120381,1,1,10,10,10,10,10,10,10,10,10,10
120381,2,1,7,0,0,0,0,0,0,0,0,0
120382,1,1,29,29,29,29,29,29,29,29,29,29
120382,2,1,0,0,0,0,0,0,0,0,0,0
120383,1,1,15,15,15,15,15,15,15,15,15,15
120383,2,1,0,0,0,0,0,0,0,0,0,0
120384,1,1,0,0,0,0,0,0,0,0,0,0
120384,2,1,0,0,0,0,0,0,0,0,0,0
120385,0,1,25,25,25,25,25,25,25,25,25,25
120385,1,1,0,0,0,0,0,0,0,0,0,0
120386,1,1,17,17,17,17,17,17,17,17,17,17
120387,1,1,17,17,17,17,17,17,17,17,17,17
120387,2,1,0,0,0,0,0,0,0,0,0,0
120388,0,1,0,0,0,0,0,0,0,0,0,0
120388,1,1,0,0,0,0,0,0,0,0,0,0
120389,0,1,26,26,26,26,26,26,26,26,26,26
120389,1,1,0,0,0,0,0,0,0,0,26,0
120390,0,1,0,0,0,0,0,21,0,0,7,5
120390,1,1,0,0,0,0,0,0,0,0,0,0
120391,1,1,0,18,0,15,0,0,0,0,0,0
120391,2,1,0,0,0,0,0,0,0,0,0,0
120391,3,1,0,0,0,0,0,0,0,0,0,0
120392,1,1,0,0,0,0,0,0,0,0,0,0
120393,1,1,15,12,24,44,20,20,0,0,21,0
120394,1,1,31,31,31,31,31,31,31,31,31,31
120394,2,1,0,0,0,0,0,0,0,0,0,0
120395,1,1,24,24,24,24,24,24,24,24,24,24
120396,1,1,9,0,0,10,27,0,15,0,20,0
120396,2,1,0,0,0,0,0,0,0,0,0,0
120397,1,1,10,6,12,17,0,27,0,14,10,11
120397,2,1,3,9,16,16,0,20,0,21,0,26
120398,1,1,30,30,30,30,30,30,30,30,30,30
120399,1,1,0,0,0,0,0,10,0,0,0,0
120399,2,1,0,0,0,0,0,0,0,0,0,0
120400,1,1,4,4,4,4,4,4,4,4,4,4
120402,1,1,0,0,0,0,0,0,0,0,0,0
120402,2,1,0,0,0,0,0,0,0,0,0,0
120403,1,1,0,0,0,0,0,0,0,0,0,0
120404,1,1,0,0,0,0,0,0,0,0,0,0
120404,2,1,32,0,0,0,0,0,0,0,0,0
120405,1,1,0,0,0,0,0,0,0,0,0,0
120405,2,1,0,0,0,0,0,0,0,0,0,0
120406,0,1,26,26,26,26,26,26,26,26,26,26
120406,1,1,0,0,0,0,0,0,7,0,0,0
120407,0,1,34,34,34,34,34,34,34,34,34,34
120407,1,1,0,0,0,0,0,0,0,0,0,0
120408,1,1,0,0,0,0,0,0,0,0,0,0
120408,2,1,0,0,0,0,0,0,0,0,0,0
120409,1,1,0,0,0,0,0,0,0,0,0,0
120410,1,1,0,0,0,0,0,0,0,0,0,0
120410,2,1,0,0,0,0,0,0,0,0,0,0
120411,1,1,0,0,0,0,0,0,0,0,0,0
120412,1,1,0,0,0,0,0,0,0,0,0,0
120412,2,1,0,0,0,0,0,0,0,0,0,0
120413,0,1,0,0,0,0,0,0,0,0,0,0
120413,1,1,0,14,0,0,0,0,0,0,0,0
120413,2,1,0,0,0,0,0,13,0,0,0,0
120413,3,1,0,0,0,0,0,0,0,0,0,0
120413,4,1,0,0,7,0,0,0,0,0,0,0
120414,0,1,0,0,0,0,0,0,0,0,0,0
120414,1,1,0,0,0,0,0,0,0,0,0,0
120414,2,1,0,0,0,0,0,0,0,0,0,0
120415,1,1,0,12,0,0,11,0,6,0,0,0
120416,1,1,0,0,0,0,0,0,0,0,0,0
120416,2,1,0,0,0,0,0,0,0,0,0,0
120417,1,1,9,0,0,0,0,0,0,13,0,0
120417,2,1,0,0,0,0,0,0,0,0,0,0
120418,0,1,28,28,28,28,28,28,28,28,28,28
120418,1,1,0,0,0,0,0,0,0,0,0,0
120419,1,1,16,13,0,0,0,0,0,0,0,0
120419,2,1,0,0,0,0,0,0,0,0,0,0
120420,1,1,0,0,0,0,0,0,0,0,0,0
120420,2,1,0,0,0,0,0,0,0,0,0,0
120420,3,1,0,0,0,0,0,0,0,0,0,0
120421,1,1,0,0,0,0,0,0,0,0,0,0
120422,1,1,0,0,0,0,0,0,0,0,0,0
120422,2,1,0,0,0,0,0,0,0,0,0,0
120423,1,1,21,21,21,21,21,21,21,21,21,21
120423,2,1,0,0,0,0,0,0,0,0,0,0
120423,3,1,0,0,0,0,0,0,0,0,12,0
120424,1,1,0,0,0,0,0,0,0,0,0,0
120426,0,1,0,0,0,0,0,0,0,0,0,0
120426,1,1,0,0,0,0,0,0,0,0,0,0
120427,0,1,0,0,0,0,0,0,0,0,0,0
120427,1,1,0,0,0,0,0,0,0,0,0,0
120428,0,1,0,0,0,0,0,0,20,0,0,48
120428,1,1,0,0,0,0,0,0,0,0,0,0
120429,1,1,0,0,0,0,0,26,0,0,0,0
120429,2,1,0,0,0,0,0,0,0,0,0,0
120430,1,1,0,0,0,0,0,0,0,0,0,0
120430,2,1,0,0,0,0,0,0,0,0,0,0
120431,0,1,21,19,0,9,25,0,13,28,0,16
120431,1,1,0,0,0,0,0,0,0,19,14,0
120432,1,1,3,3,3,3,3,3,3,3,3,3
120433,1,3,9,19,0,0,0,28,18,13,12,29
120434,0,1,21,21,21,21,21,21,21,21,21,21
120434,1,1,0,0,0,0,0,0,0,0,0,18
120434,2,1,0,0,0,0,0,0,0,0,5,0
120436,1,1,66,66,66,66,66,66,66,66,66,66
120437,0,1,0,0,0,0,0,0,0,0,0,0
120437,0,2,0,11,0,14,0,0,0,0,0,0
120437,1,1,0,18,0,0,0,0,0,26,0,0
120438,1,1,0,0,0,0,0,0,0,0,0,0
120439,1,1,14,0,33,19,21,20,25,24,13,22
120440,1,1,0,0,0,0,0,0,0,0,0,0
120440,2,1,0,0,0,0,0,0,0,0,0,0
120441,0,1,0,0,5,0,0,0,0,0,0,0
120441,1,1,13,7,5,18,13,0,13,11,20,28
120442,1,1,0,0,0,0,0,0,0,0,0,0
120443,1,1,0,0,0,0,0,0,0,0,0,0
120443,2,1,0,0,0,0,0,0,0,0,0,0
120444,0,1,0,0,0,0,0,0,0,0,0,0
120444,1,1,0,0,0,0,0,0,0,0,0,0
120445,1,1,0,0,0,0,0,0,0,0,0,0
120445,2,1,0,0,0,0,0,0,0,0,0,0
120446,1,1,0,0,9,0,0,0,0,0,0,0
120446,2,1,0,0,0,0,0,0,0,0,25,0
120447,1,1,0,0,0,0,0,0,0,0,0,3
120447,2,1,0,0,0,0,0,0,0,0,0,0
120448,1,1,0,0,0,0,0,0,0,0,0,0
120448,2,1,0,0,0,0,0,0,0,0,0,0
120448,3,1,0,0,0,0,0,0,0,0,0,0
120449,1,1,0,0,0,0,0,0,0,0,0,0
120450,1,1,0,0,0,0,0,0,0,0,0,0
120450,2,1,23,0,0,0,0,0,0,0,0,0
120451,0,1,0,0,0,0,0,0,0,0,0,0
120451,0,2,0,0,0,0,0,15,20,0,0,0
120451,1,1,0,0,0,0,0,0,0,0,0,0
120452,1,1,14,14,14,14,14,14,14,14,14,14
120453,1,1,21,21,21,21,21,21,21,21,21,21
120453,2,1,0,0,0,0,0,0,0,0,0,0
120454,1,1,0,0,0,0,0,0,0,0,0,0
120454,2,1,0,0,0,0,0,0,0,0,0,0
120455,1,1,15,15,15,15,15,15,15,15,15,15
120455,2,1,0,0,0,0,0,0,0,0,0,0
120456,1,1,31,31,31,31,31,31,31,31,31,31
120456,2,1,0,0,0,0,0,0,0,0,0,0
120456,3,1,0,0,0,0,0,0,0,0,0,0
120457,1,1,30,30,30,30,30,30,30,30,30,30
120458,1,1,0,0,0,0,0,0,0,0,12,0
120459,1,1,0,0,0,0,0,0,0,0,0,0
120459,2,1,0,0,0,0,0,0,0,0,0,0
120460,1,1,0,0,0,0,0,0,0,0,0,0
120460,2,1,0,0,0,0,0,0,0,0,0,0
120461,1,1,0,0,0,0,0,0,0,0,0,0
120461,2,1,0,0,0,0,0,0,0,0,0,0
120462,1,1,0,7,0,0,0,0,0,0,0,0
120462,2,1,0,0,4,0,0,0,0,0,0,0
120462,3,1,0,0,0,0,0,0,0,0,0,0
120463,1,1,27,27,27,27,27,27,27,27,27,27
120464,0,1,16,16,16,16,16,16,16,16,16,16
120464,1,1,0,0,0,0,0,0,0,0,29,0
120465,0,1,0,0,0,0,0,0,0,0,0,0
120465,0,2,0,0,0,0,0,18,0,0,0,0
120465,0,3,0,0,0,0,4,7,0,0,0,0
120465,1,1,3,3,3,3,3,3,3,3,3,3
120466,1,1,14,14,14,14,14,14,14,14,14,14
120467,1,1,0,0,0,5,0,0,0,0,7,0
120468,0,1,0,0,10,0,0,0,0,61,18,0
120468,1,1,0,0,14,0,0,0,0,0,0,0
120469,1,1,0,0,0,0,0,0,0,0,0,0
120469,2,1,0,0,0,0,0,0,0,0,0,0
120469,3,1,0,0,0,0,0,0,0,0,0,0
120470,0,1,0,0,0,0,0,0,0,0,0,0
120470,1,1,0,0,0,0,0,0,0,0,36,0
120471,1,1,2,2,2,2,2,2,2,2,2,2
120472,1,1,0,0,0,0,0,0,0,0,0,0
120473,0,1,39,39,39,39,39,39,39,39,39,39
120473,1,1,0,0,0,0,0,0,0,11,0,0
120473,2,1,0,0,0,0,0,0,0,0,0,0
120474,1,1,14,14,14,14,14,14,14,14,14,14
120474,2,1,0,0,0,0,0,0,0,0,0,0
120474,3,1,0,0,0,14,0,0,11,17,0,0
120475,0,1,11,11,11,11,11,11,11,11,11,11
120475,1,1,0,0,0,9,0,0,0,0,0,0
120476,1,1,0,0,0,0,0,0,0,0,0,0
120477,0,1,34,34,34,34,34,34,34,34,34,34
120477,1,1,0,0,0,0,0,0,0,0,0,0
120478,0,1,0,0,0,0,0,0,0,0,0,0
120478,1,1,0,0,0,0,0,0,0,0,0,0
120479,0,1,0,0,0,0,0,0,0,0,0,0
120479,1,1,0,0,0,0,0,0,0,0,0,0
120480,0,1,0,0,0,0,0,0,0,0,0,0
120480,1,1,0,0,0,0,0,0,0,0,0,0
120481,1,1,0,0,0,0,0,0,0,0,0,0
120482,0,1,0,0,0,0,0,0,0,0,0,0
120482,1,1,0,0,4,0,0,0,0,0,0,0
120482,2,1,0,0,0,0,0,0,0,0,0,0
120482,3,1,0,0,0,0,0,0,0,0,0,0
120483,1,1,31,31,31,31,31,31,31,31,31,31
120484,1,1,0,0,0,0,0,26,0,6,0,0
120485,1,1,0,0,0,0,0,0,0,0,0,0
120485,2,1,0,0,0,0,0,0,0,0,0,0
120486,1,1,0,0,0,0,0,0,0,0,0,0
120486,2,1,0,0,0,0,0,0,0,0,0,0
120487,0,1,0,0,0,0,0,0,0,0,0,0
120487,1,1,0,0,0,0,0,0,0,0,0,0
120488,0,1,0,0,0,0,0,0,0,0,0,0
120488,1,1,0,0,0,0,0,0,0,0,0,0
120489,0,1,0,0,0,0,0,0,0,0,0,0
120489,1,1,0,0,0,0,0,0,0,0,0,0
120490,1,1,10,10,10,10,10,10,10,10,10,10
120491,1,1,22,22,22,22,22,22,22,22,22,22
120492,1,1,23,23,23,23,23,23,23,23,23,23
120492,2,1,20,0,0,0,0,0,0,0,0,0
120493,1,1,0,0,0,0,0,0,0,0,0,0
120494,1,1,0,0,0,0,0,0,0,0,0,0
120494,2,1,0,0,0,0,0,0,0,0,0,0
120495,1,1,0,0,0,0,0,0,0,0,0,0
120496,1,1,0,0,0,0,0,0,0,0,0,0
120496,2,1,0,0,0,0,0,0,0,0,0,0
120496,3,1,0,0,0,0,0,0,0,0,0,0
120496,4,1,0,0,0,30,0,14,0,0,10,0
120496,5,1,0,0,0,0,0,0,0,0,0,0
120496,6,1,0,0,0,0,0,0,0,0,0,0
120496,7,1,0,0,0,0,0,0,0,0,0,0
120497,1,1,0,0,0,0,0,0,0,0,0,0
120498,1,1,0,0,0,0,0,0,0,0,0,0
120498,2,1,0,9,0,0,0,0,0,0,0,0
120499,1,1,0,0,0,0,0,17,0,0,0,0
120499,2,1,0,6,0,0,0,0,0,0,0,0
120500,1,1,0,0,0,0,0,0,12,8,17,0
120500,2,1,8,14,0,9,10,17,6,23,8,26
120501,1,1,0,0,0,0,0,0,0,0,0,0
120501,2,1,0,0,0,0,0,0,0,0,0,0
120502,1,1,0,0,0,0,0,0,0,0,0,0
120502,2,1,0,0,0,0,0,0,0,0,0,27
120503,1,1,13,13,13,13,13,13,13,13,13,13
120504,1,1,0,0,0,0,0,0,0,0,0,0
120504,2,1,0,0,0,0,0,0,0,0,0,0
120505,1,1,0,0,0,0,0,0,0,0,0,0
120505,2,1,0,0,0,0,0,0,0,0,0,0
120505,3,1,0,0,0,0,0,0,0,0,0,0
120506,0,1,0,0,0,0,0,0,0,0,0,0
120506,1,1,0,0,0,0,0,0,0,0,0,0
120507,1,1,0,0,0,7,0,0,0,0,0,0
120508,1,1,18,18,18,18,18,18,18,18,18,18
120509,1,1,0,0,0,0,0,0,0,0,0,0
120509,2,1,0,0,0,0,0,0,0,0,0,0
120509,3,1,0,0,0,0,0,0,0,0,0,0
120510,1,1,0,0,0,0,0,0,0,0,0,0
120510,2,1,0,0,0,0,0,0,0,0,0,0
120511,1,1,0,0,0,0,0,0,0,0,0,0
120512,1,1,0,0,0,0,0,0,0,0,0,0
120512,2,1,0,0,0,0,0,0,0,0,0,0
120513,1,1,0,0,0,0,0,15,0,0,0,0
120513,2,1,0,0,0,0,0,0,0,0,0,0
120514,1,1,0,0,0,0,0,0,0,0,0,0
120515,1,1,0,0,0,0,0,0,0,0,0,0
120516,0,1,34,34,34,34,34,34,34,34,34,34
120516,1,1,0,0,0,0,0,0,0,0,0,0
120517,1,1,0,0,0,0,0,0,0,0,0,0
120517,2,1,0,0,0,0,0,0,0,0,0,0
120517,3,1,0,0,0,0,0,0,0,0,0,0
120517,4,1,0,0,0,0,0,0,0,0,0,0
120519,1,1,0,0,0,0,0,0,0,0,0,0
120519,2,1,0,0,0,0,0,0,0,0,0,0
120520,0,1,0,0,0,0,0,0,0,0,0,2
120520,1,1,0,0,0,0,0,0,0,0,11,0
120521,0,1,0,0,0,0,0,0,0,0,0,0
120521,1,1,4,4,4,4,4,4,4,4,4,4
120522,1,1,25,25,25,25,25,25,25,25,25,25
120523,1,1,17,17,17,17,17,17,17,17,17,17
120523,2,1,0,0,0,0,0,0,0,0,0,0
120523,3,1,0,0,0,0,0,0,0,0,0,0
120524,0,1,37,37,37,37,37,37,37,37,37,37
120524,1,1,0,0,0,0,0,0,0,0,0,0
120525,1,1,0,0,0,0,0,0,0,11,0,0
120525,2,1,0,0,0,0,0,0,0,0,0,0
120526,1,1,26,26,26,26,26,26,26,26,26,26
120526,2,1,0,0,0,0,0,11,0,8,0,0
120527,1,1,2,2,2,2,2,2,2,2,2,2
120528,0,1,2,2,2,2,2,2,2,2,2,2
120528,1,1,0,0,0,0,0,0,0,0,0,0
120529,1,1,0,0,9,0,0,0,0,6,0,0
120529,2,1,0,0,0,0,0,0,0,0,0,0
120530,0,1,0,0,0,0,0,0,0,0,0,0
120530,1,1,0,0,0,0,0,0,0,0,0,0
120531,0,1,0,0,0,0,0,0,0,0,0,0
120531,1,1,0,0,0,0,0,0,0,0,0,0
120532,1,1,0,0,0,0,0,0,0,0,0,0
120532,2,1,0,0,0,0,0,0,0,0,0,0
120533,0,1,0,0,0,0,0,0,0,0,0,0
120533,1,1,0,0,0,0,0,0,0,0,0,0
120534,1,1,11,11,11,11,11,11,11,11,11,11
120534,2,1,0,0,0,0,0,0,0,0,0,0
120535,1,1,0,0,0,0,0,0,0,0,0,0
120535,2,1,0,0,0,6,0,0,0,0,0,0
120536,0,1,0,0,0,0,0,0,0,0,0,0
120536,1,1,0,0,0,0,0,0,0,0,0,0
120537,1,1,0,0,0,0,0,0,0,0,11,0
120538,1,1,0,0,0,0,0,0,0,0,0,0
120538,2,1,0,0,0,0,0,0,0,0,0,0
120539,1,1,0,0,0,0,0,0,0,0,0,0
120539,2,1,0,0,0,0,0,0,0,0,0,0
120540,0,1,0,7,5,0,13,2,0,5,0,0
120540,1,1,0,0,0,0,0,0,0,0,0,0
120541,1,1,0,7,5,25,8,13,21,32,20,17
120542,1,1,26,26,26,26,26,26,26,26,26,26
120544,1,1,0,0,0,0,0,0,0,0,0,0
120544,2,1,0,0,0,0,0,0,0,0,27,0
120545,0,1,0,0,0,0,0,0,0,0,0,0
120545,1,1,0,0,0,0,0,0,0,0,0,0
120546,0,1,0,0,0,0,0,0,0,0,0,0
120546,1,1,0,0,0,7,0,0,0,0,0,0
120547,1,1,15,15,15,15,15,15,15,15,15,15
120548,0,1,21,21,21,21,21,21,21,21,21,21
120548,1,1,6,8,8,22,24,6,7,12,6,17
120549,1,1,0,0,0,0,0,0,0,0,0,0
120550,0,1,0,0,0,0,0,0,0,0,0,0
120550,1,1,13,32,18,18,8,3,7,12,21,7
120551,1,1,0,0,0,0,0,0,0,0,0,0
120552,0,1,0,0,0,0,0,0,0,0,0,0
120552,1,1,9,0,0,0,0,0,9,0,0,0
120553,1,1,0,0,0,0,0,0,0,0,0,36
120553,2,1,0,0,0,0,0,0,0,0,0,0
120553,3,1,0,2,0,0,35,0,0,10,0,13
120554,0,1,0,0,0,0,0,0,0,0,0,0
120554,1,1,0,0,14,0,0,0,0,23,12,0
120555,1,1,28,28,28,28,28,28,28,28,28,28
120556,1,1,0,0,0,0,0,0,0,0,0,0
120556,2,1,0,0,30,0,0,0,0,0,0,0
120557,1,1,0,0,0,0,0,0,0,0,0,0
120557,2,1,0,0,0,0,0,0,0,0,0,0
120558,1,4,24,0,13,0,22,22,16,10,9,0
120559,1,1,28,28,28,28,28,28,28,28,28,28
120560,1,1,0,0,0,0,0,0,0,0,0,0
120560,2,1,0,0,0,0,0,0,0,0,0,0
120560,3,1,0,0,0,7,0,0,0,0,0,0
120561,1,1,0,0,0,0,9,0,0,7,0,0
120562,1,1,0,0,0,0,0,0,0,0,0,0
120563,1,1,0,0,0,0,0,0,0,0,0,0
120563,2,1,0,0,0,0,0,0,0,0,0,0
120564,1,1,0,0,0,0,0,12,11,0,0,6
120564,2,1,0,0,9,0,4,0,0,10,0,0
120565,1,1,0,0,0,0,0,0,0,0,0,0
120565,2,1,0,0,0,0,0,0,0,0,0,0
120566,1,1,26,26,26,26,26,26,26,26,26,26
120566,2,1,0,0,0,0,0,0,0,0,0,0
120567,1,1,0,0,0,0,0,0,0,0,0,0
120568,1,1,31,31,31,31,31,31,31,31,31,31
120568,2,1,19,5,0,0,0,0,0,0,0,0
120570,1,1,0,0,0,0,0,0,0,0,0,0
120570,2,1,0,0,0,0,0,0,0,0,0,0
120571,1,1,27,27,27,27,27,27,27,27,27,27
120572,1,1,17,17,17,17,17,17,17,17,17,17
120573,1,1,21,0,0,0,0,0,0,14,0,0
120573,2,1,0,0,0,0,0,0,0,0,0,0
120574,1,1,9,9,9,9,9,9,9,9,9,9
120574,2,1,0,0,0,0,0,0,0,0,0,0
120575,1,1,0,0,0,0,0,0,0,0,0,0
120575,2,1,0,0,0,0,0,0,0,0,0,0