ST_CASE,VEH_NO,PER_NO,P1,P2,P3,P4,P5,P6,P7,P8,P9,P10
120576,1,1,0,0,0,0,0,0,0,0,0,0
120576,2,1,23,0,8,0,0,0,25,0,0,0
120577,0,1,0,0,0,0,0,0,0,0,0,0
120577,1,1,20,20,20,20,20,20,20,20,20,20
120578,1,1,0,0,0,0,0,0,0,0,0,0
120578,2,1,44,44,44,44,44,44,44,44,44,44
120579,0,1,0,0,0,0,0,0,0,0,0,0
120579,1,1,0,0,0,0,0,0,0,12,0,0
120580,1,1,0,0,0,0,0,0,0,0,0,0
120580,2,1,0,0,0,0,0,0,0,0,0,0
120581,1,1,0,0,0,0,0,0,0,0,0,0
120582,0,1,30,30,30,30,30,30,30,30,30,30
120582,1,1,6,0,0,0,0,0,0,0,0,0
120583,0,1,3,3,3,3,3,3,3,3,3,3
120583,0,2,0,0,0,0,0,0,0,0,0,25
120583,1,1,0,0,0,14,0,0,0,0,0,0
120584,1,1,0,0,0,0,0,0,0,0,0,0
120584,2,1,0,0,0,0,0,0,0,0,0,0
120585,1,1,0,0,0,0,0,0,0,0,0,0
120586,1,5,0,6,0,14,0,0,0,0,0,0
120587,1,1,17,17,17,17,17,17,17,17,17,17
120587,2,1,0,0,0,0,0,0,0,0,0,0
120589,1,1,0,0,0,0,0,0,0,0,0,0
120589,2,1,0,0,0,0,0,0,0,0,0,0
120590,1,1,0,0,0,0,0,0,0,0,0,0
120590,2,1,0,0,0,0,0,0,0,0,0,0
120590,3,1,0,0,0,0,9,0,0,0,0,0
120592,1,1,0,0,0,0,0,0,0,0,0,0
120592,2,1,0,0,0,0,0,0,0,0,0,0
120593,1,1,0,0,0,0,0,12,0,0,0,0
120593,2,1,0,0,0,0,0,0,0,0,0,3
120593,3,1,0,0,0,0,0,0,0,0,0,0
120594,1,1,0,0,0,0,0,0,0,0,0,0
120594,2,1,0,0,0,0,0,0,0,0,0,0
120594,3,1,0,0,0,0,6,0,0,0,0,0
120595,1,1,18,18,18,18,18,18,18,18,18,18
120596,1,1,0,0,0,0,0,0,0,0,0,0
120596,2,1,0,0,0,0,0,0,0,0,0,0
120596,3,1,0,0,0,0,10,0,0,0,0,0
120597,1,1,0,0,0,0,0,0,0,0,0,0
120597,2,1,0,0,0,0,0,0,0,0,0,0
120598,1,1,0,0,0,0,0,0,0,0,0,0
120598,2,1,0,0,0,0,0,0,0,0,0,0
120599,1,1,0,0,0,0,0,0,0,0,0,0
120599,2,1,0,0,0,0,0,0,0,0,0,0
120599,3,1,0,0,0,16,0,0,0,0,0,0
120600,1,1,0,0,0,0,0,0,0,0,0,0
120601,0,1,0,0,0,0,0,0,0,0,0,0
120601,1,1,0,0,0,0,0,0,0,0,0,0
120602,1,1,0,0,0,0,0,0,0,0,0,29
120602,2,1,0,0,0,0,0,0,0,0,0,0
120603,1,1,1,1,1,1,1,1,1,1,1,1
120604,0,1,0,0,0,0,0,0,0,0,0,0
120604,1,1,0,0,0,0,0,0,0,0,0,0
120605,0,1,22,22,22,22,22,22,22,22,22,22
120605,1,1,0,0,0,0,0,0,0,0,0,0
120606,1,1,0,0,0,0,0,0,0,0,0,0
120607,1,1,0,0,0,0,0,0,0,0,0,0
120608,1,1,15,15,15,15,15,15,15,15,15,15
120608,2,1,0,0,17,0,0,0,0,26,0,0
120609,1,1,17,17,17,17,17,17,17,17,17,17
120610,1,1,18,19,0,18,0,0,0,0,0,0
120611,1,1,8,8,8,8,8,8,8,8,8,8
120611,2,1,0,0,0,2,0,0,0,0,0,0
120612,1,1,24,24,24,24,24,24,24,24,24,24
120612,2,1,0,0,0,0,0,0,0,0,0,0
120613,0,1,23,23,23,23,23,23,23,23,23,23
120613,1,1,0,8,0,0,0,0,0,0,0,0
120613,2,1,29,0,0,0,0,0,0,0,0,12
120614,1,1,0,0,0,0,0,0,0,0,0,0
120616,1,1,10,10,10,10,10,10,10,10,10,10
120617,1,1,16,16,16,16,16,16,16,16,16,16
120617,2,1,0,0,0,0,0,0,0,0,0,0
120618,1,1,0,0,0,0,0,0,0,0,0,0
120620,0,1,0,0,0,0,0,0,0,0,0,0
120620,1,1,17,0,0,0,0,11,0,0,0,0
120621,1,1,0,0,0,0,0,0,0,0,0,0
120621,2,1,0,0,0,0,0,0,0,0,0,0
120623,1,1,0,0,0,0,0,0,23,0,0,0
120624,1,1,19,19,19,19,19,19,19,19,19,19
120624,2,1,0,0,0,0,0,0,0,0,0,0
120625,0,1,0,0,0,0,0,0,0,0,0,0
120625,1,1,0,0,0,0,0,0,0,0,0,0
120626,1,1,20,20,20,20,20,20,20,20,20,20
120627,1,1,0,0,0,0,0,0,0,0,0,0
120627,2,1,0,0,0,0,2,0,0,0,0,0
120628,0,1,9,9,9,9,9,9,9,9,9,9
120628,1,1,0,0,0,0,0,0,0,0,0,0
120629,1,1,0,0,0,0,25,0,32,0,0,10
120630,1,1,0,0,0,0,0,0,0,0,0,0
120630,2,1,0,0,0,0,0,0,0,0,0,0
120631,1,1,31,35,14,24,26,17,18,33,24,11
120632,0,1,0,22,0,0,10,0,0,0,16,0
120632,1,1,0,0,0,0,0,0,0,0,0,0
120633,1,1,0,0,0,0,0,0,0,0,0,0
120634,0,1,0,0,0,0,0,0,0,0,0,0
120634,1,1,0,0,0,0,0,0,0,0,0,0
120634,2,1,0,0,6,0,16,0,0,0,0,0
120636,1,1,0,0,0,0,0,0,0,0,0,0
120636,2,1,0,0,0,0,0,0,0,0,0,0
120637,1,1,27,27,27,27,27,27,27,27,27,27
120638,1,1,0,0,0,0,0,0,0,0,0,0
120638,2,1,0,0,0,0,0,0,0,15,0,0
120640,1,1,0,0,0,0,0,0,0,0,0,0
120640,2,1,0,0,0,0,0,0,0,0,0,0
120641,1,1,0,0,0,0,0,0,0,0,0,0
120642,0,1,17,17,17,17,17,17,17,17,17,17
120642,1,1,0,0,0,0,0,0,0,0,9,0
120643,1,1,0,0,0,0,0,0,0,0,0,0
120643,2,1,0,0,0,0,0,0,0,0,0,0
120644,1,1,14,14,14,14,14,14,14,14,14,14
120645,1,1,0,0,0,0,0,0,0,0,0,0
120645,2,1,0,0,0,0,0,0,0,0,0,0
120646,1,1,20,20,20,20,20,20,20,20,20,20
120647,0,1,0,0,0,0,0,0,0,4,0,27
120647,1,1,0,0,0,0,0,0,0,0,5,0
120648,0,1,7,7,7,7,7,7,7,7,7,7
120648,0,2,13,13,13,13,13,13,13,13,13,13
120648,1,1,0,0,0,0,0,0,0,0,0,0
120649,1,1,0,0,0,0,0,0,0,0,0,0
120650,1,1,27,0,0,0,0,0,0,0,0,0
120650,2,1,0,0,0,0,0,0,0,0,0,0
120651,1,1,7,7,7,7,7,7,7,7,7,7
120652,1,1,29,29,29,29,29,29,29,29,29,29
120652,2,1,0,0,0,0,0,0,0,0,0,0
120654,0,1,21,21,21,21,21,21,21,21,21,21
120654,1,1,11,11,11,11,11,11,11,11,11,11
120655,1,1,0,0,0,0,0,0,0,0,0,0
120655,2,1,0,0,0,0,0,0,0,0,0,0
120655,3,1,0,0,0,0,0,0,0,0,0,0
120656,0,1,15,21,0,0,15,0,8,5,0,19
120656,1,1,0,0,0,0,0,0,0,0,0,0
120657,1,1,11,11,11,11,11,11,11,11,11,11
120657,2,1,0,0,0,0,0,0,0,0,0,0
120658,0,1,0,0,0,0,0,0,0,0,0,0
120658,1,1,14,14,14,14,14,14,14,14,14,14
120659,1,1,25,25,25,25,25,25,25,25,25,25
120659,2,1,0,0,0,0,0,0,0,0,0,0
120660,1,1,18,18,18,18,18,18,18,18,18,18
120661,1,1,20,20,20,20,20,20,20,20,20,20
120662,0,1,0,0,0,0,0,0,0,0,0,0
120662,1,1,0,12,0,0,0,0,0,0,0,0
120663,1,1,0,0,0,0,0,0,0,0,0,0
120663,2,1,17,0,0,0,0,0,0,0,0,0
120664,0,1,26,26,26,26,26,26,26,26,26,26
120664,1,1,0,0,0,0,0,0,0,5,0,0
120665,0,1,24,24,24,24,24,24,24,24,24,24
120665,1,1,0,0,0,0,0,0,0,0,0,0
120666,0,1,0,0,0,0,0,0,0,0,0,0
120666,1,1,0,0,0,0,0,0,0,0,0,0
120667,1,1,0,0,7,9,14,0,3,0,5,20
120668,1,1,18,18,18,18,18,18,18,18,18,18
120669,1,1,18,18,18,18,18,18,18,18,18,18
120670,1,1,22,22,22,22,22,22,22,22,22,22
120671,1,1,17,17,17,17,17,17,17,17,17,17
120672,1,1,0,0,0,0,0,0,0,0,0,0
120672,2,1,0,0,0,0,0,0,0,0,0,0
120673,1,1,10,10,10,10,10,10,10,10,10,10
120674,1,1,0,0,0,0,0,0,0,0,0,0
120674,2,1,0,0,0,0,0,0,0,0,0,0
120676,1,1,16,16,16,16,16,16,16,16,16,16
120677,1,1,0,0,0,0,0,0,0,0,0,0
120678,1,1,0,0,0,0,0,0,0,0,0,0
120679,1,1,11,11,11,11,11,11,11,11,11,11
120679,2,1,0,0,0,0,0,0,0,0,0,0
120680,1,1,15,15,15,15,15,15,15,15,15,15
120681,1,1,0,0,0,0,0,0,0,0,0,0
120681,2,1,0,0,0,0,0,0,0,0,0,0
120682,1,1,42,42,42,42,42,42,42,42,42,42
120683,0,1,23,23,23,23,23,23,23,23,23,23
120683,1,1,0,0,0,0,0,0,0,0,0,0
120684,1,1,22,22,22,22,22,22,22,22,22,22
120684,2,1,28,28,28,28,28,28,28,28,28,28
120685,1,1,0,0,0,0,0,0,0,0,0,0
120685,2,1,0,0,0,0,0,0,0,0,0,0
120686,0,1,17,17,32,24,11,25,23,0,17,15
120686,1,1,0,0,0,0,0,0,0,0,0,0
120687,1,1,0,0,0,0,0,0,0,0,0,10
120687,2,1,0,0,0,0,0,0,0,0,0,0
120688,0,1,8,18,33,9,12,19,9,0,31,24
120688,1,1,0,0,0,0,0,0,0,0,0,0
120689,0,1,20,20,20,20,20,20,20,20,20,20
120689,1,1,0,0,0,0,0,0,0,0,0,0
120690,1,1,0,0,0,0,0,0,0,0,0,0
120690,2,1,0,0,0,0,0,0,0,0,0,0
120691,1,1,16,16,16,16,16,16,16,16,16,16
120692,1,1,0,0,0,0,0,0,0,0,0,0
120692,2,1,0,0,0,0,0,0,0,0,0,0
120693,1,1,0,0,6,5,0,0,0,0,0,12
120694,1,1,13,13,13,13,13,13,13,13,13,13
120694,2,1,0,0,0,0,0,0,0,0,0,0
120694,3,1,0,0,0,0,0,0,0,0,0,0
120695,0,1,0,0,0,0,0,0,0,0,0,0
120695,1,1,0,0,0,0,0,5,0,0,0,0
120697,0,1,0,0,0,0,0,0,0,0,0,0
120697,1,1,0,0,0,0,0,0,0,0,0,0
120698,1,1,0,0,0,0,0,0,0,0,0,0
120699,1,1,0,0,0,0,0,0,0,0,0,0
120699,2,1,0,0,0,0,0,0,0,0,0,0
120700,1,1,0,0,0,0,0,6,0,4,17,0
120701,1,1,0,0,0,0,0,0,0,0,0,15
120701,2,1,0,0,0,0,0,0,0,0,14,0
120702,0,1,0,0,0,0,0,0,0,0,0,0
120702,1,1,0,0,0,0,0,0,0,0,0,0
120703,1,1,2,2,2,2,2,2,2,2,2,2
120704,0,1,0,0,0,0,0,0,0,0,0,0
120704,1,1,0,0,0,0,0,0,0,0,0,0
120705,0,1,22,22,22,22,22,22,22,22,22,22
120705,1,1,0,0,0,0,0,0,0,0,0,0
120706,1,1,0,0,0,0,0,0,0,0,0,0
120707,1,1,23,23,23,23,23,23,23,23,23,23
120707,2,1,0,0,0,0,0,0,0,0,0,0
120708,1,1,0,0,0,0,0,0,0,0,0,0
120708,2,1,2,0,0,0,0,0,0,0,0,0
120709,0,1,14,0,0,25,16,27,0,0,0,0
120709,1,1,0,0,0,0,0,0,0,0,0,0
120710,1,1,0,0,0,0,0,0,0,0,0,0
120710,2,1,0,0,0,0,0,0,0,0,0,0
120711,0,1,0,0,0,0,0,0,0,0,0,0
120711,1,1,0,0,0,0,0,0,0,0,0,0
120712,1,1,33,33,33,33,33,33,33,33,33,33
120713,0,1,0,0,0,0,0,0,0,0,0,0
120713,1,1,0,0,0,0,0,0,0,0,0,0
120714,0,1,0,0,0,0,0,0,0,0,0,0
120714,0,2,0,0,13,29,0,0,0,0,0,0
120714,0,3,0,0,0,0,0,0,0,0,0,0
120714,1,1,0,0,29,0,0,0,0,0,0,0
120714,2,1,0,4,0,0,0,0,0,0,0,0
120715,1,1,14,14,14,14,14,14,14,14,14,14
120715,2,1,0,0,0,0,0,0,0,0,0,0
120715,3,1,0,0,0,0,0,0,0,0,0,0
120716,0,1,0,0,0,0,0,0,0,0,0,0
120716,1,1,0,0,0,0,0,0,0,0,0,0
120717,1,1,11,11,11,11,11,11,11,11,11,11
120718,1,1,24,24,24,24,24,24,24,24,24,24
120718,2,1,0,0,0,0,0,0,0,0,0,0
120719,1,1,0,0,0,0,0,0,0,0,0,0
120720,1,1,0,0,0,0,0,0,0,0,0,0
120721,1,1,0,0,0,0,0,0,0,0,0,0
120724,0,1,22,22,22,22,22,22,22,22,22,22
120724,1,1,13,0,0,0,0,0,26,0,0,20
120725,0,1,0,0,0,0,0,0,0,0,0,0
120725,0,2,0,0,0,0,0,0,0,0,0,0
120725,1,1,0,0,0,0,0,0,0,0,0,0
120726,0,1,22,22,22,22,22,22,22,22,22,22
120726,1,1,0,0,0,0,0,0,0,0,0,0
120727,1,1,0,0,0,0,0,0,0,0,0,0
120727,2,1,0,0,0,0,0,0,0,0,0,0
120728,1,1,0,0,0,0,0,0,0,0,0,0
120729,1,1,0,0,0,0,0,0,0,0,0,0
120729,2,1,0,0,0,0,0,0,0,0,0,0
120730,0,1,0,0,0,0,0,28,0,0,36,0
120730,1,1,0,0,0,0,26,0,0,0,0,0
120731,1,1,17,17,17,17,17,17,17,17,17,17
120732,1,1,0,0,3,0,0,0,0,0,14,0
120733,1,1,0,0,0,0,0,0,0,0,0,0
120734,1,1,0,0,0,0,0,0,0,0,0,0
120735,1,1,0,0,0,0,0,0,0,0,0,0
120736,0,1,0,0,0,0,0,0,0,0,0,0
120736,1,1,0,0,0,0,0,0,0,0,0,0
120736,2,1,0,0,0,0,0,0,0,0,0,0
120737,1,1,19,19,19,19,19,19,19,19,19,19
120739,1,1,25,25,25,25,25,25,25,25,25,25
120740,0,1,0,0,0,0,0,0,0,0,0,0
120740,1,1,0,0,0,0,0,0,0,0,0,0
120741,1,1,0,0,0,0,0,0,0,0,0,0
120741,2,1,0,0,0,0,0,0,0,0,0,0
120742,1,1,7,7,7,7,7,7,7,7,7,7
120743,1,1,9,9,9,9,9,9,9,9,9,9
120744,1,1,9,15,10,13,6,8,15,10,4,31
120744,2,1,0,0,0,0,0,0,0,0,0,0
120745,1,1,0,0,0,0,0,0,0,0,0,0
120745,2,1,0,0,0,0,0,0,0,0,0,0
120746,1,1,0,0,0,0,0,0,0,0,0,0
120747,0,1,27,27,27,27,27,27,27,27,27,27
120747,1,1,0,0,0,0,17,0,0,0,0,0
120748,1,1,13,13,13,13,13,13,13,13,13,13
120749,1,1,32,32,32,32,32,32,32,32,32,32
120750,1,1,0,0,0,0,0,0,0,0,0,0
120750,2,1,0,0,0,0,0,0,0,7,0,0
120750,3,1,0,0,0,0,0,0,0,0,0,0
120751,0,1,20,20,20,20,20,20,20,20,20,20
120751,1,1,4,4,4,4,4,4,4,4,4,4
120752,1,1,19,19,19,19,19,19,19,19,19,19
120753,1,1,11,11,11,11,11,11,11,11,11,11
120754,1,1,0,0,0,0,0,0,0,0,0,0
120754,2,1,0,0,0,0,0,0,0,0,0,0
120755,0,1,0,0,0,0,0,0,0,0,0,0
120755,1,1,0,0,0,0,0,0,0,0,0,0
120756,0,1,27,27,27,27,27,27,27,27,27,27
120756,1,1,0,0,0,0,0,0,0,0,0,0
120757,1,1,0,0,0,0,0,0,0,0,0,0
120757,2,1,0,0,0,0,0,0,0,0,0,0
120758,0,1,0,0,0,0,0,0,0,0,0,0
120758,1,1,0,0,0,0,12,0,0,0,0,0
120759,1,1,19,19,19,19,19,19,19,19,19,19
120760,1,1,0,0,0,0,0,0,0,0,0,0
120760,2,1,0,0,0,0,0,0,0,0,0,0
120761,1,1,5,0,0,17,0,0,0,0,0,0
120762,1,1,0,0,0,0,0,0,0,0,0,0
120762,2,1,0,0,0,0,0,0,0,0,0,0
120763,1,1,20,20,20,20,20,20,20,20,20,20
120764,1,1,0,0,0,0,0,0,0,0,0,0
120764,2,1,0,0,0,0,0,0,0,0,0,0
120764,3,1,0,0,4,0,0,0,0,0,0,0
120765,1,1,0,0,0,0,0,0,0,0,0,0
120766,0,1,0,0,0,0,0,0,0,0,0,0
120766,0,2,0,22,0,12,0,0,0,0,0,0
120766,1,1,0,0,0,15,0,0,0,0,0,0
120766,2,1,15,0,1,0,0,0,0,0,15,0
120768,1,1,3,3,3,3,3,3,3,3,3,3
120769,1,1,0,0,0,0,0,0,0,0,0,0
120769,2,1,0,0,0,0,0,0,0,0,0,0
120770,1,1,0,0,0,0,0,0,0,0,0,0
120770,2,1,0,0,0,0,0,0,0,0,0,0
120771,1,1,0,0,0,0,0,0,0,0,0,0
120772,0,1,12,12,12,12,12,12,12,12,12,12
120772,0,2,15,15,15,15,15,15,15,15,15,15
120772,1,1,2,2,2,2,2,2,2,2,2,2
120773,1,1,0,0,0,0,0,0,0,0,0,0
120773,2,1,0,0,0,0,0,0,0,0,0,0
120774,1,1,0,0,0,0,0,0,0,0,0,0
120774,2,1,0,0,0,0,0,0,0,0,0,0
120775,1,1,0,0,0,0,0,0,0,0,0,0
120775,2,1,0,0,0,0,0,0,0,0,0,0
120775,3,1,0,0,0,0,0,0,0,0,0,0
120775,4,1,0,0,0,0,0,0,0,0,0,0
120776,1,1,0,8,0,0,0,0,0,0,0,0
120777,1,1,0,0,0,0,0,0,0,0,0,0
120777,2,1,0,0,0,0,0,0,0,0,0,0
120778,1,1,0,0,0,0,0,0,0,0,0,0
120779,1,1,0,0,0,0,0,0,0,0,0,0
120779,2,1,0,0,0,0,0,0,0,0,0,0
120780,1,1,7,7,7,7,7,7,7,7,7,7
120781,1,1,26,26,26,26,26,26,26,26,26,26
120782,1,1,0,0,0,0,0,0,0,0,0,0
120782,2,1,0,0,0,0,0,0,0,0,0,0
120784,0,1,0,0,0,0,0,0,0,0,0,0
120784,1,1,0,0,0,0,0,0,0,0,0,0
120785,1,1,0,0,0,0,0,0,0,0,0,0
120786,0,1,11,0,26,0,0,0,6,0,0,17
120786,1,1,0,0,0,0,0,0,0,0,12,0
120787,1,1,18,18,18,18,18,18,18,18,18,18
120787,2,1,0,0,14,0,0,0,0,0,0,0
120788,0,1,0,0,0,0,0,0,0,0,0,0
120788,1,1,0,0,0,4,0,0,0,0,0,0
120789,0,1,0,0,0,0,0,0,0,0,0,0
120789,1,1,0,0,0,0,0,0,0,0,0,0
120790,1,1,0,0,0,0,0,0,0,0,0,0
120790,2,1,0,0,0,0,0,0,0,0,0,0
120791,1,1,0,0,0,0,0,0,0,0,0,0
120792,0,1,0,0,0,0,0,0,0,0,0,0
120792,1,1,0,0,0,0,0,0,0,0,0,0
120794,0,1,36,36,36,36,36,36,36,36,36,36
120794,1,1,0,0,0,0,0,0,0,0,0,0
120795,1,1,19,19,19,19,19,19,19,19,19,19
120795,2,1,0,0,0,0,0,0,0,0,0,0
120796,1,1,20,20,20,20,20,20,20,20,20,20
120797,1,1,0,0,0,0,0,0,0,0,0,0
120797,2,1,0,0,0,0,0,0,0,0,0,0
120798,1,1,0,0,0,0,0,0,0,0,0,0
120799,1,1,17,17,17,17,17,17,17,17,17,17
120799,2,1,5,5,5,5,5,5,5,5,5,5
120800,1,1,0,0,0,0,0,0,0,0,0,0
120800,2,1,0,0,0,0,0,0,0,0,0,0
120800,3,1,0,0,0,0,0,0,0,0,0,0
120800,4,1,0,0,0,0,0,0,0,0,0,0
120801,1,1,0,0,0,0,0,0,0,0,0,0
120802,1,1,12,12,12,12,12,12,12,12,12,12
120802,2,1,0,0,0,0,0,0,0,0,0,0
120803,1,1,0,0,0,0,0,11,0,0,0,22
120803,2,1,4,4,4,4,4,4,4,4,4,4
120804,1,1,20,20,20,20,20,20,20,20,20,20
120805,1,1,0,0,0,0,0,0,0,0,0,0
120806,0,1,26,26,26,26,26,26,26,26,26,26
120806,1,1,0,0,0,0,0,0,0,0,0,0
120807,1,1,0,0,0,0,0,23,0,0,0,0
120807,2,1,0,0,0,0,0,0,0,0,0,0
120808,1,1,0,0,0,0,0,0,0,0,0,0
120809,1,1,24,24,24,24,24,24,24,24,24,24
120809,2,1,0,0,0,0,0,0,0,0,16,0
120810,1,1,0,0,0,0,0,0,0,0,0,0
120811,1,1,0,0,0,0,0,0,0,0,0,0
120812,0,1,0,0,0,0,0,0,0,0,0,0
120812,1,1,0,0,0,0,0,0,2,0,0,0
120813,1,1,0,0,0,0,0,0,0,0,0,0
120813,2,1,0,0,0,0,0,0,0,0,0,0
120814,0,1,0,0,0,0,0,0,0,0,0,0
120814,1,1,0,0,0,0,0,0,0,0,0,0
120815,1,1,17,17,17,17,17,17,17,17,17,17
120815,2,1,0,0,0,0,0,0,0,0,0,0
120816,1,1,9,9,9,9,9,9,9,9,9,9
120817,1,1,21,21,21,21,21,21,21,21,21,21
120817,2,1,0,0,0,0,0,0,0,0,0,0
120818,1,1,0,0,0,0,0,0,0,0,0,0
120819,0,1,0,0,0,0,0,0,0,0,0,0
120819,0,2,0,0,0,0,0,0,0,0,0,0
120819,1,1,0,0,0,0,0,0,0,0,0,0
120820,0,1,10,10,10,10,10,10,10,10,10,10
120820,1,1,0,0,0,0,0,0,0,0,0,0
120821,1,1,0,0,0,0,0,0,0,0,0,0
120821,2,1,0,0,0,0,0,0,0,0,0,0
120822,1,1,24,24,24,24,24,24,24,24,24,24
120823,1,1,0,22,6,18,0,7,23,0,0,18
120824,0,1,0,0,0,0,0,0,0,0,0,0
120824,1,1,0,0,0,0,0,0,0,0,0,0
120824,2,1,0,0,0,0,0,0,0,0,0,0
120825,0,1,23,23,23,23,23,23,23,23,23,23
120825,1,1,12,0,0,0,0,0,0,0,23,0
120826,1,1,0,0,0,0,0,0,0,0,0,0
120826,2,1,0,0,0,0,0,0,0,0,0,0
120827,1,1,0,0,0,0,0,0,0,0,0,0
120827,2,1,0,0,0,0,0,0,0,0,0,0
120828,1,1,29,0,0,0,0,12,0,0,0,0
120828,2,1,0,0,0,0,0,0,0,0,0,0
120829,1,1,13,13,13,13,13,13,13,13,13,13
120830,1,1,0,0,0,0,0,0,0,0,0,0
120830,2,1,0,0,0,0,0,0,0,0,7,0
120831,1,1,24,24,24,24,24,24,24,24,24,24
120832,1,1,0,0,0,0,0,0,0,0,0,0
120832,2,1,0,0,0,0,0,0,0,0,0,0
120833,1,1,0,0,0,0,0,0,0,0,0,0
120833,2,1,0,0,0,0,0,0,0,0,0,0
120834,0,1,0,0,0,0,0,0,0,0,0,0
120834,1,1,0,0,0,0,0,0,0,0,0,0
120835,1,1,0,0,0,0,0,0,0,0,0,0
120835,2,1,0,0,12,0,0,0,0,0,0,0
120835,3,1,0,0,0,0,0,0,0,0,0,0
120835,4,1,0,0,0,0,0,0,0,0,0,0
120836,0,1,0,17,37,0,24,0,14,7,0,0
120836,1,1,0,0,0,0,0,0,0,0,10,0
120836,2,1,0,0,0,0,0,0,0,0,0,0
120837,1,1,19,19,19,19,19,19,19,19,19,19
120837,2,1,0,0,0,0,21,2,0,0,0,0
120838,1,1,0,0,0,0,0,0,0,0,0,0
120839,1,1,0,0,0,0,0,0,0,0,0,0
120839,2,1,0,0,0,0,0,0,0,0,0,0
120840,1,1,0,0,0,0,0,0,0,0,0,0
120840,2,1,0,0,0,0,0,0,0,0,0,0
120841,1,1,34,34,34,34,34,34,34,34,34,34
120842,1,1,0,0,0,0,0,0,0,0,0,0
120843,1,1,0,0,0,0,0,0,0,0,0,0
120843,2,1,0,0,0,0,0,0,0,0,13,8
120844,1,1,0,0,0,23,0,0,22,0,0,26
120844,2,1,0,0,0,0,14,0,0,0,0,18
120845,1,1,0,0,0,0,0,0,0,0,0,0
120845,2,1,0,0,0,0,16,0,0,0,0,0
120846,0,1,0,0,0,0,0,0,0,0,0,0
120846,1,1,0,0,0,0,0,0,0,0,0,0
120847,0,1,22,22,22,22,22,22,22,22,22,22
120847,1,1,0,0,0,0,0,0,0,0,12,0
120849,1,1,0,0,0,0,0,0,0,0,0,0
120851,0,1,0,0,0,0,0,0,0,0,0,0
120851,1,1,0,0,0,0,0,0,0,0,0,0
120852,1,1,14,14,14,14,14,14,14,14,14,14
120852,2,1,0,0,0,0,0,0,0,0,0,0
120852,3,1,0,0,0,0,0,0,0,0,0,0
120853,1,1,16,16,16,16,16,16,16,16,16,16
120853,2,1,0,0,0,0,0,0,0,0,0,0
120854,1,1,13,13,13,13,13,13,13,13,13,13
120855,1,1,4,4,4,4,4,4,4,4,4,4
120855,2,1,0,0,0,0,0,0,0,0,0,0
120856,0,1,41,41,41,41,41,41,41,41,41,41
120856,1,1,0,0,0,0,10,0,0,0,0,0
120857,1,1,19,19,19,19,19,19,19,19,19,19
120858,0,1,0,0,0,0,0,0,0,0,0,0
120858,1,1,0,0,0,0,0,0,0,0,0,0
120858,2,1,0,0,0,0,0,0,0,0,0,0
120859,0,1,0,24,21,5,0,0,0,0,0,0
120859,1,1,0,0,0,0,0,0,0,0,0,0
120860,1,1,0,0,0,0,0,0,0,0,0,0
120860,2,1,0,0,0,0,0,0,0,0,0,0
120861,1,1,0,0,0,0,0,0,0,0,0,0
120861,2,1,0,0,0,0,0,0,0,0,0,0
120862,1,1,23,23,23,23,23,23,23,23,23,23
120862,2,1,0,0,0,0,10,0,0,0,0,0
120863,1,1,0,0,0,0,0,0,0,0,0,0
120863,2,1,0,0,0,0,0,0,0,0,0,0
120864,0,1,8,8,25,0,18,0,0,12,13,22
120864,1,1,0,0,0,0,0,0,0,0,0,0
120865,1,1,15,15,15,15,15,15,15,15,15,15
120866,0,1,0,13,0,18,18,0,17,0,0,22
120866,1,1,0,0,0,0,0,0,0,0,0,17
120867,1,1,0,0,0,0,0,0,0,0,0,0
120867,2,1,0,0,0,0,0,0,0,0,0,0
120867,3,1,0,0,0,0,0,0,0,0,0,0
120868,1,1,0,0,0,0,0,0,0,0,0,0
120868,2,1,0,0,0,0,0,0,0,0,0,0
120869,0,1,9,9,9,9,9,9,9,9,9,9
120869,1,1,0,0,0,0,0,0,0,0,0,0
120870,1,1,9,8,24,13,13,19,15,19,20,29
120870,2,1,0,0,0,0,0,0,0,0,0,0
120871,1,1,0,0,0,0,0,0,0,0,0,0
120871,2,1,4,4,4,4,4,4,4,4,4,4
120872,1,1,26,26,26,26,26,26,26,26,26,26
120872,2,1,0,0,0,0,0,0,0,0,0,0
120873,1,1,22,22,22,22,22,22,22,22,22,22
120873,2,1,0,0,0,0,0,0,0,0,0,0
120874,1,1,0,0,0,0,0,0,0,0,0,0
120875,1,1,0,0,0,0,0,0,0,0,11,0
120875,2,1,0,0,0,0,0,0,0,0,0,0
120876,1,1,0,0,0,0,0,0,0,0,0,0
120876,2,1,0,0,0,0,0,0,0,0,0,0
120876,3,1,0,0,0,0,0,0,0,0,0,0
120877,1,1,0,0,0,0,0,0,0,0,0,0