ST_CASE,VEH_NO,PER_NO,P1,P2,P3,P4,P5,P6,P7,P8,P9,P10
120877,2,1,0,0,0,0,0,6,0,0,6,9
120878,0,1,11,0,0,0,0,0,0,0,0,0
120878,1,1,0,0,0,0,0,0,0,0,0,0
120879,1,1,0,0,0,0,0,0,0,0,0,0
120879,2,1,0,0,0,0,0,0,0,0,0,0
120880,1,1,16,16,16,16,16,16,16,16,16,16
120881,0,1,0,0,0,0,0,0,0,0,0,0
120881,1,1,14,14,14,14,14,14,14,14,14,14
120882,0,1,0,0,0,0,0,0,0,0,0,0
120882,1,1,0,40,0,0,0,0,0,0,0,0
120883,1,1,0,0,0,0,0,0,0,0,0,0
120883,2,1,0,0,0,0,0,0,0,0,0,0
120884,0,1,0,0,0,0,0,0,0,0,0,0
120884,1,1,0,0,0,0,0,0,0,0,0,0
120885,1,1,0,0,0,0,0,0,0,3,0,0
120886,1,1,0,12,0,0,0,0,0,0,0,0
120886,2,1,0,0,0,0,0,0,0,0,0,0
120887,1,1,0,0,0,0,13,0,0,0,0,0
120888,1,1,0,0,0,0,0,0,0,0,0,0
120888,2,1,0,0,0,0,0,0,0,0,0,0
120889,1,1,10,7,0,0,0,0,0,0,0,14
120889,2,1,16,0,0,0,0,0,0,0,0,0
120890,0,1,0,0,0,0,0,0,0,0,7,0
120890,1,1,0,10,5,0,0,0,0,0,0,0
120891,0,1,17,17,17,17,17,17,17,17,17,17
120891,1,1,0,0,0,0,0,0,0,0,0,0
120892,1,1,19,19,19,19,19,19,19,19,19,19
120893,1,1,0,0,0,0,0,0,0,0,0,0
120893,2,1,0,0,0,0,0,0,0,0,0,0
120894,1,1,0,0,0,0,6,0,0,0,0,0
120894,2,1,0,0,0,0,0,0,0,0,0,0
120896,1,1,0,0,0,0,0,0,0,0,0,0
120897,1,1,14,0,0,0,0,0,0,0,0,0
120897,2,1,0,0,0,0,0,0,0,0,0,0
120897,3,1,0,8,0,3,0,0,0,0,0,0
120897,4,1,0,0,0,0,0,0,0,0,0,0
120898,1,1,0,0,0,0,0,0,0,0,0,0
120898,2,1,24,24,24,24,24,24,24,24,24,24
120899,1,1,0,0,0,0,0,0,0,0,0,0
120899,2,1,0,0,0,0,0,0,0,0,0,0
120901,0,1,0,0,0,0,0,18,0,19,0,0
120901,1,1,0,0,0,0,0,0,0,0,19,19
120902,1,1,0,18,0,0,0,0,31,0,0,0
120903,1,1,0,0,0,0,0,0,0,0,0,0
120903,2,1,13,13,13,13,13,13,13,13,13,13
120904,1,1,0,0,11,0,0,0,0,0,24,0
120904,2,1,0,0,0,0,0,0,0,0,0,0
120905,0,1,0,0,0,0,0,0,0,0,0,0
120905,1,1,0,0,0,0,0,0,0,0,7,0
120906,1,1,0,0,0,0,13,0,27,0,0,0
120906,2,1,0,0,0,0,0,0,0,0,0,0
120906,3,1,0,0,0,0,0,0,0,0,0,0
120907,0,1,0,0,0,0,0,0,0,0,0,10
120907,1,1,4,0,0,0,0,0,0,0,0,0
120908,0,1,0,0,0,0,0,6,17,0,0,2
120908,1,1,0,0,0,0,0,0,0,0,0,0
120909,0,1,0,0,0,0,32,0,0,0,0,18
120909,1,1,0,0,0,0,0,0,0,0,0,0
120909,2,1,0,0,0,0,0,0,0,0,0,0
120910,1,1,0,0,0,0,0,0,0,0,0,0
120911,0,1,0,14,0,55,46,24,14,0,0,41
120911,1,1,0,0,0,0,0,0,0,0,0,0
120912,1,1,0,0,0,0,0,0,0,0,0,0
120913,0,1,0,0,0,0,0,0,0,0,0,0
120913,1,1,0,0,0,0,0,0,0,0,0,0
120914,0,1,0,0,0,0,0,0,0,0,0,0
120914,1,1,0,0,0,0,0,0,0,0,0,0
120915,0,1,0,0,0,0,0,0,0,0,0,0
120915,1,1,0,0,0,0,9,0,0,0,0,0
120916,1,1,0,0,0,25,0,0,0,0,0,0
120917,1,1,0,0,17,0,0,0,0,0,0,0
120917,2,1,0,0,0,0,0,0,0,0,0,0
120918,1,1,20,20,20,20,20,20,20,20,20,20
120918,2,1,0,0,0,0,0,0,0,0,0,0
120919,1,1,19,19,19,19,19,19,19,19,19,19
120920,0,1,19,19,19,19,19,19,19,19,19,19
120920,1,1,21,0,0,6,0,0,0,0,0,0
120921,1,1,0,0,0,0,0,0,0,0,0,0
120922,1,1,30,30,30,30,30,30,30,30,30,30
120923,1,1,0,0,0,0,0,0,0,0,0,0
120924,1,1,0,0,0,0,0,0,0,0,0,0
120925,1,1,0,0,0,0,0,0,0,0,0,0
120925,2,1,6,11,0,0,0,0,0,0,0,0
120926,1,1,32,32,32,32,32,32,32,32,32,32
120927,1,1,0,0,0,0,0,0,0,0,0,0
120928,1,1,0,0,0,0,0,0,0,0,0,0
120929,0,1,0,0,0,0,0,0,0,0,0,0
120929,1,1,0,0,0,0,0,0,0,0,0,0
120930,1,1,14,14,14,14,14,14,14,14,14,14
120930,2,1,0,0,0,0,0,0,0,0,0,0
120930,3,1,0,0,0,0,0,0,0,0,0,0
120931,1,1,0,0,0,0,0,0,0,0,0,0
120931,2,1,0,0,0,0,0,0,0,0,0,0
120931,3,1,0,0,0,0,0,0,0,0,0,0
120931,4,1,0,0,0,0,0,0,0,0,0,0
120931,5,1,0,0,0,0,0,0,0,0,0,0
120931,6,1,0,0,0,0,0,0,0,0,0,0
120931,7,1,0,0,0,0,0,0,0,0,0,0
120932,1,1,14,14,14,14,14,14,14,14,14,14
120932,2,1,33,33,33,33,33,33,33,33,33,33
120933,1,1,0,0,0,0,0,0,0,0,0,0
120934,0,1,0,0,0,0,0,0,0,0,0,0
120934,1,1,10,10,10,10,10,10,10,10,10,10
120935,0,1,0,0,0,0,0,0,19,0,0,0
120935,1,1,0,0,0,0,8,0,0,16,0,0
120937,0,1,28,28,28,28,28,28,28,28,28,28
120937,1,1,0,0,18,0,0,0,6,33,8,0
120938,1,1,0,0,0,0,0,0,0,0,0,0
120939,0,1,0,0,0,0,0,0,0,0,0,0
120939,0,2,10,0,0,15,0,0,7,0,0,0
120939,1,1,19,19,19,19,19,19,19,19,19,19
120940,0,1,0,0,0,0,0,0,0,0,0,0
120940,1,1,22,10,11,4,22,32,16,15,5,24
120941,1,1,0,0,0,0,0,0,0,0,0,0
120941,2,1,0,0,0,0,0,0,0,0,0,0
120942,1,1,0,0,0,0,0,0,0,0,0,0
120942,2,1,0,0,0,0,0,0,0,0,0,0
120943,1,1,0,0,0,0,0,0,0,0,0,0
120944,0,1,0,0,0,0,0,0,0,0,0,0
120944,1,1,5,5,5,5,5,5,5,5,5,5
120945,1,1,0,0,8,0,0,0,0,0,0,0
120945,2,1,0,0,0,0,0,0,0,0,0,0
120946,0,1,18,18,18,18,18,18,18,18,18,18
120946,1,1,0,0,0,0,0,0,0,0,0,0
120947,1,1,27,6,17,8,28,18,10,29,12,7
120948,0,1,29,29,29,29,29,29,29,29,29,29
120948,1,1,0,0,0,0,0,0,0,0,0,0
120949,0,1,11,0,0,29,17,13,34,17,0,14
120949,1,1,0,0,0,0,0,0,0,0,0,0
120950,1,1,5,5,5,5,5,5,5,5,5,5
120951,0,1,0,0,0,0,0,0,0,0,0,0
120951,1,1,0,0,0,0,0,0,0,0,0,0
120952,1,1,0,0,0,0,0,0,0,0,0,0
120952,2,1,0,0,0,0,0,0,0,0,0,0
120953,1,1,0,0,0,0,0,0,0,0,0,0
120953,2,1,0,0,0,0,0,0,0,0,0,0
120953,3,1,0,0,0,0,0,0,0,0,0,0
120954,1,1,0,0,0,0,0,0,0,0,0,0
120954,2,1,0,0,0,0,0,0,0,0,0,0
120955,1,1,0,0,10,0,0,0,0,0,0,0
120955,2,1,23,23,23,23,23,23,23,23,23,23
120956,1,1,26,26,26,26,26,26,26,26,26,26
120957,1,1,1,1,1,1,1,1,1,1,1,1
120957,2,1,9,9,9,9,9,9,9,9,9,9
120958,0,1,0,0,0,0,0,0,0,0,0,0
120958,1,1,0,0,0,0,0,0,0,0,0,0
120959,1,1,0,0,0,0,0,0,0,15,0,0
120960,1,1,10,10,10,10,10,10,10,10,10,10
120960,2,1,0,0,0,0,0,0,0,0,0,0
120961,1,1,15,15,15,15,15,15,15,15,15,15
120962,0,1,25,25,25,25,25,25,25,25,25,25
120962,1,1,0,19,0,0,0,0,13,18,20,0
120962,2,1,0,0,0,0,0,0,0,0,0,0
120962,3,1,0,0,0,0,18,0,0,0,0,0
120963,0,1,0,0,0,0,0,0,0,0,0,0
120963,1,1,0,0,0,0,0,0,0,0,0,0
120964,1,1,10,5,0,0,0,17,0,0,0,0
120964,2,1,0,0,0,0,0,0,0,0,0,0
120965,1,1,15,15,15,15,15,15,15,15,15,15
120965,2,1,0,0,0,0,0,0,0,0,0,0
120966,1,1,0,0,0,0,0,0,0,0,0,0
120966,2,1,0,0,0,0,0,0,0,0,0,0
120967,1,1,19,19,19,19,19,19,19,19,19,19
120967,2,1,9,9,9,9,9,9,9,9,9,9
120968,1,1,0,0,0,0,0,0,0,0,0,0
120969,1,1,15,15,15,15,15,15,15,15,15,15
120969,2,1,0,7,0,0,0,0,0,0,0,0
120970,1,1,23,23,23,23,23,23,23,23,23,23
120970,2,1,0,0,0,0,0,0,0,0,0,0
120971,0,1,23,25,29,10,0,0,0,30,23,12
120971,1,1,0,11,0,0,0,0,10,0,0,0
120972,0,1,0,0,0,0,0,0,0,0,0,0
120972,1,1,0,0,0,0,0,0,0,0,0,0
120973,0,1,8,8,8,8,8,8,8,8,8,8
120973,1,1,0,0,0,0,0,0,7,0,0,0
120975,1,1,0,0,0,0,0,0,12,0,0,0
120976,0,1,26,26,26,26,26,26,26,26,26,26
120976,1,1,0,0,0,0,0,0,0,0,0,0
120977,0,1,7,7,7,7,7,7,7,7,7,7
120977,1,1,0,0,0,0,0,0,0,0,0,0
120978,1,1,3,0,0,0,0,0,0,0,0,0
120979,0,1,0,0,0,0,0,0,0,0,0,0
120979,1,1,0,0,0,0,0,0,0,0,0,0
120980,1,1,0,0,0,0,0,0,0,0,0,0
120981,1,1,0,0,0,0,0,0,0,0,0,0
120982,0,1,0,0,15,0,31,0,0,0,0,13
120982,0,2,15,15,15,15,15,15,15,15,15,15
120982,1,1,17,17,17,17,17,17,17,17,17,17
120983,1,1,0,0,0,0,0,0,0,0,0,0
120984,1,1,27,27,27,27,27,27,27,27,27,27
120985,1,1,0,0,0,0,0,0,0,0,0,0
120986,1,1,0,0,0,0,0,0,0,0,0,0
120986,2,1,0,0,0,0,0,0,0,0,0,0
120987,0,1,10,0,10,7,0,12,0,0,2,5
120987,1,1,0,0,0,0,2,0,0,4,0,21
120988,1,1,0,0,0,0,0,0,0,0,0,0
120988,2,1,0,0,0,0,0,0,0,0,0,23
120989,1,1,0,0,0,0,0,0,0,0,0,0
120990,1,1,16,16,16,16,16,16,16,16,16,16
120991,1,1,0,0,0,0,0,0,0,0,0,0
120992,1,1,0,0,0,0,0,0,0,0,0,0
120992,2,1,0,0,0,0,0,0,0,0,0,0
120993,1,1,0,0,0,0,0,0,0,0,0,0
120994,1,1,0,0,0,0,0,0,0,14,0,0
120994,2,1,0,0,0,0,0,0,0,0,0,0
120995,1,1,16,16,16,16,16,16,16,16,16,16
120995,2,1,0,0,0,0,0,0,0,0,0,0
120996,1,1,21,21,21,21,21,21,21,21,21,21
120997,1,1,0,0,18,0,0,0,0,0,0,0
120997,2,1,0,0,0,0,0,0,0,0,0,0
120998,1,1,0,5,16,0,0,0,0,11,8,0
120998,2,1,0,0,0,0,0,0,0,0,0,0
120999,0,1,0,0,0,0,0,0,0,0,0,0
120999,1,1,0,0,0,0,0,0,0,0,0,0
121000,1,1,22,22,22,22,22,22,22,22,22,22
121001,1,1,0,0,0,0,0,0,0,0,0,0
121001,2,1,0,0,0,0,0,0,0,0,0,0
121002,1,1,0,0,0,0,0,0,0,0,0,0
121002,2,1,0,0,0,0,0,0,0,0,0,0
121002,3,1,10,0,0,0,0,0,0,0,0,0
121003,1,1,0,0,0,0,0,0,0,0,0,0
121003,2,1,0,0,0,0,0,0,0,0,0,0
121004,1,1,0,0,0,0,0,0,0,0,0,0
121004,2,1,0,0,0,0,0,0,0,0,0,0
121005,1,1,0,0,0,0,0,0,0,0,0,0
121005,2,1,0,0,0,0,0,0,0,0,0,0
121005,3,1,0,0,0,0,0,0,0,0,0,0
121006,0,1,7,15,2,20,0,0,0,6,0,18
121006,1,1,0,0,0,0,0,0,0,0,0,0
121008,1,1,0,0,20,13,2,0,0,0,0,0
121009,1,1,33,33,33,33,33,33,33,33,33,33
121009,2,1,0,0,0,0,0,0,0,0,0,0
121010,1,1,16,16,16,16,16,16,16,16,16,16
121011,1,1,36,36,36,36,36,36,36,36,36,36
121012,1,1,0,0,0,0,0,0,0,0,0,0
121012,2,1,14,0,0,0,0,0,0,0,0,0
121013,1,1,0,0,0,0,0,0,0,0,0,0
121013,2,1,0,0,0,0,0,0,0,0,0,0
121014,1,1,14,14,14,14,14,14,14,14,14,14
121015,0,1,26,26,26,26,26,26,26,26,26,26
121015,1,1,15,18,0,6,14,21,15,0,23,5
121016,1,1,0,0,0,0,0,0,0,0,0,0
121016,2,1,0,0,0,0,0,0,0,0,0,0
121017,1,1,12,12,12,12,12,12,12,12,12,12
121018,1,1,0,0,0,0,0,0,0,0,0,0
121019,0,1,0,0,0,0,0,0,0,0,0,0
121019,1,1,0,0,0,0,0,0,0,0,0,0
121020,1,1,0,0,0,0,0,0,0,0,0,0
121020,2,1,0,0,0,0,0,0,0,0,0,0
121021,1,1,0,0,0,0,0,0,0,0,0,0
121022,1,1,0,0,0,0,0,0,0,0,0,0
121022,2,1,0,0,0,0,0,0,0,0,0,0
121023,1,1,0,0,0,0,0,0,0,0,0,0
121024,0,1,0,0,0,0,0,0,0,0,0,0
121024,1,1,0,0,0,0,0,0,0,0,0,0
121025,1,1,0,0,0,0,0,0,0,0,0,0
121026,1,1,0,0,0,0,0,0,0,0,0,0
121026,2,1,0,0,0,0,0,0,0,0,0,0
121027,0,1,0,0,0,0,0,0,0,0,0,0
121027,1,1,0,0,0,0,0,0,0,0,0,0
121028,1,1,29,29,29,29,29,29,29,29,29,29
121028,2,1,0,0,0,0,0,0,0,0,0,0
121029,1,1,18,18,18,18,18,18,18,18,18,18
121030,1,1,0,0,0,0,0,0,0,0,0,0
121031,1,1,0,0,0,0,0,0,0,0,0,0
121031,2,1,0,0,0,0,0,0,0,0,0,0
121032,1,1,11,11,11,11,11,11,11,11,11,11
121033,1,1,0,0,0,0,0,0,0,0,0,0
121033,2,1,0,0,0,0,0,0,0,0,0,0
121034,1,1,0,0,0,0,0,0,0,0,0,0
121034,2,1,0,0,0,0,0,0,0,0,0,0
121035,1,1,24,24,24,24,24,24,24,24,24,24
121036,1,1,0,0,0,0,0,0,0,0,0,0
121036,2,1,18,0,0,4,0,0,0,0,0,0
121037,0,1,0,0,0,0,0,0,0,0,0,0
121037,1,1,0,0,0,0,0,0,0,0,0,10
121038,1,1,0,0,0,0,0,0,0,0,0,0
121038,2,1,0,0,0,0,0,0,0,0,0,0
121038,3,1,0,0,0,0,0,0,0,0,0,0
121039,0,1,4,4,4,4,4,4,4,4,4,4
121039,1,1,0,0,0,0,0,0,0,0,0,0
121040,1,1,0,0,0,0,0,0,0,0,0,0
121040,2,1,0,0,0,0,0,0,0,0,0,0
121041,0,1,0,0,0,0,0,0,0,0,0,0
121041,1,1,31,3,0,24,21,0,6,0,23,31
121042,1,1,0,0,0,0,0,0,0,0,0,0
121042,2,1,0,0,0,0,0,0,0,0,0,0
121043,1,1,22,22,22,22,22,22,22,22,22,22
121044,1,1,31,5,0,14,0,0,0,0,0,0
121044,2,1,0,0,0,0,0,0,0,0,0,0
121045,1,1,12,0,0,38,0,0,12,0,0,0
121046,0,1,2,2,2,2,2,2,2,2,2,2
121046,1,1,0,0,0,0,0,0,0,0,0,0
121047,1,1,0,0,0,0,0,0,0,0,0,0
121048,0,1,0,0,0,0,0,0,0,0,0,0
121048,1,1,0,31,0,0,0,0,5,15,9,4
121049,1,1,0,0,0,0,0,0,0,0,0,0
121051,1,1,0,0,0,0,0,0,0,0,0,0
121051,2,1,21,21,21,21,21,21,21,21,21,21
121051,3,1,0,0,0,0,0,0,0,0,0,0
121052,1,1,23,23,23,23,23,23,23,23,23,23
121053,1,1,13,13,13,13,13,13,13,13,13,13
121053,2,1,0,0,14,0,0,0,0,0,0,0
121054,1,1,0,0,0,0,12,0,0,0,0,0
121054,2,1,21,21,21,21,21,21,21,21,21,21
121055,1,1,6,6,6,6,6,6,6,6,6,6
121056,1,1,32,32,32,32,32,32,32,32,32,32
121057,1,1,0,0,0,5,15,23,0,10,15,0
121058,0,1,0,0,0,0,0,0,0,0,0,0
121058,1,1,0,0,2,0,0,0,0,9,0,0
121059,1,1,0,0,0,0,0,0,0,0,0,0
121059,2,1,0,0,0,0,0,0,0,0,0,0
121060,0,1,0,18,0,0,19,0,0,0,9,0
121060,1,1,0,0,0,0,0,0,0,0,0,0
121061,1,1,7,8,0,0,0,0,0,0,36,0
121062,1,1,1,1,1,1,1,1,1,1,1,1
121063,1,1,0,0,0,0,0,0,0,0,0,0
121063,2,1,0,0,0,0,0,0,0,0,0,0
121064,1,1,0,0,0,0,0,0,0,0,0,0
121066,0,1,0,0,0,0,0,0,0,21,0,0
121066,1,1,0,0,0,31,15,0,0,0,0,0
121067,1,1,0,0,0,0,0,0,0,0,0,0
121068,1,1,0,0,0,0,0,0,0,0,0,0
121068,2,1,0,0,0,0,0,0,0,0,0,0
121069,1,1,13,13,13,13,13,13,13,13,13,13
121070,0,1,16,35,31,16,17,16,20,31,17,21
121070,1,1,0,0,0,0,0,0,0,0,0,12
121071,1,1,0,0,0,12,0,15,0,0,0,0
121071,2,1,0,0,0,0,0,0,0,0,0,0
121072,1,1,4,4,4,4,4,4,4,4,4,4
121073,1,1,0,0,0,0,0,0,0,0,0,0
121074,1,1,0,0,0,0,0,0,0,10,0,0
121074,2,1,0,5,11,0,0,0,0,0,0,0
121075,1,1,0,0,0,0,0,0,12,0,0,0
121075,2,1,0,0,0,0,0,0,0,0,0,0
121077,1,1,0,0,0,0,0,0,0,0,0,0
121077,2,1,0,0,0,0,0,0,0,12,0,0
121077,3,1,0,0,0,0,0,0,0,0,0,0
121078,0,1,0,0,0,0,21,20,21,21,0,0
121078,1,1,0,0,0,0,0,0,0,0,0,0
121079,1,1,21,21,21,21,21,21,21,21,21,21
121080,1,1,0,0,0,0,0,0,0,0,0,0
121081,0,1,0,0,0,0,0,0,0,0,0,0
121081,1,1,0,0,0,0,0,0,0,0,0,0
121082,1,1,0,0,0,0,0,0,0,0,0,0
121083,1,1,18,18,18,18,18,18,18,18,18,18
121084,1,1,0,0,0,0,0,0,0,0,0,0
121084,2,1,13,0,13,0,8,0,7,21,0,19
121084,3,1,0,8,0,0,0,0,0,0,0,0
121084,4,1,0,0,0,0,0,0,0,0,0,0
121084,5,1,0,0,0,0,0,0,0,0,0,5
121085,1,1,0,0,0,0,0,0,0,0,0,0
121086,1,1,0,0,0,0,0,0,0,0,0,0
121086,2,1,0,0,0,0,0,0,0,0,0,0
121087,1,1,0,0,0,0,0,0,0,0,0,0
121087,2,1,11,11,11,11,11,11,11,11,11,11
121089,1,1,0,0,0,0,0,0,0,0,0,0
121089,2,1,0,0,0,0,0,0,0,0,0,0
121090,1,1,0,0,0,0,0,0,0,0,0,0
121091,1,1,0,0,0,0,0,0,0,0,0,0
121091,2,1,0,11,0,0,0,0,0,0,12,0
121092,1,1,0,0,0,0,0,0,0,0,0,0
121092,2,1,0,0,0,0,0,0,0,0,0,0
121093,0,1,41,41,41,41,41,41,41,41,41,41
121093,1,1,0,0,0,0,0,0,0,0,0,0
121094,0,1,0,0,0,0,0,0,0,0,0,0
121094,1,1,0,0,0,0,0,0,0,0,0,0
121095,1,1,0,0,0,0,0,0,0,0,0,0
121095,2,1,0,0,0,0,0,0,0,0,0,0
121096,1,1,0,0,24,0,0,0,0,0,0,0
121097,1,1,20,20,20,20,20,20,20,20,20,20
121098,1,1,0,0,0,0,0,0,0,0,0,0
121098,2,1,4,4,4,4,4,4,4,4,4,4
121099,1,1,13,13,13,13,13,13,13,13,13,13
121100,1,1,0,0,0,0,0,0,0,0,0,0
121100,2,1,0,0,0,0,0,0,0,0,0,0
121101,1,1,0,0,0,0,0,0,0,0,0,0
121101,2,1,0,0,0,0,0,0,0,0,0,0
121102,1,1,0,0,0,0,0,0,0,0,0,0
121102,2,1,0,0,0,0,0,0,0,0,0,0
121103,0,1,20,20,20,20,20,20,20,20,20,20
121103,1,1,3,3,3,3,3,3,3,3,3,3
121104,1,1,0,0,0,0,0,0,0,13,0,0
121104,2,1,0,0,0,0,0,0,0,0,0,0
121105,1,1,12,12,12,12,12,12,12,12,12,12
121106,1,1,0,0,0,0,0,0,0,0,0,0
121106,2,1,0,0,0,0,0,0,0,0,0,0
121106,3,1,0,0,0,0,0,0,0,0,0,0
121107,1,1,5,5,5,5,5,5,5,5,5,5
121107,2,1,0,0,0,0,0,0,0,0,0,0
121108,1,1,0,0,0,0,0,0,0,0,0,0
121108,2,1,0,0,0,0,0,0,0,0,0,0
121109,0,1,0,0,0,0,0,0,0,0,0,0
121109,1,1,0,0,0,22,0,0,0,0,0,0
121110,1,1,0,0,0,0,0,0,0,0,0,0
121110,2,1,0,0,0,0,0,0,0,0,0,0
121110,3,1,0,0,0,0,0,0,0,0,0,0
121111,0,1,0,0,0,0,0,0,0,0,0,0
121111,1,1,2,2,2,2,2,2,2,2,2,2
121112,1,1,17,17,17,17,17,17,17,17,17,17
121113,1,1,20,20,20,20,20,20,20,20,20,20
121113,2,1,23,0,22,15,0,0,0,0,0,0
121114,1,2,0,0,0,0,0,0,0,13,0,0
121115,1,1,0,0,0,0,0,0,0,0,31,0
121115,2,1,16,5,11,13,11,0,17,4,9,0
121116,1,1,0,0,0,0,0,0,0,0,0,0
121116,2,1,0,0,0,0,0,0,0,0,0,0
121116,3,1,0,0,0,0,0,0,0,0,0,0
121117,1,1,0,0,0,0,0,0,0,0,0,0
121117,2,1,8,8,8,8,8,8,8,8,8,8
121118,0,1,7,0,0,0,0,0,7,0,14,0
121118,0,2,0,0,0,9,0,0,0,10,15,0
121118,1,1,0,0,0,0,0,0,0,0,0,0
121119,1,1,23,23,23,23,23,23,23,23,23,23
121120,1,1,0,0,0,0,0,0,0,0,0,0
121120,2,1,0,0,0,0,0,0,0,0,0,0
121121,1,1,6,6,6,6,6,6,6,6,6,6
121121,2,1,0,0,0,0,0,0,0,17,0,0
121122,0,1,0,0,0,0,0,0,0,0,0,0
121122,1,1,0,0,0,0,0,0,0,0,0,0
121123,1,1,0,0,16,0,0,0,0,0,0,0
121123,2,1,0,0,0,9,0,0,0,0,0,0
121123,3,1,2,0,0,0,0,0,0,0,0,0
121124,0,1,9,9,9,9,9,9,9,9,9,9
121124,1,1,0,0,0,0,0,0,0,0,0,0
121125,1,1,0,0,0,0,10,0,0,0,0,0
121125,2,1,0,0,0,0,0,0,0,0,0,0
121126,1,1,0,0,0,0,0,0,0,0,0,0
121126,2,1,0,0,0,0,0,0,0,0,0,0
121126,3,1,0,0,0,0,0,0,0,0,0,0
121127,0,1,25,25,25,25,25,25,25,25,25,25
121127,1,1,0,0,0,0,0,0,0,0,24,0
121128,1,1,0,0,0,0,0,0,0,0,0,0
121129,0,1,27,27,27,27,27,27,27,27,27,27
121129,1,1,0,0,0,0,0,0,0,0,0,0
121130,0,1,0,0,0,0,0,0,0,0,0,0
121130,1,1,0,0,0,0,0,0,0,0,0,0
121131,1,1,9,9,9,9,9,9,9,9,9,9
121131,2,1,10,10,10,10,10,10,10,10,10,10
121132,1,1,0,0,0,0,0,0,0,0,0,0
121133,1,1,0,0,0,0,0,0,0,0,0,0
121134,1,1,19,19,19,19,19,19,19,19,19,19
121134,2,1,0,0,0,0,0,0,0,0,0,0
121135,1,1,0,0,0,11,0,0,0,0,0,0
121135,2,1,0,0,0,0,0,0,0,0,0,0
121135,3,1,0,0,0,0,10,0,0,0,0,0
121135,4,1,0,0,0,0,0,0,0,0,0,0
121135,5,1,0,0,0,0,0,0,0,0,0,0
121135,6,1,0,0,0,0,0,0,0,0,0,0
121136,1,1,0,0,0,0,0,0,0,0,0,0
121136,2,1,9,9,9,9,9,9,9,9,9,9
121137,1,1,0,0,0,0,0,0,0,0,0,0
121139,0,1,0,0,0,0,0,0,0,0,0,0
121139,0,2,0,29,0,8,21,0,0,0,0,0
121139,1,1,0,0,0,0,0,0,0,0,0,0
121140,1,1,0,0,0,0,0,0,0,0,0,0
121140,2,1,0,0,0,8,0,0,0,0,0,10
121140,3,1,0,0,0,0,0,0,0,0,0,0
121141,1,1,0,0,0,0,0,0,0,0,0,0
121141,2,1,0,0,0,0,0,0,0,0,0,0
121142,1,1,0,0,0,0,0,0,0,0,0,0
121142,2,1,0,0,0,0,0,0,0,0,0,0
121143,1,1,0,0,0,0,0,0,0,0,0,0
121143,2,1,0,0,0,0,0,0,4,0,0,16
121144,1,1,22,22,22,22,22,22,22,22,22,22
121145,0,1,19,19,19,19,19,19,19,19,19,19
121145,1,1,0,0,0,0,0,0,0,0,0,0
121146,1,1,24,24,24,24,24,24,24,24,24,24
121147,1,1,0,0,0,0,0,0,0,0,0,0
121147,2,1,0,0,0,0,0,0,0,0,0,0
121148,1,1,0,0,0,0,0,0,0,0,0,0
121148,2,1,0,0,0,0,0,0,0,0,0,0
121149,0,1,19,19,19,19,19,19,19,19,19,19
121149,1,1,0,0,0,0,0,0,0,0,0,0
121151,1,1,0,0,0,0,0,0,0,0,0,0
121151,2,1,0,0,0,0,0,0,0,0,0,0
121152,1,1,32,32,32,32,32,32,32,32,32,32
121152,2,1,0,7,0,24,0,0,0,0,0,0
121153,0,1,0,0,0,0,0,0,0,0,0,0
121153,1,1,0,0,0,0,0,0,19,0,0,0
121154,1,1,0,0,0,0,0,0,0,25,17,0
121154,2,1,0,0,0,0,0,0,0,0,0,0
121154,4,1,0,0,7,0,0,0,0,0,0,0
121155,1,1,0,0,0,0,0,0,0,0,0,0
121155,2,1,0,0,0,16,0,0,0,0,0,0
121155,3,1,0,0,0,0,0,0,0,0,0,0
121156,1,1,21,21,11,11,12,27,20,26,16,12
121157,0,1,0,0,0,0,0,0,0,0,0,27
121157,1,1,0,0,0,0,20,14,0,0,0,0
121158,1,1,20,0,0,0,0,0,0,0,16,22
121159,1,1,15,27,9,17,16,12,19,9,18,17
121160,0,1,0,0,0,0,0,0,0,0,0,0
121160,1,1,0,0,0,0,0,0,0,0,0,0
121161,0,1,23,23,23,23,23,23,23,23,23,23
121161,1,1,0,0,0,0,0,0,0,0,0,0
121161,2,1,0,0,0,0,0,0,0,14,0,0
121161,3,1,0,0,0,0,0,0,0,6,0,0
121162,1,1,16,16,16,16,16,16,16,16,16,16
121163,1,1,0,0,0,0,0,0,0,0,0,0
121163,2,1,0,0,0,0,0,0,0,0,0,0
121164,0,1,0,0,0,0,0,0,0,0,0,0
121164,1,1,0,0,0,0,0,0,0,0,0,0
121165,0,1,33,33,33,33,33,33,33,33,33,33
121165,1,1,0,0,0,0,8,0,0,0,0,22
121166,1,1,7,7,7,7,7,7,7,7,7,7
121167,1,1,0,0,0,0,0,0,0,0,0,0
121167,2,1,0,0,0,0,0,0,0,0,0,0
121168,1,1,38,38,38,38,38,38,38,38,38,38
121169,0,1,0,0,0,0,0,0,0,0,0,0