ST_CASE,VEH_NO,PER_NO,P1,P2,P3,P4,P5,P6,P7,P8,P9,P10
121169,1,1,0,0,0,0,0,0,0,0,0,0
121171,1,1,15,15,15,15,15,15,15,15,15,15
121172,1,1,10,10,10,10,10,10,10,10,10,10
121172,2,1,0,0,0,0,0,0,0,0,0,0
121173,1,1,0,7,0,14,0,0,9,17,0,0
121174,1,1,22,22,22,22,22,22,22,22,22,22
121175,1,2,0,12,0,0,0,7,32,4,0,17
121177,0,1,0,0,0,0,0,0,0,0,29,0
121177,1,1,0,0,0,0,0,0,0,0,0,0
121178,1,1,0,0,0,0,0,0,0,0,0,0
121178,2,1,0,0,0,0,0,0,0,0,0,0
121179,1,1,25,25,25,25,25,25,25,25,25,25
121180,1,1,23,23,23,23,23,23,23,23,23,23
121181,0,1,32,32,32,32,32,32,32,32,32,32
121181,1,1,12,12,12,12,12,12,12,12,12,12
121183,1,1,39,0,0,0,17,0,11,0,17,0
121185,1,1,0,0,0,0,0,0,0,0,0,0
121186,1,1,28,28,28,28,28,28,28,28,28,28
121186,2,1,19,0,0,0,15,0,0,0,23,0
121187,1,1,0,0,0,0,0,0,0,0,0,0
121188,1,1,0,0,0,0,0,0,0,0,0,0
121188,2,1,0,0,0,0,0,0,0,0,0,0
121189,1,1,0,16,0,0,21,0,0,0,0,0
121190,1,1,19,19,19,19,19,19,19,19,19,19
121191,0,1,0,0,0,0,0,0,0,0,0,0
121191,1,1,0,0,0,0,0,0,0,0,0,0
121192,1,1,20,20,20,20,20,20,20,20,20,20
121193,1,1,0,0,0,0,0,0,0,0,0,0
121194,0,1,0,0,0,0,0,0,0,0,0,0
121194,1,1,0,0,0,0,0,0,0,0,0,0
121195,1,1,0,0,0,0,0,0,0,0,0,0
121195,2,1,0,0,0,0,0,0,0,0,0,0
121196,1,1,0,0,0,0,0,0,0,0,0,18
121196,2,1,0,0,0,0,0,0,0,0,0,0
121196,3,1,0,0,0,0,0,0,0,0,0,0
121197,1,1,0,0,0,0,0,0,0,0,0,0
121197,2,1,0,0,0,0,0,0,0,0,0,0
121197,3,1,0,0,0,0,0,0,0,0,0,0
121197,4,1,0,0,0,0,0,0,0,0,0,0
121198,0,1,0,0,0,0,0,0,0,0,0,0
121198,1,1,0,0,0,0,0,0,10,0,0,0
121199,0,1,0,0,0,0,0,0,0,0,0,0
121199,1,1,0,0,0,0,0,0,0,0,0,0
121200,1,1,0,0,0,0,0,0,0,0,0,0
121201,1,1,14,14,14,14,14,14,14,14,14,14
121201,2,1,1,0,8,8,17,7,0,3,9,15
121202,1,1,0,0,0,0,0,0,0,0,0,0
121202,2,1,0,0,0,0,0,0,0,0,0,0
121203,1,1,0,0,0,0,0,0,0,0,0,0
121203,2,1,0,0,0,16,0,0,0,0,0,0
121203,3,1,0,0,0,0,0,0,0,0,0,0
121204,1,1,0,5,0,14,0,0,0,0,0,0
121205,1,1,0,0,0,0,0,0,0,10,0,0
121205,2,1,5,0,0,0,0,0,0,0,0,0
121206,1,1,0,0,0,0,0,0,0,0,0,0
121207,1,1,0,0,0,0,0,0,0,0,0,0
121207,2,1,6,6,6,6,6,6,6,6,6,6
121208,1,1,25,25,25,25,25,25,25,25,25,25
121209,1,1,15,15,15,15,15,15,15,15,15,15
121210,0,1,26,26,26,26,26,26,26,26,26,26
121210,1,1,0,0,0,0,0,0,0,20,0,0
121211,1,1,0,0,0,0,0,0,0,0,0,0
121211,2,1,0,0,0,0,0,0,0,0,0,0
121212,0,1,0,0,0,0,0,0,0,0,0,0
121212,1,1,0,0,0,0,0,0,0,0,0,0
121214,0,1,0,0,0,0,0,0,0,0,0,0
121214,1,1,0,8,8,0,4,0,0,0,6,11
121215,0,1,0,0,0,0,0,0,0,0,0,0
121215,1,1,0,0,0,0,0,0,0,0,0,0
121216,0,1,0,0,0,0,0,0,0,0,0,0
121216,1,1,0,0,0,0,0,0,0,0,0,0
121217,0,1,0,0,0,0,0,0,0,0,0,0
121217,1,1,13,0,0,0,0,0,0,0,0,0
121218,1,1,0,0,0,0,0,0,0,0,0,0
121218,2,1,0,0,0,0,0,0,0,0,0,0
121219,1,1,0,0,0,0,0,0,0,0,0,0
121219,2,1,0,0,0,0,0,0,0,0,0,0
121220,0,1,11,18,21,0,23,6,15,31,11,13
121220,1,1,0,0,0,0,0,0,0,0,0,0
121221,1,1,11,11,11,11,11,11,11,11,11,11
121221,2,1,14,0,0,0,0,0,0,21,13,23
121221,3,1,0,0,0,0,0,0,0,0,0,0
121222,0,1,2,2,2,2,2,2,2,2,2,2
121222,1,1,0,0,0,0,0,0,0,0,0,0
121223,1,1,0,0,0,0,11,0,0,0,0,0
121223,2,1,0,0,0,0,0,0,0,0,0,0
121224,0,1,24,0,0,0,0,0,31,0,22,43
121224,1,1,0,0,0,0,0,0,0,0,0,0
121225,1,1,0,0,0,0,0,0,0,0,0,0
121225,2,1,0,0,0,0,0,0,0,0,0,0
121226,1,1,20,20,20,20,20,20,20,20,20,20
121226,2,1,0,0,0,0,0,0,0,0,2,0
121227,0,1,0,0,0,0,0,0,0,0,0,0
121227,1,1,0,0,0,0,0,0,0,13,0,0
121228,1,1,0,0,0,0,0,0,0,0,0,0
121229,0,1,8,8,8,8,8,8,8,8,8,8
121229,1,1,0,0,0,0,0,0,0,0,0,0
121230,1,1,0,0,0,0,0,0,0,0,0,0
121230,2,1,0,0,0,0,0,0,0,0,0,0
121231,1,1,0,0,0,0,0,0,0,0,0,0
121231,2,1,0,0,0,0,0,0,0,0,0,0
121232,1,1,0,0,0,0,0,0,0,0,0,0
121233,1,1,0,0,0,0,0,0,0,0,0,0
121233,2,1,0,0,0,0,0,0,0,0,0,0
121234,0,1,25,0,0,0,0,0,0,36,0,0
121234,1,1,0,0,0,0,0,0,14,0,0,0
121235,0,1,18,18,18,18,18,18,18,18,18,18
121235,1,1,0,0,0,0,0,0,0,0,0,0
121236,1,1,21,0,0,13,34,11,20,22,12,20
121236,2,1,0,0,0,0,0,0,0,0,0,0
121237,1,1,15,15,15,15,15,15,15,15,15,15
121237,2,1,0,0,0,0,0,0,0,0,0,0
121238,1,1,0,0,0,0,0,0,0,0,0,0
121239,1,1,21,21,21,21,21,21,21,21,21,21
121241,1,1,0,0,0,0,0,0,0,0,0,0
121242,0,1,13,13,13,13,13,13,13,13,13,13
121242,1,1,0,0,0,0,0,0,0,0,0,0
121242,2,1,0,0,0,0,0,0,11,0,0,0
121243,1,1,0,0,0,0,0,0,0,0,0,0
121243,2,1,0,0,0,0,0,0,0,0,0,0
121244,0,1,30,0,0,14,11,24,13,22,35,24
121244,1,1,0,0,0,0,0,9,0,0,0,0
121245,0,1,0,0,0,0,0,0,0,0,0,0
121245,1,1,0,0,0,0,0,0,0,0,0,0
121246,0,1,0,0,0,0,0,0,0,0,0,0
121246,1,1,0,0,0,0,0,0,0,0,0,12
121247,1,1,0,0,0,0,0,10,13,0,0,0
121247,2,1,0,0,0,0,0,0,0,0,0,0
121248,1,1,15,15,15,15,15,15,15,15,15,15
121249,1,1,11,0,0,0,17,0,0,0,0,21
121250,0,1,7,7,7,7,7,7,7,7,7,7
121250,1,1,18,0,8,0,0,0,0,13,11,0
121251,1,1,0,0,16,0,0,0,0,0,0,0
121251,2,1,0,0,0,0,0,0,0,0,0,0
121252,1,1,0,0,0,0,0,0,0,0,0,0
121252,2,1,16,13,14,7,0,15,11,19,10,0
121253,1,1,0,0,0,0,0,11,8,0,0,0
121253,2,1,0,0,0,0,0,0,0,0,0,0
121253,3,1,0,0,0,0,0,0,0,0,0,0
121253,4,1,0,0,0,0,0,0,0,0,0,0
121254,0,1,0,0,17,0,0,0,0,14,5,0
121254,1,1,0,0,0,0,0,0,0,0,0,0
121255,1,1,0,0,0,0,0,0,0,0,0,0
121255,2,1,0,0,0,0,0,0,0,0,0,0
121256,1,1,0,0,0,0,0,11,0,9,0,0
121257,1,1,13,13,13,13,13,13,13,13,13,13
121257,2,1,0,28,0,22,17,0,36,0,0,0
121258,1,1,0,0,0,0,0,0,0,0,0,0
121259,0,1,6,0,10,22,0,0,0,12,0,0
121259,1,1,16,7,18,10,17,8,6,17,6,1
121260,1,1,25,25,25,25,25,25,25,25,25,25
121261,1,1,7,7,7,7,7,7,7,7,7,7
121262,1,1,0,0,0,0,0,0,0,0,0,0
121262,2,1,0,0,0,0,30,0,0,0,0,0
121263,1,1,0,0,0,0,0,0,0,0,0,0
121263,2,1,0,0,0,0,0,0,0,0,0,0
121264,1,1,0,0,0,0,0,0,0,0,0,0
121264,2,1,0,0,0,0,0,0,0,0,0,0
121265,1,1,16,16,16,16,16,16,16,16,16,16
121266,0,1,23,23,23,23,23,23,23,23,23,23
121266,1,1,0,0,0,0,0,0,0,0,0,0
121267,1,1,0,0,0,0,0,0,0,0,0,0
121267,2,1,0,0,0,0,0,0,0,0,0,0
121268,1,1,23,23,23,23,23,23,23,23,23,23
121269,1,1,17,17,17,17,17,17,17,17,17,17
121270,1,1,0,0,0,0,0,0,0,0,0,0
121270,2,1,0,0,0,0,0,0,0,0,0,0
121271,1,1,0,0,0,0,0,0,0,0,0,0
121271,2,1,0,0,0,0,0,0,0,0,0,0
121272,1,1,0,0,0,0,0,0,0,0,0,0
121272,2,1,0,0,0,0,0,0,0,0,0,0
121273,1,1,0,0,0,0,0,0,0,0,0,0
121273,2,1,0,0,0,0,0,0,0,0,0,0
121274,0,1,0,0,0,0,0,0,0,0,0,19
121274,1,1,0,17,0,0,0,0,0,0,0,0
121275,1,1,0,0,0,0,0,0,0,0,0,0
121276,1,1,0,0,0,0,0,0,0,0,0,0
121276,2,1,0,0,0,0,0,0,0,0,0,0
121277,1,1,0,0,0,0,0,0,0,0,0,0
121277,2,1,0,0,0,0,0,0,0,0,0,0
121278,1,1,0,0,0,13,6,0,0,0,0,0
121279,1,1,0,0,0,0,0,0,0,0,0,0
121279,2,1,0,0,0,0,0,0,0,0,0,0
121280,1,1,0,0,0,0,0,0,0,0,0,0
121280,2,1,0,0,0,0,0,0,0,0,0,0
121281,0,1,41,41,41,41,41,41,41,41,41,41
121281,1,1,10,0,0,0,0,0,0,0,0,0
121282,0,1,14,14,14,14,14,14,14,14,14,14
121282,0,2,0,0,0,0,0,0,0,0,0,0
121282,1,1,0,0,0,0,0,0,0,10,0,0
121283,0,1,0,0,0,0,0,0,0,0,0,0
121283,1,1,0,0,0,0,0,0,0,0,0,0
121284,1,1,0,0,0,0,0,0,0,0,0,0
121284,2,1,0,0,0,0,0,0,0,0,0,0
121285,0,1,13,0,0,6,0,0,0,27,14,6
121285,1,1,0,0,0,0,0,0,0,0,11,0
121286,0,1,1,1,1,1,1,1,1,1,1,1
121286,0,2,26,14,0,0,0,0,0,0,0,0
121286,1,1,0,0,0,0,0,0,0,0,0,0
121286,2,1,30,28,0,0,0,0,0,0,0,0
121287,1,1,0,0,0,0,0,0,0,0,0,0
121287,2,1,0,0,0,0,0,0,0,0,0,0
121288,1,1,12,0,0,0,0,0,7,0,0,0
121288,2,1,0,0,0,0,0,0,0,0,0,0
121289,1,1,0,0,0,0,0,0,0,0,0,0
121289,2,1,0,0,0,0,0,0,0,0,0,0
121290,0,1,16,16,16,16,16,16,16,16,16,16
121290,1,1,0,0,0,0,0,0,0,0,0,0
121291,1,1,17,17,17,17,17,17,17,17,17,17
121292,1,1,10,10,10,10,10,10,10,10,10,10
121293,1,1,14,14,14,14,14,14,14,14,14,14
121293,2,1,0,0,0,0,0,0,0,0,0,0
121294,1,1,14,14,14,14,14,14,14,14,14,14
121295,1,1,2,0,0,0,0,9,0,0,0,10
121295,2,1,0,0,0,0,0,0,0,0,0,0
121296,1,1,0,0,0,0,0,0,8,0,0,0
121296,2,1,0,0,0,0,0,0,0,0,0,0
121297,1,1,25,25,25,25,25,25,25,25,25,25
121298,1,1,0,0,0,0,0,0,0,0,0,0
121298,2,1,0,0,0,0,0,0,0,0,0,0
121299,1,1,0,0,0,0,0,0,0,0,0,0
121299,2,1,23,23,23,23,23,23,23,23,23,23
121300,1,1,0,0,0,0,0,0,0,0,0,0
121300,2,1,0,0,0,0,0,0,0,0,0,0
121301,1,1,0,0,0,19,0,0,0,0,0,0
121301,2,1,0,0,0,0,0,0,0,0,0,0
121302,1,1,8,8,8,8,8,8,8,8,8,8
121303,1,1,0,0,0,0,0,19,0,0,0,19
121304,0,1,0,0,0,0,0,0,0,0,0,0
121304,1,1,0,0,0,0,0,0,0,0,0,0
121305,0,1,0,0,0,0,0,0,0,0,0,0
121305,1,1,0,0,0,0,0,0,0,0,8,0
121306,1,2,0,0,0,0,0,0,0,0,0,0
121307,0,1,0,0,0,0,0,0,0,0,0,0
121307,1,1,0,0,0,0,0,0,0,0,0,0
121308,1,1,0,0,0,0,0,0,0,0,0,0
121308,2,1,0,0,0,0,0,0,0,0,0,0
121309,1,1,24,24,24,24,24,24,24,24,24,24
121310,1,1,13,13,13,13,13,13,13,13,13,13
121311,1,1,0,0,0,0,0,0,0,0,0,0
121311,2,1,0,0,0,28,0,0,0,0,0,0
121312,1,1,0,0,0,0,0,0,0,0,0,0
121313,1,1,13,11,0,0,11,0,6,0,17,0
121314,1,1,31,31,31,31,31,31,31,31,31,31
121315,0,1,0,0,0,0,0,0,0,0,0,0
121315,1,1,0,0,0,0,0,0,0,0,0,0
121316,1,1,20,20,20,20,20,20,20,20,20,20
121316,2,1,0,0,0,0,0,0,0,0,0,0
121317,1,1,0,0,0,0,0,0,0,0,0,0
121317,2,1,0,0,0,9,0,0,0,0,0,0
121318,1,1,0,0,0,0,0,0,0,0,0,0
121318,2,1,0,0,0,0,0,0,0,0,0,0
121319,0,1,0,0,0,0,0,0,0,0,0,0
121319,1,1,0,0,0,0,0,0,0,0,0,0
121320,1,1,0,0,14,9,12,0,13,0,0,0
121320,2,1,0,0,0,0,0,0,0,0,0,0
121320,3,1,0,0,0,0,0,11,0,0,0,27
121321,0,1,0,0,0,0,0,0,0,0,0,0
121321,1,1,0,0,22,0,0,0,0,35,0,0
121322,1,1,5,5,5,5,5,5,5,5,5,5
121323,1,1,13,13,13,13,13,13,13,13,13,13
121324,1,1,0,0,0,0,0,0,0,0,0,0
121324,2,1,0,0,0,0,0,0,0,0,0,0
121324,3,1,0,0,0,0,0,0,0,0,0,0
121325,1,1,38,17,17,16,0,0,0,13,22,19
121326,1,1,0,0,0,0,0,0,0,0,0,0
121326,2,1,22,22,22,22,22,22,22,22,22,22
121327,1,1,0,19,23,0,0,0,15,7,0,0
121328,0,1,14,25,16,40,30,47,8,39,24,31
121328,1,1,0,0,0,0,0,0,0,0,0,0
121329,1,1,14,14,14,14,14,14,14,14,14,14
121330,0,1,0,0,0,0,0,0,0,0,0,0
121330,1,1,5,5,5,5,5,5,5,5,5,5
121331,1,1,11,11,11,11,11,11,11,11,11,11
121332,1,1,22,22,22,22,22,22,22,22,22,22
121333,0,1,32,32,32,32,32,32,32,32,32,32
121333,1,1,0,0,0,0,0,0,0,0,0,0
121334,1,1,0,12,0,0,0,0,0,0,0,0
121334,2,1,0,0,0,0,0,0,0,0,0,0
121334,3,1,0,0,0,0,0,0,0,0,0,0
121334,4,1,0,0,0,0,0,0,0,0,0,0
121335,1,1,0,0,10,0,0,0,0,0,0,0
121335,2,1,0,0,14,16,0,11,0,0,7,0
121336,1,1,0,0,0,0,0,0,0,0,0,0
121337,1,1,8,8,8,8,8,8,8,8,8,8
121338,0,1,21,21,21,21,21,21,21,21,21,21
121338,1,1,9,9,9,9,9,9,9,9,9,9
121339,0,1,12,12,12,12,12,12,12,12,12,12
121339,1,1,0,5,0,18,11,0,0,0,5,0
121340,0,1,10,0,31,44,21,13,12,24,22,14
121340,1,1,0,0,0,0,0,0,0,0,0,0
121341,1,1,17,17,17,17,17,17,17,17,17,17
121342,0,1,0,0,21,17,19,0,0,0,10,31
121342,1,1,0,0,0,0,0,0,18,0,0,0
121343,1,1,0,0,0,0,0,0,0,0,0,0
121343,2,1,15,15,15,15,15,15,15,15,15,15
121345,1,1,0,0,0,0,0,0,0,0,0,0
121345,2,1,0,0,0,0,0,0,0,0,0,0
121346,1,1,0,0,0,0,0,0,0,0,0,0
121346,2,1,0,0,0,0,0,0,0,0,0,0
121346,3,1,0,0,0,0,0,0,0,0,0,0
121346,4,1,0,0,0,0,0,0,0,0,0,0
121347,0,1,0,0,0,0,0,0,0,0,0,0
121347,1,1,0,0,0,0,0,0,0,0,0,0
121348,1,1,17,0,0,0,0,0,0,0,0,0
121349,1,1,7,7,7,7,7,7,7,7,7,7
121350,1,1,0,0,0,0,0,0,0,0,0,0
121350,2,1,0,0,0,0,0,0,0,0,0,0
121351,1,1,0,0,0,0,0,0,0,0,0,0
121351,2,1,0,0,0,0,0,0,0,0,0,0
121352,1,1,18,18,18,18,18,18,18,18,18,18
121352,2,1,0,0,0,0,0,0,0,0,0,0
121352,4,1,0,0,0,0,13,0,0,0,0,0
121353,1,1,0,0,0,0,0,0,0,0,0,0
121353,2,1,0,16,0,0,0,0,0,0,0,0
121354,1,1,13,13,13,13,13,13,13,13,13,13
121355,1,1,0,17,3,0,19,0,13,13,0,19
121355,2,1,0,2,0,0,0,0,0,10,0,0
121356,0,1,37,8,39,25,32,14,21,3,33,10
121356,1,1,0,0,0,0,0,0,0,0,0,0
121357,1,1,0,0,0,0,0,0,0,0,0,0
121357,2,1,0,0,0,0,0,0,0,0,0,0
121358,0,1,0,0,0,0,0,0,0,0,0,0
121358,1,1,0,0,0,0,0,0,0,0,0,0
121359,1,1,0,0,0,0,0,0,7,0,0,0
121359,2,1,0,0,0,0,0,0,0,0,0,0
121360,0,1,0,0,0,0,0,0,0,0,0,0
121360,1,1,0,23,0,0,0,0,0,0,0,0
121361,1,1,17,17,17,17,17,17,17,17,17,17
121361,2,1,0,0,0,0,0,0,0,0,0,0
121362,1,1,27,27,27,27,27,27,27,27,27,27
121363,1,1,20,0,0,0,0,0,14,0,0,0
121364,1,1,6,6,6,6,6,6,6,6,6,6
121364,2,1,14,14,14,14,14,14,14,14,14,14
121365,0,1,0,0,0,0,0,0,0,0,0,0
121365,1,1,0,0,0,0,0,0,0,0,0,0
121366,1,1,14,14,14,14,14,14,14,14,14,14
121366,2,1,22,22,22,22,22,22,22,22,22,22
121366,3,1,0,0,0,0,0,0,0,0,0,6
121366,4,1,0,0,0,0,0,0,0,0,0,0
121367,1,1,13,13,13,13,13,13,13,13,13,13
121367,2,1,0,0,0,0,0,0,0,0,0,0
121368,1,1,33,0,0,0,16,7,13,0,0,5
121369,1,1,0,0,0,0,0,0,0,0,0,0
121369,2,1,0,0,0,0,0,0,0,0,0,0
121370,0,1,0,0,0,0,0,0,0,0,0,0
121370,1,1,0,0,0,0,0,0,0,0,0,0
121371,0,1,27,27,27,27,27,27,27,27,27,27
121371,1,1,0,0,0,0,0,0,0,14,9,0
121372,1,1,0,0,0,0,0,0,0,0,0,0
121372,2,1,0,0,0,0,0,0,0,0,0,0
121373,1,1,0,0,0,0,0,0,0,0,0,0
121374,1,1,0,0,0,0,0,0,0,0,0,0
121374,2,1,11,11,11,11,11,11,11,11,11,11
121375,1,1,0,0,0,0,0,0,0,0,0,0
121375,2,1,0,0,0,0,0,0,0,0,0,0
121376,1,1,11,0,0,0,0,0,0,0,0,0
121376,2,1,0,0,0,0,20,0,0,26,0,0
121377,1,1,0,0,0,0,0,0,0,0,0,0
121379,1,1,0,0,0,0,0,0,0,0,0,0
121379,2,1,0,0,0,0,0,0,0,0,0,0
121380,1,1,15,15,15,15,15,15,15,15,15,15
121381,1,1,0,0,0,0,0,0,0,0,0,0
121381,2,1,0,0,0,0,0,0,0,0,0,0
121382,1,1,2,2,2,2,2,2,2,2,2,2
121383,0,1,13,0,0,0,0,23,20,14,0,35
121383,1,1,0,0,0,0,0,0,0,0,0,0
121384,0,1,13,13,13,13,13,13,13,13,13,13
121384,1,1,0,0,0,0,21,0,0,0,0,0
121385,1,1,2,2,2,2,2,2,2,2,2,2
121385,2,1,0,0,0,0,0,0,0,0,0,0
121386,0,1,0,0,0,0,0,0,0,0,0,0
121386,0,2,0,0,0,0,0,0,0,0,0,0
121386,1,1,0,0,0,0,0,0,0,0,0,0
121387,1,1,0,26,0,23,0,0,21,0,0,28
121388,0,1,0,0,0,0,0,0,0,0,0,0
121388,1,1,0,0,0,0,0,0,0,0,0,0
121389,0,1,26,0,42,17,27,0,0,19,20,0
121389,1,1,0,0,0,0,0,0,0,0,9,0
121390,1,1,0,0,0,0,0,0,0,0,0,0
121391,1,1,18,18,25,2,7,6,0,19,17,7
121391,2,1,0,0,0,0,0,0,0,0,0,0
121392,1,1,35,35,35,35,35,35,35,35,35,35
121393,1,1,7,0,0,0,0,0,17,10,0,17
121394,0,1,0,19,16,28,0,6,0,10,25,19
121394,0,2,27,27,27,27,27,27,27,27,27,27
121394,1,1,0,0,0,0,0,0,0,0,0,0
121394,2,1,0,0,0,0,0,0,0,17,0,0
121395,0,1,11,11,11,11,11,11,11,11,11,11
121395,1,1,0,0,0,0,0,0,0,0,0,0
121397,1,1,16,16,16,16,16,16,16,16,16,16
121398,1,1,0,0,0,0,0,0,0,0,0,0
121399,1,1,0,0,0,0,0,0,0,0,0,0
121399,2,1,0,0,0,0,28,0,0,0,0,0
121400,1,1,9,9,9,9,9,9,9,9,9,9
121401,1,1,0,0,0,0,0,0,0,0,0,0
121402,1,1,0,0,0,0,0,0,0,0,0,0
121403,1,1,24,24,24,24,24,24,24,24,24,24
121403,2,1,11,3,0,0,0,0,7,0,3,0
121404,1,1,23,23,23,23,23,23,23,23,23,23
121405,0,1,0,0,0,0,0,0,0,0,0,0
121405,1,1,0,0,0,0,0,0,0,0,0,0
121406,1,1,0,0,0,0,22,0,21,0,0,0
121406,2,1,0,0,0,0,0,0,0,0,0,0
121407,1,1,0,0,0,0,0,0,0,0,0,0
121407,2,1,0,0,0,0,0,0,0,0,0,0
121408,1,1,0,0,0,0,0,0,0,0,0,0
121408,2,1,0,0,0,0,0,0,0,0,0,0
121409,0,1,0,0,0,0,0,0,0,0,0,0
121409,1,1,9,9,9,9,9,9,9,9,9,9
121410,1,1,0,0,0,0,0,0,0,0,22,0
121410,2,1,0,0,0,0,0,0,0,0,0,0
121411,0,1,0,0,0,0,0,0,0,0,0,0
121411,1,1,0,0,0,0,0,0,0,0,0,0
121412,0,1,0,0,0,0,0,0,0,0,0,0
121412,1,1,0,0,0,0,0,0,0,0,0,0
121413,1,1,0,0,0,0,0,0,0,0,0,0
121413,2,1,0,0,0,0,0,0,0,0,0,0
121414,0,1,0,0,0,14,0,0,0,0,0,3
121414,1,1,0,0,0,0,0,0,0,0,0,0
121415,1,1,0,0,0,0,0,0,0,0,0,0
121416,0,1,0,0,0,0,0,0,0,0,0,0
121416,1,1,0,0,0,0,0,0,0,0,0,0
121417,1,1,10,0,17,0,0,0,0,0,0,0
121418,1,1,0,0,0,0,31,0,0,0,15,0
121418,2,1,0,0,0,0,8,0,0,0,0,0
121419,1,1,0,0,0,0,0,0,0,0,0,0
121420,1,1,3,3,3,3,3,3,3,3,3,3
121421,1,1,0,0,0,0,0,0,0,0,0,0
121421,2,1,0,0,0,0,0,0,0,0,0,0
121422,1,1,0,0,0,0,0,0,0,0,11,0
121423,1,1,25,25,25,25,25,25,25,25,25,25
121423,2,1,0,0,10,0,0,10,0,0,0,12
121424,1,1,0,0,0,0,0,0,0,0,0,0
121424,2,1,0,0,0,0,0,0,0,0,0,0
121425,1,1,17,17,17,17,17,17,17,17,17,17
121426,1,1,24,24,24,24,24,24,24,24,24,24
121426,2,1,0,0,0,0,0,0,0,0,0,0
121427,1,1,0,0,0,0,0,0,0,0,0,0
121428,1,1,25,25,25,25,25,25,25,25,25,25
121429,1,1,5,5,5,5,5,5,5,5,5,5
121430,0,1,0,0,0,0,0,0,0,0,0,0
121430,1,1,0,0,0,0,0,0,0,0,0,0
121431,1,1,21,21,21,21,21,21,21,21,21,21
121432,1,1,0,0,0,0,0,0,0,0,0,0
121432,2,1,0,0,0,0,0,0,0,0,0,0
121433,1,1,22,22,22,22,22,22,22,22,22,22
121433,2,1,11,0,0,0,0,0,0,0,0,0
121434,1,1,0,0,0,0,0,0,0,0,0,0
121435,1,1,21,21,21,21,21,21,21,21,21,21
121435,2,1,8,8,8,8,8,8,8,8,8,8
121435,3,1,0,0,0,0,0,0,0,0,0,0
121436,0,1,0,0,0,0,0,0,0,0,0,0
121436,1,1,10,10,10,10,10,10,10,10,10,10
121437,1,1,0,0,3,0,0,0,0,0,0,0
121437,2,1,12,24,21,0,0,8,0,0,8,13
121438,1,1,0,0,0,0,0,0,13,0,14,0
121439,1,1,25,25,25,25,25,25,25,25,25,25
121440,0,1,0,0,0,0,0,0,0,0,0,0
121440,1,1,0,0,0,0,0,0,0,0,0,0
121441,1,1,15,15,15,15,15,15,15,15,15,15
121441,2,1,0,0,0,0,0,0,0,0,0,0
121442,1,1,0,0,0,0,0,0,0,0,0,0
121443,0,1,0,0,0,0,0,0,0,0,11,0
121443,1,1,0,0,0,0,0,0,0,0,0,0
121444,1,1,0,0,0,0,0,0,0,0,0,0
121444,2,1,0,0,0,0,0,0,0,0,0,0
121445,1,1,0,0,0,0,0,0,0,0,0,0
121445,2,1,0,0,0,0,0,0,0,0,0,0
121446,1,1,21,21,21,21,21,21,21,21,21,21
121447,1,1,7,7,7,7,7,7,7,7,7,7
121448,0,1,27,0,0,0,0,0,0,14,0,0
121448,1,1,0,0,0,0,0,0,15,0,0,0
121449,1,1,0,0,0,0,0,0,0,0,0,0
121449,2,1,0,0,0,0,0,0,0,0,0,0
121450,1,1,18,18,18,18,18,18,18,18,18,18
121451,1,1,16,16,16,16,16,16,16,16,16,16
121452,0,1,0,0,0,0,0,0,0,0,0,0
121452,1,1,0,0,0,0,0,0,0,0,0,0
121453,1,1,0,0,0,0,0,0,0,0,0,0
121453,2,1,0,0,0,0,0,0,0,0,0,0
121453,3,1,0,0,0,0,0,0,0,0,0,0
121454,0,1,26,26,26,26,26,26,26,26,26,26
121454,1,1,0,0,0,21,14,0,0,0,4,0
121455,0,1,0,0,0,0,0,0,0,0,21,0
121455,1,1,0,0,6,9,0,0,0,0,0,0
121456,1,1,0,0,0,0,0,0,0,0,0,0
121457,0,1,0,8,30,0,0,0,0,0,0,0
121457,0,2,0,13,0,0,0,0,0,0,14,0
121457,1,1,0,0,0,0,0,0,0,0,0,0
121458,1,1,0,0,0,0,0,0,0,0,0,0
121458,2,1,0,0,0,0,0,0,0,0,0,0
121458,3,1,0,0,0,0,0,0,0,0,0,0
121459,1,1,0,0,26,0,0,0,0,14,0,16
121460,1,1,0,0,0,0,0,0,0,0,0,0
121460,2,1,0,0,0,0,0,0,0,0,0,0
121461,1,1,17,17,17,17,17,17,17,17,17,17
121461,2,1,0,0,0,0,0,0,0,0,0,0
121462,1,1,0,21,15,0,0,0,0,0,0,0
121462,2,1,0,0,0,0,0,0,0,0,0,0
121463,0,1,0,0,0,0,0,0,0,0,0,0
121463,1,1,0,0,0,0,0,0,0,0,0,0
121464,1,1,0,0,0,0,0,0,0,0,0,0
121464,2,1,0,0,0,0,0,0,0,0,0,0
121465,1,1,10,10,10,10,10,10,10,10,10,10
121465,2,1,0,0,0,0,0,0,0,0,0,0