ST_CASE,VEH_NO,PER_NO,P1,P2,P3,P4,P5,P6,P7,P8,P9,P10
122060,1,1,0,0,0,0,0,0,0,0,0,0
122061,1,1,0,0,0,0,0,0,0,0,0,0
122061,2,1,0,0,0,0,0,0,0,0,0,0
122061,3,1,0,0,0,0,0,0,0,0,0,0
122062,1,1,0,0,0,0,0,0,0,0,0,0
122062,2,1,22,22,22,22,22,22,22,22,22,22
122062,3,1,0,0,0,0,0,0,0,0,0,0
122063,1,1,0,0,0,0,0,0,0,0,0,0
122063,2,1,0,0,0,0,0,0,0,0,0,0
122064,1,1,29,29,29,29,29,29,29,29,29,29
122065,0,1,17,17,17,17,17,17,17,17,17,17
122065,1,1,0,0,0,0,0,0,0,0,0,0
122066,1,1,0,0,0,0,0,0,0,0,0,0
122066,2,1,0,0,0,0,0,0,0,0,0,0
122066,3,1,0,0,0,0,0,0,0,0,0,0
122066,4,1,0,0,0,11,0,9,2,0,0,0
122067,0,1,0,0,0,0,0,0,0,0,0,0
122067,1,1,0,0,0,0,0,0,0,0,0,0
122068,1,1,0,0,0,0,0,0,0,0,0,0
122068,2,1,0,0,0,0,0,0,0,0,0,0
122069,1,1,25,25,25,25,25,25,25,25,25,25
122069,2,1,0,0,0,0,0,0,0,0,0,0
122070,1,1,0,0,0,0,0,0,0,0,0,0
122070,2,1,0,0,0,0,0,0,0,0,0,0
122071,1,1,0,0,0,0,0,0,0,0,0,0
122071,2,1,0,0,0,0,0,0,0,0,0,0
122072,0,1,22,22,22,22,22,22,22,22,22,22
122072,1,1,0,0,0,0,0,5,0,0,0,0
122073,1,1,18,18,18,18,18,18,18,18,18,18
122074,0,1,0,0,0,33,0,0,0,0,0,0
122074,0,2,11,0,0,0,0,0,0,0,0,0
122074,0,3,9,0,0,0,0,0,0,0,0,0
122074,1,1,0,0,0,0,5,0,0,0,4,0
122075,1,1,37,17,0,0,0,0,16,13,7,18
122076,1,1,26,26,26,26,26,26,26,26,26,26
122077,0,1,24,24,24,24,24,24,24,24,24,24
122077,1,1,0,0,0,0,0,0,0,0,0,13
122078,1,1,0,0,0,0,0,0,0,0,0,0
122078,2,1,0,0,0,0,0,0,0,0,0,0
122079,0,1,0,0,0,0,0,0,0,0,0,0
122079,1,1,0,0,0,0,0,0,0,0,0,0
122080,0,1,23,14,33,0,16,0,0,20,15,18
122080,1,1,0,0,0,0,0,0,0,0,4,0
122081,1,1,12,0,40,0,0,4,0,23,20,31
122083,1,1,0,0,3,0,12,0,0,6,0,14
122084,1,1,0,0,0,0,0,0,0,0,0,0
122084,2,1,0,0,0,0,0,0,0,0,0,0
122084,3,1,0,0,0,0,0,0,0,0,0,0
122085,1,1,0,0,0,0,0,0,0,0,12,0
122085,2,1,0,10,0,0,0,0,0,0,0,0
122086,1,1,0,0,0,0,0,0,0,0,0,0
122086,2,1,0,0,0,0,11,0,0,0,0,0
122086,3,1,0,0,0,0,0,0,0,0,0,0
122086,4,1,0,0,0,0,18,0,0,0,0,0
122087,0,1,0,0,0,0,0,0,0,0,0,0
122087,1,1,0,0,0,0,0,0,0,0,0,0
122088,1,1,0,0,0,0,0,0,0,0,0,0
122088,2,1,0,0,0,0,0,0,0,0,0,0
122088,3,1,0,0,0,0,0,0,0,0,0,0
122089,0,1,33,33,33,33,33,33,33,33,33,33
122089,1,1,0,0,0,0,0,0,0,0,0,0
122090,1,1,0,0,0,0,0,0,0,0,0,0
122090,2,1,0,0,0,0,0,0,0,0,0,0
122092,0,1,18,18,18,18,18,18,18,18,18,18
122092,1,1,0,0,0,0,0,0,0,0,0,0
122094,1,1,0,0,0,0,0,0,0,0,0,0
122096,1,1,0,0,0,0,13,0,0,0,0,0
122097,1,1,17,17,17,17,17,17,17,17,17,17
122098,1,1,0,0,0,0,0,0,0,0,0,0
122098,2,1,0,0,0,0,0,0,0,0,0,0
122099,0,1,23,23,23,23,23,23,23,23,23,23
122099,1,1,0,0,0,0,0,3,0,0,0,0
122100,1,1,0,0,8,0,0,0,0,0,16,0
122101,1,1,0,0,0,0,12,0,0,0,0,0
122101,2,1,0,0,0,0,0,0,0,0,0,0
122103,1,1,17,17,17,17,17,17,17,17,17,17
122104,0,1,0,0,0,0,0,0,0,0,3,0
122104,1,1,0,0,0,0,0,0,0,0,0,0
122105,1,1,0,0,0,0,0,0,0,0,19,0
122106,0,1,0,0,0,0,0,0,0,0,0,0
122106,1,1,0,0,0,0,0,0,0,0,0,0
122107,1,1,1,1,1,1,1,1,1,1,1,1
122108,1,1,0,0,0,0,0,0,0,0,0,0
122108,2,1,0,0,0,0,0,9,0,0,0,0
122109,1,1,0,12,21,0,0,16,10,30,16,29
122110,1,1,0,0,0,0,0,0,0,0,0,0
122110,2,1,0,0,0,0,13,0,0,0,0,0
122111,1,1,0,0,0,0,0,0,0,0,0,0
122111,2,1,0,0,0,0,0,0,0,0,0,0
122111,3,1,0,0,0,0,0,0,0,0,0,17
122111,4,1,0,0,0,0,0,0,0,0,11,0
122111,5,1,0,0,0,0,0,0,0,0,0,0
122111,6,1,0,0,0,0,0,0,0,0,0,0
122111,7,1,0,0,0,0,0,0,0,0,0,0
122112,1,1,0,0,0,0,0,0,0,0,0,0
122112,2,1,0,0,0,0,0,0,0,0,0,0
122113,1,1,14,14,14,14,14,14,14,14,14,14
122114,0,1,24,24,24,24,24,24,24,24,24,24
122114,1,1,0,0,0,0,0,0,0,0,0,0
122115,1,1,23,23,23,23,23,23,23,23,23,23
122115,2,1,0,8,0,0,0,0,0,0,0,0
122116,1,1,0,0,0,0,0,0,0,0,0,0
122116,2,1,0,0,0,0,0,0,0,0,0,0
122116,3,1,0,0,0,0,0,0,0,0,0,0
122117,0,1,10,0,0,0,0,0,0,0,0,8
122117,1,1,0,0,0,0,0,0,0,0,0,0
122117,2,1,0,0,0,0,0,0,0,0,0,0
122118,0,1,0,0,9,0,0,0,0,0,0,0
122118,1,1,14,19,22,0,22,0,18,0,0,0
122119,1,1,0,0,0,0,0,0,0,0,0,0
122120,1,1,0,0,0,0,0,0,0,0,0,0
122121,1,1,0,0,0,0,0,0,0,0,0,0
122122,1,1,0,0,0,0,0,0,0,0,0,0
122122,2,1,0,0,0,0,0,0,0,0,0,0
122122,3,1,0,0,0,0,0,0,0,0,0,0
122123,1,1,17,13,12,8,13,14,0,28,7,10
122124,1,1,0,0,0,0,0,0,0,0,0,0
122124,2,1,0,0,0,0,0,0,0,0,0,32
122125,1,1,13,13,13,13,13,13,13,13,13,13
122126,0,1,16,11,24,21,9,15,18,24,14,22
122126,1,1,0,0,0,0,0,0,0,0,0,0
122127,0,1,34,34,34,34,34,34,34,34,34,34
122127,1,1,0,0,0,0,0,0,0,0,0,0
122128,1,1,0,0,0,0,0,0,0,0,0,0
122128,2,1,0,0,0,0,0,0,0,0,0,0
122129,1,1,23,23,23,23,23,23,23,23,23,23
122129,2,1,0,0,8,0,31,0,0,0,0,0
122129,3,1,0,0,0,0,0,0,0,0,0,14
122130,1,1,0,0,0,0,0,0,0,0,0,0
122131,1,1,26,16,17,9,31,27,6,39,15,14
122131,2,1,0,0,0,0,0,0,0,0,0,0
122132,1,1,17,17,17,17,17,17,17,17,17,17
122134,1,1,24,24,24,24,24,24,24,24,24,24
122135,1,1,29,29,29,29,29,29,29,29,29,29
122135,2,1,0,0,0,0,0,0,0,0,0,0
122136,1,1,0,0,0,0,0,0,0,0,0,0
122137,1,1,12,12,12,12,12,12,12,12,12,12
122138,1,1,0,0,0,0,0,0,0,0,0,0
122138,2,1,0,0,0,0,0,0,0,0,0,0
122141,0,1,0,0,0,0,0,0,0,0,0,0
122141,1,1,0,0,0,0,0,0,0,0,0,0
122142,1,1,21,21,21,21,21,21,21,21,21,21
122143,0,1,0,33,0,0,12,0,0,0,0,0
122143,1,1,0,0,0,0,0,0,0,0,0,0
122144,0,1,3,3,3,3,3,3,3,3,3,3
122144,1,1,0,0,0,0,19,0,0,0,0,0
122145,0,1,30,30,30,30,30,30,30,30,30,30
122145,1,1,0,0,0,0,7,0,0,0,0,0
122146,1,1,0,0,0,0,0,0,0,0,0,0
122146,2,1,0,0,0,0,0,0,0,0,0,0
122146,3,1,0,0,0,0,0,0,0,0,0,0
122147,0,1,24,24,24,24,24,24,24,24,24,24
122147,1,1,0,0,0,0,0,0,0,0,0,0
122147,2,1,0,0,0,0,0,0,0,0,0,0
122147,3,1,0,0,0,0,0,0,0,0,0,0
122148,1,1,26,26,26,26,26,26,26,26,26,26
122148,2,1,0,0,0,0,0,0,0,0,0,0
122149,1,1,0,0,0,0,0,0,0,4,0,0
122150,1,1,0,0,0,0,0,0,0,0,0,0
122150,2,1,0,0,0,0,0,0,0,0,0,0
122151,1,1,0,0,0,0,0,0,0,0,0,0
122151,2,1,0,0,0,0,0,0,0,0,17,0
122152,1,1,7,7,7,7,7,7,7,7,7,7
122154,0,1,0,0,22,0,43,24,0,0,0,0
122154,1,1,0,0,0,0,0,0,0,0,0,0
122155,1,1,0,29,21,18,33,24,17,12,30,25
122156,1,1,0,0,0,0,0,0,0,0,0,0
122156,2,1,0,0,0,0,0,0,0,0,0,0
122157,1,1,6,13,2,33,10,15,8,5,21,13
122158,0,1,0,0,0,0,0,0,0,0,0,0
122158,1,1,0,0,0,0,0,0,0,0,0,0
122159,0,1,30,0,0,0,0,0,0,31,0,0
122159,1,1,0,0,0,0,0,0,0,0,0,0
122160,1,1,0,13,14,0,10,0,0,0,0,0
122160,2,1,0,0,0,0,0,0,0,0,0,0
122161,1,1,0,0,0,0,0,0,0,0,0,0
122162,0,1,0,0,16,0,25,34,20,12,11,0
122162,1,1,0,0,0,0,0,0,0,0,0,0
122162,2,1,0,0,0,0,0,0,0,0,0,0
122163,0,1,0,0,0,0,0,0,0,0,0,0
122163,1,1,0,0,0,0,0,0,0,0,0,0
122164,0,1,4,0,0,0,0,0,0,0,0,0
122164,1,1,0,0,0,0,0,0,0,0,0,0
122165,1,1,0,0,0,0,0,0,0,0,0,0
122165,2,1,0,0,0,0,0,0,0,0,0,0
122166,0,1,0,0,20,0,36,0,20,31,0,11
122166,1,1,0,0,0,0,0,0,0,0,0,0
122167,1,1,0,0,0,0,0,0,0,0,0,0
122167,2,1,0,0,0,0,0,0,0,0,0,0
122167,3,1,8,0,0,10,0,0,0,0,0,0
122168,0,1,26,26,26,26,26,26,26,26,26,26
122168,1,1,0,0,0,0,0,0,0,0,0,0
122169,1,1,0,9,0,0,0,0,0,0,0,0
122170,1,1,0,0,0,0,0,0,0,0,0,0
122171,1,1,0,0,0,0,0,0,0,0,0,0
122172,1,1,0,0,0,0,7,0,0,0,0,0
122172,2,1,0,0,0,0,0,0,0,0,0,0
122173,0,1,6,0,13,36,34,0,0,18,28,0
122173,1,1,0,0,0,0,0,0,0,0,0,0
122173,2,1,0,0,0,0,0,0,0,0,0,0
122174,1,1,26,26,26,26,26,26,26,26,26,26
122175,1,1,0,0,0,0,0,0,0,0,0,0
122175,2,1,0,0,0,0,9,0,0,0,0,0
122176,1,1,16,16,16,16,16,16,16,16,16,16
122176,2,1,0,0,0,0,0,0,0,0,0,0
122176,3,1,0,0,0,0,0,0,0,0,0,0
122177,1,1,0,0,37,0,0,0,0,0,0,0
122179,1,1,0,0,0,0,0,0,0,0,0,0
122179,2,1,0,0,0,0,0,0,0,0,0,0
122180,1,1,14,20,0,9,11,17,24,39,22,11
122181,1,1,0,0,0,0,0,0,0,0,0,0
122182,0,1,2,13,19,21,44,16,22,14,24,17
122182,1,1,0,8,0,12,0,0,0,0,0,0
122183,0,1,39,39,39,39,39,39,39,39,39,39
122183,1,1,18,18,18,18,18,18,18,18,18,18
122184,1,1,0,0,9,0,22,19,15,13,19,31
122185,1,1,0,0,0,0,0,0,0,0,0,0
122185,2,1,0,0,0,0,0,0,0,0,0,0
122187,1,1,0,0,0,0,0,0,0,0,0,0
122189,0,1,17,17,17,17,17,17,17,17,17,17
122189,1,1,17,0,0,22,20,0,12,10,15,15
122190,1,1,0,0,0,0,0,0,0,0,0,0
122190,2,1,0,0,0,0,0,5,0,0,0,0
122191,1,1,0,0,0,0,0,0,0,0,0,0
122191,2,1,0,0,0,0,0,0,0,0,0,0
122192,1,1,0,0,0,0,0,0,0,0,0,0
122192,2,1,0,0,0,0,20,0,0,6,0,0
122193,1,1,0,0,0,0,0,0,0,0,15,0
122193,2,1,0,0,0,0,0,0,0,0,0,0
122194,1,1,0,0,0,0,0,0,0,0,0,0
122195,0,1,0,0,0,0,0,0,0,0,0,0
122195,1,1,0,0,0,0,0,5,0,0,0,0
122196,1,1,19,19,19,19,19,19,19,19,19,19
122197,1,1,11,11,11,11,11,11,11,11,11,11
122198,0,1,26,40,0,14,17,14,24,29,30,30
122198,1,1,0,0,0,0,0,0,0,0,0,0
122199,1,1,0,0,0,0,0,0,0,0,0,0
122200,0,1,0,4,22,11,10,27,0,13,0,20
122200,1,1,0,0,0,0,0,0,0,0,0,0
122201,1,1,0,0,0,0,0,0,0,0,0,0
122201,2,1,0,0,0,0,0,0,0,0,0,0
122202,1,1,0,0,0,0,0,0,0,0,0,0
122202,2,1,0,0,0,0,0,0,0,0,0,0
122203,0,1,31,31,31,31,31,31,31,31,31,31
122203,1,1,0,0,0,0,0,0,0,0,0,0
122204,1,1,0,0,0,0,0,0,0,0,0,0
122205,0,1,0,0,0,0,0,0,0,0,0,0
122205,1,1,0,16,19,29,0,3,0,0,0,0
122207,0,1,0,0,0,0,0,0,0,0,0,0
122207,1,1,0,0,0,0,0,0,0,0,0,0
122208,1,1,0,0,15,0,0,0,0,0,0,0
122208,2,1,0,0,0,0,0,0,0,0,0,0
122209,1,1,0,5,9,25,16,11,0,25,12,10
122209,2,1,0,0,0,0,0,0,0,0,0,0
122210,1,1,13,0,0,11,0,0,12,17,25,17
122210,2,1,0,0,0,0,9,0,21,0,0,0
122211,1,1,0,0,0,0,0,0,0,0,0,0
122211,2,1,5,0,0,17,0,0,0,0,11,0
122212,0,1,0,0,0,0,0,0,0,0,0,4
122212,1,1,0,0,0,0,0,0,0,0,0,0
122213,0,1,0,0,0,0,0,0,0,0,0,0
122213,1,1,0,0,0,0,0,0,0,0,0,0
122214,0,1,4,4,4,4,4,4,4,4,4,4
122214,1,1,0,0,0,0,0,0,0,0,0,0
122215,1,1,25,25,25,25,25,25,25,25,25,25
122216,0,1,0,0,13,0,14,0,0,0,0,0
122216,1,1,0,0,0,0,0,0,0,0,0,14
122217,1,1,0,0,0,0,0,0,0,0,0,0
122217,2,1,2,2,2,2,2,2,2,2,2,2
122218,1,1,0,0,0,0,0,0,0,0,0,0
122219,1,1,20,20,20,20,20,20,20,20,20,20
122219,2,1,0,0,0,0,0,11,0,0,0,0
122220,1,1,0,0,0,0,0,0,0,0,0,0
122221,0,1,20,0,16,29,8,33,23,19,26,0
122221,1,1,0,0,0,0,0,0,0,0,0,0
122222,1,1,0,0,0,0,0,0,0,0,1,0
122222,2,1,3,3,3,3,3,3,3,3,3,3
122223,1,1,0,0,0,0,0,0,0,0,0,0
122224,0,1,0,0,0,0,12,0,0,0,0,0
122224,1,1,0,0,0,0,0,0,0,0,0,0
122225,0,1,0,0,0,0,0,0,0,0,0,0
122225,1,1,0,0,0,0,0,0,0,0,0,0
122226,0,1,0,0,0,0,0,0,0,0,0,0
122226,0,2,0,0,0,0,0,0,0,0,0,0
122226,1,1,0,0,0,0,0,0,0,24,0,0
122227,1,1,0,0,0,17,10,0,0,0,0,0
122228,1,1,0,0,0,0,0,0,0,0,0,0
122228,2,1,17,0,7,25,18,25,8,5,14,15
122229,0,1,0,0,0,0,0,0,0,0,0,0
122229,1,1,0,0,0,0,0,0,0,0,0,0
122230,0,1,0,15,15,0,12,19,0,26,0,0
122230,1,1,0,0,0,2,0,12,0,0,0,27
122231,1,1,0,0,0,0,0,0,0,0,0,0
122231,2,1,0,0,0,0,0,0,0,0,0,0
122232,1,1,0,0,0,0,0,0,0,0,0,0
122232,2,1,0,0,0,0,0,0,0,0,0,0
122233,0,1,23,23,8,25,32,20,0,19,0,7
122233,1,1,0,0,0,0,0,0,0,0,0,0
122234,1,1,0,0,0,0,0,0,0,0,0,0
122235,1,1,0,0,0,14,9,15,0,9,0,0
122235,2,1,0,0,0,0,0,0,0,0,0,0
122236,1,1,7,7,7,7,7,7,7,7,7,7
122236,2,1,0,0,0,0,21,0,0,0,0,16
122236,3,1,0,0,0,0,0,0,0,0,0,0
122236,4,1,0,0,0,6,4,0,0,0,0,0
122237,1,1,0,0,0,0,0,0,0,0,0,0
122237,2,1,0,0,0,0,0,0,0,0,0,0
122238,1,1,0,0,0,0,0,0,0,0,0,0
122238,2,1,0,0,0,0,0,0,0,18,0,0
122239,1,1,0,28,15,0,0,18,21,25,7,12
122239,2,1,0,0,0,0,12,0,0,0,0,0
122240,0,1,24,24,24,24,24,24,24,24,24,24
122240,1,1,0,0,0,0,0,0,0,0,0,0
122241,0,1,0,0,0,28,35,0,0,0,0,0
122241,1,1,0,0,0,0,0,0,0,0,0,0
122241,2,1,0,0,0,0,0,0,0,0,0,0
122242,1,1,0,0,0,0,0,0,0,0,0,0
122242,2,1,0,0,0,0,0,0,0,0,0,0
122243,0,1,25,25,25,25,25,25,25,25,25,25
122243,1,1,0,0,0,0,0,0,0,0,0,0
122244,1,1,15,0,0,0,18,22,27,0,0,20
122245,0,1,0,0,0,0,6,0,0,0,0,0
122245,1,1,0,0,0,0,0,13,0,0,0,0
122245,2,1,0,0,0,0,0,0,0,8,0,0
122246,1,1,0,0,0,0,0,0,0,0,0,0
122247,1,1,18,18,18,18,18,18,18,18,18,18
122248,1,1,0,0,0,0,8,0,0,0,0,0
122248,2,1,0,0,0,0,0,0,0,0,0,0
122248,3,1,0,0,0,0,0,0,0,0,0,0
122249,0,1,0,0,0,0,0,0,0,0,0,0
122249,1,1,0,0,0,0,0,0,0,0,0,0
122250,1,1,0,0,0,0,0,0,0,0,0,0
122250,2,1,5,0,0,0,0,0,0,0,0,0
122250,3,1,0,0,0,0,0,0,0,0,0,0
122251,1,1,14,14,14,14,14,14,14,14,14,14
122252,1,1,0,10,19,0,0,20,0,0,0,0
122253,1,1,0,14,0,0,0,0,0,13,12,0
122254,0,1,0,0,0,30,0,0,0,0,0,0
122254,1,1,0,0,0,0,0,0,0,0,0,0
122255,1,1,8,8,8,8,8,8,8,8,8,8
122255,2,1,0,0,0,0,0,0,0,0,0,0
122256,1,1,19,19,19,19,19,19,19,19,19,19
122257,1,1,17,17,17,17,17,17,17,17,17,17
122258,1,1,0,0,0,0,0,0,0,0,0,0
122258,2,1,0,0,0,0,0,0,0,0,0,0
122259,1,1,0,0,0,7,0,28,0,0,0,0
122259,2,1,0,0,0,0,0,0,0,0,0,0
122260,1,1,0,0,0,0,0,0,0,0,0,0
122261,1,1,0,0,0,0,10,0,0,0,0,0
122262,1,1,5,27,0,24,0,0,13,17,29,38
122263,1,1,0,0,0,0,0,0,0,0,0,0
122264,1,1,0,0,0,0,0,0,0,0,0,0
122264,2,1,0,0,0,0,0,0,0,0,0,0
122265,0,1,28,28,28,28,28,28,28,28,28,28
122265,1,1,16,27,0,13,18,15,3,7,3,4
122266,1,1,26,26,26,26,26,26,26,26,26,26
122267,0,1,9,27,16,35,19,0,0,0,0,23
122267,1,1,0,0,0,0,0,0,0,0,0,0
122268,0,1,0,0,0,21,28,0,0,0,15,0
122268,1,1,0,0,0,0,0,0,0,0,0,0
122269,1,1,0,0,0,0,0,0,0,0,0,0
122269,2,1,0,0,0,0,0,21,0,0,0,0
122269,3,1,0,20,0,0,0,0,0,0,0,0
122270,0,1,0,0,0,0,0,11,0,0,0,0
122270,1,1,0,0,0,0,0,0,0,0,3,0
122271,0,1,38,38,38,38,38,38,38,38,38,38
122271,1,1,0,0,17,0,0,0,0,0,0,0
122272,1,1,0,0,0,0,0,0,0,0,0,0
122273,0,1,0,0,0,11,0,0,0,0,0,0
122273,1,1,0,0,0,0,0,0,0,0,0,0
122274,0,1,0,0,0,0,0,0,0,0,0,0
122274,1,1,0,0,0,0,0,0,0,0,0,0
122275,1,1,0,0,0,0,0,0,0,0,0,6
122275,2,1,0,0,0,0,0,0,0,0,0,0
122276,1,1,0,15,0,0,0,0,0,24,31,0
122277,1,1,0,0,0,0,0,0,0,0,0,0
122277,2,1,0,0,0,0,0,0,0,23,0,0
122279,0,1,23,41,0,0,0,0,0,0,0,0
122279,1,1,16,0,0,0,0,0,0,0,0,0
122279,2,1,0,0,0,0,0,0,0,0,0,0
122280,0,1,0,0,0,0,0,0,0,0,0,0
122280,1,1,0,0,0,0,9,0,0,0,0,0
122281,1,1,0,0,0,0,0,0,0,0,0,0
122281,2,1,0,0,0,0,0,0,14,0,0,0
122282,0,1,0,12,0,0,0,0,0,0,0,0
122282,1,1,0,0,0,0,0,0,0,0,0,0
122283,1,1,0,13,0,0,0,0,0,0,0,0
122283,2,1,0,0,0,0,0,17,0,0,0,0
122283,3,1,0,0,0,0,0,0,0,0,0,0
122284,1,1,25,16,17,19,17,10,19,14,33,13
122285,1,1,0,0,0,0,0,0,0,0,0,0
122285,2,1,0,0,0,0,0,0,0,0,0,0
122286,1,1,0,0,0,0,0,19,0,0,0,25
122288,1,1,0,0,0,0,0,0,0,0,0,0
122289,1,1,0,0,0,2,0,0,0,0,0,0
122290,1,1,0,0,0,0,0,0,0,0,0,0
122290,2,1,0,0,0,0,0,0,0,0,0,0
122290,3,1,0,0,0,0,0,0,0,0,0,3
122291,0,1,0,0,0,0,20,0,0,25,3,0
122291,1,1,0,0,0,0,0,0,0,0,16,0
122292,0,1,0,20,0,12,0,29,35,0,0,0
122292,1,1,0,0,0,0,0,0,0,0,0,0
122292,2,1,25,5,11,6,8,5,19,17,17,9
122293,1,1,0,0,0,0,0,0,0,7,0,0
122293,2,1,0,11,0,0,0,0,0,0,0,0
122294,1,1,0,0,0,0,0,0,0,0,0,0
122294,2,1,0,0,0,0,0,0,0,0,0,0
122295,0,1,21,0,4,0,0,0,0,0,0,0
122295,1,1,0,0,0,0,0,0,0,0,0,0
122296,0,1,8,0,22,20,22,26,0,21,22,40
122296,1,1,0,0,0,0,0,0,0,0,0,0
122296,2,1,7,7,0,0,12,0,18,23,0,0
122297,1,1,0,0,0,17,0,0,0,0,0,0
122297,2,1,0,0,0,0,0,0,0,0,0,0
122298,1,1,15,0,12,14,14,6,0,0,20,0
122299,0,1,0,11,0,0,4,17,0,24,0,0
122299,1,1,0,0,0,0,0,0,0,0,0,0
122300,1,1,0,0,0,0,0,0,0,0,0,0
122300,2,1,0,0,0,0,0,0,0,0,0,0
122301,1,1,0,0,0,0,0,0,0,0,0,0
122301,2,1,0,0,0,0,0,0,0,0,0,0
122302,1,1,0,0,0,0,0,0,0,22,0,0
122303,1,1,0,0,0,0,0,0,0,0,0,0
122303,2,1,0,0,0,0,0,0,0,0,0,0
122304,0,1,30,0,22,26,26,20,0,35,0,20
122304,1,1,0,0,0,0,0,0,0,0,0,0
122305,0,1,31,31,31,31,31,31,31,31,31,31
122305,1,1,0,0,0,0,22,0,0,0,0,0
122306,1,1,0,0,0,0,0,0,0,0,0,0
122306,2,1,0,0,0,0,0,0,0,0,0,0
122307,1,1,0,0,0,0,0,0,32,0,0,0
122308,1,1,0,0,0,0,0,0,0,0,0,0
122309,1,1,0,0,0,0,0,0,0,0,0,0
122309,2,1,0,0,0,0,0,0,0,0,0,0
122310,0,1,0,0,0,0,4,0,0,0,0,0
122310,1,1,0,0,0,0,0,0,0,0,0,0
122311,0,1,14,0,0,7,0,0,8,0,25,0
122311,1,1,0,0,33,0,0,0,0,0,0,0
122312,1,1,0,0,0,0,0,0,0,0,0,0
122312,2,1,0,0,0,0,0,0,0,0,0,0
122313,0,1,0,0,0,0,0,38,0,0,0,0
122313,1,1,0,0,0,0,0,0,9,0,0,0
122314,0,1,46,19,29,0,25,19,0,0,16,0
122314,1,1,0,0,0,23,0,0,0,0,0,0
122315,1,1,0,0,0,0,0,0,34,0,0,0
122317,1,1,0,0,0,0,0,13,10,0,0,0
122317,2,1,0,0,0,0,0,0,0,23,0,0
122318,1,1,0,0,0,0,0,0,9,0,0,0
122318,2,1,0,0,0,0,0,0,0,0,0,0
122320,1,1,19,25,23,17,18,15,3,30,0,0
122321,1,1,0,0,0,0,0,0,0,0,0,0
122321,2,1,0,0,0,5,0,0,0,0,0,0
122322,0,1,0,0,15,22,0,0,0,9,0,0
122322,1,1,0,0,0,0,0,0,0,0,0,0
122323,0,1,17,0,0,0,0,0,0,12,0,0
122323,1,1,0,0,0,0,0,0,0,0,0,0
122324,0,1,40,17,31,0,24,29,13,15,35,18
122324,1,1,0,0,0,0,0,0,0,0,0,0
122325,1,1,0,0,0,0,0,0,0,0,0,0
122325,2,1,0,0,0,0,0,0,0,0,0,0
122326,1,1,20,20,20,20,20,20,20,20,20,20
122327,0,1,0,0,0,0,0,0,0,11,0,0
122327,1,1,0,0,0,0,0,0,0,0,0,0
122328,0,1,19,0,39,0,20,0,0,39,0,0
122328,1,1,0,0,0,0,0,0,0,0,0,0
130001,1,1,0,0,0,0,0,0,0,0,0,0
130001,2,1,0,0,7,0,0,0,0,0,0,0
130002,0,1,24,24,24,24,24,24,24,24,24,24
130002,1,1,6,6,6,6,6,6,6,6,6,6
130003,1,1,0,0,0,0,0,0,0,0,0,0
130003,2,1,0,0,0,0,0,0,0,0,0,0
130003,3,1,0,0,0,0,0,0,0,0,0,0
130004,1,1,0,0,0,0,0,0,0,0,0,0
130004,2,1,0,0,0,0,0,0,0,0,0,0
130005,1,1,0,0,0,0,0,0,0,0,0,0
130005,2,1,0,0,0,0,0,0,0,0,0,0
130006,1,1,0,0,0,0,0,0,0,0,0,0
130007,1,1,0,0,0,0,0,0,0,0,0,0
130008,1,1,0,0,0,20,0,0,0,0,0,0
130009,1,1,0,0,0,0,0,0,0,0,0,0
130009,2,1,0,0,0,15,0,0,0,17,0,0
130010,0,1,0,0,0,12,0,0,0,0,0,0
130010,1,1,0,0,0,0,0,0,0,0,0,0
130011,1,1,0,0,0,0,0,0,0,0,0,0
130011,2,1,0,0,0,0,0,0,0,0,0,0
130012,1,1,0,0,0,0,0,0,0,0,0,0
130012,2,1,0,0,0,0,0,0,0,0,0,0
130012,3,1,0,0,0,0,0,0,0,0,0,0
130013,1,1,0,0,0,0,0,0,0,0,0,0
130014,0,1,9,0,0,0,0,0,0,0,0,20
130014,1,1,0,0,0,0,0,0,0,0,0,0
130015,1,1,0,0,0,0,0,0,0,0,0,0
130016,1,1,0,0,0,0,0,0,0,0,0,0
130016,2,1,0,0,0,0,0,0,0,0,0,0
130017,0,1,0,0,0,0,0,0,0,0,0,0
130017,1,1,0,0,0,0,0,0,0,0,0,0
130018,1,1,0,0,0,0,0,0,0,0,0,0
130018,2,1,0,0,0,0,0,0,0,0,0,0
130019,0,1,0,0,0,0,0,0,0,0,0,0
130019,1,1,0,0,0,0,0,0,0,0,0,0
130020,1,1,0,0,0,0,0,0,0,0,0,0
130020,2,1,0,0,0,0,0,0,0,0,0,0
130020,3,1,0,0,10,0,0,0,0,0,0,0
130020,4,1,0,0,0,0,0,0,0,0,0,0
130021,1,1,0,0,0,0,0,0,0,0,0,0
130021,2,1,0,0,0,0,0,0,0,0,0,0
130022,1,1,0,0,0,19,7,0,0,0,0,0
130023,0,1,9,9,9,9,9,9,9,9,9,9
130023,1,1,0,0,0,0,0,0,0,0,0,0
130024,1,1,0,0,0,0,0,0,0,0,0,0
130025,1,1,9,0,0,0,0,18,0,0,0,0
130025,2,1,0,0,0,0,0,0,0,0,0,0