ST_CASE,VEH_NO,PER_NO,P1,P2,P3,P4,P5,P6,P7,P8,P9,P10
130026,1,1,0,0,0,0,0,0,0,0,0,0
130026,2,1,0,0,0,0,0,0,0,0,0,0
130027,1,1,0,0,0,0,0,0,0,0,0,0
130028,0,1,0,0,0,0,0,0,0,0,0,27
130028,0,2,0,0,0,0,0,0,0,0,0,0
130028,0,3,0,0,0,0,0,0,0,0,0,0
130028,1,1,0,0,0,0,0,0,0,0,0,0
130029,1,1,9,9,9,9,9,9,9,9,9,9
130030,1,1,16,23,24,25,20,9,13,17,24,9
130031,1,1,17,17,17,17,17,17,17,17,17,17
130032,1,1,15,15,15,15,15,15,15,15,15,15
130033,1,1,10,10,10,10,10,10,10,10,10,10
130034,1,1,0,0,0,0,0,0,0,0,0,0
130035,0,1,22,22,22,22,22,22,22,22,22,22
130035,1,1,0,0,0,0,14,0,0,0,0,17
130036,1,1,0,0,0,0,0,0,0,0,0,0
130037,1,1,0,0,6,0,6,0,0,0,0,0
130037,2,1,0,0,0,0,0,0,0,0,0,0
130038,1,1,0,0,26,15,0,21,0,28,0,0
130038,2,1,17,0,0,0,0,17,14,0,21,20
130039,0,1,0,0,0,0,0,0,0,0,0,0
130039,1,1,21,0,16,0,0,0,0,0,15,0
130039,2,1,0,0,0,0,0,0,0,0,0,0
130040,0,1,0,0,0,0,0,0,0,0,0,0
130040,0,2,0,0,0,0,13,20,17,0,0,33
130040,1,1,0,0,0,0,0,0,0,0,0,0
130041,1,1,0,0,0,0,0,0,0,0,0,0
130041,2,1,0,0,0,15,0,0,0,0,0,0
130041,3,1,0,0,15,0,0,0,0,0,0,11
130042,1,1,0,0,0,0,0,0,0,0,0,0
130042,2,1,0,0,0,0,0,0,0,0,0,0
130043,1,1,0,0,0,0,0,0,0,0,0,0
130044,1,1,0,0,0,0,0,0,0,0,0,0
130045,1,1,0,0,0,0,0,0,0,0,0,0
130046,1,1,0,0,0,0,0,0,0,0,0,0
130046,2,1,0,0,0,0,0,0,0,0,0,0
130047,1,1,0,0,0,0,0,0,0,0,0,0
130047,2,1,0,0,0,0,0,0,0,0,0,0
130048,1,1,0,0,0,0,0,0,0,0,0,0
130048,2,1,0,0,0,0,0,0,0,0,0,0
130048,3,1,0,0,0,0,0,0,0,0,0,0
130048,4,1,0,0,0,0,0,0,0,0,0,0
130048,5,1,0,0,0,0,0,0,0,0,0,0
130048,6,1,0,0,0,0,0,0,0,0,0,0
130049,1,1,0,0,0,0,0,0,0,0,0,0
130050,1,1,0,0,0,0,0,19,0,0,0,0
130050,2,1,0,0,0,0,0,0,0,0,0,0
130051,1,1,0,0,0,0,0,0,0,0,0,0
130052,0,1,0,0,0,0,0,0,0,0,0,0
130052,1,1,0,0,0,0,0,0,0,0,0,0
130053,1,1,4,4,4,4,4,4,4,4,4,4
130054,1,1,0,0,0,7,0,0,0,0,0,0
130055,1,1,0,0,0,0,0,0,0,0,0,0
130056,1,1,0,26,0,0,0,0,0,0,0,0
130056,2,1,0,0,0,0,0,0,0,0,14,0
130056,3,1,0,0,0,0,0,0,0,0,0,0
130057,0,1,0,19,0,24,27,0,0,24,32,29
130057,1,1,0,0,0,0,0,0,0,0,0,0
130057,2,1,7,0,0,0,0,0,0,0,0,0
130058,1,1,0,0,0,0,0,0,0,0,0,0
130058,2,1,0,0,0,0,0,0,0,0,0,0
130059,1,1,34,34,34,34,34,34,34,34,34,34
130060,1,2,0,0,16,20,23,0,19,0,10,0
130061,1,1,0,0,0,0,0,0,0,0,0,0
130062,0,1,37,31,0,0,0,0,0,0,0,0
130062,1,1,10,6,30,16,29,4,24,9,9,0
130062,3,1,0,0,0,0,0,0,0,0,0,0
130063,1,1,35,35,35,35,35,35,35,35,35,35
130063,2,1,0,0,0,0,0,0,0,0,0,0
130064,1,1,0,0,0,0,0,0,0,0,0,0
130064,2,1,0,0,0,0,0,0,0,0,0,0
130065,1,1,0,19,0,0,0,0,0,0,0,0
130066,1,1,14,12,14,21,20,12,23,9,9,0
130067,1,1,0,0,0,0,0,0,0,0,0,0
130068,1,1,15,15,15,15,15,15,15,15,15,15
130069,1,1,20,20,20,20,20,20,20,20,20,20
130070,0,1,4,4,4,4,4,4,4,4,4,4
130070,1,1,0,0,0,14,0,0,26,21,0,0
130071,1,1,18,18,18,18,18,18,18,18,18,18
130071,2,1,0,0,0,0,0,0,0,0,12,0
130071,3,1,0,0,0,0,0,0,0,0,0,3
130071,4,1,0,0,0,0,0,0,0,0,0,0
130071,5,1,0,0,0,0,0,0,0,0,0,0
130072,1,1,13,13,13,13,13,13,13,13,13,13
130073,0,1,0,21,0,17,32,0,0,48,0,12
130073,1,1,0,0,0,0,0,0,0,0,0,0
130073,2,1,3,0,0,0,0,0,0,0,0,0
130074,1,1,0,0,0,0,0,0,0,0,0,0
130074,2,1,0,0,0,0,0,0,0,0,0,0
130075,1,1,0,0,0,0,0,0,0,0,0,0
130075,2,1,0,0,0,0,0,0,0,0,0,0
130076,1,1,0,0,0,0,0,0,0,0,0,0
130077,1,1,0,0,0,0,0,0,0,0,0,0
130078,0,1,0,0,13,0,0,0,0,0,0,0
130078,1,1,0,0,0,0,0,0,0,0,0,0
130079,1,1,0,0,0,0,0,0,0,0,0,0
130079,2,1,0,0,0,0,0,0,0,0,0,0
130080,1,1,0,0,0,0,0,0,0,0,0,0
130080,2,1,0,0,0,16,0,0,0,0,0,0
130081,1,1,0,0,0,0,0,0,0,0,0,0
130082,1,1,0,0,0,0,0,0,0,0,0,0
130083,1,1,20,20,20,20,20,20,20,20,20,20
130084,1,1,0,0,0,0,24,16,0,0,28,0
130084,2,1,0,0,0,0,0,0,0,0,0,0
130084,3,1,15,0,0,8,0,25,0,13,0,0
130084,4,1,0,0,0,0,0,0,0,0,0,0
130085,1,1,0,0,0,10,0,0,0,0,0,0
130086,1,1,0,0,0,0,0,22,0,0,0,0
130087,0,1,0,0,0,0,0,0,0,0,0,0
130087,1,1,0,0,0,0,0,0,0,0,0,0
130088,1,1,0,0,0,0,0,0,0,0,0,0
130088,2,1,0,0,0,0,0,0,0,0,0,0
130089,1,1,39,39,39,39,39,39,39,39,39,39
130090,1,1,0,0,0,0,0,0,0,0,0,0
130090,2,1,0,0,0,0,0,0,0,0,0,0
130091,1,1,9,9,9,9,9,9,9,9,9,9
130092,1,1,0,0,0,0,0,0,0,0,0,0
130092,2,1,0,0,0,0,0,0,0,0,0,0
130093,1,1,0,0,0,0,0,0,0,0,0,0
130093,2,1,0,0,0,0,0,0,0,0,0,0
130094,1,1,18,13,13,11,42,9,9,23,17,26
130095,1,1,0,0,0,0,0,0,0,0,0,0
130095,2,1,0,0,0,0,0,0,0,0,0,0
130096,1,1,11,11,11,11,11,11,11,11,11,11
130097,0,1,0,40,19,23,0,44,28,0,0,28
130097,1,1,0,28,17,0,23,0,8,0,0,0
130098,1,1,19,19,19,19,19,19,19,19,19,19
130099,1,1,0,0,0,0,0,0,0,0,0,0
130100,1,1,0,0,0,0,0,0,0,0,0,0
130100,2,1,0,0,0,0,0,0,0,0,0,0
130101,0,1,0,0,0,0,0,0,0,0,0,0
130101,1,1,0,0,0,0,0,0,16,0,0,0
130102,1,1,0,0,0,0,0,0,0,0,0,0
130103,1,1,0,0,0,0,0,0,0,0,0,0
130103,2,1,0,0,0,0,0,0,0,0,0,0
130104,0,1,0,0,0,0,0,0,0,0,0,0
130104,1,1,0,0,0,0,0,0,0,0,0,0
130105,1,1,16,16,16,16,16,16,16,16,16,16
130106,1,1,0,0,0,0,0,0,0,0,0,0
130106,2,1,0,0,0,0,0,0,0,0,0,0
130106,3,1,5,0,0,0,0,0,0,0,0,0
130106,4,1,0,0,0,0,0,0,0,0,0,0
130106,5,1,0,0,0,0,0,0,0,0,0,0
130106,6,1,0,0,0,0,0,0,0,0,0,0
130106,7,1,0,0,0,0,0,0,0,0,0,0
130107,1,1,0,0,0,0,0,0,0,0,0,0
130107,2,1,0,0,0,0,0,0,0,0,0,0
130107,3,1,0,0,0,0,0,0,0,0,0,0
130107,4,1,0,0,0,0,0,0,0,0,0,0
130107,5,1,0,0,0,0,0,0,0,0,0,0
130107,6,1,0,0,21,0,0,0,0,0,0,0
130108,0,1,0,0,0,0,0,0,0,0,0,0
130108,1,1,0,0,0,0,0,0,0,0,0,0
130108,2,1,0,0,0,0,0,0,0,0,0,0
130109,1,1,0,0,0,0,0,0,0,0,0,0
130110,1,1,0,0,0,11,0,0,0,0,0,35
130111,1,1,0,0,0,0,0,0,0,0,0,0
130111,2,1,0,0,0,0,0,0,0,0,0,0
130112,1,1,13,13,13,13,13,13,13,13,13,13
130112,2,1,0,0,0,0,0,0,0,0,0,0
130113,1,1,0,0,0,13,0,0,0,0,0,0
130113,2,1,0,0,0,0,0,0,0,0,0,0
130113,3,1,5,5,5,5,5,5,5,5,5,5
130114,1,1,15,15,15,15,15,15,15,15,15,15
130115,1,1,24,24,24,24,24,24,24,24,24,24
130116,1,1,6,6,6,6,6,6,6,6,6,6
130116,2,1,0,0,0,0,0,0,0,0,0,0
130117,1,1,23,23,23,23,23,23,23,23,23,23
130118,1,1,15,15,15,15,15,15,15,15,15,15
130119,1,1,21,21,21,21,21,21,21,21,21,21
130120,1,1,0,0,0,0,0,0,0,0,0,0
130120,2,1,0,0,0,0,0,0,0,0,0,0
130121,1,1,0,0,0,0,0,0,0,0,0,0
130121,2,1,0,0,0,0,0,0,0,0,0,0
130121,3,1,0,0,0,0,0,0,8,0,0,0
130122,1,1,0,0,0,0,0,0,0,0,0,0
130122,2,1,0,0,0,0,0,0,0,0,0,0
130123,1,1,0,0,0,0,0,0,0,0,0,0
130123,2,1,0,0,0,0,0,0,0,0,0,0
130124,1,1,0,0,0,0,0,0,0,0,0,0
130125,1,1,0,0,0,0,0,0,0,0,0,0
130126,1,1,0,0,0,0,0,0,0,0,0,0
130126,2,1,0,0,0,0,0,0,0,0,0,0
130127,1,1,0,0,0,0,0,0,0,0,0,0
130127,2,1,0,0,0,0,0,0,0,0,0,0
130128,1,1,0,0,0,0,0,0,0,0,0,0
130128,2,1,0,0,0,0,0,17,0,0,0,0
130129,1,1,0,0,0,0,0,0,0,0,0,0
130129,2,1,0,0,0,0,0,0,0,0,0,0
130130,1,1,0,0,0,0,9,0,0,0,0,0
130130,2,1,0,0,0,0,0,0,0,0,0,0
130131,0,1,0,0,0,0,0,0,0,0,0,0
130131,0,2,0,0,0,0,0,0,0,0,0,0
130131,0,3,0,0,0,0,6,0,0,41,0,0
130131,1,1,0,0,0,0,8,0,0,0,0,0
130132,1,1,3,3,3,3,3,3,3,3,3,3
130133,1,1,11,11,11,11,11,11,11,11,11,11
130134,1,1,27,27,27,27,27,27,27,27,27,27
130135,0,1,3,3,3,3,3,3,3,3,3,3
130135,1,1,0,0,0,0,0,0,0,0,0,8
130136,1,1,0,0,0,0,0,24,0,0,0,0
130136,2,1,0,0,0,0,0,0,0,0,0,0
130137,1,1,14,14,14,14,14,14,14,14,14,14
130137,2,1,0,0,0,0,0,0,14,0,0,0
130138,0,1,27,0,3,19,0,27,0,0,0,0
130138,1,1,0,13,0,0,0,0,0,5,0,0
130139,1,1,28,28,28,28,28,28,28,28,28,28
130140,1,1,16,16,16,16,16,16,16,16,16,16
130141,0,1,0,0,0,0,0,0,0,0,0,0
130141,1,1,0,0,0,7,0,0,0,0,0,0
130142,1,1,23,23,23,23,23,23,23,23,23,23
130143,1,1,0,0,0,0,0,10,0,0,15,0
130144,1,1,27,27,27,27,27,27,27,27,27,27
130145,1,1,0,0,0,0,0,0,0,0,0,0
130145,2,1,0,0,0,0,0,0,0,0,0,0
130146,1,1,0,0,0,0,0,0,0,0,0,0
130146,2,1,0,0,0,0,0,0,0,0,0,0
130146,3,1,0,0,0,0,0,0,0,0,0,0
130146,4,1,0,0,0,0,0,0,0,0,0,0
130146,5,1,0,20,0,0,0,0,0,0,0,0
130146,6,1,0,0,0,0,0,0,0,0,0,0
130147,1,1,0,0,0,7,0,0,0,0,0,0
130148,0,1,0,0,0,0,0,0,0,0,0,0
130148,1,1,0,0,0,0,0,0,0,0,0,0
130149,1,1,0,0,0,0,0,0,0,0,0,0
130149,2,1,0,0,0,0,0,0,0,0,5,0
130150,1,1,0,0,0,0,0,0,0,0,0,0
130151,1,1,4,4,4,4,4,4,4,4,4,4
130151,2,1,0,0,0,0,0,0,0,0,0,0
130152,0,1,21,21,21,21,21,21,21,21,21,21
130152,1,1,21,21,21,21,21,21,21,21,21,21
130152,2,1,0,4,16,20,10,0,0,13,0,10
130153,1,1,0,0,0,0,0,0,0,0,0,0
130153,2,1,0,0,0,0,0,0,0,0,0,6
130154,1,1,0,0,0,0,0,0,0,0,0,0
130154,2,1,0,0,0,0,0,0,0,0,0,0
130155,0,1,9,0,23,9,0,0,15,11,0,13
130155,1,1,0,26,17,0,16,21,20,23,0,10
130156,1,1,0,12,8,15,8,17,23,25,29,13
130156,2,1,22,28,26,32,0,0,10,0,41,22
130157,1,1,0,0,0,0,0,0,0,0,0,0
130158,1,1,0,0,0,0,0,0,0,0,0,0
130159,1,1,11,11,11,11,11,11,11,11,11,11
130159,2,1,0,0,0,0,0,0,0,0,0,0
130160,1,1,0,0,0,0,0,0,0,0,0,0
130161,1,1,0,0,0,0,0,0,0,0,0,0
130162,1,1,0,0,0,0,23,0,0,0,0,12
130163,1,1,0,0,0,0,0,0,18,0,0,0
130164,1,1,0,0,0,0,0,0,0,0,0,0
130165,0,1,0,16,0,0,19,0,0,0,0,0
130165,1,1,0,0,0,22,0,0,0,15,0,0
130166,1,1,0,0,0,0,0,0,0,0,0,0
130166,2,1,0,0,0,0,0,0,0,0,0,0
130167,1,1,0,0,0,0,0,0,0,0,0,0
130168,1,1,0,0,0,0,0,0,0,0,0,0
130168,2,1,0,0,0,0,0,0,0,0,0,0
130169,1,1,0,0,0,24,9,0,0,0,0,0
130170,1,1,0,0,0,0,0,0,0,0,0,0
130171,1,1,18,18,18,18,18,18,18,18,18,18
130172,1,1,26,26,26,26,26,26,26,26,26,26
130173,1,1,0,0,0,0,0,0,0,0,0,0
130174,1,1,0,0,0,0,0,0,0,0,0,0
130174,2,1,0,0,0,0,0,0,0,0,0,0
130175,1,2,0,21,0,0,0,0,0,0,0,3
130176,1,1,0,0,15,0,0,0,0,0,0,0
130177,1,1,0,18,0,0,19,0,11,0,0,0
130178,1,1,16,16,16,16,16,16,16,16,16,16
130179,1,1,19,19,19,19,19,19,19,19,19,19
130180,1,1,18,35,8,16,20,38,0,17,14,8
130181,1,1,0,0,0,0,7,0,0,0,0,0
130182,1,1,0,0,0,0,0,0,0,0,0,0
130182,2,1,0,0,0,0,0,0,0,0,0,0
130183,1,1,22,22,22,22,22,22,22,22,22,22
130184,1,1,0,0,0,0,0,0,0,0,0,0
130185,1,1,0,0,0,0,0,0,0,0,0,0
130185,2,1,0,0,0,0,0,0,0,0,0,0
130186,1,1,20,20,20,20,20,20,20,20,20,20
130187,1,1,0,0,0,0,0,0,0,0,0,0
130187,2,1,0,0,4,0,0,0,0,0,0,0
130187,3,1,0,0,0,0,0,0,0,0,0,0
130188,1,1,0,0,0,0,0,0,0,0,0,0
130189,1,1,18,0,0,0,0,0,0,0,0,22
130190,1,1,0,0,0,0,0,0,0,0,0,0
130191,0,1,0,0,0,0,0,0,0,0,0,0
130191,1,1,0,0,0,0,0,0,0,0,0,0
130192,1,1,0,0,0,0,0,0,0,0,0,0
130193,1,1,0,0,0,0,0,0,0,0,0,0
130193,2,1,0,0,0,0,0,0,0,0,0,0
130193,3,1,0,0,0,0,0,0,0,0,0,0
130194,0,1,23,0,4,22,14,0,0,0,19,32
130194,1,1,0,0,0,0,0,23,0,0,0,0
130195,1,1,37,0,0,0,0,0,0,0,0,0
130196,1,1,0,0,0,0,0,0,0,0,0,0
130197,1,1,10,10,10,10,10,10,10,10,10,10
130198,1,1,0,0,0,0,0,0,0,0,0,0
130199,1,1,13,12,28,3,34,23,37,23,13,39
130200,1,1,0,0,0,0,0,0,0,0,0,0
130201,1,1,0,0,0,0,0,0,0,0,19,0
130201,2,1,22,22,22,22,22,22,22,22,22,22
130202,1,1,12,0,19,0,25,0,0,0,0,0
130203,0,1,0,0,0,0,0,0,0,0,0,0
130203,1,1,0,0,0,0,0,0,0,0,10,0
130204,1,1,0,0,0,0,0,0,0,0,0,0
130205,0,1,0,0,0,0,0,0,0,0,0,0
130205,1,1,0,0,0,0,0,0,0,0,0,0
130206,1,1,0,0,0,0,0,0,0,15,0,0
130206,2,1,0,0,0,0,0,8,0,0,0,0
130207,0,1,0,0,0,0,0,0,0,0,0,0
130207,1,1,0,0,0,0,0,0,0,0,0,0
130208,1,1,0,0,0,0,0,0,0,0,0,0
130209,1,1,12,12,12,12,12,12,12,12,12,12
130209,2,1,0,0,0,0,0,0,0,0,11,0
130210,1,1,0,0,0,0,0,0,0,0,0,0
130211,1,1,0,0,0,0,0,0,0,0,0,0
130211,2,1,0,0,0,0,0,0,0,0,12,0
130212,0,1,0,0,0,19,0,0,0,0,0,0
130212,1,1,0,0,0,0,0,0,0,0,0,0
130213,1,1,0,0,0,0,0,0,0,0,0,0
130213,2,1,0,0,0,0,0,0,0,0,0,0
130213,3,1,0,0,0,0,0,0,0,0,0,0
130213,4,1,0,0,0,0,0,0,0,0,0,0
130215,0,1,0,0,0,0,0,0,0,0,0,0
130215,1,1,0,0,0,0,0,0,0,0,0,0
130216,1,1,0,0,0,0,0,0,0,0,0,0
130216,2,1,0,0,0,0,0,0,0,0,0,0
130217,1,1,0,0,0,0,0,0,0,0,0,0
130217,2,1,0,0,0,0,0,0,0,0,0,0
130217,3,1,0,0,0,0,0,0,17,0,0,0
130218,0,1,0,0,0,0,0,0,0,0,0,0
130218,1,1,0,0,0,0,0,0,0,0,0,0
130220,1,1,10,10,10,10,10,10,10,10,10,10
130221,1,1,0,0,0,0,0,0,0,0,0,0
130221,2,1,0,0,0,0,0,0,0,0,0,0
130221,3,1,0,0,0,0,0,0,0,0,0,0
130222,1,1,0,0,0,0,0,0,0,0,0,0
130223,1,1,0,0,0,0,0,0,0,0,0,0
130223,2,1,0,0,0,0,0,0,0,0,0,0
130224,1,1,0,0,22,0,0,0,0,0,0,0
130224,2,1,0,0,0,0,0,0,0,0,0,4
130225,1,1,9,5,0,0,20,5,0,0,9,0
130225,2,1,0,0,0,0,0,0,0,0,0,5
130225,3,1,0,0,0,0,0,0,0,0,0,0
130226,0,1,0,0,0,0,0,0,0,0,0,0
130226,1,1,0,0,0,0,0,0,0,0,0,0
130227,1,1,0,0,31,0,0,0,0,12,16,0
130228,1,1,0,0,0,0,0,0,0,0,0,0
130229,0,1,19,19,19,19,19,19,19,19,19,19
130229,1,1,0,0,0,0,0,0,0,0,0,0
130230,1,1,0,0,0,16,0,0,0,0,0,21
130231,1,1,0,0,0,0,0,0,0,0,0,0
130232,1,1,0,0,0,0,0,0,0,0,0,0
130232,2,1,0,0,0,0,0,0,0,0,0,0
130233,1,1,0,0,0,0,18,0,0,0,0,0
130234,1,1,0,0,0,0,0,0,0,0,0,0
130234,2,1,0,0,0,0,0,3,0,0,0,0
130235,1,1,0,0,0,0,0,0,0,0,0,0
130236,1,1,0,0,0,0,0,0,0,0,0,0
130237,1,1,0,0,0,0,0,0,0,0,0,0
130238,1,1,0,0,0,0,0,0,0,0,0,0
130239,1,1,0,0,0,0,0,0,0,0,0,0
130239,2,1,0,0,0,0,0,0,0,0,0,0
130240,1,1,10,8,21,0,0,0,0,35,0,0
130240,2,1,0,0,0,0,0,0,0,0,0,0
130241,1,1,0,0,0,0,0,0,0,0,0,0
130242,1,1,0,0,0,0,0,0,0,13,0,0
130242,2,1,0,0,0,18,0,0,0,0,0,0
130242,3,1,0,0,0,0,0,0,0,0,0,0
130243,1,1,22,22,22,22,22,22,22,22,22,22
130244,1,1,20,20,20,20,20,20,20,20,20,20
130245,1,1,0,0,0,0,0,0,0,0,0,0
130246,0,1,0,0,0,0,0,0,0,0,0,0
130246,2,1,0,0,0,0,0,0,0,0,0,0
130246,3,1,0,0,0,0,0,0,0,0,0,0
130247,0,1,0,0,0,0,0,0,0,0,0,0
130247,1,1,0,0,0,0,0,0,0,0,0,0
130248,1,1,20,9,14,0,25,16,18,0,11,8
130249,1,1,0,0,0,0,0,0,0,0,0,0
130250,1,1,0,0,0,0,0,0,0,0,0,0
130251,0,1,28,28,28,28,28,28,28,28,28,28
130251,1,1,0,0,0,0,0,0,0,0,0,0
130252,1,1,20,20,20,20,20,20,20,20,20,20
130252,2,1,0,0,0,0,0,0,0,0,0,0
130253,0,1,0,0,0,0,0,0,0,0,0,0
130253,1,1,0,0,0,0,0,0,0,0,0,0
130254,1,1,0,0,0,0,0,0,0,0,0,0
130255,1,1,0,0,0,0,0,0,0,0,0,0
130255,2,1,1,1,1,1,1,1,1,1,1,1
130256,0,1,12,0,0,0,11,20,17,22,0,37
130256,1,1,0,0,0,0,0,0,0,0,0,0
130257,1,1,0,0,0,0,0,0,0,0,0,0
130257,2,1,0,0,0,0,0,0,0,0,0,0
130257,3,1,0,0,0,0,0,0,0,0,0,0
130258,1,1,13,13,13,13,13,13,13,13,13,13
130259,1,1,0,0,0,0,0,0,0,0,0,0
130260,1,1,12,0,0,0,0,0,0,18,0,0
130260,2,1,0,0,0,0,0,0,0,0,0,0
130261,1,1,0,0,0,0,0,0,0,0,0,0
130261,2,1,12,12,12,12,12,12,12,12,12,12
130261,3,1,0,0,0,0,0,0,0,0,0,0
130262,1,1,0,0,0,0,0,0,0,0,0,0
130262,2,1,0,0,0,0,0,0,0,0,0,0
130263,1,1,0,25,0,0,39,15,0,0,16,0
130264,1,1,23,0,27,0,0,0,28,0,17,0
130265,1,1,0,0,0,0,0,0,0,0,0,0
130265,2,1,0,0,0,0,0,0,0,0,0,0
130266,1,1,0,0,0,0,0,13,0,0,0,0
130266,2,1,0,0,0,0,0,0,0,0,0,0
130267,1,1,22,22,22,22,22,22,22,22,22,22
130268,1,1,38,31,10,32,17,27,14,37,17,6
130269,1,1,33,0,0,0,0,0,0,0,0,0
130269,2,1,0,0,0,0,0,0,0,0,0,0
130270,1,1,18,18,18,18,18,18,18,18,18,18
130271,0,1,0,0,0,0,0,0,0,0,0,0
130271,1,1,35,0,0,0,0,15,0,0,0,10
130272,0,1,0,0,0,0,0,0,0,0,0,0
130272,1,1,0,0,22,0,0,0,0,0,0,10
130273,0,1,0,0,0,0,0,0,0,0,0,0
130273,1,1,19,19,19,19,19,19,19,19,19,19
130274,1,1,16,16,16,16,16,16,16,16,16,16
130274,2,1,0,0,0,0,0,0,0,0,0,0
130274,3,1,0,0,0,0,0,0,0,0,0,0
130275,1,1,0,0,0,0,0,0,0,0,0,0
130275,2,1,0,0,0,0,0,0,0,0,0,0
130276,1,1,17,17,17,17,17,17,17,17,17,17
130276,2,1,0,0,0,0,0,0,0,0,0,0
130277,1,1,13,13,13,13,13,13,13,13,13,13
130278,1,1,0,0,0,0,0,0,0,0,0,0
130279,1,1,15,15,15,15,15,15,15,15,15,15
130280,1,1,0,0,0,0,0,0,0,0,14,0
130280,2,1,0,0,0,0,0,0,0,0,0,0
130281,1,1,0,0,0,3,0,0,0,0,13,0
130281,2,1,0,0,0,0,0,0,0,0,0,0
130282,1,1,0,0,0,0,0,0,14,0,0,0
130283,1,1,0,0,0,0,0,0,0,0,0,0
130284,1,1,17,0,0,0,0,0,0,0,0,0
130285,1,1,0,0,0,0,0,0,0,0,0,0
130286,1,1,0,0,0,0,0,0,0,0,0,0
130286,2,1,0,0,0,0,0,0,0,0,0,0
130287,1,1,0,0,0,0,0,0,0,0,0,0
130288,1,1,0,0,0,0,0,0,0,0,0,0
130289,1,1,0,0,0,0,0,0,0,0,0,0
130289,2,1,0,0,0,0,0,0,0,0,0,0
130290,1,1,14,14,14,14,14,14,14,14,14,14
130291,1,1,0,21,17,16,18,26,0,37,0,33
130292,0,1,21,21,21,21,21,21,21,21,21,21
130292,1,1,0,0,7,0,0,0,0,28,0,0
130293,1,1,14,16,0,18,10,19,14,0,26,0
130294,1,1,0,0,0,0,15,0,21,0,13,17
130295,0,1,7,7,7,7,7,7,7,7,7,7
130295,1,1,0,0,0,0,0,0,0,0,0,0
130296,1,1,0,0,0,0,0,0,0,0,0,0
130296,2,1,0,0,0,0,0,0,0,0,0,0
130297,0,1,27,27,27,27,27,27,27,27,27,27
130297,1,1,0,13,0,0,0,0,0,7,0,0
130298,1,1,0,0,0,0,0,0,0,0,0,0
130299,1,1,12,12,12,12,12,12,12,12,12,12
130300,1,1,9,9,9,9,9,9,9,9,9,9
130300,2,1,0,0,0,0,0,0,0,0,8,0
130301,1,1,0,0,0,0,0,0,0,0,0,0
130301,2,1,0,0,0,0,0,0,0,0,0,0
130301,3,1,0,0,0,0,0,0,0,0,0,0
130302,1,1,0,0,0,0,0,0,0,0,0,0
130302,2,1,0,0,0,0,0,0,0,0,0,0
130303,0,1,0,0,0,0,0,0,0,0,0,0
130303,1,1,11,4,19,0,5,6,0,11,15,6
130304,0,1,0,0,0,0,0,0,0,0,0,0
130304,1,1,14,34,0,0,0,0,0,0,0,0
130305,1,1,0,0,0,0,0,0,0,0,0,0
130305,2,1,0,0,0,0,0,0,0,0,0,0
130306,1,1,0,0,0,0,0,0,0,0,0,0
130307,1,1,0,0,0,0,0,0,0,0,0,0
130307,2,1,0,0,0,0,0,0,0,0,0,0
130308,0,1,8,8,8,8,8,8,8,8,8,8
130308,1,1,0,3,0,0,0,0,0,0,0,0
130309,1,1,0,0,0,0,0,0,0,0,0,0
130309,2,1,0,0,0,0,0,0,0,0,0,0
130310,1,1,0,0,0,0,0,0,0,0,0,0
130311,1,1,0,0,0,0,0,0,0,0,0,0
130312,1,1,26,26,26,26,26,26,26,26,26,26
130313,1,1,0,7,0,0,0,0,46,18,13,0
130314,1,1,20,0,24,19,18,7,5,17,0,16
130314,2,1,0,0,0,0,0,0,0,0,0,0
130315,1,1,19,19,19,19,19,19,19,19,19,19
130316,3,1,0,0,0,0,0,0,0,38,0,0
130317,1,1,0,0,0,0,0,0,0,0,0,0
130317,2,1,0,0,0,0,0,0,0,0,0,0
130318,0,1,0,0,0,0,0,0,4,0,0,0
130318,1,1,0,0,0,0,0,0,0,0,0,0
130319,1,1,0,0,0,0,0,0,0,0,0,0
130319,2,1,0,0,0,0,0,0,0,0,0,0
130320,1,1,0,0,0,0,0,0,0,0,0,0
130320,2,1,0,0,0,0,0,0,0,0,0,0
130321,1,1,11,9,23,5,0,6,31,24,9,6
130322,1,1,9,0,0,0,0,0,0,0,0,0
130322,2,1,0,0,0,0,0,0,0,0,0,0
130323,1,1,14,14,14,14,14,14,14,14,14,14
130323,2,1,0,0,0,34,0,0,0,7,0,0
130324,1,1,0,0,0,0,0,0,0,0,0,0
130324,2,1,0,0,0,0,0,0,0,0,0,0
130325,1,1,0,0,0,0,0,0,0,23,0,0
130326,1,1,0,0,0,0,0,0,0,0,0,0
130326,2,1,0,0,0,0,0,0,0,0,0,0
130327,1,1,0,0,12,0,0,0,0,0,0,0
130327,2,1,0,0,0,0,0,0,0,0,0,0
130328,1,1,0,0,0,0,12,0,0,28,0,4
130329,1,1,0,0,0,0,0,0,0,0,0,0
130330,1,1,0,0,0,0,0,0,0,0,0,0
130331,1,1,14,14,14,14,14,14,14,14,14,14
130331,2,1,0,0,0,0,0,0,0,12,0,0
130332,1,1,0,0,0,0,0,0,0,17,22,14
130332,2,1,0,0,0,0,0,0,0,0,0,0