ST_CASE,VEH_NO,PER_NO,P1,P2,P3,P4,P5,P6,P7,P8,P9,P10
130332,3,1,0,0,0,0,0,0,0,0,0,0
130333,1,1,14,14,14,14,14,14,14,14,14,14
130334,0,1,0,0,0,0,0,0,0,0,0,0
130334,1,1,0,0,0,0,0,0,0,0,0,0
130335,1,1,0,0,0,0,0,0,0,0,0,0
130336,1,1,9,9,9,9,9,9,9,9,9,9
130336,2,1,0,0,0,0,0,0,0,0,0,15
130336,3,1,0,0,0,0,0,0,0,0,0,0
130337,1,1,0,0,23,0,0,0,0,25,0,0
130338,1,1,0,0,0,11,0,0,0,0,8,12
130339,1,1,9,0,20,0,16,0,0,0,16,20
130340,1,1,0,0,0,0,0,0,0,0,0,0
130340,2,1,0,0,0,0,0,0,0,0,12,0
130341,1,1,30,30,30,30,30,30,30,30,30,30
130342,1,1,6,0,0,0,0,0,0,0,0,0
130342,2,1,0,0,0,0,0,0,0,0,0,0
130343,1,1,0,0,0,0,0,0,0,0,0,0
130343,2,1,0,0,0,0,0,0,0,15,0,0
130344,0,1,0,0,0,0,0,0,0,0,0,0
130344,1,1,0,0,0,0,0,0,0,0,0,0
130345,1,1,26,26,26,26,26,26,26,26,26,26
130346,1,1,21,0,0,0,0,0,0,0,0,0
130346,2,1,0,0,0,0,0,0,0,0,0,0
130347,1,1,0,0,0,0,0,0,0,0,0,0
130348,0,1,0,0,0,0,0,0,0,0,0,13
130348,1,1,0,0,0,0,0,0,0,0,0,0
130349,0,1,0,21,26,21,0,17,0,14,0,29
130349,1,1,0,0,0,0,0,0,0,0,0,0
130350,1,1,0,0,0,0,0,0,0,0,0,0
130351,1,1,20,22,11,18,4,10,21,11,12,16
130352,1,1,0,0,0,0,0,0,0,0,0,0
130352,2,1,0,0,0,0,0,0,0,0,0,0
130352,3,1,0,0,0,0,0,0,0,0,0,0
130353,1,1,10,14,0,0,0,0,0,0,20,0
130354,1,1,22,22,22,22,22,22,22,22,22,22
130354,2,1,10,0,0,0,0,16,0,0,0,0
130355,1,1,0,0,0,0,0,0,0,0,0,16
130356,0,1,0,0,0,0,0,0,0,0,0,0
130356,1,1,0,0,0,0,0,0,0,0,0,0
130357,1,1,0,0,0,0,0,0,0,0,0,0
130358,1,1,0,0,0,0,0,0,0,0,0,0
130358,2,1,0,0,0,0,0,0,0,0,0,0
130359,1,1,0,0,0,0,0,0,13,0,0,0
130360,1,1,0,0,0,0,0,0,0,0,0,0
130361,1,1,0,0,0,0,0,0,0,0,0,0
130362,1,1,0,0,0,0,0,0,0,0,0,0
130363,1,1,0,0,0,0,0,0,0,0,0,0
130364,1,1,0,0,0,0,0,0,0,0,0,0
130364,2,1,0,0,0,0,0,0,0,0,0,0
130364,3,1,0,0,0,0,0,0,0,0,0,0
130365,1,1,0,0,6,0,0,0,0,0,0,0
130365,2,1,0,0,0,0,0,0,0,0,0,0
130365,3,1,0,0,0,0,0,0,0,0,0,0
130366,1,1,0,0,0,0,0,0,0,0,0,0
130366,2,1,0,0,0,0,0,0,0,0,0,0
130366,3,1,0,0,0,0,0,0,0,0,0,0
130367,1,1,0,0,0,0,0,0,0,0,0,0
130368,1,1,0,0,0,0,0,0,0,0,0,0
130369,1,1,14,14,14,14,14,14,14,14,14,14
130370,0,1,15,15,15,15,15,15,15,15,15,15
130370,1,1,0,0,0,0,0,0,0,0,0,0
130371,1,1,0,0,0,0,29,0,0,0,0,0
130372,1,1,0,0,0,0,0,0,0,0,0,0
130372,2,1,0,0,0,0,0,0,0,0,0,0
130373,1,1,10,10,10,10,10,10,10,10,10,10
130374,1,1,0,0,0,0,0,0,0,0,0,0
130374,2,1,0,0,0,0,0,0,0,0,0,0
130375,1,1,0,0,0,0,0,0,0,0,0,0
130375,2,1,0,0,0,18,0,0,0,0,0,0
130376,1,1,0,0,0,0,0,0,0,0,0,0
130376,2,1,0,0,0,0,0,0,0,0,0,0
130377,1,1,6,6,6,6,6,6,6,6,6,6
130378,1,1,0,0,0,0,0,0,0,0,0,0
130378,2,1,0,0,0,0,0,0,0,0,0,0
130378,3,1,0,0,0,0,0,0,0,0,0,0
130379,1,1,0,0,0,0,0,0,0,12,0,0
130380,1,1,29,14,16,18,18,41,23,33,12,32
130381,1,1,0,0,0,0,0,0,12,0,0,0
130382,1,1,23,23,23,23,23,23,23,23,23,23
130383,1,1,0,0,18,0,0,0,0,0,18,0
130383,2,1,0,0,0,0,0,0,0,0,0,0
130384,1,1,0,0,0,0,0,0,0,0,0,0
130384,2,1,0,0,0,0,0,0,0,0,0,0
130385,1,1,0,0,0,0,0,0,0,0,0,0
130385,2,1,0,0,0,0,0,0,0,0,5,0
130385,3,1,0,18,18,0,6,0,0,0,0,0
130386,1,1,0,0,0,0,0,0,0,0,0,0
130386,2,1,0,0,0,0,0,0,0,0,0,0
130387,1,1,0,0,0,0,13,0,0,0,0,0
130387,2,1,4,0,0,21,0,0,0,0,2,0
130388,1,1,35,18,3,7,24,12,5,14,39,11
130389,0,1,0,0,0,0,0,0,0,0,0,0
130389,1,1,0,0,0,0,0,0,0,0,0,0
130390,1,1,7,7,7,7,7,7,7,7,7,7
130391,1,1,0,0,0,0,0,0,0,0,0,0
130391,2,1,0,0,0,0,0,0,0,0,0,0
130393,1,1,0,0,0,0,0,0,0,0,0,0
130394,0,1,0,0,0,0,18,0,25,0,0,0
130394,1,1,0,0,0,0,0,0,0,0,0,0
130394,2,1,0,8,0,0,0,0,0,0,0,0
130394,3,1,0,0,0,0,0,0,0,13,0,0
130395,1,1,0,0,0,0,0,0,0,0,0,0
130395,2,1,0,0,0,0,0,0,0,0,0,0
130395,3,1,0,0,0,0,0,0,0,0,0,0
130395,4,1,0,0,0,0,0,0,0,0,0,0
130396,0,1,0,0,0,0,0,0,0,0,17,14
130396,1,1,0,0,0,0,0,12,0,0,0,0
130397,1,1,0,0,0,0,0,0,0,0,0,15
130397,2,1,0,0,0,0,0,0,0,0,0,0
130398,0,1,8,8,8,8,8,8,8,8,8,8
130398,1,1,0,0,0,0,0,0,0,0,0,0
130399,1,1,0,0,0,11,26,0,0,0,28,0
130400,1,1,0,0,0,0,12,0,0,23,0,25
130401,1,1,0,0,0,0,0,0,0,0,0,0
130402,1,1,0,0,0,0,0,0,0,0,0,0
130403,1,1,0,0,0,0,0,0,0,0,0,0
130403,2,1,0,0,0,0,0,0,0,0,0,0
130404,1,1,10,24,6,15,26,0,20,15,13,50
130404,2,1,14,11,8,0,14,8,4,9,6,15
130405,0,1,0,0,0,0,0,0,0,0,0,0
130405,1,1,0,0,0,0,0,0,0,0,0,17
130406,1,1,11,11,11,11,11,11,11,11,11,11
130406,2,1,0,0,0,0,0,0,0,0,0,0
130407,1,1,5,5,5,5,5,5,5,5,5,5
130408,1,1,0,0,0,0,0,0,0,0,0,0
130408,2,1,0,0,0,0,0,0,0,0,0,0
130408,3,1,0,0,0,0,0,0,0,0,0,0
130409,1,1,20,20,20,20,20,20,20,20,20,20
130410,1,1,2,2,2,2,2,2,2,2,2,2
130411,1,1,0,0,0,0,0,0,0,0,0,0
130412,1,1,0,0,0,0,0,12,0,0,0,0
130413,1,1,25,25,25,25,25,25,25,25,25,25
130414,1,1,34,34,34,34,34,34,34,34,34,34
130415,1,1,0,0,0,0,0,0,0,0,0,0
130416,0,1,0,0,0,0,0,0,0,0,0,0
130416,1,1,0,0,0,0,0,0,0,0,0,0
130417,0,1,0,0,0,0,0,0,0,0,0,0
130417,1,1,0,0,0,0,0,0,0,0,0,0
130418,1,1,0,0,0,0,0,0,0,0,0,0
130419,1,1,0,0,0,0,0,0,0,0,0,0
130420,1,1,0,0,0,0,0,0,0,0,0,0
130420,2,1,0,0,0,0,0,0,0,0,0,0
130421,1,1,0,0,0,0,0,0,0,0,0,0
130421,2,1,0,0,0,0,0,0,0,0,0,0
130422,0,1,40,40,40,40,40,40,40,40,40,40
130422,1,1,0,0,0,0,0,0,0,0,0,0
130423,1,1,20,20,20,20,20,20,20,20,20,20
130424,0,1,0,0,0,0,0,0,0,0,0,0
130425,1,1,23,23,23,23,23,23,23,23,23,23
130426,0,1,0,0,0,0,0,0,0,0,0,0
130426,1,1,0,0,0,0,0,0,0,0,0,0
130427,1,1,0,0,0,16,15,30,0,0,0,0
130427,2,1,0,0,0,0,0,0,0,5,0,0
130428,1,1,0,0,0,0,0,0,0,0,0,0
130429,1,1,0,0,0,0,0,0,0,0,0,0
130429,2,1,0,0,0,0,0,0,0,0,0,0
130430,1,1,0,0,0,0,0,0,0,0,0,0
130431,1,1,0,0,0,0,0,0,0,0,0,0
130431,2,1,0,0,0,0,0,0,0,0,0,0
130432,1,1,0,0,0,0,0,0,0,0,0,0
130432,2,1,0,0,0,0,0,0,0,0,0,0
130433,1,1,13,13,13,13,13,13,13,13,13,13
130434,0,1,36,36,36,36,36,36,36,36,36,36
130434,1,1,0,0,0,0,0,0,0,0,0,0
130435,1,1,22,20,14,17,0,0,23,0,21,11
130436,0,1,8,0,0,22,15,0,0,0,0,26
130436,1,1,0,0,0,0,0,0,0,0,0,0
130436,2,1,0,0,0,0,0,0,0,0,0,0
130437,1,1,0,0,0,0,0,0,0,0,0,0
130438,1,1,0,0,0,0,0,0,0,0,0,0
130438,2,1,0,0,0,0,0,0,0,0,0,0
130439,1,1,0,0,0,0,0,0,0,0,0,0
130439,2,1,0,0,0,0,0,0,0,0,0,0
130440,0,1,0,25,0,0,18,0,0,29,0,39
130440,1,1,0,0,0,0,0,0,0,21,0,0
130441,1,1,0,0,0,0,0,0,0,0,0,0
130441,2,1,0,0,0,0,0,0,0,0,0,0
130442,1,1,0,0,0,23,0,0,10,18,0,0
130442,2,1,0,0,0,0,0,0,0,0,0,0
130443,1,1,0,0,0,0,0,0,0,0,0,0
130443,2,1,2,2,2,2,2,2,2,2,2,2
130444,1,1,0,0,0,0,0,0,0,0,0,0
130444,2,1,0,0,0,0,0,0,0,0,0,0
130445,1,1,0,0,0,0,0,0,0,0,0,0
130446,1,1,14,14,14,14,14,14,14,14,14,14
130447,1,1,0,0,0,0,0,0,0,0,0,0
130448,1,1,20,20,20,20,20,20,20,20,20,20
130449,1,1,23,23,23,23,23,23,23,23,23,23
130450,1,1,25,25,25,25,25,25,25,25,25,25
130451,1,1,0,0,10,0,23,0,0,0,0,26
130451,2,1,0,0,0,0,12,0,0,0,0,0
130452,1,1,0,0,0,0,0,0,0,0,0,0
130452,2,1,0,0,0,0,0,0,0,0,0,0
130453,0,1,0,0,33,13,0,29,21,19,22,25
130453,1,1,0,0,10,0,0,0,0,0,0,0
130454,0,1,0,0,0,0,0,0,0,0,0,0
130454,1,1,0,0,0,0,0,0,0,0,0,0
130455,1,1,0,0,0,0,0,0,0,0,0,0
130455,2,1,0,0,0,0,0,0,0,0,0,0
130456,1,1,0,0,0,0,0,0,0,0,0,0
130457,1,1,0,0,0,0,0,0,0,0,0,0
130457,2,1,0,0,0,0,0,0,0,0,0,0
130458,1,1,0,0,0,0,0,0,0,0,0,0
130460,1,1,0,0,8,0,22,0,0,0,0,0
130461,1,1,0,0,0,0,0,0,0,0,0,0
130462,1,1,30,20,11,15,27,17,12,6,15,11
130463,1,1,0,0,0,0,0,0,0,0,0,0
130463,2,1,0,0,0,0,0,0,0,0,0,0
130464,1,1,0,0,0,24,0,0,0,0,0,0
130464,2,1,0,0,0,0,0,0,0,0,0,0
130465,0,1,0,0,0,0,0,0,0,0,0,0
130465,1,1,0,14,0,0,0,0,0,0,0,0
130466,1,1,7,7,7,7,7,7,7,7,7,7
130467,1,1,0,0,0,0,0,0,0,0,0,0
130468,0,1,0,0,0,0,0,0,0,0,0,0
130468,1,1,0,0,0,0,0,0,0,0,0,0
130469,1,1,16,16,16,16,16,16,16,16,16,16
130470,1,1,0,0,0,0,0,0,0,0,0,0
130470,2,1,0,0,0,0,0,0,0,0,0,4
130471,1,1,0,0,0,0,0,0,0,0,0,0
130472,1,1,11,0,3,0,0,0,12,0,0,14
130473,1,1,0,0,0,0,0,0,0,0,0,3
130474,1,1,0,8,10,22,0,0,0,36,27,15
130475,1,1,0,0,0,0,0,0,0,0,0,0
130475,2,1,0,0,0,0,0,0,0,0,0,0
130476,1,1,0,0,0,0,0,0,18,0,0,0
130476,2,1,0,0,0,0,0,0,0,0,0,0
130477,1,1,16,16,16,16,16,16,16,16,16,16
130478,1,1,0,0,0,0,0,0,0,0,0,0
130479,1,1,0,0,0,0,0,14,0,0,0,0
130480,1,1,0,0,0,0,0,0,0,0,0,0
130481,0,1,0,0,0,25,0,35,54,0,0,0
130481,1,1,0,0,0,14,0,0,0,0,0,25
130482,1,1,0,0,0,0,0,0,0,0,0,0
130482,2,1,0,0,0,0,0,0,0,0,0,0
130482,3,1,0,0,0,0,0,0,0,0,0,0
130483,1,1,0,0,0,0,0,0,2,0,4,0
130483,2,1,0,0,0,0,0,0,0,0,0,0
130484,1,1,24,24,24,24,24,24,24,24,24,24
130485,1,1,0,0,0,0,0,0,0,0,0,0
130485,2,1,0,0,0,0,0,0,0,0,0,0
130486,1,1,0,0,0,0,0,0,0,0,0,0
130487,1,1,8,8,8,8,8,8,8,8,8,8
130487,2,1,27,0,0,12,0,0,0,0,0,0
130488,1,1,20,20,20,20,20,20,20,20,20,20
130489,1,1,28,18,10,30,24,14,31,33,19,16
130490,1,1,0,0,0,0,0,0,0,0,0,0
130490,2,1,0,0,0,0,0,0,0,0,0,0
130491,1,1,40,40,40,40,40,40,40,40,40,40
130492,1,1,0,0,0,0,0,0,0,0,0,0
130492,2,1,0,0,0,0,0,0,0,0,0,0
130493,1,1,0,0,0,0,0,0,0,0,0,0
130493,2,1,0,0,0,0,0,0,0,0,0,0
130493,3,1,0,0,0,0,0,0,0,7,0,0
130494,1,2,0,4,0,0,7,0,0,0,17,13
130495,1,1,0,0,19,0,0,0,0,0,0,0
130495,2,1,0,0,0,0,0,0,0,0,0,0
130496,1,1,0,0,0,0,0,0,0,0,8,0
130496,2,1,0,0,0,0,0,0,0,0,0,0
130497,0,1,0,0,0,0,0,0,0,0,0,19
130497,1,1,0,0,0,0,0,0,0,0,0,0
130498,1,1,0,0,0,0,0,0,0,18,0,0
130498,2,1,0,0,0,0,0,0,0,0,0,0
130499,1,1,0,0,0,0,0,0,0,0,0,0
130499,2,1,0,0,0,0,0,0,0,0,0,0
130500,0,1,0,0,0,0,0,0,0,0,0,0
130500,1,1,0,0,0,0,0,0,0,0,0,0
130501,1,1,0,0,0,0,0,0,0,0,0,0
130502,1,1,0,0,0,0,0,0,0,0,0,0
130503,1,1,0,0,0,0,0,0,0,0,0,0
130503,2,1,0,0,0,0,0,0,0,0,0,0
130504,1,1,0,0,0,10,0,0,0,0,0,0
130504,2,1,0,0,0,0,10,0,0,18,0,33
130505,0,1,17,17,17,17,17,17,17,17,17,17
130505,1,1,0,0,0,0,0,0,0,0,0,0
130506,1,1,0,0,0,0,0,0,0,0,0,0
130506,2,1,18,18,18,18,18,18,18,18,18,18
130507,1,1,0,24,0,0,12,0,0,16,0,6
130508,0,1,0,0,0,0,0,0,0,0,0,0
130508,1,1,0,0,0,0,0,0,0,0,0,0
130509,0,1,0,0,0,0,0,0,0,0,0,0
130509,1,1,21,20,0,0,0,0,17,0,0,18
130510,1,1,2,0,20,0,0,9,0,0,17,0
130511,1,1,0,0,0,0,0,0,0,0,0,0
130511,2,1,0,0,0,0,0,0,0,0,0,0
130511,3,1,0,0,0,0,0,0,0,0,0,0
130512,1,1,0,0,0,0,0,0,0,0,0,0
130512,2,1,0,0,0,0,0,0,0,0,0,0
130513,1,1,0,0,0,0,0,0,0,0,0,0
130513,2,1,0,0,0,0,0,0,0,0,0,0
130514,1,1,0,0,0,0,0,0,0,0,3,0
130515,0,1,23,23,23,23,23,23,23,23,23,23
130515,1,1,0,0,0,0,0,0,0,0,0,0
130516,1,1,0,0,0,0,0,0,0,0,0,0
130517,1,1,0,0,0,0,0,0,0,0,0,0
130517,2,1,0,0,0,0,0,0,0,0,0,0
130518,1,1,0,0,0,0,0,0,0,0,0,0
130518,2,1,0,0,0,0,0,0,0,0,0,0
130519,0,1,0,10,0,0,0,0,27,19,0,0
130519,1,1,0,0,0,0,0,0,0,0,0,0
130520,1,1,5,5,5,5,5,5,5,5,5,5
130521,0,1,0,0,0,0,0,0,0,0,0,0
130521,1,1,0,17,0,13,0,0,0,0,0,0
130522,1,1,0,14,0,0,0,0,0,13,0,17
130523,1,1,0,0,0,0,0,0,0,0,0,0
130524,0,1,29,33,0,0,21,0,0,0,21,21
130524,1,1,0,0,0,0,0,0,0,0,0,0
130525,0,1,24,24,24,24,24,24,24,24,24,24
130525,1,1,0,0,0,3,0,18,0,29,0,0
130526,1,1,0,0,0,0,0,0,0,0,0,0
130526,2,1,0,0,0,0,0,0,0,0,0,0
130527,1,1,0,0,0,0,0,0,0,0,0,0
130527,2,1,0,0,0,0,14,0,0,0,0,0
130528,1,1,0,0,0,0,0,0,0,0,0,0
130528,2,1,0,0,0,0,0,0,0,0,0,0
130529,1,1,0,0,0,0,0,0,0,0,0,0
130530,1,1,0,0,0,0,0,0,0,0,0,0
130530,2,1,0,0,0,0,0,0,0,0,0,0
130530,3,1,0,0,0,0,0,0,0,0,0,0
130531,1,1,0,0,0,0,0,0,0,0,0,0
130531,2,1,0,0,0,0,0,0,0,0,0,0
130531,3,1,0,0,0,0,0,0,0,0,0,0
130532,0,1,0,0,0,0,0,0,0,0,0,0
130532,1,1,0,0,0,0,0,0,0,0,0,0
130533,1,1,0,0,0,0,0,0,0,0,0,10
130534,1,1,0,0,0,0,0,0,0,0,0,0
130534,2,1,0,0,0,0,0,0,0,0,0,0
130535,1,1,8,8,8,8,8,8,8,8,8,8
130536,1,1,10,10,10,10,10,10,10,10,10,10
130537,0,1,12,19,14,37,0,0,38,40,0,12
130537,1,1,0,10,0,0,0,0,0,0,0,0
130538,1,1,19,19,19,19,19,19,19,19,19,19
130538,2,1,0,0,0,0,0,0,0,0,0,0
130539,1,1,0,0,0,0,0,0,0,0,0,0
130539,2,1,0,0,0,0,0,0,0,0,0,0
130540,1,1,12,22,17,22,25,15,23,15,30,14
130541,1,1,22,0,0,7,0,0,0,0,0,0
130542,1,1,0,0,0,0,0,35,0,0,0,0
130543,1,1,0,0,0,0,0,0,0,0,0,0
130543,2,1,0,0,0,0,0,0,0,0,0,0
130544,1,1,28,28,28,28,28,28,28,28,28,28
130545,1,1,0,0,0,0,0,0,0,0,0,0
130545,2,1,2,0,0,8,0,0,0,0,0,0
130546,1,1,20,20,20,20,20,20,20,20,20,20
130547,0,1,0,0,0,0,0,0,0,0,0,0
130547,1,1,0,5,0,0,0,0,10,0,0,0
130548,1,1,0,20,14,0,0,0,0,16,0,0
130549,1,1,0,0,0,0,0,0,0,0,0,0
130549,2,1,0,0,0,25,0,0,0,0,0,0
130550,1,1,22,22,22,22,22,22,22,22,22,22
130551,1,1,4,4,4,4,4,4,4,4,4,4
130552,1,1,17,17,17,17,17,17,17,17,17,17
130552,2,1,0,0,0,0,0,0,0,0,0,0
130553,1,1,0,28,0,0,0,0,0,5,0,0
130554,1,1,0,0,0,0,0,0,0,0,0,0
130555,1,1,0,0,0,0,0,0,0,0,0,0
130556,1,1,0,17,0,0,0,0,0,38,26,5
130557,1,1,0,0,0,0,0,0,0,0,0,0
130558,0,1,0,0,0,0,0,0,0,0,0,0
130558,1,1,0,0,0,0,0,0,0,0,0,0
130559,1,1,0,0,0,0,0,0,0,0,0,0
130560,1,1,0,0,0,0,0,0,0,0,0,0
130560,2,1,0,0,0,0,0,0,0,0,0,0
130560,3,1,0,0,0,0,0,0,0,0,0,0
130560,4,1,0,0,0,0,0,0,0,0,0,0
130561,1,1,0,0,0,0,0,0,0,0,0,0
130561,2,1,0,0,0,0,0,0,0,0,0,0
130561,3,1,0,0,0,0,0,0,0,0,0,0
130562,1,1,25,25,25,25,25,25,25,25,25,25
130562,2,1,0,0,0,0,0,13,0,0,0,0
130562,3,1,0,0,0,0,0,0,0,0,0,0
130563,1,1,0,0,0,0,0,0,0,0,0,0
130564,1,1,0,0,0,0,0,0,0,0,0,0
130565,0,1,0,0,0,0,0,0,0,0,0,0
130565,1,1,0,0,0,0,0,0,0,0,0,0
130566,1,1,0,0,0,0,0,0,0,0,0,0
130566,2,1,0,0,0,0,0,0,0,0,0,0
130567,0,1,0,0,0,0,0,0,0,0,0,5
130567,1,1,0,0,0,0,10,24,0,0,0,0
130568,1,1,0,0,0,0,0,0,0,0,0,0
130568,2,1,0,0,0,0,0,0,0,0,0,0
130568,3,1,0,0,0,0,0,0,0,0,0,0
130569,1,1,0,0,0,0,0,17,21,0,0,0
130570,1,1,0,0,0,0,0,0,0,0,0,0
130571,1,1,0,0,0,0,0,0,0,0,0,0
130571,2,1,0,0,0,0,0,0,0,0,14,0
130572,1,1,0,0,0,0,0,0,0,0,0,0
130573,0,1,0,0,0,0,0,0,0,0,0,0
130573,1,1,0,0,0,0,0,0,0,0,0,0
130574,1,1,22,22,22,22,22,22,22,22,22,22
130575,1,1,0,0,0,0,0,0,0,0,0,0
130576,1,1,0,0,0,0,0,0,0,19,0,0
130576,2,1,0,0,0,0,0,0,0,0,0,3
130576,3,1,0,0,0,0,0,0,0,0,0,0
130576,4,1,0,0,24,0,3,4,2,0,0,0
130577,1,1,0,0,0,0,0,0,0,0,0,0
130577,2,1,0,0,0,0,0,0,0,0,0,0
130578,0,1,0,0,0,0,0,0,0,0,0,0
130579,1,1,0,0,0,0,0,0,0,0,0,0
130579,2,1,0,0,5,0,0,0,0,0,0,0
130580,1,1,0,0,0,0,0,0,0,0,0,0
130580,2,1,0,0,0,0,0,0,0,0,0,0
130581,0,1,17,0,0,0,0,0,0,4,0,0
130581,0,2,0,0,0,0,0,0,0,0,0,0
130581,1,1,0,0,0,0,0,0,0,0,0,0
130582,1,1,0,11,14,0,0,0,0,0,5,17
130583,1,1,0,0,0,0,0,0,0,0,0,0
130584,1,1,12,12,12,12,12,12,12,12,12,12
130584,2,1,6,6,6,6,6,6,6,6,6,6
130584,3,1,0,0,0,0,17,0,0,0,0,0
130584,4,1,0,0,0,0,0,15,0,0,0,0
130584,5,1,0,0,0,0,0,0,0,0,0,0
130585,1,1,12,7,25,10,23,0,19,19,17,13
130585,2,1,0,0,0,0,15,0,0,0,0,0
130586,1,1,6,6,6,6,6,6,6,6,6,6
130587,1,1,0,0,0,0,0,0,0,0,0,0
130587,2,1,0,0,0,0,0,0,0,0,0,0
130588,1,1,0,0,0,0,0,0,0,0,0,0
130588,2,1,0,0,0,0,0,0,0,0,0,0
130589,1,1,12,12,12,12,12,12,12,12,12,12
130590,1,1,0,0,0,0,0,0,0,0,0,0
130591,1,1,0,0,0,10,0,0,26,0,0,0
130591,2,1,0,0,0,0,0,0,0,0,0,0
130592,1,1,0,0,0,0,0,0,0,0,0,0
130593,1,1,0,0,0,0,0,0,0,0,0,0
130593,2,1,0,0,0,0,0,0,8,0,0,0
130594,1,1,0,0,0,0,0,0,0,0,0,0
130594,2,1,0,0,0,0,0,0,0,0,0,0
130595,0,1,19,19,19,19,19,19,19,19,19,19
130595,1,1,0,0,0,0,0,0,0,0,0,0
130596,1,1,0,0,0,0,24,0,0,0,10,0
130597,1,1,0,0,0,0,0,0,0,0,0,0
130597,2,1,0,0,0,0,0,0,0,0,0,0
130598,1,1,0,0,0,0,0,4,0,8,0,0
130598,2,1,15,15,15,15,15,15,15,15,15,15
130599,1,1,0,0,0,0,0,0,0,0,0,0
130599,2,1,0,0,0,0,0,0,0,0,0,0
130600,1,1,0,0,0,0,0,0,0,0,0,38
130600,2,1,0,0,0,0,0,0,0,0,0,0
130601,1,1,0,0,0,0,0,0,0,0,0,0
130601,2,1,0,0,0,0,0,0,0,0,0,0
130602,1,1,0,0,0,14,0,0,0,0,0,0
130603,1,1,0,0,0,0,0,0,0,0,0,0
130603,2,1,0,0,0,0,0,0,0,0,0,0
130604,1,1,0,0,0,0,0,0,0,0,0,0
130605,0,1,0,0,0,0,0,0,0,0,0,0
130605,1,1,0,0,0,0,0,0,0,0,0,0
130606,1,1,0,0,0,0,0,0,0,0,0,0
130607,1,1,0,0,0,0,0,0,0,0,0,0
130607,2,1,0,0,0,0,0,0,0,0,0,0
130608,1,1,0,7,14,0,0,0,0,0,0,0
130609,0,1,16,16,5,0,0,0,0,0,0,0
130609,0,2,10,0,0,0,0,0,0,11,0,0
130609,1,1,12,7,7,0,4,0,18,0,23,0
130610,1,1,6,0,0,0,0,0,0,0,0,0
130611,1,1,0,0,0,0,0,0,0,0,0,0
130611,2,1,0,0,0,0,0,0,0,0,0,0
130612,1,1,0,0,0,0,0,0,0,0,0,0
130612,2,1,0,0,0,0,0,0,0,0,0,0
130613,1,1,0,0,0,0,0,0,0,0,0,0
130613,2,1,0,0,0,0,0,0,0,0,0,0
130614,1,1,0,0,0,0,0,0,0,0,0,0
130614,2,1,0,0,0,0,0,0,0,0,0,0
130615,1,1,0,0,0,0,0,0,0,0,0,0
130615,2,1,0,0,0,0,0,0,0,0,0,0
130615,3,1,0,0,0,0,0,0,0,0,0,0
130616,1,1,0,0,0,0,0,0,0,0,0,0
130617,1,1,0,0,0,0,0,0,0,0,0,0
130618,1,1,0,0,0,0,0,0,0,0,0,0
130618,2,1,0,0,0,0,0,0,0,0,0,0
130619,1,1,0,0,0,0,0,0,0,0,0,0
130619,2,1,5,0,11,0,0,0,0,0,0,0
130620,1,1,10,10,10,10,10,10,10,10,10,10
130621,1,1,0,0,0,0,0,0,0,0,0,0
130622,1,1,0,0,0,0,0,0,0,0,0,0
130622,2,1,0,0,0,0,0,0,0,0,0,0
130623,1,1,0,0,0,0,0,0,0,0,0,0
130623,2,1,0,0,0,0,0,0,0,0,0,0
130624,1,1,10,10,10,10,10,10,10,10,10,10
130624,2,1,0,0,5,0,0,0,0,21,7,0
130624,3,1,13,13,13,13,13,13,13,13,13,13
130624,4,1,0,0,0,0,25,0,0,6,0,0
130625,1,1,0,0,0,0,0,0,0,0,0,0
130625,2,1,0,0,0,0,0,0,0,0,0,0
130626,1,1,13,23,13,11,23,14,0,9,20,5
130627,1,1,5,0,5,6,18,17,14,0,10,0
130628,1,1,0,0,0,0,0,0,0,0,0,0
130628,2,1,0,0,0,0,0,0,0,0,18,0
130628,3,1,0,0,0,0,0,0,0,0,8,0
130629,0,1,0,0,0,0,0,0,0,0,0,0
130629,1,1,0,12,22,0,24,0,0,18,0,22
130630,1,1,26,26,26,26,26,26,26,26,26,26
130631,0,1,12,12,12,12,12,12,12,12,12,12
130631,1,1,0,0,0,0,9,0,0,0,0,0
130632,1,1,0,0,0,0,0,0,0,0,0,0
130632,2,1,0,0,0,0,0,0,0,0,0,0
130633,1,1,31,12,0,24,0,23,0,0,27,0
130633,2,1,0,0,0,0,0,0,0,0,0,0
130634,1,1,17,17,17,17,17,17,17,17,17,17
130634,2,1,0,0,0,0,0,0,0,0,0,0
130635,1,1,0,0,0,0,0,0,0,0,28,0
130636,1,1,0,0,0,0,0,0,0,0,0,0
130637,0,1,0,0,0,0,0,0,0,0,0,0
130637,1,1,0,0,0,0,0,0,0,0,0,0
130638,1,1,0,0,0,0,0,0,0,0,0,11
130638,2,1,0,0,0,0,0,0,0,0,0,0
130639,0,1,0,0,0,0,0,31,15,14,0,13
130639,1,1,2,0,0,0,0,0,0,0,0,0
130640,1,1,9,0,0,0,0,0,0,0,0,0
130640,2,1,0,0,0,0,0,0,0,0,0,0
130641,1,1,18,0,0,0,0,29,0,0,0,0
130642,1,1,0,0,0,0,0,0,0,0,0,0
130642,2,1,1,1,1,1,1,1,1,1,1,1
130642,3,1,0,0,0,0,0,0,0,0,0,0
130643,1,1,0,0,0,0,0,0,0,0,0,27
130644,1,1,2,2,2,2,2,2,2,2,2,2