ST_CASE,VEH_NO,PER_NO,P1,P2,P3,P4,P5,P6,P7,P8,P9,P10
130645,0,1,15,15,15,15,15,15,15,15,15,15
130645,1,1,0,0,0,0,0,0,0,0,0,0
130646,1,1,18,18,18,18,18,18,18,18,18,18
130647,1,1,0,0,0,0,0,0,0,0,0,0
130648,1,1,0,0,0,0,0,0,0,0,0,0
130649,1,1,0,0,0,0,0,0,0,0,0,0
130650,1,1,0,0,0,0,0,0,0,0,0,0
130651,1,1,0,0,0,0,0,0,0,0,0,0
130651,2,1,0,0,0,0,0,0,0,0,0,0
130652,1,1,18,4,0,0,0,0,6,0,7,8
130652,2,1,0,0,0,0,0,0,0,0,0,0
130653,0,1,0,0,0,0,0,0,0,0,0,0
130653,1,1,0,0,0,0,0,0,0,0,0,0
130654,1,1,0,0,0,0,0,0,0,0,0,0
130654,2,1,0,0,0,0,0,0,0,0,0,0
130655,1,1,0,0,0,0,0,0,0,0,0,0
130655,2,1,0,0,0,0,0,0,0,0,0,0
130656,1,1,0,0,0,0,0,0,0,0,0,0
130657,1,1,0,0,0,0,0,0,0,0,0,0
130658,1,1,0,0,0,0,0,0,0,0,0,0
130658,2,1,0,0,0,0,0,0,0,0,0,0
130659,1,1,0,0,0,0,0,0,0,0,0,0
130659,2,1,0,0,0,0,0,0,0,0,0,0
130660,1,1,12,20,22,0,0,7,6,10,23,17
130661,0,1,32,32,32,32,32,32,32,32,32,32
130661,1,1,0,0,0,0,0,0,10,0,0,0
130662,1,1,12,12,12,12,12,12,12,12,12,12
130663,1,1,12,12,12,12,12,12,12,12,12,12
130664,1,1,0,0,0,6,0,0,21,0,15,27
130665,0,1,25,16,9,0,0,27,21,13,20,0
130665,1,1,18,0,21,0,10,0,18,11,0,0
130666,1,1,0,0,0,0,0,0,17,0,0,0
130666,2,1,0,0,0,0,0,0,0,0,0,0
130667,0,1,20,20,20,20,20,20,20,20,20,20
130667,1,1,0,0,13,0,0,10,0,0,0,0
130668,1,1,0,0,0,0,0,0,0,0,0,0
130669,1,1,0,0,0,0,0,0,0,0,0,0
130670,1,1,0,19,0,0,0,0,0,0,0,0
130670,2,1,0,0,0,0,0,0,0,0,0,0
130670,3,1,0,0,0,0,0,0,0,0,7,0
130671,1,1,0,0,0,0,0,0,0,0,0,0
130671,2,1,0,0,0,0,0,0,0,0,0,0
130671,3,1,17,0,0,0,0,0,0,0,0,0
130672,0,1,0,0,0,0,0,0,0,0,0,0
130672,1,1,0,0,0,0,0,0,0,0,0,0
130673,1,1,7,7,7,7,7,7,7,7,7,7
130673,2,1,0,0,0,0,0,0,0,0,0,17
130674,1,1,0,0,0,0,0,0,0,0,0,0
130674,2,1,0,0,0,0,0,0,0,0,0,0
130675,1,1,12,12,12,12,12,12,12,12,12,12
130675,2,1,0,0,0,0,0,0,0,0,0,0
130676,1,1,0,0,0,0,0,0,0,0,0,0
130676,2,1,0,0,0,0,0,0,0,0,0,0
130677,1,1,0,0,0,0,0,0,0,0,0,0
130678,1,1,26,34,12,8,0,0,28,9,16,15
130679,0,1,14,0,0,0,0,0,0,0,0,0
130679,1,1,0,0,0,0,0,0,0,0,0,0
130680,1,1,26,32,9,0,26,7,50,36,20,24
130681,1,1,9,9,9,9,9,9,9,9,9,9
130682,1,1,20,20,20,20,20,20,20,20,20,20
130682,2,1,5,0,0,0,0,0,0,0,0,0
130682,3,1,0,0,0,0,0,0,16,0,0,0
130682,4,1,0,0,0,0,0,0,0,0,0,0
130682,5,1,0,0,0,0,17,0,0,0,0,0
130682,6,1,0,0,0,0,0,0,0,15,0,0
130683,1,1,0,0,0,0,0,0,0,0,0,0
130683,2,1,0,0,0,0,0,0,0,0,0,0
130684,0,1,0,0,0,0,0,0,0,0,0,0
130684,0,2,0,0,0,0,0,0,15,0,0,0
130684,1,1,0,0,0,0,0,0,0,0,0,0
130685,1,1,0,0,0,0,0,0,0,0,0,0
130685,2,1,0,0,0,0,0,0,0,0,0,0
130685,3,1,0,0,0,0,0,0,0,0,0,0
130686,1,1,0,0,0,0,0,0,0,0,0,0
130686,2,1,0,0,0,0,0,0,0,0,0,0
130687,0,1,0,0,0,0,0,0,0,0,0,0
130687,1,1,0,0,0,0,0,0,0,0,0,0
130688,0,1,0,0,0,0,0,0,0,0,0,0
130688,2,1,0,0,0,0,0,0,0,0,0,0
130689,0,1,0,14,0,0,0,0,0,0,0,0
130689,1,1,0,0,0,0,0,0,0,4,0,0
130690,0,1,0,0,0,0,0,0,0,0,0,0
130690,1,1,3,3,3,3,3,3,3,3,3,3
130691,1,1,0,0,0,7,12,0,0,20,15,0
130692,1,1,13,14,7,14,0,0,0,0,8,0
130693,0,1,0,0,0,0,0,0,0,0,0,0
130693,1,1,9,0,0,0,20,0,0,0,23,20
130693,2,1,0,0,0,0,0,0,0,0,0,0
130693,3,1,0,0,0,0,0,0,0,0,0,0
130694,1,1,0,0,0,0,0,0,0,0,0,0
130695,1,1,0,0,0,0,0,0,0,0,0,0
130695,2,1,0,0,0,0,0,0,0,0,0,0
130696,1,1,0,0,0,0,0,0,0,0,0,0
130697,1,1,0,0,0,0,0,0,0,0,0,0
130698,1,1,0,0,0,0,0,0,0,0,0,0
130699,1,1,0,0,0,0,0,0,0,0,0,0
130700,1,1,8,28,0,0,9,0,0,36,0,0
130701,1,1,12,12,12,12,12,12,12,12,12,12
130702,1,1,17,17,17,17,17,17,17,17,17,17
130703,1,1,9,0,8,0,2,0,0,0,9,12
130704,1,1,0,0,0,0,9,0,0,0,5,0
130705,0,1,10,10,10,10,10,10,10,10,10,10
130705,1,1,0,0,0,0,0,0,0,0,0,0
130706,1,1,0,0,0,0,0,0,0,0,0,0
130706,2,1,0,0,0,0,0,0,0,0,0,0
130707,1,1,14,8,12,9,0,13,9,17,4,17
130708,1,1,0,0,0,0,0,0,0,0,0,0
130708,2,1,0,0,0,0,0,0,0,0,0,0
130709,1,1,26,26,26,26,26,26,26,26,26,26
130710,1,1,24,24,24,24,24,24,24,24,24,24
130711,0,1,0,0,0,0,0,0,0,0,0,0
130711,1,1,0,0,0,0,0,0,0,0,0,0
130712,1,1,0,0,0,0,0,0,0,0,0,0
130712,2,1,0,0,0,0,0,0,0,17,0,0
130713,1,1,0,0,0,0,0,0,0,0,0,0
130714,1,1,0,9,15,21,0,17,0,0,0,8
130715,1,1,27,27,27,27,27,27,27,27,27,27
130716,1,1,0,0,9,0,0,0,32,0,0,0
130717,1,1,0,0,0,0,0,0,0,0,0,0
130718,0,1,29,18,0,0,30,12,0,0,0,19
130718,1,1,0,0,0,0,0,8,0,0,0,0
130719,1,1,0,0,0,0,0,0,0,0,0,0
130720,0,1,0,0,0,0,0,0,0,0,0,0
130720,1,1,0,0,0,0,0,0,0,0,0,0
130721,0,1,0,0,0,0,0,0,0,0,0,0
130721,1,1,0,0,0,0,0,30,0,0,0,0
130722,1,1,0,0,0,0,0,0,0,0,0,0
130722,2,1,0,0,0,0,0,0,0,0,0,0
130723,1,1,32,16,20,21,22,20,18,6,21,0
130724,1,1,0,0,0,0,0,0,0,0,0,0
130724,2,1,0,0,0,0,0,0,0,0,0,0
130725,0,1,26,26,26,26,26,26,26,26,26,26
130725,2,1,0,13,0,0,0,0,0,0,0,0
130726,0,1,13,13,13,13,13,13,13,13,13,13
130726,1,1,49,0,0,16,0,0,0,0,0,0
130727,1,1,0,0,0,0,0,0,0,0,0,0
130727,2,1,0,0,0,0,0,0,0,0,0,0
130728,1,1,0,0,0,13,0,10,0,21,0,0
130728,2,1,0,0,0,0,0,0,0,0,0,0
130730,1,1,0,0,0,0,0,0,0,0,0,0
130730,2,1,0,0,0,0,0,0,15,0,0,0
130731,1,1,0,0,0,0,0,0,0,0,0,0
130731,2,1,11,11,11,11,11,11,11,11,11,11
130732,1,1,0,0,0,13,0,0,0,0,0,0
130733,1,1,0,0,0,0,0,0,0,0,0,0
130733,2,1,0,0,0,0,0,0,0,0,0,0
130734,1,1,0,0,0,0,0,0,0,0,0,0
130734,3,1,0,0,0,0,0,0,0,0,0,0
130735,0,1,0,0,0,0,0,0,0,0,0,0
130735,1,1,0,0,0,0,0,5,0,0,0,9
130736,1,1,0,0,0,0,0,13,13,0,0,0
130737,1,1,0,0,0,15,0,0,0,0,0,0
130738,1,1,0,0,0,0,0,0,0,0,0,0
130738,2,1,0,0,0,0,0,0,0,0,0,0
130739,1,1,19,11,16,17,0,13,13,9,46,26
130740,0,1,20,20,20,20,20,20,20,20,20,20
130740,1,1,0,0,0,0,0,0,0,0,0,0
130741,1,1,9,9,9,9,9,9,9,9,9,9
130742,1,1,0,0,0,0,0,0,8,0,0,0
130742,2,1,0,0,0,0,0,0,0,0,0,0
130742,3,1,13,8,7,3,2,17,13,13,13,0
130743,1,1,0,0,0,0,0,0,0,0,0,0
130743,2,1,0,0,0,0,0,0,0,0,0,0
130744,1,1,18,13,21,0,22,0,0,17,0,0
130745,1,1,0,0,0,4,0,0,0,0,0,0
130746,0,1,33,33,33,33,33,33,33,33,33,33
130746,1,1,0,0,0,0,0,0,0,0,0,0
130747,0,1,20,20,20,20,20,20,20,20,20,20
130747,1,1,0,0,0,0,0,0,0,0,0,0
130748,0,1,0,0,0,0,0,0,0,0,0,0
130748,1,1,20,20,20,20,20,20,20,20,20,20
130749,0,1,0,0,0,0,0,0,0,0,0,0
130749,1,1,0,0,0,0,0,0,0,0,0,0
130750,1,1,0,0,0,0,0,0,0,0,0,0
130750,2,1,0,0,0,0,0,0,0,0,0,0
130750,3,1,0,0,0,0,0,0,0,0,0,0
130751,1,1,0,0,0,0,0,0,0,0,0,0
130751,2,1,0,0,0,0,0,0,0,0,0,0
130752,1,1,0,0,0,0,10,0,13,0,0,0
130752,2,1,0,0,0,0,0,0,0,0,0,0
130752,3,1,0,0,0,0,0,0,0,0,0,0
130753,1,1,0,25,0,0,0,13,0,0,16,0
130754,1,1,15,15,15,15,15,15,15,15,15,15
130755,1,1,10,36,26,9,16,15,14,28,23,11
130756,1,1,0,0,0,0,0,0,0,0,0,0
130757,1,1,17,17,17,17,17,17,17,17,17,17
130758,1,1,13,13,13,13,13,13,13,13,13,13
130758,2,1,0,0,0,0,0,0,0,0,0,0
130758,3,1,21,0,0,0,10,6,0,0,0,21
130759,1,1,0,0,0,0,0,0,0,0,0,0
130760,1,1,0,0,0,0,0,0,0,0,0,0
130761,0,1,0,0,0,0,0,0,0,0,0,0
130761,1,1,0,0,0,0,0,0,0,14,0,0
130762,1,1,0,0,0,6,0,0,15,0,0,0
130762,2,1,0,0,0,0,0,0,0,0,0,0
130762,3,1,11,11,11,11,11,11,11,11,11,11
130762,4,1,0,0,2,0,9,0,0,20,0,0
130762,5,1,0,0,0,0,0,0,0,0,0,0
130763,1,1,0,0,0,0,0,0,0,0,0,0
130764,1,1,3,3,3,3,3,3,3,3,3,3
130765,1,1,0,0,0,0,0,0,0,0,0,0
130766,1,1,0,0,0,0,0,0,0,0,0,0
130767,1,1,0,0,0,0,24,0,0,0,0,0
130767,2,1,0,0,0,0,0,0,0,0,23,0
130767,3,1,0,0,0,0,0,0,0,0,0,0
130767,4,1,0,0,0,0,0,0,0,0,0,0
130768,1,1,0,22,0,5,0,0,0,0,0,0
130769,1,1,10,10,10,10,10,10,10,10,10,10
130770,0,1,0,0,0,0,0,0,0,0,0,0
130770,1,1,0,0,0,0,11,0,0,0,0,0
130771,1,1,0,0,0,0,0,0,0,0,0,0
130772,1,1,15,15,15,15,15,15,15,15,15,15
130773,1,1,0,0,16,0,0,31,20,0,0,27
130774,1,1,32,0,0,0,14,0,7,0,23,0
130775,1,1,0,0,0,0,0,0,0,0,0,0
130776,1,1,0,22,0,0,10,0,10,1,34,0
130776,2,1,0,0,0,0,0,0,0,0,0,0
130777,0,1,0,0,0,0,0,0,0,0,0,0
130777,1,1,0,0,0,0,0,0,0,0,0,0
130778,1,1,19,19,19,19,19,19,19,19,19,19
130779,1,1,0,0,0,0,0,0,0,0,0,0
130780,1,1,0,0,0,0,0,0,0,0,0,0
130780,2,1,0,21,0,15,0,0,0,0,8,0
130781,1,1,18,0,17,10,16,0,0,0,0,0
130782,1,1,0,0,0,0,0,0,0,0,0,0
130782,2,1,0,0,0,0,0,0,0,0,0,0
130782,3,1,0,0,0,0,0,0,0,0,0,0
130783,0,1,0,0,0,0,0,0,0,0,0,0
130783,1,1,0,0,0,0,0,0,0,0,0,0
130784,1,1,0,0,0,0,0,0,0,0,0,0
130784,2,1,0,0,0,0,0,20,0,0,0,0
130785,1,1,0,0,0,0,0,0,0,0,0,0
130786,1,1,0,0,0,0,0,0,0,0,0,0
130786,2,1,0,0,0,0,0,0,0,0,0,0
130787,1,1,10,10,10,10,10,10,10,10,10,10
130788,1,1,6,6,6,6,6,6,6,6,6,6
130789,1,1,0,0,0,0,23,0,0,14,8,19
130790,1,1,23,23,23,23,23,23,23,23,23,23
130790,2,1,0,0,0,0,0,0,0,0,0,0
130791,1,1,0,0,0,0,0,0,0,0,0,0
130791,2,1,0,0,0,0,0,0,0,0,0,0
130791,3,1,0,0,0,0,5,0,0,0,0,0
130792,0,1,0,0,0,0,0,0,0,0,0,0
130792,1,1,0,0,0,0,0,0,0,0,0,0
130793,1,1,0,0,0,0,0,0,0,0,0,0
130794,1,1,0,0,0,0,0,0,0,0,0,0
130795,1,1,0,0,0,0,0,0,0,0,0,0
130795,2,1,0,20,0,0,0,0,0,0,0,0
130796,1,1,0,0,0,0,0,0,0,0,0,0
130796,2,1,0,0,0,0,0,0,0,0,0,0
130797,1,1,0,0,0,0,0,0,0,0,0,0
130797,2,1,0,0,0,0,0,0,0,0,0,0
130798,0,1,0,0,11,0,0,0,0,0,0,0
130798,1,1,0,0,0,0,0,0,0,0,0,12
130799,1,1,0,0,0,0,0,0,0,0,0,0
130799,2,1,0,0,0,0,0,0,0,0,0,0
130800,1,1,32,32,32,32,32,32,32,32,32,32
130801,1,1,11,15,21,2,0,22,0,12,24,20
130802,1,1,0,0,0,0,0,0,0,0,0,0
130802,2,1,0,0,0,0,0,0,0,0,0,0
130803,1,1,0,0,0,0,0,0,0,0,0,0
130803,2,1,0,0,0,0,0,0,0,0,0,0
130804,1,1,0,0,0,0,0,0,0,0,0,0
130805,1,1,0,0,0,0,0,0,0,0,0,0
130805,2,1,0,0,0,0,0,0,0,0,0,0
130806,1,1,0,0,0,0,0,0,0,0,0,0
130807,1,1,22,22,22,22,22,22,22,22,22,22
130807,2,1,0,0,0,0,0,0,0,0,0,0
130808,1,1,21,21,21,21,21,21,21,21,21,21
130809,1,1,23,23,23,23,23,23,23,23,23,23
130810,0,1,0,0,0,0,0,0,0,0,0,0
130810,1,1,0,0,0,0,0,0,0,0,0,0
130811,1,1,0,0,0,0,0,0,0,0,0,0
130811,2,1,0,0,0,0,0,0,0,0,0,0
130812,1,1,0,0,0,0,0,0,0,0,0,0
130813,1,1,0,0,0,0,0,0,0,0,0,0
130813,2,1,0,0,0,0,0,0,0,0,0,0
130813,3,1,0,0,0,0,0,0,0,0,0,0
130814,0,1,0,0,0,0,0,0,0,0,0,0
130814,1,1,0,0,0,0,0,0,0,0,0,0
130815,0,1,0,0,0,0,0,0,0,0,0,0
130815,1,1,0,0,0,0,0,0,0,0,0,9
130816,1,1,22,22,22,22,22,22,22,22,22,22
130817,1,1,0,0,0,0,0,0,0,0,0,0
130817,2,1,0,0,0,0,0,0,0,0,0,0
130818,1,1,0,0,0,0,0,0,0,0,0,0
130818,2,1,0,0,0,0,0,0,0,0,0,0
130819,1,1,0,0,0,0,0,0,0,0,0,0
130819,2,1,2,2,2,2,2,2,2,2,2,2
130820,1,1,0,0,0,0,0,0,0,0,0,0
130821,1,1,16,16,16,16,16,16,16,16,16,16
130821,2,1,0,0,0,0,0,0,0,0,0,0
130822,1,1,0,0,0,0,0,0,0,0,0,0
130822,2,1,0,0,0,0,0,0,0,0,0,0
130823,0,1,2,2,2,2,2,2,2,2,2,2
130823,1,1,0,0,0,0,0,0,0,0,0,0
130824,1,1,19,19,19,19,19,19,19,19,19,19
130824,2,1,9,0,17,0,5,10,0,0,0,33
130825,1,1,0,0,0,5,0,0,0,0,0,0
130826,1,1,22,22,22,22,22,22,22,22,22,22
130827,1,1,0,0,0,15,0,0,0,0,0,0
130828,1,1,0,0,0,0,0,0,0,0,0,0
130829,1,1,26,26,26,26,26,26,26,26,26,26
130830,1,1,0,5,0,0,6,9,0,22,0,0
130831,1,1,0,0,0,0,0,0,0,0,0,0
130833,1,1,0,0,0,0,0,0,0,0,0,0
130834,0,1,0,0,0,0,0,0,0,0,0,0
130834,0,2,0,0,18,37,0,0,27,0,17,22
130834,1,1,0,0,0,0,21,19,0,0,0,9
130834,2,1,0,0,0,0,0,0,0,0,0,0
130835,1,1,0,0,0,0,0,0,0,0,0,0
130835,2,1,0,0,0,0,0,0,0,0,0,0
130835,3,1,0,0,0,0,0,0,0,0,0,0
130836,1,1,26,26,26,26,26,26,26,26,26,26
130837,0,1,0,0,0,25,0,0,0,0,0,0
130837,1,1,13,13,13,13,13,13,13,13,13,13
130838,1,1,0,0,0,0,0,0,0,0,0,0
130838,2,1,0,0,0,0,0,0,0,0,0,0
130838,3,1,0,0,0,0,11,0,0,0,0,0
130839,1,1,24,0,0,9,0,0,10,24,0,12
130841,1,1,0,0,0,0,0,0,0,0,0,0
130842,0,1,0,0,0,0,0,0,0,0,0,0
130842,1,1,0,0,0,0,0,0,0,0,0,0
130843,1,1,0,0,0,0,0,0,0,0,0,0
130843,2,1,0,24,0,0,0,0,0,0,36,0
130844,0,1,0,0,0,0,0,0,0,0,0,0
130844,1,1,0,0,0,0,0,0,0,0,0,0
130845,1,1,23,23,23,23,23,23,23,23,23,23
130846,1,1,39,39,39,39,39,39,39,39,39,39
130847,1,1,16,9,0,0,0,0,0,0,11,0
130847,2,1,0,0,0,0,0,0,0,0,11,0
130848,1,1,13,13,13,13,13,13,13,13,13,13
130849,1,1,0,0,0,0,0,0,5,0,0,0
130850,0,1,13,13,13,13,13,13,13,13,13,13
130850,1,1,0,0,0,0,9,7,22,0,0,0
130851,1,1,0,0,0,0,0,0,0,0,0,0
130852,1,1,0,0,0,0,0,0,0,0,0,0
130852,2,1,0,0,11,0,0,0,0,0,0,0
130853,1,1,0,0,10,15,0,0,0,17,0,30
130854,1,1,12,12,12,12,12,12,12,12,12,12
130855,0,1,24,0,0,24,0,0,0,0,0,0
130855,1,1,16,16,16,16,16,16,16,16,16,16
130856,0,1,0,0,0,0,0,0,0,0,0,0
130856,1,1,0,0,0,0,0,0,0,0,0,0
130857,1,1,0,0,0,0,5,0,0,0,0,0
130858,1,1,0,0,0,0,0,0,0,0,0,0
130859,1,1,0,0,0,0,0,0,0,0,0,0
130861,1,1,0,0,0,0,0,0,0,0,0,0
130861,2,1,0,0,0,0,0,0,0,0,0,0
130862,1,1,0,0,0,0,0,0,0,0,0,0
130862,2,1,0,0,0,0,0,0,0,0,0,0
130863,1,1,0,0,0,0,0,0,0,0,0,17
130863,2,1,0,0,0,0,0,0,0,0,0,0
130864,1,1,0,0,0,0,0,0,0,0,0,0
130864,2,1,0,0,0,0,0,0,0,0,0,0
130865,1,1,20,20,20,20,20,20,20,20,20,20
130866,1,1,0,0,0,0,0,0,0,0,0,0
130867,1,1,0,0,0,0,0,0,20,0,14,0
130867,2,1,0,0,0,0,0,0,0,0,0,0
130867,3,1,0,0,0,0,0,0,0,0,0,0
130867,4,1,0,0,0,0,0,0,0,0,0,0
130867,5,1,0,0,0,0,0,0,0,0,0,0
130867,6,1,0,0,0,0,0,0,0,0,0,0
130868,1,1,6,6,6,6,6,6,6,6,6,6
130869,1,1,0,0,0,4,0,0,0,0,0,0
130869,2,1,0,0,0,0,0,0,0,0,0,0
130870,1,1,0,0,0,0,0,0,0,0,0,0
130870,2,1,8,8,8,8,8,8,8,8,8,8
130871,1,1,0,0,0,0,0,0,0,0,0,0
130872,0,1,0,0,0,0,0,0,0,0,0,0
130872,1,1,0,0,0,0,0,0,0,0,0,0
130873,1,1,0,0,0,0,0,0,0,0,0,0
130874,1,1,0,0,0,0,0,0,0,0,0,0
130874,2,1,0,0,0,0,0,0,0,0,0,0
130875,1,1,13,13,13,13,13,13,13,13,13,13
130876,1,1,2,2,2,2,2,2,2,2,2,2
130877,0,1,1,1,1,1,1,1,1,1,1,1
130877,1,1,0,0,0,0,0,0,0,0,0,0
130878,0,1,0,0,0,0,0,0,0,0,0,0
130878,1,1,15,9,21,19,10,17,13,18,11,6
130879,1,1,0,28,0,40,0,14,18,12,0,23
130880,1,1,0,0,0,0,0,0,0,0,0,0
130881,0,1,0,0,0,0,0,0,0,0,0,0
130881,1,1,0,0,0,0,0,0,0,0,0,0
130882,0,1,0,0,0,0,0,0,0,0,0,0
130882,1,1,0,0,0,0,4,0,0,0,0,0
130883,1,1,0,0,0,0,13,0,0,0,0,0
130883,2,1,0,0,0,0,0,0,0,0,0,0
130884,1,1,0,0,0,0,0,0,0,0,0,0
130885,1,1,0,0,0,0,0,0,0,0,0,0
130885,2,1,0,0,0,0,0,0,0,0,0,0
130886,1,1,0,0,0,9,17,0,0,0,0,0
130887,0,1,0,0,0,0,0,0,0,0,0,0
130887,1,1,0,0,0,0,0,0,0,0,0,0
130888,0,1,48,27,23,28,27,9,27,9,19,28
130888,1,1,0,0,0,0,0,0,0,0,0,0
130889,1,1,5,5,5,5,5,5,5,5,5,5
130890,1,1,23,28,24,20,0,23,27,25,14,20
130891,1,1,16,29,7,15,11,24,13,21,21,25
130892,1,1,0,0,0,0,0,0,0,0,0,0
130892,2,1,0,0,0,0,0,0,0,0,0,0
130892,3,1,0,0,0,0,0,0,0,0,0,0
130893,1,1,0,0,0,0,0,0,0,0,0,0
130893,2,1,0,0,0,0,0,0,0,0,0,0
130894,1,1,9,9,9,9,9,9,9,9,9,9
130895,0,1,0,0,20,0,0,0,22,0,0,0
130895,1,1,0,0,0,0,0,7,0,9,0,0
130896,0,1,0,0,10,0,0,0,0,0,0,27
130896,1,1,0,0,0,0,13,0,0,0,0,0
130897,1,1,0,0,9,0,0,0,0,0,0,0
130897,2,1,0,0,0,0,0,0,0,0,0,0
130898,0,1,0,0,0,0,0,0,0,0,0,0
130898,1,1,0,0,0,0,0,0,0,0,0,0
130899,0,1,4,28,12,26,0,19,21,16,17,7
130899,0,2,12,0,0,10,7,0,22,0,0,22
130899,1,1,22,0,19,0,15,23,7,12,0,11
130900,1,1,0,0,0,0,0,0,0,0,0,0
130900,2,1,0,0,0,0,0,0,0,0,0,0
130901,1,1,9,9,9,9,9,9,9,9,9,9
130901,2,1,0,0,0,0,0,0,0,0,0,0
130901,3,1,0,0,0,0,0,0,0,0,0,0
130902,0,1,22,22,22,22,22,22,22,22,22,22
130902,1,1,0,0,0,0,0,0,0,0,15,0
130902,2,1,0,0,0,0,0,0,0,0,0,0
130903,1,1,13,13,13,13,13,13,13,13,13,13
130904,1,1,0,0,0,0,0,0,0,0,0,0
130905,0,1,21,20,30,8,19,17,9,17,10,33
130905,1,1,0,0,0,0,3,0,0,0,0,0
130906,1,1,5,5,5,5,5,5,5,5,5,5
130906,2,1,0,0,6,0,0,0,0,0,0,11
130907,1,1,0,0,0,0,0,0,0,0,0,0
130908,1,1,0,0,0,0,0,0,0,0,0,0
130908,2,1,0,0,20,0,0,0,2,0,0,6
130908,3,1,0,0,0,0,0,0,0,0,0,0
130909,1,1,0,0,0,0,0,0,16,0,0,0
130910,1,1,14,14,14,14,14,14,14,14,14,14
130911,0,1,18,18,18,18,18,18,18,18,18,18
130911,1,1,0,0,0,0,0,0,0,14,0,0
130911,2,1,0,0,0,0,0,0,0,0,0,0
130912,1,1,26,26,26,26,26,26,26,26,26,26
130913,1,1,0,0,0,0,0,0,0,0,0,0
130913,2,1,0,0,0,0,14,0,0,0,0,0
130914,0,1,0,0,0,0,0,0,0,0,0,0
130914,1,1,0,0,0,0,0,0,0,0,0,0
130914,2,1,0,0,0,0,0,0,0,0,0,0
130915,1,1,16,0,0,18,0,0,0,5,0,0
130916,0,1,0,0,0,0,0,30,0,0,17,0
130916,1,1,0,0,0,0,0,0,0,0,0,0
130917,1,1,3,3,3,3,3,3,3,3,3,3
130917,2,1,0,0,0,0,0,0,0,0,0,0
130918,1,1,0,0,0,0,0,0,0,0,0,0
130918,2,1,0,11,0,0,0,9,0,0,0,0
130919,1,1,10,10,10,10,10,10,10,10,10,10
130920,0,1,2,2,2,2,2,2,2,2,2,2
130920,1,1,0,0,0,0,0,0,0,0,0,0
130921,0,1,0,0,0,0,0,0,0,0,0,0
130921,1,1,0,11,0,0,0,0,0,0,0,0
130922,1,1,20,20,20,20,20,20,20,20,20,20
130923,1,1,0,0,0,0,0,0,0,0,0,0
130923,2,1,0,0,0,0,0,0,0,0,0,0
130924,1,1,12,12,12,12,12,12,12,12,12,12
130925,1,1,23,0,0,0,0,17,0,11,14,0
130926,1,1,0,0,0,0,0,0,0,0,0,0
130927,0,1,25,31,17,33,16,13,11,38,21,21
130927,1,1,0,16,0,0,22,0,0,0,0,0
130928,1,1,0,0,0,0,23,0,0,0,0,0
130928,2,1,0,0,0,0,0,0,0,0,0,0
130928,3,1,0,0,0,0,0,0,0,0,0,0
130929,0,1,0,0,0,0,0,0,0,0,0,20
130929,1,1,0,0,0,0,0,0,0,0,0,0
130929,2,1,0,0,0,0,0,0,0,0,0,0
130930,1,1,0,0,0,0,0,0,0,0,0,0
130930,2,1,0,0,0,0,0,0,0,0,0,0
130931,1,1,0,0,0,0,0,0,0,0,0,0
130931,2,1,0,0,0,0,0,0,0,0,0,0
130932,1,1,30,0,14,0,0,20,10,21,15,12
130933,0,1,0,28,19,8,0,0,0,0,23,0
130933,1,1,0,11,0,0,0,0,0,0,0,0
130934,1,1,0,0,0,0,0,0,0,0,0,0
130934,2,1,0,0,0,0,0,0,0,0,0,0
130935,1,1,8,8,8,8,8,8,8,8,8,8
130935,2,1,0,0,0,0,0,0,0,0,0,0
130936,0,1,0,0,0,0,0,0,0,0,0,0
130936,1,1,0,0,0,0,0,0,0,0,0,0
130937,1,1,0,0,0,0,0,19,0,0,0,0
130938,1,1,0,0,0,0,0,0,0,0,0,0
130938,2,1,0,0,0,0,0,0,0,0,0,0
130939,1,1,0,0,0,0,0,0,0,0,0,0
130939,2,1,0,0,0,0,0,0,0,0,0,0
130940,1,1,0,0,0,0,0,0,0,0,0,0
130941,1,1,0,0,0,0,0,0,0,0,0,0
130941,2,1,0,0,0,0,0,0,0,0,0,0
130941,3,1,0,0,0,0,0,0,0,0,0,0
130941,4,1,0,12,0,0,0,0,0,0,0,0
130941,5,1,0,0,0,0,0,0,0,0,0,0
130941,6,1,0,0,0,0,0,0,0,0,0,0
130941,7,1,0,0,0,0,0,0,6,0,0,0
130941,8,1,0,0,0,0,0,0,0,6,0,0
130942,1,1,0,0,0,0,0,0,0,0,0,0
130943,1,1,0,0,0,0,0,0,0,0,0,0
130944,1,1,15,0,0,11,0,0,0,11,0,15
130945,1,1,0,0,0,0,0,0,0,0,0,0
130945,2,1,0,0,0,0,0,0,0,0,0,0
130946,1,1,22,22,22,22,22,22,22,22,22,22
130946,2,1,0,0,0,0,0,7,0,11,0,0
130947,1,1,0,15,0,0,0,0,0,18,0,0
130947,2,1,0,0,0,0,0,0,0,0,0,0
130948,0,1,16,20,16,0,0,32,30,12,0,29
130948,1,1,0,0,0,22,5,0,0,0,0,0
130949,1,1,0,0,0,0,0,0,0,0,0,0
130950,1,1,0,0,0,0,0,0,0,0,0,0
130950,2,1,19,19,19,19,19,19,19,19,19,19