ST_CASE,VEH_NO,PER_NO,P1,P2,P3,P4,P5,P6,P7,P8,P9,P10
130951,0,1,26,26,26,26,26,26,26,26,26,26
130951,1,1,0,0,0,0,0,0,0,0,0,0
130951,2,1,0,0,0,0,0,0,0,15,0,0
130952,1,1,0,0,0,0,0,0,0,0,0,0
130952,2,1,0,0,0,0,0,0,0,0,0,0
130953,1,1,0,0,0,0,0,19,0,0,0,0
130953,2,1,23,23,23,23,23,23,23,23,23,23
130954,0,1,0,0,0,0,0,0,0,0,0,0
130954,1,1,0,0,0,0,0,0,0,0,0,0
130955,1,1,0,4,0,0,0,0,0,0,0,0
130955,2,1,0,0,0,0,0,0,0,0,0,0
130956,1,1,0,0,0,0,0,6,0,0,0,0
130957,1,1,0,0,0,0,0,0,0,0,0,0
130958,1,1,25,16,23,20,13,20,33,8,34,12
130959,1,1,0,0,0,0,0,0,0,0,0,0
130960,0,1,13,13,13,13,13,13,13,13,13,13
130960,1,1,22,0,0,0,9,0,0,0,22,11
130961,1,1,0,0,0,0,0,0,0,0,0,0
130961,2,1,0,0,0,0,0,0,0,0,0,0
130962,1,1,0,0,0,0,0,0,0,0,0,0
130963,1,1,0,0,0,0,0,0,0,0,0,0
130964,1,1,0,0,0,0,0,0,0,17,0,0
130964,2,1,0,0,0,0,0,0,0,0,0,0
130965,1,1,0,0,0,0,0,0,0,0,0,0
130965,2,1,0,0,15,0,0,0,0,0,0,0
130965,3,1,0,0,0,0,0,0,0,0,0,0
130966,1,1,0,0,0,0,0,0,0,0,0,0
130966,2,1,0,0,0,0,0,0,0,0,0,0
130967,1,1,0,0,0,0,0,0,0,0,0,0
130967,2,1,0,0,0,0,0,0,0,0,0,0
130968,1,1,0,0,0,0,0,0,0,0,0,0
130969,0,1,7,7,7,7,7,7,7,7,7,7
130969,1,1,0,0,0,0,0,0,0,0,0,0
130970,0,1,30,30,30,30,30,30,30,30,30,30
130970,1,1,0,0,0,0,21,0,0,0,0,0
130971,1,1,0,0,0,0,0,0,0,0,0,0
130971,2,1,0,0,0,0,0,0,0,0,0,0
130972,0,1,28,28,28,28,28,28,28,28,28,28
130972,1,1,0,0,0,0,0,0,0,0,0,0
130973,1,1,0,0,0,0,0,0,0,9,0,0
130973,2,1,2,2,2,2,2,2,2,2,2,2
130973,3,1,2,2,2,2,2,2,2,2,2,2
130973,4,1,0,0,0,0,0,0,0,0,0,0
130974,0,1,12,12,12,12,12,12,12,12,12,12
130974,1,1,24,0,0,0,0,0,0,0,0,0
130975,1,1,0,4,19,0,0,0,15,22,0,0
130976,1,1,0,0,0,0,0,0,0,0,0,0
130977,1,1,0,0,0,0,0,0,0,0,0,0
130977,2,1,0,0,0,0,0,0,0,0,0,0
130977,3,1,0,0,0,0,0,0,0,13,0,0
130978,0,1,24,24,24,24,24,24,24,24,24,24
130978,1,1,0,0,0,0,0,0,0,0,0,0
130979,0,1,0,0,0,0,0,0,0,0,0,0
130979,1,1,2,2,2,2,2,2,2,2,2,2
130980,1,1,23,10,0,0,0,0,23,20,14,0
130981,0,1,0,0,0,0,0,0,0,0,0,0
130981,1,1,0,12,0,0,0,0,0,0,0,0
130982,1,1,0,0,0,0,0,0,0,0,0,0
130983,1,1,10,10,10,10,10,10,10,10,10,10
130984,1,1,0,0,0,0,0,0,0,0,0,0
130984,2,1,0,0,0,0,0,0,0,0,0,0
130985,0,1,21,21,21,21,21,21,21,21,21,21
130985,1,1,21,21,21,21,21,21,21,21,21,21
130986,1,1,24,24,24,24,24,24,24,24,24,24
130986,2,1,0,0,0,0,0,0,0,0,0,0
130987,1,1,0,0,0,0,0,0,0,0,0,0
130988,0,1,21,21,21,21,21,21,21,21,21,21
130988,1,1,0,0,0,0,0,0,0,0,0,0
130989,0,1,0,0,0,0,0,0,0,0,0,0
130989,1,1,0,0,0,0,0,17,0,0,0,0
130990,1,1,0,0,0,0,0,0,0,0,0,0
130991,1,1,0,0,0,0,0,0,0,0,0,0
130992,1,1,0,0,0,0,0,0,0,0,0,0
130992,2,1,0,0,0,0,0,0,0,0,0,0
130992,3,1,0,0,0,0,12,0,15,0,0,0
130992,4,1,0,0,0,0,0,0,0,0,0,0
130993,1,1,0,0,0,0,0,0,0,0,0,0
130994,1,1,23,23,23,23,23,23,23,23,23,23
130995,1,1,0,0,0,0,0,0,0,0,0,0
130995,2,1,0,3,0,0,0,0,0,0,0,0
130996,0,1,0,0,0,0,0,0,0,0,0,0
130996,1,1,0,0,0,0,0,11,0,0,0,7
130997,1,1,9,9,9,9,9,9,9,9,9,9
130998,1,1,0,0,0,0,0,0,0,0,0,0
130998,2,1,0,0,0,0,0,0,0,0,0,0
131000,1,1,12,12,12,12,12,12,12,12,12,12
131001,1,1,8,8,8,8,8,8,8,8,8,8
131002,1,1,0,0,0,0,0,0,0,0,0,0
131002,2,1,0,0,0,0,0,0,0,0,0,0
131003,1,1,0,0,0,0,0,0,0,0,0,0
131004,0,1,0,0,12,0,0,0,0,0,0,0
131004,1,1,0,0,11,0,0,0,0,0,0,0
131005,1,1,0,0,0,0,0,0,0,0,0,0
131005,2,1,0,0,0,0,0,0,0,0,0,0
131006,1,1,0,0,0,0,0,0,0,0,0,0
131007,1,1,0,0,0,0,0,0,0,0,0,0
131007,2,1,0,0,0,0,0,0,0,0,0,0
131007,3,1,0,0,0,0,0,0,0,0,0,0
131008,0,1,0,0,0,0,0,0,0,0,0,0
131008,1,1,0,0,0,0,0,0,0,0,0,0
131009,0,1,15,15,15,15,15,15,15,15,15,15
131009,1,1,0,0,0,0,0,9,0,0,0,0
131010,1,1,0,0,0,0,0,0,0,0,0,0
131010,2,1,0,0,0,0,0,0,0,0,0,0
131011,1,1,22,19,24,18,26,8,19,12,20,26
131012,1,1,0,0,0,0,0,0,0,0,0,0
131013,0,1,0,0,0,0,0,0,0,0,0,0
131013,1,1,0,0,0,0,0,0,0,0,0,0
131014,1,1,0,19,0,0,0,0,0,0,0,0
131014,2,1,0,0,0,0,0,0,0,0,0,0
131014,3,1,0,0,0,0,0,0,0,0,0,0
131015,1,1,0,0,0,0,0,0,0,0,0,0
131015,2,1,0,0,0,0,0,0,0,0,0,0
131015,3,1,0,0,0,0,0,0,0,0,0,0
131016,1,1,0,0,0,0,0,0,0,0,0,0
131016,2,1,0,0,0,0,0,0,0,0,0,0
131017,1,1,12,12,12,12,12,12,12,12,12,12
131018,1,1,13,0,10,0,0,19,0,0,0,12
131019,1,1,0,0,0,0,0,0,0,0,0,0
131019,2,1,0,0,0,0,0,0,0,0,0,0
131020,1,1,6,6,6,6,6,6,6,6,6,6
131021,0,1,0,40,0,0,38,12,29,20,0,0
131021,1,1,0,0,0,0,0,0,0,0,0,0
131022,1,1,11,22,19,11,17,3,11,20,14,10
131023,1,1,0,0,0,0,0,0,0,0,0,0
131023,2,1,0,0,0,0,0,0,0,0,0,0
131024,1,1,24,24,24,24,24,24,24,24,24,24
131025,1,1,18,18,18,18,18,18,18,18,18,18
131026,0,1,0,0,7,14,40,0,0,12,0,0
131026,1,1,18,0,0,0,0,0,0,0,0,0
131027,1,1,0,0,0,0,0,0,0,0,0,0
131028,1,1,14,0,0,0,0,0,0,0,0,0
131029,0,1,0,0,0,0,0,0,0,0,0,0
131029,1,1,0,0,0,0,0,0,0,0,0,0
131030,0,1,17,0,20,41,0,0,36,0,0,0
131030,1,1,0,0,0,0,0,0,0,0,0,0
131031,1,1,0,0,0,0,0,0,0,0,0,0
131031,2,1,0,0,0,0,0,0,0,0,0,0
131032,1,1,28,0,0,0,0,0,0,0,0,0
131033,1,1,0,0,0,0,0,0,0,0,0,0
131033,2,1,0,0,0,0,0,0,0,0,0,0
131033,3,1,0,0,0,0,0,0,0,0,0,0
131034,1,1,2,2,2,2,2,2,2,2,2,2
131035,1,1,0,0,0,0,0,0,0,0,0,0
131035,2,1,0,0,0,0,0,0,0,7,0,0
131036,1,2,0,0,8,0,0,18,17,27,12,0
131037,0,1,0,0,0,0,0,0,0,0,0,0
131037,1,1,0,0,0,0,0,0,0,0,0,0
131038,0,1,0,0,0,0,21,0,0,0,7,0
131038,1,1,9,9,9,9,9,9,9,9,9,9
131039,0,1,6,6,6,6,6,6,6,6,6,6
131039,1,1,13,12,6,25,0,9,0,0,0,0
131040,0,1,0,12,13,0,18,38,0,16,18,23
131040,1,1,0,0,0,0,0,0,0,0,0,0
131041,1,1,27,0,0,0,0,0,0,0,0,0
131041,2,1,0,0,0,0,0,0,0,0,0,0
131042,1,1,0,0,0,0,0,0,0,0,0,0
131042,2,1,0,0,0,0,0,0,0,0,0,0
131043,1,1,20,20,20,20,20,20,20,20,20,20
131044,0,1,18,19,47,27,24,30,11,36,7,21
131044,1,1,13,0,0,0,0,0,0,0,0,0
131045,1,1,26,11,0,0,0,0,0,0,0,0
131045,2,1,0,0,0,0,0,0,0,0,0,0
131045,3,1,0,0,0,0,0,0,0,0,0,0
131046,1,1,0,0,0,0,0,0,21,0,0,0
131046,2,1,0,0,0,0,0,0,0,0,0,0
131047,1,1,0,0,0,0,24,0,0,0,0,0
131047,2,1,0,3,0,0,0,0,0,0,0,0
131048,1,1,0,0,0,31,0,0,0,0,0,0
131048,2,1,0,0,0,0,0,0,0,0,0,0
131049,0,1,0,0,0,0,0,0,0,0,0,0
131049,1,1,0,8,0,0,0,0,0,12,10,0
131050,1,1,16,0,0,12,12,18,12,8,0,13
131051,1,1,0,0,0,0,0,0,0,0,0,0
131051,2,1,0,0,0,0,0,0,0,0,0,0
131051,3,1,0,0,0,0,0,0,0,0,0,0
131051,4,1,0,0,0,0,2,0,0,0,0,0
131051,5,1,0,0,9,0,0,0,0,0,0,0
131052,1,1,0,0,0,0,0,0,0,0,0,0
131052,2,1,0,0,0,0,0,0,0,0,0,11
131053,1,1,0,0,0,0,0,0,0,0,0,0
131053,2,1,0,0,0,0,0,0,0,0,0,0
131053,3,1,0,0,0,0,0,0,0,0,0,0
131053,4,1,0,0,0,0,0,0,3,0,0,0
131053,5,1,0,0,0,0,0,0,0,0,0,0
131053,6,1,0,0,0,0,0,0,0,0,0,0
131053,7,1,0,0,0,0,0,0,0,0,0,0
131054,0,1,0,0,0,0,0,0,0,0,0,0
131054,1,1,0,0,0,0,0,0,0,0,0,0
131055,1,1,0,0,0,0,0,0,0,0,0,0
131056,1,1,0,0,0,0,0,0,0,0,0,0
131056,2,1,0,0,0,0,0,0,0,0,0,0
131057,1,1,0,0,13,0,0,0,0,0,0,0
131057,2,1,0,0,0,0,0,0,0,0,0,0
131058,0,1,0,0,0,0,0,0,0,0,0,0
131058,1,1,0,0,0,0,14,15,0,0,0,14
131059,1,1,0,15,0,0,0,0,17,0,0,0
131059,2,1,0,0,0,0,7,0,0,0,0,0
131060,1,1,27,23,23,14,17,45,25,31,3,22
131061,1,1,0,0,0,0,0,0,0,0,0,0
131062,1,1,0,0,0,0,0,0,0,0,0,0
131063,1,1,20,20,20,20,20,20,20,20,20,20
131064,1,1,21,21,21,21,21,21,21,21,21,21
131064,2,1,1,1,1,1,1,1,1,1,1,1
131065,0,1,0,0,0,10,0,0,0,0,0,0
131065,1,1,0,0,0,0,0,0,0,0,0,0
131066,1,1,0,0,0,42,0,0,0,0,0,0
131067,1,1,0,0,6,0,0,4,0,0,0,0
131067,2,1,0,0,0,0,0,0,0,0,0,0
131067,3,1,0,0,0,0,0,0,0,0,0,0
131068,0,1,0,0,0,0,0,0,0,0,0,0
131068,1,1,0,0,0,0,0,0,0,0,0,0
131069,1,1,0,0,0,0,0,0,0,0,0,0
131069,2,1,0,0,0,0,0,0,0,0,0,0
131070,1,1,21,21,21,21,21,21,21,21,21,21
131071,0,1,0,14,0,0,0,0,0,0,0,0
131071,1,1,0,0,0,0,0,0,0,0,0,0
131072,1,1,0,0,0,0,0,0,0,0,0,0
131073,1,1,0,0,0,0,0,0,0,0,0,0
131073,2,1,7,14,6,15,20,15,13,20,17,13
131074,1,1,0,0,0,0,0,0,0,0,0,0
131074,2,1,0,0,0,0,0,0,0,0,0,0
131075,1,1,0,0,0,0,8,0,0,0,22,0
131075,2,1,0,0,0,0,0,0,0,0,0,0
131076,1,1,0,0,0,0,0,0,0,0,0,0
131077,1,1,0,0,0,0,0,0,0,0,0,0
131078,1,1,0,0,0,0,32,18,0,0,0,0
131079,0,1,17,17,17,17,17,17,17,17,17,17
131079,1,1,0,0,0,0,0,0,0,0,0,0
131080,0,1,8,0,0,0,13,15,0,0,28,38
131080,1,1,13,0,0,14,0,9,0,8,14,1
131081,1,1,0,35,0,0,0,0,0,29,0,0
131081,2,1,0,0,0,0,0,0,0,0,0,0
131081,3,1,0,0,0,0,0,0,0,0,0,0
131082,1,1,0,0,0,0,0,0,0,0,2,0
131083,1,1,0,0,0,0,0,0,0,0,0,0
131083,2,1,27,12,8,13,3,16,10,18,18,13
131084,1,1,11,11,11,11,11,11,11,11,11,11
131085,1,1,0,0,0,0,0,0,0,0,0,0
131085,2,1,0,0,0,26,0,0,0,0,0,0
131086,1,1,0,0,0,0,0,0,0,0,0,0
131086,2,1,0,0,0,0,0,0,0,0,0,0
131087,1,1,0,0,0,0,0,0,0,0,0,0
131087,2,1,0,0,0,0,0,0,0,0,0,0
131088,1,1,0,0,0,0,0,0,0,0,0,0
131088,2,1,0,0,0,0,0,0,0,0,0,0
131089,1,1,15,15,15,15,15,15,15,15,15,15
131090,1,1,0,0,0,0,0,0,0,0,0,0
131090,2,1,0,0,0,0,0,0,0,0,0,0
131091,1,1,0,0,0,0,0,0,0,0,0,0
131092,1,1,0,0,0,0,0,0,0,0,0,0
131093,1,1,0,0,0,0,22,0,0,0,0,0
131094,1,1,2,2,2,2,2,2,2,2,2,2
131094,2,1,0,0,0,0,0,18,0,0,0,0
150001,1,1,0,0,0,0,0,0,0,0,0,0
150001,2,1,3,3,3,3,3,3,3,3,3,3
150002,1,1,7,7,7,7,7,7,7,7,7,7
150003,0,1,0,0,0,0,0,0,0,0,0,0
150003,1,1,0,0,0,0,0,0,0,0,0,0
150004,0,1,0,0,0,0,0,0,0,0,0,0
150004,1,1,8,0,0,8,0,0,0,0,6,0
150005,1,1,0,0,0,0,0,0,0,0,0,0
150006,0,1,22,22,22,22,22,22,22,22,22,22
150006,1,1,0,0,0,0,0,0,0,0,0,0
150007,1,1,0,0,0,0,0,0,0,0,0,0
150007,2,1,0,0,0,0,0,0,0,0,0,0
150008,1,1,0,0,0,0,0,0,0,0,0,0
150009,1,1,0,0,0,0,0,0,0,0,0,0
150009,2,1,15,21,9,21,0,0,0,8,0,0
150009,3,1,0,0,0,0,0,0,0,0,0,4
150009,4,1,0,12,0,0,27,0,0,0,0,0
150010,1,1,1,1,1,1,1,1,1,1,1,1
150010,2,1,0,0,0,0,0,0,0,0,0,0
150011,1,1,0,0,0,0,0,0,0,0,0,0
150011,2,1,33,33,33,33,33,33,33,33,33,33
150012,1,1,0,0,0,0,0,0,0,0,0,0
150012,2,1,0,0,0,0,0,0,0,0,0,0
150013,0,1,0,0,0,0,0,0,0,0,0,0
150013,1,1,0,18,26,0,0,0,11,0,16,15
150014,1,1,10,0,0,0,17,0,0,0,5,0
150014,2,1,0,0,0,0,0,18,0,11,4,19
150015,0,1,0,0,0,0,0,0,0,0,0,0
150015,1,1,0,0,0,0,0,0,0,0,0,0
150016,1,1,20,20,20,20,20,20,20,20,20,20
150016,2,1,0,0,0,0,0,0,0,0,0,0
150016,3,1,16,0,0,0,18,9,0,0,0,23
150017,1,1,0,0,0,0,0,0,0,0,0,0
150017,2,1,0,0,0,0,0,0,0,0,0,0
150018,0,1,0,0,0,0,0,0,0,0,0,0
150018,1,1,16,10,0,0,0,0,0,0,0,0
150019,1,1,0,0,0,0,0,0,0,0,0,0
150019,2,1,0,0,0,0,0,0,0,0,0,0
150020,1,1,3,3,3,3,3,3,3,3,3,3
150021,0,1,0,0,0,0,0,0,0,0,0,0
150021,1,1,0,0,0,22,0,0,0,0,28,0
150022,1,1,0,0,0,0,0,0,0,0,0,0
150022,2,1,0,0,0,0,0,0,0,0,0,0
150023,0,1,25,25,25,25,25,25,25,25,25,25
150023,1,1,0,0,0,0,0,0,0,0,0,0
150024,1,1,20,20,20,20,20,20,20,20,20,20
150025,1,1,0,0,0,0,0,0,0,0,0,0
150026,0,1,0,0,0,0,0,0,0,0,0,0
150026,1,1,0,0,0,0,0,0,0,0,0,0
150027,0,1,0,0,0,0,0,0,0,0,0,0
150027,1,1,0,0,0,0,0,0,0,0,0,0
150028,1,1,0,0,0,0,0,0,0,0,0,0
150028,2,1,0,0,0,0,0,0,0,0,0,0
150029,0,1,0,0,0,0,0,0,0,0,0,0
150029,1,1,0,0,0,0,0,0,0,0,0,0
150030,1,1,26,26,26,26,26,26,26,26,26,26
150031,1,1,0,0,0,0,0,0,0,0,0,0
150032,1,1,17,17,17,17,17,17,17,17,17,17
150033,0,1,0,0,0,0,0,0,0,0,0,0
150033,1,1,0,0,0,0,0,0,0,0,0,0
150034,1,1,0,0,0,0,27,0,0,16,0,0
150035,0,1,0,0,0,0,0,0,0,0,0,0
150035,1,1,0,0,0,0,0,20,0,0,0,0
150039,1,1,0,0,0,0,0,0,0,0,0,0
150040,1,1,0,0,0,0,0,0,0,0,0,0
150041,0,1,0,0,0,0,0,0,0,0,0,0
150041,1,1,0,0,0,0,0,0,0,0,0,0
150042,1,1,12,12,12,12,12,12,12,12,12,12
150043,1,1,0,0,0,0,0,0,0,0,0,0
150043,2,1,0,0,0,0,0,0,0,0,0,0
150044,1,1,11,11,11,11,11,11,11,11,11,11
150045,1,1,0,0,0,0,0,0,0,0,0,0
150045,2,1,0,0,0,0,0,0,16,0,0,0
150045,3,1,0,0,0,0,0,0,0,0,0,0
150046,0,1,0,0,0,0,0,0,0,0,0,0
150046,1,1,0,0,0,0,0,0,0,0,0,0
150047,0,1,0,0,0,0,0,0,0,0,0,0
150047,1,1,0,0,0,0,0,0,0,0,0,0
150048,1,1,17,17,17,17,17,17,17,17,17,17
150049,1,1,0,0,0,0,0,0,0,0,0,0
150050,1,1,0,0,0,0,0,0,0,0,0,0
150051,1,1,19,19,19,19,19,19,19,19,19,19
150052,1,1,0,0,0,0,0,0,0,0,0,0
150052,2,1,0,0,0,0,0,0,0,0,0,0
150053,1,1,16,16,16,16,16,16,16,16,16,16
150054,1,1,9,8,0,0,0,33,14,0,21,16
150055,1,1,13,7,0,9,0,13,0,14,0,0
150056,1,1,2,2,2,2,2,2,2,2,2,2
150057,1,1,13,13,13,13,13,13,13,13,13,13
150058,0,1,22,22,22,22,22,22,22,22,22,22
150058,1,1,0,0,0,0,0,0,0,0,0,0
150059,0,1,0,0,0,0,0,0,0,0,0,0
150059,1,1,0,0,0,0,0,0,0,0,0,0
150060,1,1,0,0,0,0,0,0,0,0,0,0
150061,0,1,27,27,27,27,27,27,27,27,27,27
150061,1,1,25,0,0,0,0,12,0,11,0,0
150062,0,1,32,32,32,32,32,32,32,32,32,32
150062,1,1,0,0,0,0,0,0,0,0,0,0
150063,1,1,0,0,0,0,0,0,0,0,0,0
150063,2,1,0,0,0,0,0,0,0,0,0,0
150064,1,1,8,8,8,8,8,8,8,8,8,8
150064,2,1,0,0,0,0,0,0,0,0,0,0
150065,1,1,0,0,0,0,0,0,0,0,0,0
150066,1,1,19,19,19,19,19,19,19,19,19,19
150067,1,1,27,27,27,27,27,27,27,27,27,27
150068,1,1,14,14,14,14,14,14,14,14,14,14
150069,0,1,0,0,0,0,0,0,0,0,0,0
150069,1,1,0,0,0,0,0,0,0,0,0,0
150070,1,1,4,4,4,4,4,4,4,4,4,4
150071,1,1,0,0,0,0,0,0,0,0,0,0
150073,1,1,0,0,0,0,0,0,0,0,0,0
150074,1,1,6,6,6,6,6,6,6,6,6,6
150074,2,1,0,0,0,0,0,0,0,0,0,0
150075,0,1,0,0,0,0,0,0,0,0,0,0
150075,1,1,0,0,0,0,0,0,0,0,0,0
150076,0,1,26,26,26,26,26,26,26,26,26,26
150076,1,1,5,5,5,5,5,5,5,5,5,5
150077,1,1,26,26,26,26,26,26,26,26,26,26
150077,2,1,0,13,0,0,0,7,0,0,0,0
150077,3,1,0,0,0,0,0,0,0,0,0,0
150078,1,1,0,0,0,0,0,0,0,0,0,0
150079,1,1,0,0,0,0,0,0,0,0,0,0
150080,0,1,0,0,0,0,0,0,0,0,0,0
150080,1,1,0,0,0,6,0,0,0,0,0,0
150080,2,1,0,0,0,0,0,0,0,0,0,0
150081,1,1,0,0,0,0,16,0,11,0,0,0
150081,2,1,0,0,0,0,0,0,0,0,0,0
150082,1,1,9,3,24,30,9,34,28,20,11,12
150083,1,1,0,0,0,0,0,0,0,0,0,0
150083,2,1,25,25,25,25,25,25,25,25,25,25
150084,1,1,20,20,20,20,20,20,20,20,20,20
150084,2,1,0,0,0,0,0,0,0,0,0,0
150085,1,1,18,18,18,18,18,18,18,18,18,18
150086,1,1,18,18,18,18,18,18,18,18,18,18
150087,1,1,0,0,0,0,0,0,0,0,0,0
150088,1,1,26,26,26,26,26,26,26,26,26,26
150089,0,1,0,0,0,0,0,0,0,0,0,0
150089,1,1,0,0,0,0,7,0,0,0,0,0
150090,1,1,0,0,0,0,0,0,0,0,0,0
150091,1,1,0,0,0,0,0,0,0,0,0,0
150092,1,1,26,26,26,26,26,26,26,26,26,26
150092,2,1,13,13,13,13,13,13,13,13,13,13
150093,1,1,13,13,13,13,13,13,13,13,13,13
150094,0,1,0,0,0,0,0,0,0,0,0,0
150094,1,1,19,0,0,0,0,14,19,0,0,0
150095,0,1,0,0,0,0,0,0,0,0,0,0
150095,1,1,19,19,19,19,19,19,19,19,19,19
150096,1,1,13,13,13,13,13,13,13,13,13,13
150096,2,1,0,0,0,11,17,0,0,10,12,0
150097,1,1,0,0,0,0,0,0,0,0,0,0
160001,1,1,0,0,0,0,0,0,0,0,0,0
160001,2,1,0,0,0,0,0,0,0,0,0,0
160002,1,1,0,0,9,0,0,0,0,21,0,15
160003,1,1,0,0,0,0,0,0,0,0,0,0
160004,1,1,0,0,0,0,0,0,0,0,0,0
160004,2,1,0,0,0,0,0,0,0,0,0,0
160005,0,1,29,21,18,5,20,33,10,0,28,25
160005,1,1,11,11,11,11,11,11,11,11,11,11
160006,0,1,0,17,10,0,11,0,16,0,0,0
160006,2,1,0,0,0,6,0,0,0,0,0,0
160007,1,1,0,0,0,0,0,0,0,0,0,0
160007,2,1,0,0,0,0,0,0,0,0,0,0
160008,1,1,23,23,23,23,23,23,23,23,23,23
160009,0,1,0,0,0,0,0,0,0,0,0,0
160009,1,1,0,0,0,0,0,0,0,0,0,0
160010,1,1,0,0,0,0,0,0,0,0,0,0
160011,1,1,10,10,10,10,10,10,10,10,10,10
160012,1,1,7,7,7,7,7,7,7,7,7,7
160013,0,1,0,0,0,0,0,0,0,0,0,0
160014,1,1,30,30,30,30,30,30,30,30,30,30
160015,1,1,0,0,0,0,0,0,0,0,0,0
160016,1,1,0,0,0,0,0,0,0,0,0,0
160016,2,1,0,0,0,0,0,0,0,0,0,0
160016,3,1,0,0,0,0,0,0,0,0,0,0
160017,1,1,22,22,22,22,22,22,22,22,22,22
160018,1,1,0,0,0,0,0,0,0,0,0,0
160018,2,1,0,0,0,0,0,0,0,0,0,0
160019,1,1,22,22,22,22,22,22,22,22,22,22
160020,1,1,14,21,21,6,0,9,32,31,12,12
160021,1,1,0,0,21,0,0,9,0,0,0,0
160022,1,1,0,0,0,0,0,0,0,0,0,0
160023,1,1,32,32,32,32,32,32,32,32,32,32
160024,1,1,16,24,27,20,41,17,11,10,16,15
160025,1,1,0,9,0,0,0,0,0,0,0,0
160026,1,1,16,0,13,0,6,3,23,12,19,0
160027,1,1,0,0,0,0,0,0,0,0,36,0
160027,2,1,6,0,0,0,0,8,0,0,0,0
160028,1,1,0,0,0,0,0,0,0,0,0,0
160028,2,1,0,0,0,0,8,17,0,0,0,4
160029,1,1,21,16,11,11,6,25,25,17,26,14
160030,1,1,0,0,0,0,0,0,0,0,0,0
160031,1,1,2,2,2,2,2,2,2,2,2,2
160032,1,1,0,0,0,0,0,0,0,0,0,0
160032,2,1,0,0,0,0,0,0,0,0,0,0
160033,1,1,22,8,22,27,25,0,0,0,11,1
160033,2,1,0,0,0,0,0,0,0,0,0,0
160034,1,1,20,0,6,37,0,18,19,23,20,13
160034,2,1,0,0,0,0,0,0,0,0,0,0
160035,1,1,22,22,22,22,22,22,22,22,22,22
160036,1,1,0,0,0,0,0,0,0,0,0,0
160036,2,1,0,0,0,0,0,0,0,0,0,0
160037,1,1,0,0,0,0,0,0,0,0,0,0
160037,2,1,0,0,0,0,0,0,0,0,0,0
160038,1,1,0,0,0,0,0,0,0,0,0,0
160039,1,1,26,26,26,26,26,26,26,26,26,26
160040,1,1,0,0,0,0,0,0,0,0,0,0
160040,2,1,0,0,0,0,0,0,0,0,0,0
160041,1,1,0,0,0,0,0,0,0,0,0,0
160042,1,1,0,8,0,0,0,0,0,9,0,0
160043,1,1,20,0,7,3,21,7,14,15,28,21
160044,0,1,3,3,3,3,3,3,3,3,3,3
160044,1,1,0,0,0,0,0,0,0,0,0,0
160045,1,1,29,12,16,16,40,23,0,24,18,10
160046,1,1,0,0,0,0,0,0,0,0,0,0
160046,2,1,0,0,0,0,0,0,0,0,0,0
160047,1,1,0,0,0,0,0,0,0,0,0,0
160048,1,1,0,0,0,0,0,0,0,0,0,0
160049,1,1,6,6,6,6,6,6,6,6,6,6
160049,2,1,11,11,11,11,11,11,11,11,11,11
160050,1,1,27,27,27,27,27,27,27,27,27,27
160051,1,1,0,0,0,0,0,0,0,0,0,0
160051,2,1,0,0,0,0,0,0,0,0,0,0
160052,1,1,0,0,0,0,45,0,0,0,30,0
160053,1,1,0,0,0,0,0,0,0,0,0,0
160053,2,1,0,0,0,0,0,0,0,0,0,0
160054,1,1,0,0,0,0,0,0,0,0,0,0
160056,1,1,0,0,0,0,0,0,0,0,0,0
160056,2,1,0,0,0,0,0,0,0,0,0,0
160057,1,1,15,15,15,15,15,15,15,15,15,15
160058,1,1,0,0,0,0,0,0,0,0,0,0
160058,2,1,0,0,0,0,0,0,0,0,0,0
160059,1,1,4,28,10,8,20,21,15,13,27,8
160060,1,1,0,0,0,0,0,0,0,0,0,0
160060,2,1,0,0,0,0,0,0,0,0,0,0
160061,1,1,0,0,0,0,0,0,0,0,0,0
160062,1,1,23,37,16,22,13,0,40,20,16,15
160062,2,1,0,0,0,0,0,0,0,0,0,0
160063,1,1,0,0,0,0,0,0,11,0,0,0
160064,0,1,18,18,18,18,18,18,18,18,18,18
160064,1,1,3,3,3,3,3,3,3,3,3,3
160065,1,1,0,0,0,0,0,0,0,0,0,0
160065,2,1,0,0,0,0,0,0,0,0,0,0
160066,1,1,0,0,0,0,7,0,0,0,0,0
160066,2,1,0,0,0,0,0,0,0,0,0,0
160067,1,1,0,0,0,0,0,0,0,0,0,0
160067,2,1,0,0,0,0,0,0,6,0,0,0
160069,1,1,0,0,0,0,0,0,0,0,0,0
160070,1,1,0,0,0,0,0,0,0,0,0,0
160070,2,1,0,0,0,4,0,0,0,0,0,0
160071,1,1,0,0,0,0,0,0,0,0,0,0
160071,2,1,0,0,0,0,0,0,0,0,0,0
160072,1,1,7,7,7,7,7,7,7,7,7,7
160073,1,1,20,0,0,0,0,0,0,0,0,11
160074,1,1,0,0,0,0,0,0,0,0,0,0