ST_CASE,VEH_NO,PER_NO,P1,P2,P3,P4,P5,P6,P7,P8,P9,P10
160075,1,2,17,0,0,22,18,13,7,18,0,0
160076,1,1,0,0,0,0,0,0,0,0,0,0
160077,1,1,0,0,0,0,0,0,0,0,0,0
160077,2,1,0,0,0,0,0,0,0,0,0,0
160078,1,1,0,0,0,0,0,0,0,0,0,0
160079,1,1,0,0,0,0,0,0,0,0,0,0
160080,1,1,16,24,48,15,16,26,15,21,5,23
160081,1,1,0,0,0,0,0,0,0,0,0,0
160082,1,1,15,9,19,29,10,7,17,0,6,13
160083,1,1,0,0,0,0,0,0,0,0,0,0
160083,2,1,0,0,0,0,0,0,0,0,0,0
160084,1,1,0,0,0,0,0,0,0,0,0,0
160085,1,1,0,0,0,0,0,0,0,0,0,0
160085,2,1,0,0,0,0,0,0,0,0,0,0
160086,1,1,0,0,0,0,0,0,0,0,0,0
160087,1,1,18,18,18,18,18,18,18,18,18,18
160088,1,1,0,0,0,0,0,0,0,0,0,0
160089,1,1,0,0,0,0,0,0,0,0,0,0
160090,1,1,0,0,0,0,0,0,0,0,0,0
160090,2,1,0,0,0,0,0,0,0,0,0,0
160091,1,1,0,0,0,0,0,0,0,0,0,0
160091,2,1,0,8,0,0,6,0,0,0,0,0
160091,3,1,0,0,0,0,0,0,0,0,0,0
160092,1,1,0,0,39,0,0,0,0,0,0,0
160092,2,1,0,0,0,0,0,0,0,0,0,0
160093,1,1,0,10,3,8,12,0,0,0,3,0
160094,1,1,13,13,13,13,13,13,13,13,13,13
160095,1,1,0,0,22,0,0,34,0,14,14,0
160096,1,1,0,0,0,0,0,0,0,0,0,0
160097,1,1,0,0,0,0,0,0,0,0,0,0
160097,2,1,0,0,0,0,0,0,0,0,0,0
160098,1,1,24,24,33,25,12,32,20,25,0,30
160099,1,1,14,14,14,14,14,14,14,14,14,14
160100,0,1,8,28,6,12,8,0,14,24,20,39
160100,1,1,0,11,0,0,5,0,0,0,0,0
160101,1,1,0,0,0,0,0,17,0,0,0,0
160102,1,1,0,0,0,0,0,0,0,0,0,0
160103,1,1,0,0,0,0,0,0,0,0,0,0
160103,2,1,0,0,0,0,0,0,0,0,0,0
160104,1,1,0,0,0,0,0,0,0,0,0,0
160104,2,1,0,0,0,0,0,0,0,0,0,0
160105,1,1,10,0,0,0,0,0,28,0,9,0
160106,0,1,0,0,0,0,0,0,0,0,0,0
160106,1,1,0,0,0,0,0,0,0,0,0,0
160107,1,1,0,0,0,0,0,0,0,0,0,0
160107,2,1,0,0,0,0,0,0,0,0,0,0
160108,1,1,0,0,0,0,0,0,0,0,0,0
160108,2,1,0,0,0,0,0,0,0,0,0,0
160108,3,1,0,0,0,0,0,0,0,0,0,0
160109,1,1,0,0,0,0,0,0,17,0,0,11
160110,1,1,0,0,0,0,0,0,0,0,0,0
160111,1,1,0,0,0,0,0,0,0,0,0,0
160111,2,1,29,29,29,29,29,29,29,29,29,29
160112,1,1,8,12,13,21,24,7,19,0,16,13
160113,1,1,0,0,0,0,0,0,0,0,0,0
160114,1,1,0,0,0,0,13,0,0,0,0,12
160115,1,1,0,0,0,0,0,0,0,0,0,0
160115,2,1,0,0,0,0,0,0,0,0,0,0
160115,3,1,0,0,0,0,0,0,0,0,0,0
160116,0,1,0,0,0,0,0,0,0,0,0,0
160116,1,1,0,0,0,0,0,0,0,0,0,0
160117,1,1,9,9,9,9,9,9,9,9,9,9
160118,1,1,0,0,0,0,0,0,0,0,0,17
160119,1,1,36,36,36,36,36,36,36,36,36,36
160120,1,1,34,0,0,0,0,0,0,0,32,0
160120,2,1,0,0,0,0,0,0,0,0,0,0
160121,1,1,26,26,26,26,26,26,26,26,26,26
160122,1,1,0,0,0,0,0,0,0,0,0,0
160122,2,1,0,0,0,0,0,0,0,0,0,0
160122,3,1,0,0,0,0,0,0,0,0,0,0
160123,1,1,0,0,0,0,0,0,0,0,0,0
160124,0,1,9,20,0,0,27,0,0,0,28,0
160124,1,1,0,0,0,0,0,0,0,0,0,0
160125,1,1,0,0,0,0,11,0,0,0,0,0
160125,2,1,0,0,0,0,0,0,0,0,0,0
160126,1,1,0,0,0,0,0,0,0,0,0,0
160126,2,1,0,0,0,0,0,0,0,0,0,0
160127,1,1,0,0,0,0,0,0,0,0,0,0
160128,1,1,0,12,18,13,0,0,0,0,0,0
160129,1,1,0,0,0,0,0,0,0,0,0,0
160129,2,1,0,0,0,0,0,0,0,0,0,0
160130,1,1,24,24,24,24,24,24,24,24,24,24
160131,1,1,0,0,0,0,0,0,0,0,0,0
160131,2,1,0,0,0,0,0,0,0,0,0,0
160132,1,1,0,0,0,0,0,0,0,0,0,0
160132,2,1,0,0,0,10,0,0,0,0,0,0
160133,1,1,0,0,0,0,0,0,0,0,0,0
160134,1,1,0,0,0,0,0,0,0,0,0,0
160134,2,1,0,0,0,0,0,0,0,0,0,0
160134,3,1,0,0,0,0,0,0,0,0,0,0
160135,1,1,48,13,20,36,9,16,17,21,18,20
160136,1,1,0,0,0,0,0,0,0,0,0,0
160137,1,1,0,0,0,0,0,0,0,0,21,0
160138,1,1,0,0,0,0,0,0,0,0,0,0
160138,2,1,0,0,0,0,0,0,0,0,0,0
160139,0,1,12,12,12,12,12,12,12,12,12,12
160139,1,1,0,0,0,0,0,0,0,0,0,0
160140,1,1,0,0,0,0,0,0,0,0,0,0
160141,1,1,0,0,0,0,0,0,0,0,0,0
160141,2,1,0,0,0,0,0,0,0,0,0,0
160142,1,1,0,0,0,0,0,0,0,0,0,0
160142,2,1,20,20,20,20,20,20,20,20,20,20
160143,0,1,22,0,0,0,0,0,0,0,0,0
160143,1,1,15,20,8,11,0,3,15,0,13,0
160144,0,1,26,26,26,26,26,26,26,26,26,26
160144,1,1,0,0,21,0,0,0,0,0,0,0
160145,0,1,0,0,0,0,0,0,0,0,0,0
160145,1,1,0,0,0,0,0,0,0,0,0,0
160145,2,1,0,0,0,0,0,0,0,0,0,0
160146,1,1,0,0,0,0,0,0,0,0,0,0
160147,0,1,0,0,0,0,0,0,0,0,0,0
160147,1,1,0,0,0,0,0,0,0,0,0,0
160148,0,1,0,33,0,0,0,0,0,17,0,0
160148,1,1,0,0,0,0,0,0,0,0,0,0
160149,1,1,0,0,0,0,0,0,0,0,0,0
160150,1,1,0,0,0,0,0,0,0,0,0,0
160150,2,1,9,0,0,0,0,0,0,0,0,0
160151,1,1,0,0,0,0,0,0,0,0,0,0
160152,1,1,0,0,0,0,0,0,0,0,0,0
160152,2,1,0,0,0,0,0,0,0,0,0,0
160153,1,1,18,18,18,18,18,18,18,18,18,18
160154,1,1,1,1,1,1,1,1,1,1,1,1
160154,2,1,0,0,0,0,0,0,0,0,0,0
160155,1,1,0,18,13,24,20,17,15,5,0,20
160156,1,1,0,0,0,0,0,0,0,0,0,0
160156,2,1,0,0,0,0,0,0,0,0,0,0
160157,1,1,0,0,0,0,0,0,0,0,0,0
160157,2,1,0,0,0,12,0,0,0,0,0,0
160158,1,1,3,3,3,3,3,3,3,3,3,3
160158,2,1,0,0,0,0,0,0,0,0,0,0
160159,1,1,0,0,0,0,0,0,0,0,0,0
160160,1,1,9,11,17,13,22,18,15,9,15,18
160161,1,1,0,0,0,0,0,0,0,0,0,0
160161,2,1,0,0,0,0,0,0,0,0,0,0
160162,1,1,0,0,0,0,0,0,0,12,0,0
160163,1,1,0,0,0,0,0,0,0,0,0,0
160164,1,1,0,0,0,4,0,0,0,0,0,0
160164,2,1,0,0,0,0,0,0,0,0,0,0
160165,1,1,24,24,24,24,24,24,24,24,24,24
160165,2,1,0,0,0,0,0,0,0,0,0,0
160166,1,1,0,0,0,0,0,0,0,0,0,0
160167,1,1,27,27,27,27,27,27,27,27,27,27
160168,1,1,12,12,12,12,12,12,12,12,12,12
160169,1,1,4,4,4,4,4,4,4,4,4,4
160170,1,1,18,18,18,18,18,18,18,18,18,18
160171,1,1,4,4,4,4,4,4,4,4,4,4
160171,2,1,0,0,0,0,0,0,0,0,0,0
160172,0,1,0,0,0,0,0,0,0,11,0,0
160172,1,1,0,0,0,0,0,0,0,0,0,0
160173,0,1,27,0,37,0,0,0,0,0,0,0
160173,1,1,20,0,0,0,0,0,0,0,0,0
160174,1,1,18,18,18,18,18,18,18,18,18,18
160175,1,1,0,0,0,0,0,0,0,0,0,0
160175,2,1,0,0,0,0,0,0,0,0,0,0
160176,1,1,19,19,19,19,19,19,19,19,19,19
160177,1,1,0,0,0,0,0,0,0,0,0,0
160178,1,1,26,26,26,26,26,26,26,26,26,26
160179,1,1,0,11,0,0,0,0,0,6,0,0
160180,1,1,0,0,0,0,0,0,0,0,0,0
160181,1,1,0,0,0,0,0,0,0,0,0,0
160182,1,1,0,0,0,0,0,0,0,0,0,0
160183,1,1,2,2,2,2,2,2,2,2,2,2
160184,1,1,0,0,0,0,0,0,0,0,0,0
160185,1,1,22,22,22,22,22,22,22,22,22,22
160185,2,1,0,0,0,0,0,0,0,0,0,0
160186,1,1,26,26,26,26,26,26,26,26,26,26
160186,2,1,0,0,0,0,0,0,0,0,0,12
160187,1,1,0,0,0,0,0,0,0,0,0,0
160187,2,1,0,0,0,0,0,0,0,0,0,0
160188,1,1,0,0,0,0,0,0,0,0,0,0
160188,2,1,0,0,0,0,0,0,0,0,0,0
160189,2,1,0,12,13,0,0,0,0,0,0,12
160190,1,1,24,24,24,24,24,24,24,24,24,24
160191,1,1,21,21,21,21,21,21,21,21,21,21
160192,1,1,0,0,0,0,0,0,0,0,0,0
160193,1,1,9,9,9,9,9,9,9,9,9,9
160194,1,1,0,0,0,0,0,0,0,0,0,0
160195,1,1,0,0,0,0,0,0,0,0,0,0
160196,1,1,0,0,6,0,0,0,0,0,0,0
160197,1,1,0,0,0,0,0,0,0,0,0,0
160197,2,1,0,0,0,0,0,0,0,0,0,0
160198,1,1,24,24,24,24,24,24,24,24,24,24
160199,1,1,0,0,0,0,0,0,0,0,0,0
160199,2,1,0,0,0,0,0,0,0,0,0,0
160200,1,1,23,25,12,17,19,14,10,14,12,26
160201,1,1,0,0,0,0,0,0,0,0,0,0
160202,1,1,0,0,0,0,0,0,0,0,0,0
160202,2,1,0,0,0,0,0,0,0,0,0,0
170001,1,1,17,17,17,17,17,17,17,17,17,17
170001,2,1,0,6,0,0,0,0,0,0,0,0
170001,3,1,0,0,0,0,0,0,0,0,0,0
170002,0,1,0,0,0,0,0,0,0,0,0,0
170002,1,1,0,0,0,0,0,0,19,0,0,0
170003,1,1,26,26,26,26,26,26,26,26,26,26
170003,2,1,0,0,0,0,0,0,0,0,0,0
170004,1,1,20,20,20,20,20,20,20,20,20,20
170005,1,1,28,21,0,26,0,0,22,0,0,0
170006,0,1,15,15,15,15,15,15,15,15,15,15
170006,1,1,0,0,0,0,0,0,0,0,0,0
170007,1,1,0,0,0,0,0,0,0,0,0,0
170007,2,1,0,0,0,0,0,0,0,0,0,0
170008,1,1,36,36,36,36,36,36,36,36,36,36
170009,1,1,20,20,20,20,20,20,20,20,20,20
170010,0,1,0,0,0,0,0,0,0,0,0,0
170010,1,1,7,13,13,6,9,13,12,15,6,3
170011,1,1,0,0,0,0,0,0,0,0,0,0
170011,2,1,0,0,0,0,0,0,0,0,0,0
170011,3,1,0,0,0,0,0,0,0,0,0,0
170012,1,1,11,11,11,11,11,11,11,11,11,11
170013,0,1,0,0,0,0,0,0,0,0,0,0
170013,1,1,0,0,0,0,0,0,3,0,6,0
170014,0,1,24,24,24,24,24,24,24,24,24,24
170014,1,1,12,12,12,12,12,12,12,12,12,12
170015,1,1,0,0,0,0,16,22,0,12,35,0
170016,1,1,0,0,0,0,0,0,0,0,0,0
170017,1,1,0,0,0,0,0,0,0,0,0,0
170018,1,1,11,11,11,11,11,11,11,11,11,11
170019,1,1,0,0,0,0,0,0,0,0,0,0
170019,2,1,0,0,0,0,0,0,0,0,0,0
170020,0,1,14,14,14,14,14,14,14,14,14,14
170020,1,1,0,0,0,0,0,0,0,0,0,0
170021,0,1,0,0,0,0,0,0,0,0,0,0
170021,1,1,0,0,0,0,0,0,0,0,0,0
170022,1,1,0,0,0,0,0,0,27,0,0,0
170023,1,1,0,0,0,0,0,0,0,0,0,0
170025,0,1,3,3,3,3,3,3,3,3,3,3
170025,1,1,0,0,0,0,0,0,0,0,0,0
170026,1,1,0,0,0,0,0,0,0,0,0,0
170027,0,1,0,0,0,0,0,0,0,0,0,0
170027,1,1,0,0,5,0,0,2,0,0,0,0
170028,1,1,40,40,40,40,40,40,40,40,40,40
170029,1,1,0,0,0,0,0,0,0,0,0,0
170029,2,1,0,0,0,0,0,0,0,0,0,0
170030,1,1,12,12,12,12,12,12,12,12,12,12
170031,1,1,17,17,17,17,17,17,17,17,17,17
170032,1,1,23,23,23,23,23,23,23,23,23,23
170032,2,1,0,0,0,0,0,0,0,0,0,0
170033,1,1,24,24,24,24,24,24,24,24,24,24
170034,1,1,40,40,40,40,40,40,40,40,40,40
170035,1,1,14,14,14,14,14,14,14,14,14,14
170036,1,1,15,15,15,15,15,15,15,15,15,15
170037,1,1,1,1,1,1,1,1,1,1,1,1
170038,1,1,0,0,0,0,0,0,0,0,0,0
170038,2,1,15,11,0,19,0,8,0,0,0,0
170039,0,1,0,0,0,0,0,0,0,0,0,0
170039,0,2,18,18,18,18,18,18,18,18,18,18
170039,1,1,0,2,0,0,0,0,0,0,0,0
170040,1,1,0,0,0,0,0,0,0,0,0,0
170040,2,1,0,0,0,0,0,0,0,0,0,0
170041,1,1,0,0,0,0,0,0,0,0,0,0
170042,0,1,0,0,0,0,0,0,23,0,0,0
170042,1,1,0,0,0,0,0,0,0,0,0,0
170043,1,1,0,0,0,0,0,0,0,0,0,0
170044,1,1,20,20,20,20,20,20,20,20,20,20
170045,1,1,41,41,41,41,41,41,41,41,41,41
170045,2,1,0,0,0,0,0,0,0,0,0,0
170046,1,1,0,0,0,0,0,0,6,0,0,13
170046,2,1,0,0,0,0,0,0,0,0,0,0
170047,1,1,22,22,22,22,22,22,22,22,22,22
170048,1,1,0,0,0,0,0,0,0,0,0,0
170048,2,1,0,0,0,0,0,8,0,0,0,0
170049,1,1,19,19,19,19,19,19,19,19,19,19
170049,2,1,0,0,0,0,0,0,0,0,0,0
170050,1,1,0,0,0,0,0,0,0,0,0,0
170050,2,1,3,3,3,3,3,3,3,3,3,3
170051,1,1,23,23,23,23,23,23,23,23,23,23
170052,1,1,10,10,10,10,10,10,10,10,10,10
170053,1,1,0,0,0,0,0,0,0,0,0,0
170054,1,1,0,0,0,0,0,0,0,0,0,0
170055,1,1,0,0,0,0,0,0,0,0,0,0
170056,1,1,9,23,24,28,24,22,35,25,6,15
170057,1,1,0,0,0,0,0,0,0,0,0,0
170057,2,1,0,0,0,0,0,0,0,0,0,0
170058,1,1,0,0,0,0,0,0,0,0,0,0
170059,1,1,0,0,0,0,0,0,0,0,0,0
170059,2,1,0,0,0,0,0,0,0,0,0,0
170060,1,1,15,15,15,15,15,15,15,15,15,15
170061,1,1,0,0,0,0,0,0,0,0,0,0
170061,2,1,0,0,0,0,0,0,0,0,0,0
170062,1,1,0,0,0,0,0,0,0,0,0,0
170062,2,1,0,0,0,0,21,0,0,0,29,22
170062,3,1,0,0,0,0,0,0,0,0,0,0
170062,4,1,0,0,0,0,0,0,0,0,0,0
170062,5,1,0,0,0,0,0,0,16,15,0,0
170063,0,1,0,0,0,0,0,0,0,0,0,0
170063,1,1,24,0,6,0,13,15,17,12,0,0
170064,0,1,16,16,16,16,16,16,16,16,16,16
170064,0,2,12,25,0,22,22,22,0,18,0,0
170064,0,3,15,17,0,0,0,0,0,0,19,20
170064,0,4,0,17,4,21,17,18,5,11,15,0
170064,1,1,10,10,0,9,6,21,23,8,9,17
170065,1,1,23,23,23,23,23,23,23,23,23,23
170066,1,1,12,12,12,12,12,12,12,12,12,12
170067,1,1,15,15,15,15,15,15,15,15,15,15
170068,1,1,7,0,0,0,0,0,0,3,0,0
170069,1,1,0,0,0,0,0,0,0,0,0,0
170071,1,1,12,9,6,24,0,11,0,14,0,29
170071,2,1,9,0,16,0,0,0,0,0,14,0
170071,3,1,0,0,0,0,0,0,0,0,0,0
170072,1,1,0,0,0,0,0,0,0,0,0,0
170072,2,1,0,0,9,0,0,0,0,0,0,0
170072,3,1,0,0,25,0,23,0,8,0,0,0
170074,1,1,0,0,0,0,0,0,0,0,0,0
170074,2,1,0,0,0,0,0,0,0,0,0,0
170075,1,1,14,14,14,14,14,14,14,14,14,14
170076,1,1,0,0,0,0,0,0,0,0,0,0
170076,2,1,0,0,0,0,0,0,0,0,0,0
170077,1,1,0,0,0,0,0,0,0,0,0,0
170077,2,1,0,0,0,0,3,0,0,0,0,0
170078,1,1,16,16,16,16,16,16,16,16,16,16
170079,1,1,29,29,29,29,29,29,29,29,29,29
170080,1,1,0,0,0,0,0,0,0,0,0,0
170081,1,1,0,0,0,0,0,0,0,0,0,0
170081,2,1,0,0,0,0,0,0,0,0,0,0
170081,3,1,0,0,0,0,0,0,0,0,0,0
170081,4,1,0,0,0,0,0,0,0,0,0,0
170082,1,1,0,0,0,0,0,0,0,0,0,0
170082,2,1,0,0,0,0,0,0,0,0,0,0
170083,0,1,0,0,0,0,0,0,0,0,0,0
170083,1,1,0,0,7,4,0,6,0,0,0,0
170084,1,1,0,0,0,0,0,0,0,0,0,0
170084,2,1,0,0,0,0,0,0,0,0,0,0
170084,3,1,0,0,0,0,0,0,0,0,0,0
170084,4,1,0,0,0,0,0,0,0,0,0,0
170085,1,1,15,15,15,15,15,15,15,15,15,15
170085,2,1,0,0,0,0,0,0,0,0,0,0
170085,3,1,0,0,0,0,5,0,0,0,0,0
170085,4,1,0,0,0,0,0,0,0,0,0,0
170086,1,1,0,0,0,0,0,0,0,0,0,0
170086,2,1,0,0,0,0,0,0,0,0,0,0
170087,1,1,0,0,0,0,0,0,0,0,0,0
170087,2,1,0,0,0,0,0,0,0,0,0,0
170087,3,1,0,0,0,0,0,0,0,0,0,0
170088,1,1,24,24,24,24,24,24,24,24,24,24
170089,1,1,25,25,25,25,25,25,25,25,25,25
170090,1,1,19,19,19,19,19,19,19,19,19,19
170091,1,1,24,24,24,24,24,24,24,24,24,24
170092,1,1,0,0,0,0,0,0,0,0,0,0
170092,2,1,14,14,14,14,14,14,14,14,14,14
170093,0,1,0,0,0,0,0,0,0,0,0,0
170093,0,2,0,0,0,0,0,0,0,0,0,0
170093,0,3,0,0,0,0,0,0,8,0,0,0
170093,1,1,12,0,0,22,0,2,0,0,0,24
170094,1,1,13,13,13,13,13,13,13,13,13,13
170095,1,1,0,0,0,0,0,0,0,0,0,0
170095,2,1,0,0,0,0,0,0,0,0,0,0
170096,1,1,0,0,0,0,0,0,0,0,0,0
170096,2,1,0,0,0,0,0,0,0,0,0,0
170098,0,1,0,0,0,0,0,0,0,0,0,0
170098,0,2,18,0,10,21,18,44,0,0,0,0
170098,1,1,0,0,0,0,0,18,0,0,0,0
170099,1,1,0,0,0,0,0,0,0,0,0,0
170100,1,1,0,0,0,0,0,0,0,0,0,0
170100,2,1,0,0,0,0,0,0,0,0,0,0
170101,1,1,0,0,0,0,0,0,0,0,0,0
170101,2,1,0,0,0,0,0,0,8,0,0,0
170102,1,1,0,0,0,0,0,0,0,0,0,0
170103,1,1,4,4,4,4,4,4,4,4,4,4
170104,1,1,0,0,0,0,0,0,0,0,0,0
170104,2,1,0,0,0,0,0,0,0,0,0,0
170104,3,1,0,0,0,2,0,0,0,0,0,0
170105,1,1,0,0,0,0,0,0,0,0,0,0
170106,1,1,0,0,0,0,0,0,0,20,0,0
170107,1,1,13,13,13,13,13,13,13,13,13,13
170107,2,1,0,0,0,0,0,0,0,0,0,0
170108,0,1,0,0,0,0,0,0,0,0,0,0
170108,1,1,0,0,0,0,0,0,0,0,0,0
170109,1,1,0,0,0,0,0,0,0,0,0,0
170110,1,1,13,13,13,13,13,13,13,13,13,13
170111,1,1,0,0,0,0,0,0,0,0,0,0
170111,2,1,0,5,0,0,0,0,0,0,0,0
170112,1,1,0,0,0,0,0,0,0,0,0,0
170112,2,1,0,0,0,0,0,0,0,0,0,0
170113,0,1,0,0,0,0,0,0,0,0,0,0
170113,1,1,0,0,0,0,0,0,0,0,0,0
170113,2,1,0,0,0,0,0,0,0,0,0,0
170113,4,1,0,0,0,0,0,0,0,0,0,0
170114,1,1,0,0,0,0,0,0,0,0,0,0
170115,1,1,0,0,0,0,0,0,0,0,0,0
170115,2,1,0,0,0,0,0,0,0,0,0,0
170116,1,1,15,15,15,15,15,15,15,15,15,15
170116,2,1,0,0,0,0,0,0,0,0,0,0
170117,1,1,28,28,28,28,28,28,28,28,28,28
170117,2,1,0,0,0,0,0,0,0,0,0,0
170118,1,1,0,0,0,0,0,0,0,0,0,0
170118,2,1,0,0,0,0,0,0,0,0,0,0
170119,1,1,0,0,0,0,0,0,0,0,0,0
170119,2,1,0,0,0,0,0,0,0,0,0,0
170119,3,1,0,0,0,0,0,0,0,0,0,0
170119,4,1,0,0,0,0,0,0,0,0,0,0
170120,1,1,9,9,9,9,9,9,9,9,9,9
170121,1,1,0,0,0,0,0,0,0,0,0,0
170122,1,1,0,0,0,0,0,0,0,0,0,0
170123,1,1,0,0,0,6,0,26,0,0,0,0
170123,2,1,18,18,18,18,18,18,18,18,18,18
170124,1,1,19,19,19,19,19,19,19,19,19,19
170125,1,1,0,0,0,0,0,0,0,0,0,0
170126,1,1,17,0,0,0,52,21,20,11,0,27
170127,1,1,35,35,35,35,35,35,35,35,35,35
170127,2,1,0,0,0,0,0,0,0,0,0,0
170129,1,1,0,0,0,0,0,0,0,0,0,0
170129,2,1,0,0,0,0,0,0,0,0,0,0
170129,3,1,0,0,0,15,0,0,0,0,0,0
170129,4,1,0,0,0,0,0,0,0,0,0,0
170130,1,1,0,0,0,0,0,0,0,0,0,0
170130,2,1,0,0,0,0,6,0,3,0,0,6
170131,1,1,0,0,0,0,0,0,0,0,0,0
170132,1,1,0,0,0,0,0,0,0,0,0,0
170133,1,1,0,0,0,0,0,0,0,0,0,0
170134,1,1,26,26,26,26,26,26,26,26,26,26
170135,1,1,0,0,0,0,0,0,0,0,0,0
170135,2,1,10,0,0,0,0,0,21,13,0,0
170136,1,1,2,2,2,2,2,2,2,2,2,2
170137,1,1,26,26,26,26,26,26,26,26,26,26
170138,1,1,0,0,0,0,0,0,0,0,0,0
170138,2,1,0,0,0,0,0,0,0,0,0,0
170139,1,1,6,6,6,6,6,6,6,6,6,6
170140,1,1,12,12,12,12,12,12,12,12,12,12
170140,2,1,0,0,0,0,0,0,0,0,0,0
170141,0,1,0,0,0,0,0,0,0,0,0,0
170141,1,1,0,11,0,0,9,0,0,0,0,0
170142,0,1,0,0,0,0,0,0,0,0,0,41
170142,1,1,0,27,0,0,0,0,0,16,21,0
170143,1,1,18,18,18,18,18,18,18,18,18,18
170144,1,1,0,0,0,0,0,0,0,0,0,0
170144,2,1,14,0,0,14,9,0,0,0,0,0
170145,1,1,0,0,36,0,0,0,0,0,0,0
170146,1,1,0,0,13,0,31,3,0,19,0,12
170147,1,1,0,0,0,0,0,0,0,0,0,0
170148,1,1,0,0,0,0,0,16,0,0,0,0
170148,2,1,0,0,0,0,0,0,0,0,0,0
170149,1,1,0,0,0,0,0,0,0,0,0,0
170149,2,1,0,0,0,0,0,0,0,0,0,0
170150,1,1,18,18,18,18,18,18,18,18,18,18
170151,1,1,0,0,0,0,0,0,0,0,0,0
170151,2,1,0,0,0,0,0,0,0,0,0,0
170152,1,1,15,15,15,15,15,15,15,15,15,15
170153,1,1,0,0,0,0,0,0,0,0,0,0
170154,1,1,0,0,0,0,0,0,0,0,0,0
170154,2,1,0,0,0,11,0,0,0,0,0,0
170155,1,1,0,0,0,0,0,0,0,0,0,0
170155,2,1,0,0,0,0,0,0,0,0,0,0
170156,1,1,0,0,0,0,0,0,0,0,0,0
170157,1,1,0,0,0,0,0,0,0,0,0,0
170158,1,1,9,9,9,9,9,9,9,9,9,9
170159,1,1,0,0,0,0,0,0,0,0,0,0
170159,2,1,0,0,0,0,0,0,0,0,0,0
170160,1,1,0,0,0,0,0,0,0,0,0,0
170160,2,1,0,0,0,0,0,0,0,0,0,0
170161,1,1,0,0,0,0,0,0,0,0,0,0
170161,2,1,9,0,0,0,0,0,0,0,0,0
170162,1,1,18,18,18,18,18,18,18,18,18,18
170163,1,1,0,0,0,0,0,0,0,0,0,0
170163,2,1,0,0,0,0,0,0,0,0,0,0
170164,0,1,19,19,19,19,19,19,19,19,19,19
170164,1,1,0,0,0,0,0,0,0,0,0,0
170165,1,1,20,20,20,20,20,20,20,20,20,20
170167,1,1,17,17,17,17,17,17,17,17,17,17
170168,0,1,0,0,0,0,0,0,0,0,0,0
170168,2,1,0,0,0,0,0,0,0,0,0,0
170168,3,1,0,0,0,0,0,0,0,0,0,0
170169,1,1,26,18,8,24,18,12,20,0,9,9
170169,2,1,23,23,23,23,23,23,23,23,23,23
170169,3,1,0,0,3,0,0,0,21,0,16,0
170170,1,1,5,5,5,5,5,5,5,5,5,5
170171,1,1,0,0,0,0,0,0,0,0,0,0
170171,2,1,0,0,0,0,0,0,0,0,0,0
170172,1,1,23,23,23,23,23,23,23,23,23,23
170173,1,1,18,18,18,18,18,18,18,18,18,18
170173,2,1,9,9,9,9,9,9,9,9,9,9
170174,1,1,0,0,0,0,0,0,0,0,0,0
170174,2,1,0,0,0,0,0,0,0,0,0,0
170175,1,1,0,0,0,0,0,0,0,0,0,0
170176,1,1,0,0,0,0,0,0,0,0,0,0
170176,2,1,0,0,0,0,0,0,0,0,0,0
170177,1,1,11,0,5,0,0,0,4,14,26,0
170177,2,1,0,13,0,0,0,0,0,0,0,0
170178,1,1,0,0,0,0,0,0,0,0,0,0
170178,2,1,0,0,0,0,0,0,0,0,0,0
170179,1,1,22,18,0,0,5,6,18,0,13,11
170180,1,1,0,0,0,0,0,0,0,0,0,0
170181,1,1,0,0,0,0,0,0,0,0,0,0
170181,2,1,0,0,0,0,0,0,0,0,0,0
170182,1,1,0,0,0,0,0,0,0,0,0,0
170182,2,1,0,0,0,0,0,0,0,0,0,0
170184,1,1,0,0,0,0,0,0,0,0,0,0
170184,2,1,0,0,0,0,0,0,0,0,0,17
170185,1,1,0,0,0,0,0,0,0,0,0,0
170185,2,1,0,0,0,0,0,0,0,0,0,0
170186,1,1,0,0,0,0,0,0,0,0,0,0
170187,0,1,0,18,33,10,30,17,16,0,15,4
170187,1,1,0,0,0,0,0,0,0,0,0,0
170188,1,1,0,0,0,0,0,0,0,0,0,0
170188,2,1,0,0,0,0,0,0,0,0,0,0
170188,3,1,0,0,0,0,0,0,0,0,0,0
170189,1,1,3,3,3,3,3,3,3,3,3,3
170190,1,1,3,3,3,3,3,3,3,3,3,3
170190,2,1,0,0,0,0,0,0,0,0,0,0
170191,1,1,0,13,0,0,0,0,0,0,0,0
170191,2,1,1,1,1,1,1,1,1,1,1,1
170192,1,1,0,0,0,0,0,0,0,0,0,0
170193,1,1,11,11,11,11,11,11,11,11,11,11
170194,1,1,0,0,0,0,0,0,0,0,0,0
170194,2,1,0,0,0,0,0,0,0,0,0,0
170195,0,1,12,12,12,12,12,12,12,12,12,12