ST_CASE,VEH_NO,PER_NO,P1,P2,P3,P4,P5,P6,P7,P8,P9,P10
170195,1,1,12,12,12,12,12,12,12,12,12,12
170196,1,1,13,13,13,13,13,13,13,13,13,13
170196,2,1,0,0,0,0,0,0,0,0,0,0
170197,1,1,0,0,0,0,0,0,0,0,0,0
170197,2,1,0,0,0,0,0,0,0,0,0,0
170198,1,1,0,0,0,0,0,0,0,0,0,0
170200,1,1,0,0,14,0,16,0,0,0,0,0
170200,2,1,0,0,0,0,0,0,0,0,0,0
170201,0,1,15,15,15,15,15,15,15,15,15,15
170201,1,1,0,0,0,0,20,0,0,0,0,0
170202,1,1,18,18,18,18,18,18,18,18,18,18
170203,1,1,0,0,0,0,0,0,0,0,0,0
170204,1,1,0,0,0,0,0,0,0,0,0,0
170204,2,1,0,0,0,0,0,0,0,0,0,0
170205,0,1,28,28,28,28,28,28,28,28,28,28
170205,1,1,0,0,0,0,0,0,0,0,0,0
170207,1,1,0,0,0,0,0,0,0,0,0,0
170208,1,1,8,8,8,8,8,8,8,8,8,8
170208,2,1,0,0,0,0,0,0,0,0,0,0
170209,1,1,0,0,0,0,0,0,0,0,0,0
170209,2,1,21,51,0,24,0,10,0,0,0,0
170209,3,1,0,12,16,9,0,0,11,17,0,4
170209,4,1,4,0,0,20,9,0,0,14,0,0
170209,5,1,0,17,26,0,3,0,12,0,0,0
170209,6,1,5,0,0,0,3,12,7,0,8,0
170210,1,1,0,0,0,0,0,0,0,0,0,0
170210,2,1,0,0,0,0,0,0,0,0,0,0
170211,1,1,0,0,0,0,0,0,0,0,0,0
170211,2,1,0,0,7,0,0,0,0,0,0,0
170212,1,1,30,30,30,30,30,30,30,30,30,30
170213,1,1,0,0,0,0,0,0,0,0,0,0
170214,1,1,12,8,0,0,0,0,23,27,0,0
170215,1,1,25,25,25,25,25,25,25,25,25,25
170216,1,1,0,17,0,0,0,0,0,0,0,0
170216,2,1,0,0,0,0,0,0,0,8,0,0
170217,1,1,20,20,20,20,20,20,20,20,20,20
170217,2,1,0,0,0,0,25,0,0,0,0,0
170218,1,1,0,0,0,0,0,0,0,0,0,0
170218,2,1,0,0,0,0,0,0,0,0,0,0
170219,1,1,27,27,27,27,27,27,27,27,27,27
170219,2,1,0,0,0,0,0,0,0,0,0,0
170220,1,1,0,0,0,0,0,0,0,0,0,0
170220,2,1,0,0,0,0,0,0,0,0,0,0
170221,1,1,27,27,27,27,27,27,27,27,27,27
170221,2,1,0,0,0,0,0,0,0,0,0,0
170222,1,1,10,10,10,10,10,10,10,10,10,10
170223,1,1,0,0,0,0,0,0,0,0,0,0
170223,2,1,0,0,0,0,0,0,0,0,0,0
170224,1,1,6,6,6,6,6,6,6,6,6,6
170225,1,1,0,0,0,0,0,0,0,0,0,0
170225,2,1,0,0,0,0,0,0,0,0,0,0
170226,1,1,0,0,0,0,0,0,0,0,0,0
170226,2,1,0,0,0,6,0,0,0,0,0,0
170227,1,1,26,26,26,26,26,26,26,26,26,26
170228,1,1,0,0,0,0,0,0,0,0,0,0
170228,2,1,0,0,0,0,0,0,0,0,0,0
170228,3,1,0,0,0,0,0,0,0,0,0,0
170229,1,1,9,9,9,9,9,9,9,9,9,9
170230,1,1,0,0,0,0,0,0,0,0,0,0
170230,2,1,0,0,0,0,0,0,0,0,0,0
170231,1,1,19,19,19,19,19,19,19,19,19,19
170232,1,1,0,0,0,0,0,0,0,0,0,0
170232,2,1,0,0,0,0,0,0,0,16,0,0
170233,1,1,0,0,0,0,0,0,0,0,0,0
170234,1,1,0,0,0,0,0,0,0,0,0,0
170234,2,1,0,0,0,0,0,0,0,0,0,0
170234,3,1,0,0,0,0,0,0,0,0,0,0
170235,1,1,15,15,15,15,15,15,15,15,15,15
170235,2,1,0,0,0,0,0,0,0,0,0,0
170236,0,1,3,3,3,3,3,3,3,3,3,3
170236,1,1,0,0,0,0,0,0,0,0,0,0
170237,0,1,0,0,0,0,0,0,0,0,0,0
170237,1,1,10,25,20,16,9,24,37,17,8,6
170238,1,1,6,6,6,6,6,6,6,6,6,6
170239,1,1,0,0,0,0,0,0,0,0,0,0
170239,2,1,0,0,0,0,0,0,0,0,0,0
170240,1,1,0,0,0,0,0,0,0,0,0,0
170241,0,1,0,0,0,0,0,0,0,0,0,0
170241,1,1,0,0,0,0,0,0,0,0,0,0
170242,1,1,0,0,0,0,0,0,7,0,15,0
170242,2,1,0,0,0,0,0,0,0,0,0,0
170243,1,1,2,2,2,2,2,2,2,2,2,2
170243,2,1,0,0,0,0,0,15,0,0,0,0
170244,1,1,0,0,0,0,0,0,0,0,0,0
170244,2,1,0,0,0,0,0,0,0,0,0,0
170245,0,1,0,0,0,0,0,0,0,0,0,0
170245,1,1,0,27,33,0,0,0,0,0,0,0
170247,1,1,0,0,0,0,0,0,0,0,0,0
170247,2,1,0,0,0,0,0,0,0,0,0,0
170247,3,1,0,0,0,0,7,0,0,0,0,0
170247,4,1,0,0,0,0,0,0,6,0,9,0
170248,0,1,0,0,0,0,0,0,0,0,0,0
170248,0,2,0,0,0,0,0,0,0,0,0,0
170248,1,1,19,19,19,19,19,19,19,19,19,19
170249,1,1,0,0,14,29,0,0,0,28,0,0
170249,2,1,0,0,0,0,0,4,0,0,16,0
170250,0,1,28,28,28,28,28,28,28,28,28,28
170250,1,1,0,0,0,0,0,0,0,0,0,0
170251,1,1,0,0,0,0,0,0,0,0,15,0
170251,2,1,0,0,0,0,0,0,0,0,0,0
170251,3,1,0,18,0,0,0,0,0,0,0,0
170252,1,1,24,24,24,24,24,24,24,24,24,24
170253,1,1,0,0,0,0,0,0,0,0,0,0
170253,2,1,0,0,0,0,0,0,0,0,0,0
170254,1,1,0,0,0,0,0,0,0,0,0,0
170254,2,1,0,0,0,0,0,0,0,0,0,0
170255,1,1,5,5,5,5,5,5,5,5,5,5
170255,2,1,11,11,11,11,11,11,11,11,11,11
170255,3,1,0,0,0,0,0,0,0,0,5,0
170256,0,1,34,34,34,34,34,34,34,34,34,34
170256,1,1,0,0,0,0,0,0,0,0,0,0
170257,1,1,22,22,22,22,22,22,22,22,22,22
170258,0,1,3,3,3,3,3,3,3,3,3,3
170258,1,1,0,0,0,0,0,0,0,0,0,0
170260,1,1,21,11,0,0,12,0,0,37,0,0
170260,2,1,0,0,0,0,0,0,0,0,0,0
170260,3,1,0,0,18,0,0,0,0,0,0,0
170261,0,1,0,0,0,0,0,0,0,0,0,0
170261,1,1,0,0,0,0,0,0,0,0,0,0
170262,0,1,0,0,0,0,0,0,0,0,0,0
170262,1,1,0,7,0,0,0,0,0,0,0,0
170263,1,1,0,0,0,0,0,0,0,0,0,0
170264,1,1,21,21,21,21,21,21,21,21,21,21
170264,2,1,0,0,0,0,0,0,0,0,0,0
170265,1,1,4,4,4,4,4,4,4,4,4,4
170266,1,1,12,12,12,12,12,12,12,12,12,12
170267,1,1,26,26,26,26,26,26,26,26,26,26
170267,2,1,0,0,0,0,0,0,0,0,0,0
170269,1,1,0,0,0,0,0,0,0,0,0,0
170270,1,1,5,5,5,5,5,5,5,5,5,5
170271,1,1,0,0,0,0,0,0,0,0,0,0
170271,2,1,0,0,0,0,0,0,0,0,0,0
170272,1,1,0,0,0,0,0,0,0,0,0,0
170272,2,1,0,0,0,0,0,0,0,0,0,0
170273,0,1,0,0,0,0,0,0,0,0,0,0
170273,1,1,0,0,0,0,0,0,0,0,0,0
170275,1,1,16,16,16,16,16,16,16,16,16,16
170276,1,1,0,0,0,0,0,0,0,0,0,0
170276,2,1,0,0,0,0,0,0,0,0,0,0
170276,3,1,0,0,0,0,0,0,0,0,0,0
170277,1,1,0,0,0,0,0,0,0,0,0,0
170277,2,1,0,0,0,0,0,0,0,0,0,0
170278,1,1,0,0,0,0,0,0,0,0,0,0
170279,1,1,0,0,0,0,0,0,0,0,0,0
170279,2,1,0,0,0,0,0,0,0,0,0,0
170280,1,1,26,26,26,26,26,26,26,26,26,26
170280,2,1,0,0,0,0,0,0,0,0,0,0
170281,1,1,0,0,0,0,0,0,0,0,0,0
170281,2,1,0,0,0,0,0,0,0,0,0,0
170281,3,1,0,0,0,0,0,0,0,0,0,0
170282,1,1,26,26,26,26,26,26,26,26,26,26
170283,1,1,0,0,0,0,0,0,0,0,0,0
170284,0,1,0,0,0,0,0,0,0,0,0,0
170284,1,1,0,0,0,0,0,0,0,0,0,0
170285,1,1,8,8,8,8,8,8,8,8,8,8
170287,1,1,0,0,0,0,0,0,0,0,0,0
170287,2,1,0,0,13,22,12,0,0,0,0,15
170288,1,1,0,0,0,0,0,0,0,0,0,0
170288,2,1,0,0,0,0,0,0,0,0,0,0
170289,1,1,0,0,0,0,0,4,0,0,0,0
170289,2,1,0,0,0,0,0,0,0,0,0,0
170290,1,1,4,4,4,4,4,4,4,4,4,4
170291,1,1,0,0,8,16,11,0,0,12,0,22
170292,0,1,0,0,0,0,0,0,0,0,0,33
170292,1,1,0,0,0,0,11,0,0,0,0,0
170293,0,1,0,0,0,0,0,9,0,0,0,0
170293,0,2,0,9,17,0,0,0,0,22,0,22
170293,1,1,0,0,0,0,0,0,0,0,0,0
170294,1,1,0,0,0,0,0,0,0,0,0,0
170294,2,1,0,0,0,0,0,0,0,0,0,0
170295,1,1,0,0,0,0,0,0,0,0,0,0
170295,2,1,0,0,0,0,0,0,0,0,0,0
170296,0,1,0,0,0,0,0,0,0,0,0,0
170296,1,1,10,0,0,0,0,0,0,5,0,0
170297,1,1,0,0,0,0,0,0,0,0,0,0
170297,2,1,0,0,0,0,0,0,0,0,0,0
170298,1,1,0,0,0,0,0,0,0,0,0,0
170298,2,1,0,0,0,0,0,0,0,0,0,0
170299,1,1,13,13,13,13,13,13,13,13,13,13
170299,2,1,4,4,4,4,4,4,4,4,4,4
170300,1,1,19,19,19,19,19,19,19,19,19,19
170301,1,1,0,0,0,0,8,0,0,0,0,15
170302,0,1,0,0,0,0,0,0,0,0,0,0
170302,1,1,0,0,0,0,0,0,0,0,0,0
170303,1,1,17,17,17,17,17,17,17,17,17,17
170303,2,1,0,0,0,0,0,0,14,18,6,0
170304,0,1,0,0,0,0,0,0,0,0,0,0
170304,1,1,0,0,0,0,0,21,0,0,0,0
170305,0,1,38,38,38,38,38,38,38,38,38,38
170305,1,1,7,7,7,7,7,7,7,7,7,7
170305,2,1,0,0,0,0,0,0,0,0,0,0
170306,0,1,0,0,0,0,0,0,0,0,0,0
170306,1,1,0,0,0,0,0,0,0,0,0,0
170307,1,1,0,0,0,0,0,0,0,0,0,0
170307,2,1,0,0,0,0,0,0,0,0,0,0
170308,1,1,27,27,27,27,27,27,27,27,27,27
170309,1,1,0,0,0,0,0,0,0,0,0,0
170309,2,1,0,0,0,0,0,0,0,0,0,0
170311,1,1,0,0,0,0,0,0,0,0,0,0
170311,2,1,0,0,0,0,0,0,0,0,0,0
170312,1,1,22,22,22,22,22,22,22,22,22,22
170313,0,1,25,25,25,25,25,25,25,25,25,25
170313,1,1,37,0,6,0,0,11,0,0,0,0
170314,1,1,13,0,0,7,0,0,0,0,0,0
170315,0,1,0,0,0,0,0,0,0,0,0,0
170315,1,1,0,0,0,0,0,0,0,0,0,0
170316,1,1,22,22,22,22,22,22,22,22,22,22
170316,2,1,0,5,0,0,0,0,0,0,0,0
170317,1,1,22,22,22,22,22,22,22,22,22,22
170318,1,1,0,0,0,0,0,0,0,0,0,0
170318,2,1,0,0,0,0,0,0,0,0,0,0
170319,1,1,0,0,0,0,0,0,0,0,0,0
170320,1,1,0,0,0,0,0,0,0,0,0,0
170320,2,1,0,0,0,0,0,0,0,0,0,0
170321,1,1,0,0,0,0,0,0,0,0,0,0
170321,2,1,0,0,0,0,0,0,0,0,0,0
170322,0,1,0,0,0,0,0,0,0,0,0,0
170322,1,1,0,0,0,0,0,0,0,0,0,0
170323,1,1,0,0,0,0,0,0,0,0,0,0
170324,1,1,18,18,18,18,18,18,18,18,18,18
170325,1,1,5,5,5,5,5,5,5,5,5,5
170325,2,1,0,0,0,0,0,0,0,0,0,0
170326,1,1,0,0,0,0,0,0,0,21,0,0
170326,2,1,0,0,0,0,0,0,0,0,0,0
170327,1,1,0,0,0,0,0,0,0,0,0,0
170328,1,1,0,0,9,0,19,0,0,0,0,0
170329,1,1,0,0,0,0,0,0,0,0,0,0
170330,0,1,32,32,32,32,32,32,32,32,32,32
170330,1,1,0,0,0,0,0,0,0,0,0,0
170331,0,1,0,0,0,0,0,0,0,0,0,0
170331,1,1,5,19,14,18,5,8,4,21,13,7
170331,2,1,0,0,0,0,0,0,0,0,3,0
170332,1,1,21,21,21,21,21,21,21,21,21,21
170333,0,1,27,27,27,27,27,27,27,27,27,27
170333,1,1,0,0,0,0,0,0,0,0,0,0
170334,1,1,6,6,6,6,6,6,6,6,6,6
170334,2,1,0,0,0,0,0,0,0,0,0,0
170335,1,1,0,0,0,0,0,0,0,0,0,0
170335,2,1,0,0,0,0,0,0,0,2,0,4
170336,1,1,0,0,0,0,0,0,0,0,0,0
170336,2,1,0,0,0,0,0,0,0,0,0,0
170337,0,1,43,43,43,43,43,43,43,43,43,43
170337,1,1,0,0,0,0,0,0,0,0,0,0
170338,0,1,0,0,0,0,0,0,0,0,0,0
170338,1,1,0,0,14,0,0,0,0,12,17,13
170340,1,1,0,0,0,0,0,0,0,0,0,0
170340,2,1,0,0,0,0,0,0,0,0,0,0
170341,1,1,0,0,0,0,0,0,0,0,0,0
170341,2,1,0,0,0,0,0,0,0,14,0,0
170342,0,1,0,0,0,0,0,0,0,0,0,0
170342,1,1,7,7,7,7,7,7,7,7,7,7
170344,1,1,0,0,0,0,0,0,0,0,0,0
170344,2,1,0,0,0,0,0,0,0,0,0,0
170345,1,1,0,0,0,0,0,0,0,0,0,0
170345,2,1,0,0,0,0,0,0,0,0,0,0
170346,0,1,28,28,28,28,28,28,28,28,28,28
170346,1,1,0,0,0,0,0,0,0,0,0,0
170347,1,1,0,0,0,0,0,0,0,0,0,0
170347,2,1,0,0,0,0,8,0,0,0,0,0
170348,1,1,15,15,15,15,15,15,15,15,15,15
170348,2,1,0,0,0,0,0,0,20,0,0,0
170349,1,1,29,29,29,29,29,29,29,29,29,29
170350,1,1,26,26,26,26,26,26,26,26,26,26
170351,1,1,0,0,0,0,0,0,0,0,0,0
170351,2,1,0,0,0,0,0,0,0,0,0,0
170352,1,1,0,0,0,0,0,0,0,0,0,0
170352,2,1,0,0,0,0,0,0,0,0,0,0
170353,0,1,0,0,0,0,0,0,0,0,0,0
170353,1,1,0,0,0,0,0,0,0,0,0,0
170354,1,1,19,19,19,19,19,19,19,19,19,19
170355,0,1,0,0,0,0,0,0,0,0,0,0
170355,1,1,0,0,0,0,0,0,0,0,0,0
170356,0,1,21,21,21,21,21,21,21,21,21,21
170356,1,1,20,20,20,20,20,20,20,20,20,20
170358,1,1,28,28,28,28,28,28,28,28,28,28
170359,1,1,0,0,0,0,0,0,0,0,9,0
170359,2,1,0,0,15,4,0,0,0,0,0,0
170360,1,1,0,0,0,0,0,0,0,0,0,0
170360,2,1,6,6,6,6,6,6,6,6,6,6
170361,1,1,20,20,20,20,20,20,20,20,20,20
170362,1,1,24,24,24,24,24,24,24,24,24,24
170363,0,1,0,28,0,0,0,0,0,0,0,0
170363,1,1,0,0,0,0,0,0,0,0,0,0
170364,0,1,27,27,27,27,27,27,27,27,27,27
170364,1,1,0,14,0,0,0,24,0,0,0,0
170365,1,1,0,21,0,0,0,0,12,0,0,0
170365,2,1,4,4,4,4,4,4,4,4,4,4
170366,1,1,12,12,12,12,12,12,12,12,12,12
170367,1,1,0,0,0,0,0,0,0,0,0,0
170367,2,1,0,0,0,0,0,0,0,0,0,0
170368,1,1,0,0,0,0,0,0,0,0,0,0
170369,0,1,0,0,0,0,0,0,0,0,0,0
170369,1,1,0,0,0,0,0,0,0,0,0,0
170370,0,1,0,0,0,0,0,0,0,0,0,0
170370,1,1,0,0,0,0,0,0,0,0,0,0
170371,1,1,0,0,0,0,0,0,0,0,0,0
170372,1,1,0,0,0,0,0,0,0,0,0,0
170372,2,1,0,0,0,0,0,0,0,0,0,0
170374,1,1,0,0,0,0,0,0,5,9,11,0
170374,2,1,11,0,17,9,10,12,10,18,6,19
170374,3,1,0,0,0,0,0,0,0,0,0,0
170375,1,1,4,4,4,4,4,4,4,4,4,4
170376,1,1,0,0,0,0,0,0,0,0,0,0
170376,2,1,0,0,4,37,0,0,0,0,0,0
170377,1,1,0,0,0,0,0,0,0,0,0,0
170377,2,1,0,0,0,0,0,0,0,0,0,24
170377,3,1,0,0,0,0,0,0,0,0,6,0
170378,0,1,0,0,0,0,0,0,0,0,0,0
170378,1,1,12,0,0,0,0,0,0,0,0,24
170379,1,1,0,0,0,0,0,0,0,0,0,0
170380,1,1,0,0,0,0,0,0,0,0,0,0
170381,1,1,0,0,0,0,0,0,0,0,0,0
170381,2,1,0,0,0,0,0,0,0,0,0,0
170382,1,1,28,28,28,28,28,28,28,28,28,28
170383,1,1,0,20,0,0,0,0,0,0,0,16
170384,1,1,0,0,0,0,0,0,0,0,0,0
170384,2,1,0,0,0,0,0,0,0,0,0,0
170385,1,1,0,0,0,0,10,0,0,0,0,0
170385,2,1,0,0,0,12,0,23,0,0,0,0
170385,3,1,0,0,0,0,0,0,0,0,0,0
170385,4,1,0,0,30,0,0,0,17,13,0,0
170386,1,1,0,5,22,0,0,0,0,0,7,9
170387,1,1,8,8,8,8,8,8,8,8,8,8
170388,1,1,0,0,0,0,0,0,0,0,0,0
170389,0,1,0,0,0,21,0,0,0,0,17,0
170389,1,1,0,0,0,0,0,0,0,0,0,0
170391,0,1,12,28,22,24,24,15,27,0,28,25
170391,1,1,0,0,0,0,7,0,0,0,0,14
170392,1,1,8,8,8,8,8,8,8,8,8,8
170393,0,1,0,0,0,0,0,0,0,0,0,0
170393,1,1,0,0,0,0,0,0,0,0,0,0
170394,1,1,26,26,26,26,26,26,26,26,26,26
170395,1,1,0,0,0,0,0,0,0,0,0,0
170395,2,1,14,3,2,1,6,13,15,0,11,3
170396,1,1,16,16,16,16,16,16,16,16,16,16
170397,0,1,0,0,0,0,0,0,0,0,0,0
170397,1,1,0,13,0,0,0,0,0,0,0,0
170398,1,1,0,0,0,0,0,0,0,0,0,0
170399,1,1,12,12,12,12,12,12,12,12,12,12
170400,1,1,0,0,0,0,0,0,0,0,0,0
170400,2,1,0,0,0,0,0,0,0,0,0,0
170401,1,1,0,0,0,0,0,0,0,0,0,0
170402,1,1,20,20,20,20,20,20,20,20,20,20
170403,1,1,10,10,10,10,10,10,10,10,10,10
170404,1,1,0,0,0,0,0,0,0,0,0,0
170405,0,1,0,0,0,0,0,0,0,0,0,0
170405,1,1,0,0,0,0,0,0,0,0,0,0
170406,0,1,0,0,0,0,0,0,0,0,0,0
170406,0,2,0,0,0,0,0,0,0,0,12,0
170406,0,3,0,0,24,0,0,0,0,19,0,0
170406,0,4,0,0,0,0,0,13,12,0,0,0
170406,0,5,19,0,0,0,0,0,0,0,0,0
170406,1,1,12,12,12,12,12,12,12,12,12,12
170407,1,1,0,0,0,0,0,0,0,0,0,0
170407,2,1,0,0,0,0,0,0,0,0,0,0
170408,1,1,14,14,14,14,14,14,14,14,14,14
170409,1,1,0,0,0,0,0,0,0,0,0,0
170409,2,1,0,0,0,0,0,0,0,0,0,0
170410,1,1,19,19,19,19,19,19,19,19,19,19
170411,1,1,0,0,0,0,0,0,0,0,0,0
170411,2,1,0,0,0,0,0,0,0,0,0,0
170412,1,1,0,0,0,0,0,0,0,0,0,0
170412,2,1,0,0,0,0,0,0,0,0,0,0
170413,1,1,3,3,3,3,3,3,3,3,3,3
170413,2,1,0,0,0,0,0,0,0,0,0,0
170414,1,1,0,0,0,0,0,0,0,0,0,0
170414,2,1,0,0,0,0,0,0,0,0,0,0
170415,1,1,0,0,0,0,0,0,0,0,0,0
170416,1,1,0,0,0,0,0,0,0,0,0,0
170417,1,1,23,23,23,23,23,23,23,23,23,23
170418,1,1,0,0,0,0,0,0,0,0,0,0
170419,1,1,0,0,0,0,0,0,0,0,0,0
170420,1,1,8,8,8,8,8,8,8,8,8,8
170421,1,1,0,0,0,0,0,0,0,0,0,0
170421,2,1,0,0,0,0,0,0,0,0,0,0
170422,1,1,0,0,0,0,0,0,0,0,0,0
170422,2,1,0,0,0,0,0,0,0,0,0,0
170423,1,1,17,17,17,17,17,17,17,17,17,17
170424,0,1,0,0,0,0,0,0,0,0,0,0
170424,1,1,0,0,0,0,0,0,0,0,0,0
170425,1,1,0,0,0,0,0,0,0,0,0,0
170426,1,1,0,0,0,0,0,0,0,0,0,0
170427,0,1,0,0,0,0,0,0,0,0,0,0
170427,1,1,0,0,0,0,0,0,0,0,0,0
170428,1,1,15,15,15,15,15,15,15,15,15,15
170429,1,1,0,0,0,0,0,0,0,0,0,0
170429,2,1,0,0,0,0,0,0,0,0,0,0
170430,1,1,0,0,0,0,0,0,0,0,0,0
170431,1,1,0,0,0,0,0,0,0,0,0,0
170431,2,1,0,0,0,0,0,0,0,0,0,0
170432,1,1,0,0,0,0,0,0,0,0,0,0
170432,2,1,0,0,0,0,0,0,0,0,0,0
170433,1,1,0,0,0,0,0,0,0,0,0,0
170434,1,1,12,12,12,12,12,12,12,12,12,12
170435,1,1,0,0,0,0,0,0,0,0,0,0
170436,1,1,18,18,18,18,18,18,18,18,18,18
170437,1,1,0,0,0,0,0,0,0,0,0,0
170437,2,1,0,0,0,0,0,0,0,0,0,0
170438,0,1,1,1,1,1,1,1,1,1,1,1
170438,1,1,0,0,0,0,0,0,0,0,0,0
170439,1,1,0,0,0,0,0,0,0,0,0,0
170439,2,1,0,0,0,0,0,0,0,0,0,0
170440,0,1,0,0,22,0,0,0,0,0,0,0
170440,1,1,0,0,0,0,0,0,0,0,0,0
170441,1,1,0,0,0,0,0,0,0,0,0,0
170442,1,1,0,0,0,0,0,21,22,0,0,0
170442,2,1,0,0,0,0,0,0,0,0,0,0
170443,1,1,13,13,13,13,13,13,13,13,13,13
170444,1,1,0,0,0,0,0,0,0,0,0,0
170444,2,1,0,0,0,0,0,0,0,0,0,0
170445,1,1,0,0,0,0,0,0,0,0,0,0
170445,2,1,0,0,0,0,0,0,0,0,0,0
170446,0,1,1,1,1,1,1,1,1,1,1,1
170446,1,1,0,0,0,0,0,0,0,0,0,0
170447,0,1,0,0,0,0,0,0,0,0,0,0
170447,1,1,0,0,0,0,0,0,0,0,0,0
170448,1,1,0,0,0,0,0,0,0,0,0,0
170448,2,1,0,0,0,0,0,0,0,0,0,0
170448,3,1,0,0,0,0,0,0,0,0,0,0
170449,1,1,0,0,0,0,0,0,0,0,0,0
170450,0,1,12,12,12,12,12,12,12,12,12,12
170450,1,1,0,0,0,0,0,0,9,15,14,28
170451,1,1,0,0,0,0,0,0,0,0,0,0
170452,1,1,16,16,16,16,16,16,16,16,16,16
170452,2,1,0,19,0,0,0,0,0,0,0,0
170453,1,1,6,6,6,6,6,6,6,6,6,6
170454,1,1,0,0,0,0,0,0,0,0,0,0
170455,1,1,0,0,0,0,0,0,0,0,12,0
170456,1,1,15,15,15,15,15,15,15,15,15,15
170457,1,1,6,6,6,6,6,6,6,6,6,6
170458,1,1,0,0,0,0,0,0,0,0,0,0
170458,2,1,0,0,0,0,0,0,0,0,0,0
170459,1,1,0,0,0,0,0,0,0,0,0,0
170460,1,1,0,0,0,0,0,0,0,0,0,0
170460,2,1,0,0,0,0,0,0,0,0,0,0
170461,1,1,33,33,33,33,33,33,33,33,33,33
170461,2,1,0,0,0,0,0,0,0,0,0,0
170462,1,1,0,0,0,0,0,0,0,0,0,0
170462,2,1,0,0,0,0,0,0,0,0,0,0
170463,1,1,0,0,0,0,0,0,0,0,0,0
170464,1,1,25,25,25,25,25,25,25,25,25,25
170465,1,1,25,25,25,25,25,25,25,25,25,25
170465,2,1,5,5,5,5,5,5,5,5,5,5
170466,1,1,0,0,0,0,0,0,0,0,0,0
170466,2,1,27,0,0,0,0,0,0,0,0,0
170467,0,1,27,16,21,39,15,27,26,13,11,10
170467,1,1,17,17,17,17,17,17,17,17,17,17
170468,1,1,0,0,0,0,0,0,0,0,0,0
170468,2,1,0,0,0,0,0,0,0,0,0,0
170469,0,1,0,0,0,0,0,0,0,0,0,0
170469,1,1,0,0,0,0,17,4,15,0,0,13
170470,1,1,23,0,0,0,0,14,0,0,0,0
170470,2,1,0,0,0,0,0,0,0,0,0,0
170471,1,1,18,18,18,18,18,18,18,18,18,18
170472,0,1,26,26,26,26,26,26,26,26,26,26
170472,1,1,0,0,0,0,0,0,0,0,0,0
170473,0,1,0,0,0,0,0,0,0,0,0,0
170473,1,1,0,0,0,0,0,0,0,0,0,0
170474,1,1,0,0,0,0,0,0,0,0,0,0
170474,2,1,0,0,0,0,0,0,0,0,0,0
170475,0,1,12,25,13,18,0,20,0,0,0,40
170475,1,1,0,0,0,0,0,0,0,0,0,0
170476,1,1,0,0,0,0,0,0,0,0,0,0
170476,2,1,0,0,0,0,0,0,0,0,0,0
170477,1,1,0,0,0,0,0,0,0,0,0,0
170477,2,1,0,0,0,12,0,0,0,8,0,0
170478,1,1,0,0,0,0,0,0,0,29,0,0
170478,2,1,0,0,0,0,0,0,0,0,0,0
170479,1,1,0,0,0,0,0,0,0,0,0,0
170480,1,1,0,0,0,0,19,0,0,28,0,0
170480,2,1,0,15,0,0,0,0,0,0,0,0
170480,3,1,0,0,0,0,0,0,0,0,0,0
170481,1,1,0,0,0,0,0,0,0,0,0,0
170481,2,1,0,0,0,0,0,0,0,0,0,0
170482,0,1,26,26,26,26,26,26,26,26,26,26
170482,1,1,0,0,0,12,0,15,0,0,0,4
170483,1,1,0,0,0,0,0,0,0,0,0,0
170483,2,1,0,0,0,0,0,0,0,0,0,0
170483,3,1,0,0,0,3,0,0,0,0,4,0
170484,1,1,0,0,0,0,0,0,0,0,0,0
170485,1,1,10,10,10,10,10,10,10,10,10,10
170486,1,1,0,0,0,0,0,0,0,0,0,0
170486,2,1,0,0,0,0,0,0,0,0,0,0
170487,1,1,0,0,0,0,0,0,0,0,0,0
170488,1,1,15,0,0,0,0,0,0,0,0,0
170488,2,1,21,21,21,21,21,21,21,21,21,21
170489,1,1,21,21,21,21,21,21,21,21,21,21
170490,1,1,23,23,23,23,23,23,23,23,23,23
170491,1,1,33,33,33,33,33,33,33,33,33,33
170492,1,1,0,0,0,0,0,0,0,0,0,0
170492,2,1,0,0,0,0,0,0,0,0,0,7
170493,1,1,0,0,0,0,0,0,0,0,0,0
170493,2,1,0,0,0,0,0,0,0,0,0,0
170494,1,1,0,0,0,10,0,0,0,0,0,0
170494,2,1,0,0,0,0,0,0,0,0,0,0
170495,1,1,0,0,0,0,0,0,0,0,0,0
170495,2,1,0,0,0,0,0,0,0,0,0,0
170496,1,1,18,18,18,18,18,18,18,18,18,18
170497,1,1,14,14,14,14,14,14,14,14,14,14
170498,1,1,25,25,25,25,25,25,25,25,25,25
170499,0,1,0,0,0,0,0,0,0,0,0,0
170499,1,1,0,0,0,0,0,0,0,0,0,0
170500,1,1,1,1,1,1,1,1,1,1,1,1
170500,2,1,0,0,0,0,0,0,0,0,0,0
170501,0,1,0,0,0,0,0,0,0,0,0,0
170501,1,1,0,0,0,0,0,0,0,0,0,0
170502,0,1,0,0,0,0,0,0,0,0,0,0
170502,1,1,0,0,0,0,0,0,0,0,0,0
170503,0,1,0,0,0,0,0,0,0,0,0,0