ST_CASE,VEH_NO,PER_NO,P1,P2,P3,P4,P5,P6,P7,P8,P9,P10
170503,1,1,20,0,0,0,0,0,0,0,0,0
170504,1,1,0,0,23,0,33,0,0,0,0,0
170505,1,1,0,0,0,0,0,0,0,0,0,0
170505,2,1,0,0,0,0,0,0,0,0,0,0
170505,3,1,0,0,0,0,0,0,0,0,0,0
170506,1,1,0,0,0,0,0,0,0,0,0,0
170506,2,1,0,0,0,0,0,0,0,0,0,0
170507,0,1,37,20,0,0,0,28,17,27,13,34
170507,1,1,12,12,12,12,12,12,12,12,12,12
170507,2,1,0,0,0,0,0,0,0,0,0,0
170507,3,1,0,0,0,0,0,0,0,5,0,0
170507,4,1,0,0,0,0,0,0,0,0,0,0
170508,1,1,0,0,0,0,0,0,0,0,0,0
170509,1,1,0,0,0,0,0,0,25,0,0,27
170510,1,1,20,20,20,20,20,20,20,20,20,20
170510,2,1,0,0,0,0,0,0,0,0,0,0
170510,3,1,0,0,0,0,0,0,0,0,0,0
170511,1,1,0,0,0,0,0,0,0,0,0,0
170511,2,1,0,0,0,0,0,0,0,0,0,0
170512,1,1,0,0,0,0,0,0,0,0,0,0
170513,0,1,0,0,0,0,0,0,0,0,0,0
170513,1,1,0,0,0,0,0,0,6,0,0,0
170514,1,1,0,19,0,0,0,0,0,0,0,0
170514,2,1,0,0,0,0,0,0,0,0,0,0
170515,1,1,0,0,0,0,0,0,0,0,0,0
170515,2,1,3,0,0,0,14,0,0,2,14,0
170516,1,1,23,23,23,23,23,23,23,23,23,23
170517,1,1,0,0,0,0,0,0,0,0,0,0
170517,2,1,0,0,0,0,0,0,0,0,0,0
170518,1,1,0,0,0,0,0,0,0,0,0,0
170519,1,1,0,0,0,0,0,0,0,0,0,0
170520,1,1,0,0,0,0,0,0,0,0,0,0
170521,0,1,0,0,0,0,0,0,0,0,0,0
170521,1,1,0,0,0,0,0,0,0,0,0,0
170522,1,1,16,16,16,16,16,16,16,16,16,16
170522,2,1,0,0,0,0,0,0,10,0,0,0
170523,1,1,25,26,0,20,24,28,39,8,29,25
170524,1,1,0,0,0,0,0,0,0,0,0,0
170524,2,1,0,0,0,0,0,0,0,0,0,0
170525,1,1,0,0,0,0,0,0,0,0,0,0
170526,1,1,22,22,22,22,22,22,22,22,22,22
170526,2,1,0,0,0,0,0,0,0,0,0,0
170526,3,1,0,0,0,0,0,0,0,0,0,0
170527,1,1,21,21,21,21,21,21,21,21,21,21
170528,1,1,0,0,0,0,0,0,0,0,0,0
170528,2,1,0,0,0,0,0,0,0,0,0,0
170529,1,1,33,33,33,33,33,33,33,33,33,33
170530,1,1,15,15,15,15,15,15,15,15,15,15
170531,1,1,0,0,0,0,0,0,0,0,0,0
170531,2,1,0,0,0,9,0,0,0,0,0,0
170532,1,1,0,0,0,0,0,0,0,0,0,0
170532,2,1,0,0,0,0,0,0,0,0,0,0
170533,1,1,23,23,23,23,23,23,23,23,23,23
170534,1,1,0,0,0,0,6,0,0,0,5,0
170535,1,1,0,0,0,0,6,0,19,0,0,0
170535,2,1,0,0,0,0,0,0,0,0,0,0
170536,1,1,0,0,0,0,0,0,0,0,0,0
170536,2,1,0,0,0,0,0,0,5,0,0,0
170537,1,1,0,0,0,0,0,0,0,0,0,0
170537,2,1,0,0,0,0,0,0,0,0,0,0
170538,0,1,0,0,0,0,0,0,0,0,0,0
170538,1,1,0,0,0,0,0,0,0,0,0,0
170539,1,1,0,0,0,0,0,0,0,0,0,10
170539,2,1,0,0,0,0,0,0,0,0,0,0
170540,1,1,17,26,24,18,23,12,0,0,21,24
170541,1,1,19,19,19,19,19,19,19,19,19,19
170542,1,1,0,0,0,0,0,0,0,0,0,0
170542,2,1,0,0,0,0,0,0,0,0,0,0
170543,1,1,0,0,0,0,0,0,0,0,0,0
170543,2,1,0,0,0,0,0,0,0,0,0,0
170544,1,1,0,21,0,0,0,0,24,0,0,0
170545,1,1,27,27,27,27,27,27,27,27,27,27
170546,1,1,34,24,0,20,0,21,12,0,10,0
170547,1,1,26,26,26,26,26,26,26,26,26,26
170548,1,1,0,0,0,0,0,0,0,0,0,0
170548,2,1,0,0,0,0,0,0,0,0,0,0
170549,1,1,0,0,0,0,0,0,0,0,0,0
170550,1,1,0,0,0,0,0,0,0,0,0,0
170552,1,1,0,9,17,3,0,21,0,11,6,0
170553,1,1,19,19,19,19,19,19,19,19,19,19
170553,2,1,0,0,0,0,0,0,0,0,0,0
170554,0,1,0,0,0,0,0,0,0,0,0,0
170554,1,1,0,0,0,0,0,0,0,0,0,0
170555,1,1,0,0,0,0,0,0,0,0,0,0
170556,1,1,14,14,14,14,14,14,14,14,14,14
170557,1,1,0,0,0,0,0,0,11,13,0,0
170558,1,1,16,16,16,16,16,16,16,16,16,16
170559,0,1,0,0,0,0,0,0,0,0,0,0
170559,1,1,0,0,0,0,0,0,0,0,0,0
170560,1,1,0,0,0,0,0,0,0,0,0,0
170560,2,1,0,0,0,0,0,0,0,0,0,0
170560,3,1,0,0,0,0,0,0,0,6,0,0
170561,1,1,21,21,21,21,21,21,21,21,21,21
170561,2,1,1,1,1,1,1,1,1,1,1,1
170562,0,1,0,0,0,0,0,0,0,0,0,0
170562,1,1,13,16,0,0,0,0,0,0,23,10
170563,0,1,0,0,0,0,0,0,0,0,0,0
170563,1,1,0,0,0,0,0,0,0,0,0,0
170565,1,1,22,22,22,22,22,22,22,22,22,22
170566,1,1,0,0,0,0,0,0,0,0,0,0
170567,1,1,0,0,0,0,0,0,0,0,0,0
170567,2,1,0,0,0,0,0,0,0,0,0,0
170567,3,1,0,0,0,0,0,0,0,0,0,0
170567,4,1,0,0,0,0,0,0,0,0,0,0
170568,1,1,0,0,0,0,0,0,0,0,0,0
170568,2,1,0,0,0,0,0,0,0,0,0,0
170569,1,1,10,10,10,10,10,10,10,10,10,10
170570,1,1,0,0,0,0,0,7,13,0,0,0
170571,1,1,0,0,0,0,19,0,0,0,0,3
170572,1,1,0,0,0,0,0,0,0,0,0,0
170572,2,1,0,0,0,0,0,0,0,0,0,0
170573,1,1,0,0,0,0,0,0,0,0,0,0
170573,2,1,0,0,0,0,0,0,0,0,0,0
170574,1,1,21,21,21,21,21,21,21,21,21,21
170574,2,1,0,0,0,0,0,9,0,0,0,0
170574,3,1,0,0,0,0,0,0,0,0,0,0
170575,1,1,0,0,0,0,0,0,0,0,0,0
170575,2,1,0,0,0,0,0,0,0,0,0,0
170576,1,1,2,2,2,2,2,2,2,2,2,2
170577,1,1,0,0,0,0,0,0,0,0,0,0
170578,1,1,0,0,0,0,0,0,0,0,0,0
170578,2,1,0,0,0,0,0,0,0,0,0,0
170579,1,1,0,8,0,3,0,0,24,0,0,0
170580,1,1,0,0,0,0,0,0,0,0,0,0
170580,2,1,0,0,0,0,0,0,0,0,0,0
170581,1,1,0,0,0,0,0,0,0,0,0,0
170582,1,1,0,0,0,0,0,0,0,0,0,0
170582,2,1,0,0,0,0,0,0,0,0,0,0
170584,1,1,0,0,0,0,0,0,0,0,0,0
170585,1,1,7,36,16,0,11,11,6,7,17,13
170585,2,1,0,0,0,0,0,0,0,0,0,0
170586,0,1,0,0,0,0,0,0,0,0,0,0
170586,1,1,0,0,0,0,0,24,0,0,14,0
170587,1,1,14,8,0,0,0,19,16,0,29,0
170587,2,1,10,9,0,19,0,0,0,23,0,0
170588,1,1,0,0,0,16,0,0,0,0,0,0
170589,1,1,0,0,0,0,0,0,0,0,0,0
170589,2,1,0,0,0,0,0,0,0,0,0,0
170590,1,1,0,28,5,0,0,0,0,0,0,0
170591,1,1,0,0,0,0,0,0,0,0,0,0
170592,1,1,6,6,6,6,6,6,6,6,6,6
170593,1,1,26,26,26,26,26,26,26,26,26,26
170594,1,1,0,0,0,0,0,0,0,0,0,11
170594,2,1,27,0,0,0,0,0,0,0,0,0
170595,1,1,0,0,0,0,0,0,0,0,0,0
170595,2,1,0,0,0,0,0,0,0,0,0,0
170596,1,1,0,0,0,0,0,0,0,0,0,0
170596,2,1,0,0,0,0,0,0,0,0,0,0
170597,0,1,16,16,16,16,16,16,16,16,16,16
170597,1,1,18,0,19,21,0,6,29,0,0,0
170598,1,1,19,20,28,34,31,13,5,26,6,16
170599,1,1,15,15,15,15,15,15,15,15,15,15
170599,2,1,0,0,0,0,0,0,0,0,0,0
170599,3,1,0,0,0,0,0,0,0,0,0,0
170600,1,1,5,5,5,5,5,5,5,5,5,5
170601,1,1,0,0,0,0,0,0,0,0,0,0
170601,2,1,0,0,0,0,0,0,0,0,0,0
170601,3,1,0,0,0,0,0,0,0,0,0,0
170601,4,1,0,0,0,0,0,0,0,0,0,0
170602,1,1,17,17,17,17,17,17,17,17,17,17
170602,2,1,19,19,19,19,19,19,19,19,19,19
170603,1,1,13,13,13,13,13,13,13,13,13,13
170603,2,1,0,0,0,0,0,0,0,0,0,0
170604,1,1,15,15,15,15,15,15,15,15,15,15
170605,1,1,0,0,22,0,0,0,0,0,0,13
170606,1,1,0,0,0,0,0,0,0,0,0,0
170607,1,1,7,7,7,7,7,7,7,7,7,7
170608,1,1,0,0,0,0,0,0,0,0,0,0
170609,1,1,0,0,13,0,0,9,0,0,0,0
170609,2,1,0,0,0,0,0,0,0,0,0,0
170610,0,1,0,0,0,0,0,0,0,0,0,0
170610,0,2,0,0,0,0,0,0,0,0,0,0
170610,1,1,0,0,0,0,0,0,0,0,0,12
170611,1,1,0,0,0,0,0,0,0,0,0,0
170611,2,1,0,0,0,0,0,0,0,0,0,0
170612,1,1,0,0,0,0,0,0,0,0,0,0
170612,2,1,0,0,0,0,0,0,0,0,0,0
170613,1,1,0,0,0,0,9,0,0,0,0,0
170614,1,1,0,0,0,0,0,0,0,0,0,0
170615,1,1,0,0,0,0,0,0,0,0,0,0
170616,1,1,0,0,0,0,0,0,0,0,0,0
170616,2,1,0,0,0,0,0,0,0,0,0,0
170616,3,1,0,0,0,0,0,0,0,0,0,0
170617,1,1,19,19,19,19,19,19,19,19,19,19
170618,1,1,0,0,6,15,0,0,0,0,0,0
170618,2,1,0,0,0,0,0,0,0,0,0,0
170619,0,1,23,23,23,23,23,23,23,23,23,23
170619,1,1,0,0,0,0,9,0,0,0,0,0
170619,2,1,0,0,0,0,0,0,0,0,0,0
170620,1,1,33,33,33,33,33,33,33,33,33,33
170621,1,1,0,0,0,0,0,0,0,0,0,0
170621,2,1,9,2,0,0,0,0,0,0,0,0
170621,3,1,0,0,0,0,0,0,10,0,0,0
170622,1,1,0,0,0,0,0,0,0,0,0,0
170623,0,1,0,2,0,0,0,0,0,15,0,0
170623,0,2,0,0,0,0,0,0,0,0,0,0
170623,1,1,0,0,0,0,0,0,0,0,0,0
170624,1,1,8,8,8,8,8,8,8,8,8,8
170624,2,1,0,0,0,0,0,0,0,0,0,0
170624,3,1,3,3,3,3,3,3,3,3,3,3
170624,4,1,0,0,0,0,0,0,25,10,0,0
170625,1,1,18,18,18,18,18,18,18,18,18,18
170626,0,1,0,0,0,0,0,0,0,0,0,0
170626,1,1,0,0,0,11,0,8,0,0,0,0
170627,1,1,0,0,0,0,0,0,0,0,0,0
170627,2,1,0,0,0,0,0,0,0,0,0,0
170628,1,1,19,19,19,19,19,19,19,19,19,19
170628,2,1,12,12,12,12,12,12,12,12,12,12
170629,1,1,0,0,0,0,0,0,0,0,0,0
170629,2,1,0,0,0,0,0,0,0,0,0,0
170631,0,1,0,0,0,0,0,0,0,0,0,0
170631,1,1,0,0,0,0,0,0,0,0,0,0
170632,1,1,0,0,0,0,0,0,0,0,0,0
170632,2,1,0,0,0,0,0,0,0,0,0,0
170632,3,1,0,0,0,0,0,0,0,0,0,0
170632,4,1,0,0,0,0,0,0,0,0,0,0
170632,5,1,0,0,0,0,0,0,0,0,0,0
170632,6,1,0,0,0,0,0,0,0,0,0,0
170633,1,1,0,0,0,0,0,0,0,0,0,0
170634,1,1,0,0,0,0,0,0,0,0,0,0
170634,2,1,0,0,0,0,0,0,0,0,0,0
170635,1,1,0,0,0,0,0,0,0,0,0,0
170635,2,1,0,0,0,0,0,0,0,0,0,0
170636,1,1,23,23,23,23,23,23,23,23,23,23
170637,1,1,0,0,0,0,0,0,0,0,0,0
170637,2,1,0,0,0,0,0,0,0,0,0,0
170638,1,1,0,0,0,0,0,0,0,0,0,0
170638,2,1,0,0,6,24,0,22,16,0,0,8
170639,1,1,13,13,13,13,13,13,13,13,13,13
170640,1,1,0,0,0,0,0,0,0,0,0,0
170640,2,1,0,0,0,0,0,0,0,0,0,0
170641,1,1,19,19,19,19,19,19,19,19,19,19
170642,1,1,28,28,28,28,28,28,28,28,28,28
170644,1,1,0,0,0,0,0,0,0,0,0,0
170644,2,1,0,0,0,0,0,0,0,0,0,0
170645,1,1,15,15,15,15,15,15,15,15,15,15
170645,2,1,0,0,0,0,0,0,0,0,0,0
170646,1,1,0,0,0,0,0,0,0,0,0,0
170646,2,1,0,0,0,0,0,0,0,0,0,0
170647,1,1,13,0,12,8,0,0,21,0,15,6
170648,0,1,26,26,26,26,26,26,26,26,26,26
170648,1,1,0,0,0,0,0,0,0,0,0,15
170649,1,1,13,13,13,13,13,13,13,13,13,13
170650,1,1,0,0,0,0,0,0,0,0,0,0
170650,2,1,0,0,0,0,0,0,0,0,0,0
170651,1,1,0,0,0,0,0,0,0,0,0,0
170651,2,1,3,3,3,3,3,3,3,3,3,3
170651,3,1,9,0,0,0,24,0,0,4,0,0
170652,1,1,0,0,0,0,0,0,0,0,0,0
170652,2,1,0,0,0,0,0,0,0,0,0,0
170653,1,1,21,21,21,21,21,21,21,21,21,21
170654,1,1,0,0,0,0,0,0,0,0,0,0
170655,1,1,30,30,30,30,30,30,30,30,30,30
170656,1,1,0,4,0,0,10,0,0,0,0,0
170657,0,1,0,0,0,0,0,0,0,0,0,0
170657,1,1,0,0,0,0,0,0,0,0,0,0
170658,1,1,28,28,28,28,28,28,28,28,28,28
170659,1,1,0,0,0,0,0,0,0,0,0,0
170660,1,1,2,2,2,2,2,2,2,2,2,2
170660,2,1,0,0,0,0,0,0,0,0,0,0
170660,3,1,0,0,0,0,0,0,0,0,0,0
170661,0,1,33,33,33,33,33,33,33,33,33,33
170661,1,1,0,2,0,0,0,0,0,0,9,20
170662,1,1,0,0,0,0,0,0,0,0,0,0
170662,2,1,0,0,0,0,0,0,0,0,0,0
170662,3,1,0,0,0,0,0,0,0,0,0,0
170663,1,1,0,0,0,0,0,0,0,0,0,0
170663,2,1,0,0,0,0,0,0,0,0,0,0
170664,1,1,26,26,26,26,26,26,26,26,26,26
170665,0,1,17,17,17,17,17,17,17,17,17,17
170665,1,1,0,0,0,0,0,0,0,0,0,0
170667,1,1,0,0,0,0,0,0,0,0,0,0
170668,0,1,17,17,17,17,17,17,17,17,17,17
170668,1,1,0,0,0,0,0,0,0,0,0,0
170669,1,1,17,17,17,17,17,17,17,17,17,17
170670,0,1,0,0,0,0,0,0,0,0,0,0
170670,1,1,0,0,0,0,0,0,0,0,0,0
170671,1,1,1,1,1,1,1,1,1,1,1,1
170672,1,1,18,18,18,18,18,18,18,18,18,18
170673,1,1,15,15,15,15,15,15,15,15,15,15
170673,2,1,0,0,0,0,0,0,0,0,0,0
170674,1,1,0,0,0,0,0,0,0,0,0,0
170674,2,1,0,8,0,0,0,0,0,0,0,0
170674,3,1,0,0,0,12,0,0,0,0,0,0
170675,1,1,14,14,14,14,14,14,14,14,14,14
170676,1,1,0,8,0,0,0,0,0,22,0,0
170676,2,1,0,0,0,0,0,0,0,0,0,0
170677,1,1,39,39,39,39,39,39,39,39,39,39
170678,1,1,17,17,17,17,17,17,17,17,17,17
170679,1,1,20,19,15,0,0,0,0,0,0,0
170679,2,1,0,0,0,0,0,0,0,0,0,0
170680,1,1,0,0,0,0,0,0,0,0,0,0
170680,2,1,0,0,0,0,0,0,0,0,0,0
170681,1,1,5,9,0,4,0,7,0,0,3,10
170683,1,1,7,7,7,7,7,7,7,7,7,7
170683,2,1,8,0,0,0,0,0,0,0,14,0
170684,1,1,0,0,0,0,0,0,0,0,0,0
170685,1,1,26,26,26,26,26,26,26,26,26,26
170686,1,1,14,36,11,8,0,8,0,0,17,12
170686,2,1,0,0,0,0,0,0,0,0,0,0
170687,1,1,30,30,30,30,30,30,30,30,30,30
170688,1,1,0,0,0,0,0,0,0,0,0,0
170688,2,1,0,0,0,0,0,0,0,0,0,0
170689,1,1,16,16,16,16,16,16,16,16,16,16
170690,1,1,23,13,0,0,13,21,20,25,20,14
170691,1,1,0,0,0,0,0,0,0,0,0,0
170691,2,1,0,0,0,0,0,0,0,0,0,0
170692,1,1,13,13,13,13,13,13,13,13,13,13
170693,1,1,0,23,25,12,23,22,16,12,36,7
170694,1,1,0,0,0,0,0,0,0,0,0,0
170695,1,1,0,0,0,0,0,0,0,0,0,0
170695,2,1,0,0,0,0,0,0,0,0,0,0
170696,1,1,0,0,0,0,0,0,0,0,0,0
170696,2,1,0,0,0,0,0,0,0,18,0,0
170697,1,1,5,5,5,5,5,5,5,5,5,5
170698,1,1,0,0,0,0,0,0,0,0,0,0
170698,2,1,0,0,0,0,0,0,0,0,0,0
170699,1,1,10,10,10,10,10,10,10,10,10,10
170700,1,1,24,24,24,24,24,24,24,24,24,24
170700,2,1,0,0,0,0,0,0,0,0,0,0
170700,3,1,0,0,0,0,0,0,0,0,0,0
170701,1,1,17,17,17,17,17,17,17,17,17,17
170702,1,1,25,25,25,25,25,25,25,25,25,25
170703,1,1,9,9,9,9,9,9,9,9,9,9
170703,2,1,0,0,0,0,14,0,0,0,0,0
170704,1,1,21,21,21,21,21,21,21,21,21,21
170705,1,1,0,0,0,0,0,0,0,0,0,0
170705,2,1,0,0,0,0,0,0,0,0,0,0
170705,3,1,0,0,0,0,0,0,0,0,0,0
170706,1,1,28,28,28,28,28,28,28,28,28,28
170707,1,1,16,16,16,16,16,16,16,16,16,16
170708,1,1,24,24,24,24,24,24,24,24,24,24
170709,1,1,10,10,10,10,10,10,10,10,10,10
170709,2,1,0,0,0,0,0,0,0,0,0,0
170710,0,1,21,21,21,21,21,21,21,21,21,21
170710,1,1,16,0,0,0,0,5,0,0,0,0
170711,1,1,22,22,22,22,22,22,22,22,22,22
170711,2,1,0,0,0,10,0,24,0,0,0,0
170712,1,1,0,0,0,0,0,0,0,0,0,0
170712,2,1,0,0,0,0,0,0,0,0,0,0
170712,3,1,0,0,0,0,0,0,0,0,0,0
170713,1,1,0,0,0,0,0,0,0,0,0,0
170713,2,1,0,0,0,0,0,0,0,0,0,0
170713,3,1,0,0,0,0,0,16,0,6,0,0
170714,1,1,0,0,0,0,0,0,0,0,0,0
170714,2,1,0,0,0,0,0,0,0,0,0,0
170715,1,1,8,8,8,8,8,8,8,8,8,8
170716,1,1,0,13,0,0,0,0,0,0,0,11
170716,2,1,0,0,0,0,0,0,0,0,0,0
170717,0,1,0,0,0,0,0,0,0,0,0,0
170717,1,1,0,0,0,0,0,0,0,0,0,0
170718,1,1,0,0,0,0,0,0,0,0,0,0
170718,2,1,2,2,2,2,2,2,2,2,2,2
170719,1,1,4,0,0,0,0,0,0,0,0,0
170719,2,1,0,0,0,0,0,0,0,0,0,0
170720,1,1,0,0,0,0,0,0,0,0,0,0
170720,2,1,0,0,0,0,0,0,0,0,0,0
170721,1,1,0,0,19,0,0,0,17,15,9,0
170721,2,1,11,0,0,0,25,0,0,0,0,0
170722,1,1,19,19,19,19,19,19,19,19,19,19
170722,2,1,0,0,0,0,0,0,0,0,0,0
170723,0,1,0,0,0,0,0,0,0,0,0,0
170723,1,1,0,0,0,0,0,0,0,0,0,0
170724,1,1,0,0,0,0,0,0,0,0,0,0
170724,2,1,0,0,0,0,21,0,0,0,0,0
170725,1,1,24,24,24,24,24,24,24,24,24,24
170726,1,1,0,0,0,0,0,0,0,0,0,0
170726,2,1,0,0,0,0,0,0,0,0,0,0
170727,1,1,0,0,0,0,0,0,0,0,0,0
170728,0,1,24,24,24,24,24,24,24,24,24,24
170728,0,2,0,32,0,0,0,0,0,0,0,0
170728,0,3,21,17,0,20,0,0,0,0,0,0
170728,1,1,35,14,28,22,18,9,11,0,5,21
170728,2,1,0,0,0,0,0,0,0,0,0,0
170729,0,1,0,0,0,0,0,0,0,0,0,0
170729,1,1,0,0,0,0,0,0,0,0,0,0
170729,2,1,0,0,0,0,14,0,0,0,0,0
170730,0,1,0,0,0,0,0,0,0,0,0,0
170730,1,1,0,0,0,0,0,0,0,0,0,0
170731,0,1,19,19,19,19,19,19,19,19,19,19
170731,1,1,17,0,12,0,0,0,0,0,0,0
170732,1,1,0,0,0,0,0,0,0,0,0,0
170733,1,1,0,0,0,0,0,0,0,0,0,0
170733,2,1,0,0,0,0,0,0,0,0,0,0
170735,1,1,0,0,0,0,0,0,0,0,0,0
170736,1,1,21,21,21,21,21,21,21,21,21,21
170737,1,1,33,33,33,33,33,33,33,33,33,33
170738,1,1,0,0,0,0,0,0,0,0,0,0
170739,1,1,26,26,26,26,26,26,26,26,26,26
170740,1,1,0,0,0,0,0,0,0,0,0,0
170740,2,1,0,0,0,0,0,0,0,0,0,0
170741,1,1,0,0,0,0,0,0,0,0,0,0
170742,1,1,19,19,19,19,19,19,19,19,19,19
170743,1,1,0,0,0,0,0,0,0,0,0,0
170743,2,1,0,0,0,0,0,0,0,0,0,0
170744,0,1,0,0,0,0,0,0,0,0,0,0
170744,1,1,0,0,0,25,0,27,0,16,0,7
170745,1,1,0,0,0,0,0,0,0,0,0,0
170745,2,1,0,0,0,0,0,0,0,0,0,0
170746,1,1,11,11,11,11,11,11,11,11,11,11
170747,1,1,0,0,0,0,0,0,0,0,0,0
170747,2,1,0,0,0,0,0,0,0,0,0,0
170749,1,1,0,23,9,7,0,0,14,20,0,7
170750,1,1,0,0,0,0,0,0,0,0,0,0
170751,1,1,0,0,0,0,0,0,0,0,0,0
170751,2,1,0,0,0,0,0,0,0,0,0,0
170752,1,1,2,2,2,2,2,2,2,2,2,2
170753,1,1,0,0,0,0,0,0,0,0,0,0
170754,1,1,22,22,22,22,22,22,22,22,22,22
170754,2,1,0,0,0,0,0,0,0,0,0,0
170755,1,1,11,11,11,11,11,11,11,11,11,11
170756,0,1,0,0,0,0,0,0,0,0,0,0
170756,1,1,0,0,0,0,0,0,0,0,0,0
170757,0,1,0,0,0,0,0,0,25,0,0,0
170757,1,1,0,0,18,0,0,0,0,26,0,0
170758,1,1,15,15,15,15,15,15,15,15,15,15
170759,1,1,0,0,0,0,0,0,0,0,0,0
170760,1,1,10,10,10,10,10,10,10,10,10,10
170761,1,1,8,8,8,8,8,8,8,8,8,8
170762,0,1,0,0,0,0,0,0,0,0,0,0
170762,1,1,0,0,0,9,0,0,0,0,0,0
170763,1,1,0,0,0,0,0,0,0,0,0,0
170764,1,1,12,33,16,0,15,0,0,7,0,5
170765,1,1,0,0,0,0,0,0,0,0,0,0
170766,0,1,0,0,0,0,0,0,0,0,0,0
170766,1,1,6,23,8,13,15,11,13,9,9,0
170767,1,1,0,0,0,0,0,0,0,0,0,0
170767,2,1,0,0,0,0,0,0,0,0,0,0
170768,1,1,0,0,0,0,0,0,0,0,0,0
170768,2,1,0,0,0,0,0,0,0,0,0,0
170769,1,1,0,0,0,0,0,0,0,0,0,0
170770,0,1,0,0,0,0,0,0,0,0,0,0
170770,0,2,0,0,21,0,0,0,0,0,0,0
170770,1,1,0,0,0,0,0,0,0,0,0,0
170771,1,1,22,22,22,22,22,22,22,22,22,22
170772,1,1,14,0,0,0,14,0,0,0,0,0
170772,2,1,6,6,6,6,6,6,6,6,6,6
170773,1,1,0,14,0,7,0,15,6,0,0,4
170773,2,1,7,7,7,7,7,7,7,7,7,7
170774,1,1,0,0,0,0,0,0,0,0,0,0
170775,1,1,0,0,0,0,0,0,0,0,0,0
170776,1,1,21,21,21,21,21,21,21,21,21,21
170777,1,1,0,0,0,0,0,0,0,0,0,0
170778,1,1,20,20,20,20,20,20,20,20,20,20
170778,2,1,0,0,0,0,0,0,0,0,0,0
170779,1,1,15,15,15,15,15,15,15,15,15,15
170780,0,1,0,0,0,0,0,0,0,0,0,0
170780,1,1,0,0,0,0,0,0,0,0,0,0
170781,0,1,23,23,23,23,23,23,23,23,23,23
170781,1,1,12,24,25,0,36,0,24,3,23,6
170782,1,1,0,0,0,0,0,0,0,0,0,0
170782,2,1,0,0,0,0,0,0,0,0,0,0
170782,3,1,0,0,0,0,0,0,0,0,0,0
170783,1,1,0,0,0,0,0,0,0,0,0,0
170783,2,1,0,0,0,0,0,0,0,0,4,0
170785,1,1,14,14,14,14,14,14,14,14,14,14
170786,1,1,0,0,0,0,0,0,0,0,0,0
170786,2,1,0,0,0,0,0,0,0,0,0,0
170787,1,1,0,0,0,0,0,0,0,0,0,0
170787,2,1,0,0,0,0,0,0,0,0,0,0
170789,1,1,0,0,0,0,0,0,0,0,0,0
170790,1,1,0,0,0,0,0,0,0,0,0,0
170791,1,1,0,0,0,0,0,0,0,0,0,0
170791,2,1,0,0,0,0,0,0,0,0,0,0
170792,1,1,0,0,0,0,0,0,0,0,0,0
170792,2,1,0,0,0,0,0,0,0,0,0,0
170793,0,1,0,0,0,0,0,0,0,0,0,0
170793,1,1,9,0,31,13,0,6,0,29,0,0
170794,1,1,0,0,0,0,0,0,0,0,0,0
170794,2,1,0,0,0,0,0,0,0,0,0,0
170795,1,1,21,21,21,21,21,21,21,21,21,21
170796,1,1,0,0,0,0,0,0,0,0,0,0
170796,2,1,0,0,0,7,0,0,0,0,0,0
170797,1,1,14,14,14,14,14,14,14,14,14,14
170798,1,1,0,0,0,0,0,0,0,0,0,0
170798,2,1,0,0,0,0,0,0,0,0,0,0
170798,3,1,0,0,0,0,0,0,0,0,0,0
170799,1,1,0,0,0,0,0,0,0,0,0,0
170800,1,1,26,26,26,26,26,26,26,26,26,26
170800,2,1,0,0,0,0,0,0,0,0,0,0
170801,1,1,10,10,10,10,10,10,10,10,10,10
170802,1,1,2,2,2,2,2,2,2,2,2,2
170803,1,1,18,18,18,18,18,18,18,18,18,18
170803,2,1,8,8,8,8,8,8,8,8,8,8
170804,0,1,0,0,0,0,0,0,0,0,0,0
170804,1,1,0,0,0,0,0,0,0,0,0,0
170805,1,1,29,29,29,29,29,29,29,29,29,29
170807,1,1,14,14,14,14,14,14,14,14,14,14
170808,0,1,36,36,36,36,36,36,36,36,36,36
170808,1,1,0,0,0,0,0,0,0,0,0,0
170809,0,1,0,0,0,0,0,0,0,0,0,0
170809,1,1,0,0,0,0,0,0,0,0,0,0
170810,1,1,0,0,0,0,0,0,0,0,0,0
170811,0,1,0,0,0,0,0,0,0,0,0,0
170811,1,1,0,0,0,9,13,0,0,0,0,0
170812,0,1,36,36,36,36,36,36,36,36,36,36
170812,1,1,0,0,0,0,0,0,0,0,0,0
170813,1,1,0,0,0,0,0,0,0,0,0,0
170813,2,1,0,0,0,0,0,0,0,0,0,0
170814,1,1,0,0,0,12,30,0,0,0,9,15
170816,1,1,0,0,0,0,0,0,0,0,0,0
170816,2,1,0,0,0,0,0,0,0,0,0,0
170817,1,1,15,13,8,15,4,11,11,13,7,7