ST_CASE,VEH_NO,PER_NO,P1,P2,P3,P4,P5,P6,P7,P8,P9,P10
170818,0,1,0,0,0,0,0,0,0,0,0,0
170818,1,1,0,0,0,0,0,0,0,0,0,0
170819,1,1,3,3,3,3,3,3,3,3,3,3
170820,1,1,0,0,0,0,0,0,0,0,0,0
170823,1,1,27,27,27,27,27,27,27,27,27,27
170824,1,1,29,29,29,29,29,29,29,29,29,29
170825,1,1,22,22,22,22,22,22,22,22,22,22
170826,1,1,0,0,0,0,0,0,0,0,0,0
170826,2,1,0,0,0,0,0,0,0,0,0,0
170826,3,1,0,0,0,0,0,0,0,0,0,0
170827,1,1,13,13,13,13,13,13,13,13,13,13
170828,1,1,18,0,23,4,32,11,24,9,11,22
170828,2,1,0,0,0,15,0,0,0,0,0,0
170828,3,1,0,0,0,0,0,0,0,0,0,0
170828,4,1,0,0,0,0,0,0,0,0,0,0
170828,5,1,0,0,0,0,0,0,0,7,0,0
170829,0,1,0,0,0,0,0,0,0,0,0,0
170829,1,1,0,0,0,0,0,0,0,0,0,0
170830,0,1,0,0,0,0,0,0,0,0,0,0
170830,0,2,0,0,0,0,0,0,0,0,0,0
170830,1,1,0,0,0,0,0,0,0,0,0,0
170830,2,1,0,0,0,0,0,0,0,0,0,0
170831,0,1,0,0,0,0,0,0,0,0,0,0
170831,1,1,0,0,0,0,0,0,0,0,0,0
170832,1,1,0,0,0,0,0,0,0,0,0,0
170833,1,1,15,15,15,15,15,15,15,15,15,15
170834,1,1,21,21,21,21,21,21,21,21,21,21
170834,2,1,0,0,0,0,0,0,0,0,0,0
170835,1,1,0,0,0,0,0,0,0,0,0,0
170836,1,1,11,28,24,7,19,20,22,26,9,12
170837,0,1,0,0,0,0,0,0,0,0,0,0
170837,1,1,0,0,0,0,0,0,0,0,0,0
170838,0,1,22,22,22,22,22,22,22,22,22,22
170838,1,1,0,0,0,0,0,0,0,23,0,0
170840,1,1,2,0,0,0,0,0,0,0,0,0
170840,2,1,0,0,0,0,0,0,0,0,0,0
170841,1,1,25,47,12,23,0,9,15,10,29,12
170842,1,1,8,4,20,28,4,26,12,21,16,31
170843,0,1,0,0,0,0,0,0,0,0,0,0
170843,1,1,0,0,0,0,0,18,15,0,0,0
170844,1,1,0,0,0,0,0,0,0,0,0,0
170844,2,1,0,0,0,0,0,0,0,0,0,0
170845,1,1,0,0,0,0,0,0,0,0,0,0
170846,1,1,0,0,0,0,0,0,0,0,0,0
170846,2,1,0,0,0,0,0,0,0,0,0,0
170846,3,1,12,0,0,0,0,0,0,0,0,0
170846,4,1,10,0,18,0,0,0,0,0,0,0
170847,0,1,0,0,0,0,0,0,0,0,0,0
170847,1,1,0,0,0,6,0,0,0,0,0,0
170848,1,1,21,21,21,21,21,21,21,21,21,21
170849,0,1,0,0,0,0,0,0,0,0,0,0
170849,1,1,2,0,11,0,0,8,13,13,0,0
170850,1,1,0,0,0,0,0,0,0,0,0,0
170850,2,1,0,5,0,9,7,8,0,9,0,0
170851,1,1,0,0,0,0,0,9,0,0,5,0
170851,2,1,10,10,10,10,10,10,10,10,10,10
170852,1,1,1,1,1,1,1,1,1,1,1,1
170853,1,1,0,0,0,0,0,0,0,0,0,0
170853,2,1,0,0,0,0,0,0,0,0,0,0
170854,0,1,0,0,0,0,0,0,0,0,0,0
170854,1,1,0,0,0,0,0,0,0,0,0,0
170855,1,1,0,0,0,0,0,0,0,0,0,0
170855,2,1,0,0,0,0,0,0,0,0,0,0
170855,3,1,0,0,0,0,0,0,0,0,0,0
170855,4,1,0,0,0,0,0,0,0,21,14,0
170856,1,1,0,0,0,0,0,0,0,0,0,0
170856,2,1,0,0,0,0,0,19,0,21,12,0
170857,1,1,23,23,23,23,23,23,23,23,23,23
170858,1,1,23,23,23,23,23,23,23,23,23,23
170859,0,1,36,36,36,36,36,36,36,36,36,36
170859,1,1,0,0,0,0,0,7,0,17,0,0
170860,1,1,0,0,0,0,0,0,0,0,0,0
170860,2,1,0,0,0,0,0,0,0,0,0,0
170861,1,1,0,0,0,0,0,0,0,0,0,0
170861,2,1,0,0,0,0,0,0,0,0,0,0
170862,0,1,12,12,12,12,12,12,12,12,12,12
170862,1,1,0,0,0,0,0,0,0,0,0,0
170863,1,1,6,6,6,6,6,6,6,6,6,6
170864,1,1,0,0,0,0,0,0,0,0,0,0
170864,2,1,0,0,0,0,0,0,0,0,0,0
170864,3,1,0,0,0,0,18,20,0,0,0,0
170864,4,1,0,0,0,0,0,0,0,0,0,0
170865,0,1,0,0,0,0,0,0,0,0,0,9
170865,1,1,0,0,0,0,0,0,0,0,0,0
170866,1,1,0,0,0,0,0,0,0,0,0,0
170866,2,1,0,0,0,0,0,0,0,0,0,0
170866,3,1,0,0,0,0,0,0,0,0,0,0
170867,0,1,16,0,0,0,0,0,0,0,0,0
170867,1,1,2,2,2,2,2,2,2,2,2,2
170868,1,1,0,0,0,0,0,19,0,0,0,0
170869,1,1,0,0,0,0,0,0,0,0,0,0
170870,0,1,0,0,24,0,0,0,0,0,0,0
170870,1,1,0,0,0,0,0,0,0,0,0,0
170871,0,1,0,0,0,0,0,0,0,0,0,0
170871,0,2,0,0,0,0,0,0,0,0,0,0
170871,1,1,0,0,0,0,0,0,0,0,0,0
170872,1,1,0,0,0,0,0,0,0,0,0,0
170872,2,1,0,0,0,0,0,0,0,0,5,0
170873,1,1,0,0,0,0,0,0,0,0,0,0
170873,2,1,0,0,0,0,0,0,0,0,0,0
170874,0,1,25,25,25,25,25,25,25,25,25,25
170874,1,1,40,0,22,0,24,0,0,22,0,0
170875,1,1,10,10,10,10,10,10,10,10,10,10
170876,1,1,0,0,0,0,0,0,0,0,0,0
170877,1,1,0,0,0,0,0,0,0,0,0,10
170877,2,1,0,0,0,0,0,0,0,0,0,0
170878,1,1,0,0,0,0,0,0,0,0,0,0
170878,2,1,0,0,0,0,0,0,0,0,0,0
170879,1,1,4,4,4,4,4,4,4,4,4,4
170881,1,1,0,0,0,0,0,0,0,0,0,0
170882,1,1,23,23,23,23,23,23,23,23,23,23
170883,1,1,0,0,0,0,0,0,0,0,0,0
170883,2,1,0,0,0,0,0,0,0,0,0,0
170884,1,1,19,19,19,19,19,19,19,19,19,19
170885,1,1,0,0,0,0,0,0,0,0,0,0
170885,2,1,0,0,0,0,0,0,0,0,0,0
170885,3,1,0,0,0,0,0,0,0,0,0,0
170885,4,1,0,0,0,0,0,0,0,0,0,0
170886,1,1,0,0,0,0,0,0,0,0,0,0
170887,1,1,18,18,18,18,18,18,18,18,18,18
170888,0,1,0,0,0,0,0,0,0,0,0,0
170888,1,1,0,0,0,0,0,0,0,11,0,0
170889,1,1,0,0,0,0,0,0,0,0,0,0
170889,2,1,0,0,0,0,0,0,0,0,0,0
170890,1,1,0,0,0,0,0,0,0,0,0,0
170890,2,1,0,0,0,0,0,0,0,0,0,0
170891,1,1,19,19,19,19,19,19,19,19,19,19
170891,2,1,0,0,0,0,0,0,0,0,0,0
170892,0,1,0,0,0,0,0,0,0,0,0,0
170892,1,1,0,0,0,0,0,0,0,0,0,0
170893,1,1,0,0,0,0,0,0,0,0,0,0
170894,1,1,0,32,0,21,0,0,0,0,0,0
170894,2,1,0,0,0,0,0,0,0,0,0,0
170895,1,1,0,0,0,0,0,12,0,0,3,0
170896,0,1,0,0,0,0,0,0,0,0,0,0
170896,1,1,0,0,0,0,0,0,0,0,0,0
170897,1,1,13,13,13,13,13,13,13,13,13,13
170898,0,1,0,0,0,0,0,0,0,0,0,0
170898,1,1,0,0,0,0,0,0,0,0,0,0
170899,1,1,0,0,0,0,0,0,0,0,0,0
170899,2,1,0,0,0,0,0,0,0,0,0,0
170900,1,1,30,30,30,30,30,30,30,30,30,30
170900,2,1,0,0,0,0,0,0,0,0,0,0
170901,1,1,0,0,0,0,0,0,0,0,0,0
170901,2,1,0,0,0,0,0,0,0,0,0,0
170902,1,1,19,19,19,19,19,19,19,19,19,19
170903,1,1,17,15,0,10,0,0,25,0,10,0
170904,1,1,0,0,0,0,0,0,0,0,0,18
170904,2,1,0,0,0,0,0,0,0,0,0,0
170905,1,1,0,0,0,0,25,0,0,0,0,0
170906,1,1,0,0,0,0,0,0,0,0,0,0
170906,2,1,0,8,0,0,0,0,0,0,11,0
170907,0,1,0,0,0,0,0,0,0,0,0,0
170907,1,1,0,0,0,0,0,0,0,0,0,0
170908,1,1,14,14,14,14,14,14,14,14,14,14
170909,0,1,0,0,0,0,0,0,0,0,0,0
170909,1,1,0,0,0,0,0,0,0,0,5,0
170910,1,1,0,0,0,0,0,18,0,0,0,0
170911,1,1,0,0,0,0,0,0,0,0,0,0
170911,2,1,0,0,0,0,0,0,0,0,0,0
170912,1,1,0,11,0,0,0,18,27,0,12,25
170913,0,1,0,0,0,0,0,0,0,0,0,0
170913,1,1,25,25,25,25,25,25,25,25,25,25
170914,1,1,22,22,22,22,22,22,22,22,22,22
170915,1,1,5,5,5,5,5,5,5,5,5,5
170915,2,1,0,13,9,0,0,0,0,0,0,0
170916,1,1,0,0,0,0,0,0,0,0,0,0
170916,2,1,29,0,0,0,0,0,0,4,0,17
170917,1,1,26,0,16,12,0,11,15,24,0,18
170918,1,1,0,0,0,0,0,0,0,0,0,0
170918,2,1,0,0,0,0,0,9,0,0,0,0
170919,0,1,16,16,16,16,16,16,16,16,16,16
170919,1,1,0,7,0,0,0,22,2,0,0,6
170920,1,1,11,0,9,20,0,0,0,14,10,12
170921,1,1,0,0,0,0,0,0,0,0,0,0
170921,2,1,3,3,3,3,3,3,3,3,3,3
170922,1,1,2,2,2,2,2,2,2,2,2,2
170922,2,1,5,5,5,5,5,5,5,5,5,5
170923,1,1,0,21,19,27,12,0,23,13,2,11
170923,2,1,8,0,0,0,0,8,0,0,0,0
170924,0,1,0,0,0,0,0,0,0,0,0,0
170924,1,1,0,0,0,0,0,0,0,0,0,0
170925,0,1,0,0,0,0,0,0,0,0,0,0
170926,1,1,2,2,2,2,2,2,2,2,2,2
170927,1,1,32,32,32,32,32,32,32,32,32,32
170928,1,1,24,24,24,24,24,24,24,24,24,24
170929,1,1,0,11,0,0,0,0,0,0,0,0
170929,2,1,0,0,0,0,0,0,0,0,0,0
170930,0,1,0,0,0,0,0,0,0,0,0,0
170930,1,1,13,18,22,13,23,16,32,16,3,32
170931,1,1,0,0,0,0,0,0,0,0,0,0
170932,1,1,0,0,0,0,0,0,0,0,0,0
170932,2,1,0,0,0,0,0,0,0,0,0,0
180001,1,1,0,0,0,0,0,0,0,0,0,0
180003,1,1,0,0,0,0,0,0,8,0,0,0
180003,2,1,0,0,0,0,0,0,0,0,0,0
180004,1,1,0,0,0,0,0,0,0,0,0,0
180004,2,1,0,0,0,0,0,0,0,0,0,0
180005,1,1,13,13,13,13,13,13,13,13,13,13
180005,2,1,0,0,0,0,0,0,0,0,0,0
180005,3,1,0,0,0,0,0,0,0,0,0,0
180006,1,1,0,0,0,0,0,0,0,0,0,0
180006,2,1,0,0,0,0,0,0,0,0,0,0
180006,3,1,0,0,0,0,0,0,0,0,0,0
180007,1,1,0,0,0,0,0,0,0,0,0,0
180008,1,1,20,20,20,20,20,20,20,20,20,20
180009,1,1,0,0,0,0,0,0,0,0,0,0
180009,2,1,0,0,0,0,0,0,0,0,0,0
180010,0,1,23,23,23,23,23,23,23,23,23,23
180010,1,1,0,0,0,0,0,0,0,0,0,0
180011,1,1,0,0,0,0,0,0,0,0,0,0
180011,2,1,0,0,0,0,0,0,0,0,0,0
180012,1,1,0,0,0,0,0,0,0,0,0,0
180012,2,1,0,0,0,0,0,0,0,0,0,0
180013,1,1,20,20,20,20,20,20,20,20,20,20
180014,1,1,0,0,0,0,0,0,0,0,0,0
180014,2,1,0,0,0,0,0,0,0,0,0,0
180016,1,1,0,0,0,0,0,0,0,0,0,0
180016,2,1,0,0,0,0,0,0,0,0,0,0
180017,1,1,15,15,15,15,15,15,15,15,15,15
180018,1,1,0,0,0,0,0,0,0,0,0,0
180018,2,1,0,0,0,0,0,0,0,0,0,0
180019,1,1,0,0,0,0,0,0,0,0,0,0
180019,2,1,0,0,0,0,0,0,0,0,0,0
180019,3,1,0,0,0,0,0,0,0,0,0,0
180019,4,1,0,0,0,0,0,0,0,0,0,0
180019,5,1,0,0,0,0,0,0,0,0,0,0
180019,6,1,0,0,0,0,0,0,0,0,0,0
180020,1,1,0,0,0,0,0,0,0,0,0,0
180020,2,1,0,0,0,0,0,0,0,0,0,0
180020,3,1,0,0,0,0,0,0,0,0,0,0
180021,1,1,13,0,0,0,0,13,0,23,23,12
180021,2,1,0,0,0,0,0,0,0,0,0,0
180022,1,1,18,18,18,18,18,18,18,18,18,18
180022,2,1,0,0,0,0,0,0,0,0,0,0
180022,3,1,0,0,0,0,0,0,0,0,0,0
180023,1,1,0,0,0,0,0,0,0,0,0,0
180024,1,1,0,0,0,0,0,0,0,0,0,0
180025,1,1,0,0,0,0,0,0,0,0,0,0
180025,2,1,0,0,0,0,0,0,0,0,0,0
180026,1,1,23,23,23,23,23,23,23,23,23,23
180027,0,1,0,0,10,16,0,0,0,0,8,0
180027,1,1,0,0,0,0,0,0,0,0,0,0
180028,1,1,22,22,22,22,22,22,22,22,22,22
180029,0,1,0,0,0,0,0,0,0,0,0,0
180029,1,1,0,0,0,0,0,0,0,0,0,0
180030,1,1,0,0,0,0,0,0,0,0,0,0
180031,1,1,0,0,0,0,0,0,0,0,0,0
180031,2,1,0,0,0,0,0,0,0,0,0,0
180032,1,1,0,16,0,0,0,0,0,0,0,0
180033,1,1,0,0,0,0,0,0,0,0,0,0
180033,2,1,0,0,0,0,2,0,0,0,0,0
180033,3,1,0,0,0,0,0,0,0,0,0,0
180034,1,1,26,26,26,26,26,26,26,26,26,26
180034,2,1,9,0,0,0,0,0,0,16,0,36
180035,1,1,0,0,0,0,0,0,0,0,0,0
180036,1,1,21,21,21,21,21,21,21,21,21,21
180037,1,1,0,0,0,7,0,0,0,0,0,0
180037,2,1,0,0,0,0,0,0,0,0,0,0
180037,3,1,21,0,0,21,34,9,0,17,23,26
180038,1,1,0,0,0,0,0,0,0,0,0,0
180038,2,1,0,0,0,0,0,0,0,0,0,0
180040,1,1,19,19,19,19,19,19,19,19,19,19
180040,2,1,0,0,0,0,0,0,0,0,0,0
180041,0,1,0,22,0,0,20,0,0,0,0,0
180041,1,1,0,0,0,0,0,0,0,0,0,0
180042,0,1,25,25,25,25,25,25,25,25,25,25
180042,1,1,0,0,15,0,0,0,5,14,0,0
180043,1,1,0,0,0,0,0,0,0,0,0,0
180043,2,1,0,0,0,0,0,0,0,0,0,0
180044,1,1,22,22,22,22,22,22,22,22,22,22
180045,1,1,0,0,0,0,0,0,0,0,0,0
180046,1,3,0,0,0,0,20,0,0,0,4,0
180047,1,1,0,0,0,0,0,0,0,0,0,0
180048,0,1,0,0,0,0,0,0,0,0,0,0
180048,1,1,0,0,0,0,0,0,0,0,0,0
180049,1,1,0,0,0,0,0,0,0,0,0,0
180050,1,1,0,0,0,0,0,0,0,0,0,0
180050,2,1,0,0,0,0,0,0,0,0,0,0
180051,0,1,0,0,0,0,0,0,0,0,0,0
180051,0,2,0,0,0,0,0,0,0,0,0,0
180051,2,1,0,0,0,0,0,0,0,0,0,0
180052,1,1,0,0,0,0,0,0,0,0,0,0
180052,2,1,0,0,0,0,0,0,0,0,0,0
180053,1,1,12,12,12,12,12,12,12,12,12,12
180053,2,1,0,0,0,0,0,0,0,0,0,0
180054,1,1,0,0,0,0,0,0,0,0,0,0
180055,1,1,0,0,0,0,0,0,0,0,0,0
180055,2,1,0,0,0,0,0,0,0,0,0,0
180055,3,1,0,0,0,0,0,0,0,0,0,0
180056,1,1,0,0,0,0,0,0,0,0,0,0
180056,2,1,0,0,0,0,0,0,0,0,0,0
180057,1,1,0,0,0,0,0,0,0,0,0,0
180057,2,1,0,0,0,0,0,0,0,0,0,0
180059,1,1,0,0,0,0,0,0,0,0,0,0
180060,1,1,5,0,0,17,39,0,15,21,4,0
180060,2,1,0,0,0,0,0,0,0,0,0,0
180061,1,1,0,0,0,0,0,0,0,0,0,0
180061,2,1,0,0,0,0,0,0,0,0,0,23
180061,3,1,0,0,0,0,0,0,0,0,0,0
180061,4,1,0,0,0,0,0,0,0,0,0,0
180061,5,1,0,0,0,0,0,0,0,0,0,0
180061,6,1,0,0,0,0,0,0,0,0,0,0
180061,7,1,4,0,0,0,0,0,0,0,0,0
180061,8,1,8,0,0,0,0,0,0,0,0,0
180061,9,1,0,0,0,0,0,0,0,0,0,0
180061,10,1,0,0,0,0,0,0,0,0,0,0
180061,11,1,5,0,0,0,0,0,0,0,0,0
180061,12,1,0,0,0,0,0,0,0,0,0,0
180061,13,1,0,0,0,0,0,0,0,0,0,0
180061,14,1,0,0,0,0,0,0,0,0,0,0
180061,15,1,0,0,0,0,0,0,0,0,0,0
180061,16,1,0,0,0,0,0,0,0,0,0,0
180061,17,1,0,0,0,0,0,0,0,0,0,0
180062,1,1,19,19,19,19,19,19,19,19,19,19
180062,2,1,0,0,0,0,0,0,0,0,0,0
180063,1,1,0,0,12,0,0,0,0,0,0,0
180063,2,1,0,0,0,0,0,0,0,0,0,0
180064,1,1,0,0,0,0,0,0,0,0,0,0
180065,1,1,29,29,29,29,29,29,29,29,29,29
180066,1,1,3,3,3,3,3,3,3,3,3,3
180066,2,1,9,0,0,26,17,12,0,0,0,0
180067,1,1,0,0,0,0,0,0,0,0,0,0
180067,2,1,0,0,0,0,0,0,0,0,0,0
180068,1,1,0,0,0,0,0,0,0,0,0,0
180069,1,1,0,0,0,0,0,0,0,0,0,0
180070,1,1,27,27,27,27,27,27,27,27,27,27
180071,1,1,24,24,24,24,24,24,24,24,24,24
180072,1,1,0,0,0,0,0,0,0,0,0,0
180073,1,1,0,19,0,0,0,10,0,0,4,0
180074,0,1,0,0,0,0,0,0,0,0,0,0
180074,1,1,0,0,0,0,0,0,0,0,0,0
180075,1,1,0,0,0,0,0,0,0,0,0,0
180075,2,1,0,0,0,0,0,0,0,0,0,0
180076,1,1,19,19,19,19,19,19,19,19,19,19
180076,2,1,2,2,2,2,2,2,2,2,2,2
180077,1,1,0,0,0,0,0,0,0,0,0,0
180078,0,1,0,0,0,0,0,0,0,0,0,0
180078,1,1,0,0,0,0,0,0,0,0,0,0
180079,1,1,25,25,25,25,25,25,25,25,25,25
180080,1,1,22,22,22,22,22,22,22,22,22,22
180081,1,1,0,0,8,0,0,15,0,0,0,0
180081,2,1,15,0,8,0,25,0,0,0,0,0
180082,1,1,0,0,0,0,0,0,0,0,0,0
180082,2,1,0,0,0,0,0,0,0,0,0,0
180082,3,1,0,0,0,0,0,0,0,0,0,0
180082,4,1,0,0,0,0,0,0,0,0,0,0
180083,1,1,0,0,0,0,0,0,0,0,0,0
180086,1,1,20,20,20,20,20,20,20,20,20,20
180086,2,1,0,0,0,0,0,0,0,0,0,0
180087,1,1,0,0,0,0,0,0,0,0,0,0
180088,1,1,0,0,0,0,0,0,0,0,0,0
180088,2,1,0,0,0,6,0,0,0,0,0,0
180089,0,1,0,0,0,0,16,0,0,0,17,0
180089,1,1,0,0,0,0,0,13,0,0,0,26
180090,0,1,0,0,0,0,0,0,0,0,0,0
180090,1,1,0,0,0,0,10,0,0,0,0,0
180091,1,1,14,14,14,14,14,14,14,14,14,14
180092,1,1,9,9,9,9,9,9,9,9,9,9
180093,1,1,0,8,0,14,26,16,20,12,17,25
180094,1,1,0,0,0,0,0,0,0,0,0,0
180094,2,1,0,0,0,0,0,0,0,0,0,0
180095,1,1,0,0,0,0,0,0,0,0,0,0
180095,2,1,2,0,0,0,0,0,0,8,0,0
180095,3,1,0,0,0,0,0,0,0,0,0,0
180096,1,1,0,0,0,0,0,0,0,0,0,0
180097,1,1,0,0,0,0,0,0,0,0,0,0
180097,2,1,0,0,0,0,0,0,0,0,0,0
180098,1,1,0,0,0,0,0,0,0,0,0,0
180098,2,1,0,0,0,0,0,0,0,0,0,0
180099,1,1,0,0,0,0,0,0,0,0,0,0
180099,2,1,16,29,14,10,22,28,7,7,18,21
180100,1,1,0,0,25,20,0,12,0,17,0,32
180102,1,1,0,0,0,0,0,0,0,0,0,0
180103,1,1,0,0,0,0,0,0,0,0,0,0
180104,1,1,23,23,23,23,23,23,23,23,23,23
180105,1,1,0,0,0,0,27,0,0,0,0,0
180105,2,1,0,0,0,0,0,0,0,0,0,0
180106,1,1,0,0,0,0,0,0,0,0,0,0
180107,1,1,21,21,21,21,21,21,21,21,21,21
180108,1,1,26,26,26,26,26,26,26,26,26,26
180108,2,1,0,0,0,9,0,0,0,0,0,0
180109,1,1,0,0,0,0,0,0,0,0,0,0
180110,1,1,12,12,12,12,12,12,12,12,12,12
180111,1,1,0,0,0,0,0,0,0,0,0,0
180111,2,1,0,0,0,0,0,0,0,0,0,0
180112,1,1,0,0,0,0,0,0,0,0,0,0
180113,1,1,9,54,23,20,0,0,13,4,0,15
180114,1,1,0,10,0,0,0,0,0,0,0,0
180114,2,1,0,0,0,0,0,0,0,0,0,0
180116,1,1,2,2,2,2,2,2,2,2,2,2
180116,2,1,0,0,0,0,0,0,0,0,0,0
180117,1,1,21,21,21,21,21,21,21,21,21,21
180118,1,1,17,17,17,17,17,17,17,17,17,17
180118,2,1,42,0,0,0,0,0,19,0,12,0
180119,1,1,0,0,0,0,0,0,0,0,0,16
180119,2,1,0,0,0,0,0,0,0,0,0,0
180120,1,1,9,9,9,9,9,9,9,9,9,9
180121,1,1,0,0,0,0,0,0,0,0,0,0
180121,2,1,0,0,0,0,0,0,0,0,0,0
180122,1,1,0,0,0,0,0,0,0,0,0,0
180122,2,1,0,0,0,0,0,0,0,0,0,0
180122,3,1,0,0,0,0,0,0,0,0,0,0
180122,4,1,0,0,0,0,0,0,0,0,0,0
180122,5,1,0,0,0,0,0,0,0,13,0,0
180123,0,1,0,0,0,0,0,0,0,0,0,0
180123,1,1,0,0,0,0,0,0,0,0,0,0
180124,1,1,19,19,19,19,19,19,19,19,19,19
180125,1,1,21,29,16,29,0,37,0,16,5,28
180126,0,1,0,0,0,0,0,0,0,0,0,0
180126,1,1,0,0,0,0,0,0,0,0,0,0
180127,1,1,0,0,0,0,0,0,0,0,0,0
180128,1,1,0,0,0,0,0,0,0,0,0,0
180129,1,1,0,0,0,0,0,0,0,0,0,0
180129,2,1,0,0,0,0,0,0,0,0,0,0
180129,3,1,0,0,0,0,0,0,0,0,0,0
180130,1,1,0,0,0,0,0,0,0,0,0,0
180130,2,1,0,0,0,0,0,0,0,0,0,0
180131,1,1,0,0,0,0,0,0,0,0,0,0
180131,2,1,0,0,0,0,0,0,0,0,0,0
180132,1,1,0,0,0,0,0,0,0,0,0,0
180132,2,1,0,0,0,0,0,0,0,0,0,0
180133,1,1,12,12,12,12,12,12,12,12,12,12
180134,1,1,0,0,0,0,0,0,0,0,0,0
180135,1,1,0,0,0,0,0,0,0,0,0,0
180135,2,1,0,0,0,0,0,0,0,0,0,0
180136,1,1,0,0,0,0,0,0,0,0,0,0
180136,2,1,0,0,0,0,0,0,0,0,0,0
180137,1,1,1,1,1,1,1,1,1,1,1,1
180138,1,1,0,0,0,0,0,0,0,0,0,0
180138,2,1,0,0,0,0,0,0,10,0,0,12
180139,1,1,0,0,0,0,0,0,0,0,0,0
180139,2,1,0,0,0,0,0,0,0,0,0,0
180140,1,1,19,19,19,19,19,19,19,19,19,19
180141,1,1,0,0,0,6,9,0,0,0,0,0
180141,2,1,0,0,0,0,0,0,0,0,0,0
180142,0,1,0,0,0,0,0,0,0,7,0,0
180142,1,1,0,0,0,0,0,0,0,0,0,0
180143,1,1,0,0,0,0,0,0,0,0,0,0
180143,2,1,0,0,0,0,0,0,0,0,0,0
180144,1,1,0,0,0,0,0,0,0,0,0,0
180144,2,1,0,0,0,0,0,0,0,0,23,0
180144,3,1,0,0,0,0,0,0,0,0,0,0
180145,1,1,0,0,0,0,0,0,0,0,0,0
180145,2,1,0,0,0,0,0,0,0,0,0,0
180146,1,1,0,0,0,0,0,0,0,0,0,0
180148,1,1,0,0,0,0,0,0,0,0,0,0
180149,1,1,0,0,0,22,0,0,0,0,0,0
180150,0,1,5,0,0,20,0,0,0,5,0,0
180150,1,1,17,0,11,16,2,21,10,6,0,0
180151,1,1,0,0,0,0,0,0,0,0,0,0
180152,1,1,16,16,16,16,16,16,16,16,16,16
180153,1,1,25,25,25,25,25,25,25,25,25,25
180155,0,1,0,0,0,0,0,18,0,0,0,0
180155,1,1,0,0,0,0,0,0,0,0,0,0
180156,1,1,0,0,0,0,0,0,0,0,0,0
180156,2,1,0,0,0,0,0,0,0,0,0,0
180157,1,1,0,0,0,0,0,0,0,0,0,0
180158,1,1,0,0,0,0,0,0,0,0,0,0
180159,1,1,0,0,0,0,0,0,0,0,0,0
180159,2,1,0,0,0,0,0,0,0,0,0,0
180160,1,1,0,0,0,0,0,0,0,0,0,0
180160,2,1,0,0,0,0,0,0,0,0,0,0
180161,1,1,0,0,23,0,15,0,15,11,0,0
180162,1,1,6,6,6,6,6,6,6,6,6,6
180163,1,1,0,0,0,0,0,0,0,0,0,0
180163,2,1,0,0,0,0,0,0,0,0,0,0
180165,1,1,0,0,0,0,0,0,0,0,0,0
180165,2,1,0,0,14,0,0,0,0,0,24,12
180166,1,1,0,0,0,0,0,0,0,0,0,0
180167,1,1,0,0,0,0,0,0,0,0,0,0
180167,2,1,0,0,0,0,0,0,0,0,0,0
180168,1,1,0,0,0,0,0,0,0,0,0,0
180168,2,1,0,0,0,0,0,0,0,0,0,0
180169,1,1,13,13,13,13,13,13,13,13,13,13
180170,1,1,0,0,0,0,0,0,0,0,0,0
180171,1,1,25,25,25,25,25,25,25,25,25,25
180172,1,1,0,0,0,0,0,0,0,0,0,0
180173,1,1,0,0,0,0,0,0,0,0,0,0
180174,1,1,28,28,28,28,28,28,28,28,28,28
180174,2,1,0,0,0,0,0,0,0,0,0,0
180175,0,1,0,25,0,6,0,15,0,0,19,3
180175,1,1,0,0,0,0,0,0,0,0,0,0
180176,1,1,0,0,0,0,0,0,0,0,0,0
180176,2,1,5,5,5,5,5,5,5,5,5,5
180177,1,1,0,0,0,0,0,0,0,0,0,0
180177,2,1,0,0,0,0,0,0,0,0,0,0
180178,1,1,0,0,0,0,9,21,15,12,0,0
180178,2,1,0,0,0,0,0,0,0,0,0,0
180179,1,1,0,0,0,0,0,0,0,0,0,0
180180,1,1,0,0,0,0,0,0,0,0,20,0
180180,2,1,0,0,0,0,0,0,0,0,0,0
180181,1,1,0,0,0,0,0,0,0,0,0,0
180182,1,1,15,15,15,15,15,15,15,15,15,15
180182,2,1,0,0,0,0,0,0,0,0,0,0
180183,1,1,0,0,0,0,0,0,0,0,0,0
180183,2,1,0,0,0,0,23,21,0,0,0,0
180184,1,1,0,0,0,0,0,0,0,0,0,0
180185,1,1,0,0,0,0,0,0,0,0,0,0
180186,1,1,0,0,0,0,0,0,0,0,21,0
180187,1,1,21,21,21,21,21,21,21,21,21,21
180188,1,1,0,11,0,0,0,0,0,0,0,0
180188,2,1,0,0,0,0,0,0,5,0,0,0
180189,1,1,0,0,0,0,0,0,0,0,20,0
180189,2,1,0,0,0,0,0,0,0,0,0,0
180190,1,1,0,0,0,0,0,0,0,0,0,0
180190,2,1,0,0,0,0,0,0,0,0,0,0
180191,1,1,27,27,27,27,27,27,27,27,27,27
180191,2,1,0,19,3,16,0,0,0,0,0,0
180192,1,1,25,25,25,25,25,25,25,25,25,25
180193,1,1,0,0,0,0,0,0,0,0,0,0
180194,1,1,0,0,0,0,0,0,0,0,0,0