ST_CASE,VEH_NO,PER_NO,P1,P2,P3,P4,P5,P6,P7,P8,P9,P10
180195,1,1,6,6,6,6,6,6,6,6,6,6
180196,1,1,0,0,0,0,0,0,0,0,0,0
180196,2,1,0,0,0,0,0,0,0,0,0,0
180197,1,1,15,15,15,15,15,15,15,15,15,15
180198,1,1,0,20,27,0,0,0,0,0,17,16
180199,2,1,0,0,0,0,0,0,0,0,0,0
180200,1,1,23,23,23,23,23,23,23,23,23,23
180201,1,1,17,17,17,17,17,17,17,17,17,17
180202,0,1,0,0,0,0,0,0,0,0,0,0
180202,1,1,0,0,0,0,0,0,0,0,0,0
180204,1,1,0,0,0,0,0,0,0,0,0,0
180205,1,1,6,6,6,6,6,6,6,6,6,6
180205,2,1,0,0,0,0,0,0,0,0,0,0
180206,0,1,0,0,0,0,0,0,0,0,0,0
180206,1,1,0,0,0,0,0,0,0,0,0,0
180207,1,1,3,3,3,3,3,3,3,3,3,3
180208,1,1,0,0,0,0,0,0,0,0,0,0
180208,2,1,0,0,0,0,0,0,0,0,0,0
180209,1,1,0,0,0,0,0,0,0,0,0,0
180210,1,1,7,7,7,7,7,7,7,7,7,7
180210,2,1,0,0,0,0,0,0,0,0,0,0
180211,1,1,0,0,0,0,0,0,0,0,0,0
180211,2,1,0,0,0,0,0,0,0,0,0,0
180211,3,1,0,0,0,0,0,0,0,0,0,0
180212,1,1,0,0,0,0,0,0,0,0,0,0
180212,2,1,0,0,0,0,0,0,0,0,0,0
180213,1,1,0,0,0,0,0,0,0,0,0,0
180213,2,1,0,0,0,0,0,0,0,0,0,0
180214,1,1,26,26,26,26,26,26,26,26,26,26
180214,2,1,0,0,0,0,0,0,0,0,0,0
180215,1,1,36,36,36,36,36,36,36,36,36,36
180216,1,1,0,0,0,0,0,0,0,0,0,0
180216,2,1,0,0,0,0,0,0,0,0,0,0
180217,1,1,0,0,0,0,0,0,0,0,0,0
180218,1,1,0,0,0,0,0,0,0,0,0,0
180219,1,1,0,0,0,0,0,0,0,0,0,0
180220,1,1,0,0,0,0,0,0,0,0,0,0
180220,2,1,0,0,0,0,0,0,0,0,0,0
180221,0,1,12,36,22,26,0,37,9,14,11,25
180221,1,1,7,5,6,0,0,0,13,0,0,0
180222,1,1,6,6,6,6,6,6,6,6,6,6
180223,1,1,26,36,0,35,0,32,0,0,11,0
180224,1,1,3,3,3,3,3,3,3,3,3,3
180225,1,1,0,0,0,0,0,0,0,0,0,0
180226,0,1,8,30,0,4,23,24,0,0,0,0
180226,1,1,0,0,0,0,0,0,0,0,0,0
180227,1,1,0,0,0,0,0,0,0,0,0,0
180227,2,1,10,10,10,10,10,10,10,10,10,10
180228,0,1,0,0,0,0,0,0,0,0,0,0
180228,1,1,37,37,37,37,37,37,37,37,37,37
180229,1,1,0,0,0,0,0,0,0,0,0,0
180230,1,1,0,24,0,13,7,29,13,0,33,26
180231,1,1,0,0,0,0,0,0,0,0,0,0
180232,1,1,14,29,0,13,0,23,20,0,0,10
180233,1,1,18,18,18,18,18,18,18,18,18,18
180234,1,1,0,0,0,0,0,0,0,0,0,0
180234,2,1,0,0,0,0,0,0,0,0,0,0
180235,1,1,0,0,0,0,0,0,0,0,0,0
180236,1,1,0,22,20,36,2,32,40,0,26,26
180236,2,1,0,0,0,0,0,0,0,0,0,0
180237,1,1,6,6,6,6,6,6,6,6,6,6
180238,1,1,0,0,0,0,0,0,0,0,0,0
180238,2,1,0,0,0,0,0,0,0,0,0,0
180239,1,1,13,13,13,13,13,13,13,13,13,13
180240,1,1,11,11,11,11,11,11,11,11,11,11
180240,2,1,0,0,0,0,0,0,0,0,0,14
180241,1,1,4,4,4,4,4,4,4,4,4,4
180242,1,1,0,5,0,0,0,25,0,0,0,0
180242,2,1,0,28,0,0,0,0,0,0,0,0
180243,1,1,19,19,19,19,19,19,19,19,19,19
180244,0,1,0,0,0,0,0,0,0,0,0,0
180244,1,1,11,0,19,0,5,0,0,0,0,0
180245,1,1,0,0,0,0,0,0,0,0,0,0
180246,1,1,0,0,0,0,0,0,0,0,0,0
180246,2,1,0,0,18,28,12,6,9,0,10,0
180247,0,1,0,0,0,0,0,0,0,0,11,0
180247,1,1,0,0,0,0,0,20,0,0,0,0
180248,1,1,0,0,0,0,0,0,0,0,0,0
180250,0,1,28,28,28,28,28,28,28,28,28,28
180250,1,1,0,0,0,0,0,0,0,0,0,0
180251,0,1,0,0,0,0,0,0,0,0,0,0
180251,1,1,0,0,20,0,0,0,0,0,0,0
180252,1,1,0,0,0,0,0,0,0,0,0,0
180252,2,1,0,0,0,0,0,0,0,0,0,0
180252,3,1,0,0,0,0,4,0,0,0,0,0
180252,4,1,0,0,0,0,0,0,0,0,0,0
180253,1,1,0,0,0,0,0,0,0,0,0,0
180253,2,1,0,0,0,0,0,0,0,0,0,0
180254,1,1,0,0,0,0,0,0,0,0,0,0
180254,2,1,0,0,0,0,0,0,0,0,0,0
180255,0,1,0,0,0,23,0,0,0,0,0,0
180255,0,2,20,0,0,0,0,0,0,0,0,0
180255,1,1,0,0,0,0,0,13,0,0,0,0
180256,1,1,0,0,0,0,0,0,0,0,0,0
180256,2,1,0,0,0,0,0,0,0,0,0,11
180257,1,1,0,0,0,0,0,0,18,0,0,0
180258,1,1,21,21,21,21,21,21,21,21,21,21
180259,1,1,11,11,11,11,11,11,11,11,11,11
180260,1,1,0,0,0,0,0,0,0,0,0,0
180260,2,1,0,0,0,0,0,0,0,0,0,0
180261,1,1,0,0,0,0,0,0,0,0,0,0
180261,2,1,0,0,0,0,0,0,0,0,0,0
180262,1,1,0,0,0,0,0,0,0,0,0,0
180262,2,1,0,0,0,0,0,0,0,0,0,0
180263,0,1,0,0,0,0,0,0,0,0,0,0
180263,1,1,0,0,0,0,0,0,0,0,0,0
180264,1,1,0,0,4,0,11,7,0,0,21,0
180264,2,1,0,0,0,0,0,0,0,0,0,0
180265,1,1,0,0,0,0,0,0,0,0,0,0
180266,1,1,12,12,12,12,12,12,12,12,12,12
180266,2,1,0,0,0,0,0,0,0,0,0,0
180267,1,1,0,0,0,0,0,0,0,0,0,0
180267,2,1,0,0,0,0,0,0,11,0,0,0
180268,1,1,11,11,11,11,11,11,11,11,11,11
180269,0,1,0,0,0,0,0,0,0,0,0,0
180269,0,2,0,0,0,0,0,0,0,0,0,0
180269,1,1,0,0,0,0,0,0,0,0,0,0
180269,2,1,5,0,0,0,0,0,0,0,0,0
180270,1,1,26,0,0,0,0,9,0,0,0,14
180270,2,1,0,0,0,0,0,0,0,0,0,0
180271,1,1,0,0,0,0,0,0,0,0,0,0
180271,2,1,0,0,0,0,0,0,0,0,0,0
180272,0,1,18,18,18,18,18,18,18,18,18,18
180272,1,1,0,0,0,12,0,18,0,8,0,0
180273,1,1,5,5,5,5,5,5,5,5,5,5
180273,2,1,0,0,0,0,0,0,0,0,0,0
180274,0,1,11,0,18,0,0,41,18,28,22,13
180274,1,1,0,0,0,0,0,0,0,0,0,0
180275,1,1,15,15,15,15,15,15,15,15,15,15
180276,1,1,0,15,0,0,0,0,0,0,0,0
180277,1,1,0,0,0,36,0,0,8,0,0,0
180278,1,1,0,0,11,20,0,0,0,0,0,13
180278,2,1,0,0,0,0,0,0,0,0,0,0
180279,1,1,12,0,0,7,0,0,0,0,27,0
180279,2,1,0,0,0,0,0,0,0,0,0,0
180280,1,1,18,34,0,0,18,10,6,32,0,18
180281,1,1,0,0,0,0,0,0,0,0,0,0
180281,2,1,0,0,0,0,0,0,0,0,0,0
180282,0,1,0,0,0,0,0,0,12,0,0,0
180282,1,1,24,0,29,0,0,0,18,16,23,19
180283,0,1,0,0,0,0,0,0,0,0,0,0
180283,1,1,0,0,0,0,0,0,0,0,0,0
180284,1,1,0,0,0,0,0,0,0,0,0,0
180284,2,1,0,0,0,0,0,0,0,0,0,0
180285,0,1,0,0,0,0,0,0,0,0,0,0
180285,1,1,0,0,0,0,0,0,0,0,0,0
180286,1,1,0,0,0,0,0,0,0,0,0,0
180286,2,1,0,0,0,0,0,0,0,0,0,0
180287,1,1,0,0,0,0,0,0,0,0,0,0
180287,2,1,17,17,17,17,17,17,17,17,17,17
180288,0,1,0,0,0,0,0,0,0,0,0,0
180288,1,1,13,13,13,13,13,13,13,13,13,13
180289,1,1,0,0,0,0,0,0,0,0,0,0
180290,1,1,0,0,0,0,0,0,0,0,0,0
180290,2,1,0,0,0,0,0,0,0,0,0,0
180290,3,1,0,0,0,0,0,0,0,0,0,0
180291,1,1,0,0,0,0,0,0,0,0,0,0
180291,2,1,0,0,15,0,0,0,0,0,6,14
180292,1,1,0,0,0,0,0,0,0,0,0,0
180292,2,1,0,0,0,0,0,0,0,0,0,0
180293,1,1,0,0,0,0,0,0,0,0,0,0
180294,0,1,0,0,0,0,0,0,0,0,0,0
180294,0,2,0,0,0,0,0,0,0,0,0,0
180294,1,1,0,0,0,0,0,0,0,0,0,0
180295,0,1,0,0,0,0,0,0,0,0,0,0
180295,1,1,0,0,0,0,0,0,0,0,0,0
180296,1,1,0,0,0,0,0,0,0,0,0,0
180296,2,1,0,0,0,0,0,0,0,0,0,0
180297,1,1,0,13,0,0,0,0,0,0,0,0
180297,2,1,0,0,0,0,0,0,36,0,13,0
180298,1,1,10,10,10,10,10,10,10,10,10,10
180299,1,1,0,0,0,0,0,0,0,14,16,0
180299,2,1,0,0,0,0,6,0,0,0,0,0
180300,1,1,13,13,13,13,13,13,13,13,13,13
180301,1,1,0,0,0,0,0,0,0,0,0,0
180301,2,1,0,0,0,0,0,0,0,0,0,0
180302,1,1,0,0,0,0,0,0,0,0,5,0
180302,2,1,0,0,0,0,0,0,0,0,0,0
180303,1,1,0,0,0,0,0,0,0,0,0,0
180303,2,1,0,0,0,0,0,0,0,0,0,3
180304,1,1,0,0,0,0,0,0,0,0,0,0
180305,1,1,28,10,15,16,13,10,31,5,21,27
180306,1,1,0,0,0,0,0,0,0,0,0,0
180306,2,1,0,0,0,0,0,0,0,0,0,0
180307,1,1,19,19,19,19,19,19,19,19,19,19
180308,1,1,7,7,7,7,7,7,7,7,7,7
180309,1,1,0,0,11,0,0,0,0,24,0,31
180310,1,1,0,0,0,0,0,0,0,0,0,0
180311,1,1,0,0,0,0,0,0,0,0,0,0
180311,2,1,0,0,0,0,0,0,0,0,0,0
180312,1,1,0,0,0,0,0,0,0,0,0,12
180313,1,1,17,17,17,17,17,17,17,17,17,17
180314,1,1,0,0,0,0,0,0,0,0,0,0
180315,1,1,0,0,0,0,0,0,0,0,0,0
180315,2,1,0,0,0,0,0,0,0,0,0,0
180316,1,1,24,24,24,24,24,24,24,24,24,24
180317,1,1,0,0,0,0,0,0,0,0,0,0
180318,0,1,0,0,0,0,0,0,25,8,0,0
180318,1,1,0,0,0,0,0,0,0,0,0,0
180319,1,1,1,1,1,1,1,1,1,1,1,1
180320,1,1,0,0,0,0,0,0,0,0,0,0
180321,1,1,26,0,30,0,0,0,0,0,0,0
180322,1,1,14,14,14,14,14,14,14,14,14,14
180323,1,1,0,0,0,0,0,0,0,0,0,0
180324,0,1,0,0,0,0,0,0,0,0,0,0
180324,0,2,0,0,0,0,0,0,0,0,0,0
180324,0,3,0,0,0,0,0,0,0,6,0,8
180324,0,4,0,0,0,0,0,0,0,0,0,0
180324,1,1,0,0,0,0,0,0,0,0,0,0
180326,1,1,0,0,0,0,0,0,0,0,0,0
180326,2,1,0,0,0,26,0,0,25,0,0,0
180326,3,1,0,0,0,0,0,0,0,0,0,0
180326,4,1,0,0,0,0,0,0,0,0,0,0
180326,5,1,0,0,0,0,0,0,0,0,0,0
180326,6,1,0,0,0,0,0,0,0,0,0,0
180327,1,1,0,0,0,0,0,0,0,0,0,0
180328,1,1,0,28,0,35,17,0,0,0,0,5
180329,1,1,5,5,5,5,5,5,5,5,5,5
180330,1,1,0,0,0,0,0,0,0,0,0,0
180330,2,1,0,0,0,0,0,0,0,0,0,0
180331,1,1,0,0,0,0,0,0,0,0,0,0
180332,0,1,0,0,0,0,0,0,0,0,0,0
180332,1,1,0,0,0,0,0,0,0,0,12,0
180333,1,1,0,0,0,0,0,0,0,0,0,0
180333,2,1,0,0,0,0,0,0,0,0,0,0
180333,3,1,0,0,0,0,0,0,0,0,0,0
180334,1,1,0,0,0,0,0,0,0,0,0,0
180334,2,1,19,19,19,19,19,19,19,19,19,19
180335,1,1,0,0,0,0,0,0,0,0,0,0
180335,2,1,0,0,0,0,0,0,0,0,0,0
180336,1,1,0,0,0,0,0,0,0,0,0,0
180336,2,1,0,0,0,0,0,0,0,0,0,0
180337,1,1,9,0,0,11,0,0,19,0,0,0
180338,1,1,16,16,16,16,16,16,16,16,16,16
180339,1,1,22,22,22,22,22,22,22,22,22,22
180340,1,1,0,0,0,0,0,0,0,0,0,0
180340,2,1,0,0,0,0,0,0,0,0,0,0
180341,1,1,0,0,0,0,0,0,0,0,0,0
180342,1,1,0,0,0,0,0,0,0,0,0,0
180342,2,1,0,0,0,0,0,0,0,0,0,0
180343,0,1,0,0,0,0,0,0,0,0,0,0
180343,1,1,0,0,0,0,0,0,0,0,0,0
180344,1,1,0,0,0,0,0,0,0,0,0,0
180344,2,1,0,0,0,0,0,0,0,0,0,0
180345,1,1,0,0,0,0,0,0,0,0,0,0
180345,2,1,0,0,0,0,0,0,0,0,0,0
180346,1,1,0,0,0,0,0,0,0,0,0,0
180346,2,1,0,0,0,0,0,0,0,0,0,0
180347,1,1,0,0,0,0,0,0,0,0,0,0
180348,1,1,22,0,30,0,0,0,0,24,15,0
180349,1,1,0,0,0,0,0,0,0,0,0,0
180349,2,1,0,0,0,0,0,0,0,0,0,0
180349,3,1,0,0,0,0,0,0,0,0,0,0
180350,1,1,0,0,0,0,0,0,0,0,0,0
180351,1,1,13,6,15,14,8,3,10,0,22,5
180352,1,1,0,0,0,0,0,0,0,0,0,0
180352,2,1,0,0,0,0,0,0,0,0,0,0
180353,1,1,0,0,0,0,0,0,0,0,0,0
180354,1,1,14,20,0,0,3,0,16,0,0,0
180355,1,1,0,0,0,0,21,0,0,0,0,6
180356,1,1,16,16,16,16,16,16,16,16,16,16
180356,2,1,0,0,0,0,0,0,0,0,0,0
180357,1,1,0,0,0,0,0,0,0,0,0,0
180358,1,1,23,23,23,23,23,23,23,23,23,23
180358,2,1,2,2,2,2,2,2,2,2,2,2
180359,1,1,0,0,0,0,0,0,0,0,0,0
180359,2,1,0,0,0,0,0,0,0,13,0,0
180360,1,1,0,0,0,0,0,10,0,0,0,6
180360,2,1,0,0,0,0,0,0,0,0,0,0
180361,0,1,0,0,0,0,0,0,0,0,0,0
180361,1,1,0,0,0,0,0,0,0,0,0,0
180362,1,1,22,22,22,22,22,22,22,22,22,22
180363,1,1,7,7,7,7,7,7,7,7,7,7
180363,2,1,0,0,0,0,0,0,0,0,0,0
180364,1,1,0,0,0,0,0,0,0,0,0,0
180364,2,1,0,0,0,0,0,0,0,0,0,0
180365,1,1,0,0,0,0,0,0,0,0,0,0
180365,2,1,0,0,0,0,0,0,0,0,0,0
180366,1,1,12,0,0,0,0,0,0,0,0,0
180366,2,1,16,0,0,0,0,0,0,0,0,0
180367,1,1,0,0,0,0,0,0,0,0,0,0
180368,1,1,24,24,24,24,24,24,24,24,24,24
180368,2,1,0,0,0,0,0,0,17,0,0,0
180369,1,1,0,0,0,0,0,0,0,0,0,0
180369,2,1,0,0,0,0,0,0,0,0,0,0
180370,1,1,0,0,0,0,0,0,0,0,0,0
180371,1,1,0,0,0,0,0,0,0,0,0,0
180371,2,1,0,0,0,0,0,0,0,0,0,0
180371,3,1,0,0,0,0,0,0,0,0,0,0
180372,1,1,0,19,0,0,0,0,0,11,0,0
180372,2,1,0,0,0,0,0,0,0,0,0,0
180373,1,1,0,0,0,0,0,0,0,0,0,0
180373,2,1,0,0,0,0,0,0,0,0,0,0
180374,1,1,0,0,0,0,0,0,0,0,0,0
180374,2,1,0,0,0,0,0,0,0,0,0,0
180375,1,1,0,0,0,0,24,0,0,0,0,0
180375,2,1,0,0,0,0,0,0,0,0,0,0
180375,3,1,0,0,0,0,0,0,0,0,0,0
180376,1,1,0,0,0,0,0,0,0,0,0,0
180377,0,1,0,0,0,0,0,0,0,0,0,0
180377,1,1,0,0,0,0,0,0,0,0,0,0
180378,1,1,8,15,17,0,20,0,13,28,16,13
180379,1,1,0,0,0,0,0,0,0,0,0,0
180380,1,1,0,0,0,0,0,0,0,0,0,0
180381,1,1,22,22,22,22,22,22,22,22,22,22
180382,1,1,0,0,0,0,0,0,0,0,0,0
180383,1,1,0,0,0,0,0,11,0,12,0,0
180383,2,1,0,0,0,0,0,0,0,0,0,0
180383,3,1,0,0,0,0,0,0,0,0,0,0
180384,1,1,0,0,0,0,0,0,0,0,0,0
180385,1,1,0,0,0,0,0,0,0,0,0,0
180385,2,1,0,0,0,0,0,0,0,0,0,0
180386,1,1,0,0,0,0,0,0,0,0,0,0
180386,2,1,0,0,0,0,0,0,0,0,0,0
180387,1,1,0,0,0,0,0,0,12,0,29,5
180387,2,1,0,0,0,0,0,0,0,0,0,0
180388,0,1,0,0,0,0,0,0,0,0,0,0
180388,1,1,0,0,0,0,0,0,0,0,0,0
180389,1,1,0,0,0,14,0,0,0,0,0,5
180390,1,1,0,21,39,44,0,0,0,0,0,0
180390,2,1,0,0,0,19,0,0,0,0,0,0
180391,1,1,0,0,27,0,0,0,14,0,14,2
180392,1,1,0,0,0,0,0,0,0,0,0,0
180393,1,1,0,0,0,0,0,0,0,0,0,0
180393,2,1,0,0,0,0,0,0,0,0,0,0
180393,3,1,0,0,0,0,0,0,0,0,0,0
180394,1,1,0,0,0,0,0,0,0,0,0,0
180395,1,1,0,0,0,0,0,0,0,15,0,0
180395,2,1,0,0,0,0,0,0,0,0,0,0
180396,1,1,11,11,11,11,11,11,11,11,11,11
180397,1,1,0,0,0,0,0,0,0,0,0,0
180398,1,1,16,16,16,16,16,16,16,16,16,16
180399,1,1,3,0,0,0,11,0,0,0,0,14
180400,0,1,18,18,18,18,18,18,18,18,18,18
180400,1,1,0,0,0,0,0,0,0,0,0,0
180401,1,1,2,2,2,2,2,2,2,2,2,2
180402,1,1,0,0,0,0,0,0,0,0,0,0
180403,1,1,0,0,0,0,0,0,0,0,0,0
180403,2,1,0,0,0,0,0,0,0,0,0,0
180405,1,1,0,0,0,0,0,0,0,0,0,0
180406,1,1,0,0,0,0,0,0,0,0,0,0
180406,2,1,18,0,31,0,0,6,0,16,19,43
180407,1,1,14,14,14,14,14,14,14,14,14,14
180408,1,1,0,0,0,0,0,0,0,0,0,0
180409,1,1,0,0,0,0,0,0,0,0,0,0
180409,2,1,0,0,0,0,0,0,0,0,0,0
180410,1,1,0,5,0,0,12,0,7,21,0,0
180411,1,1,0,0,0,0,0,0,0,0,0,0
180412,1,1,3,3,3,3,3,3,3,3,3,3
180413,1,1,0,0,0,0,0,0,0,0,0,0
180413,2,1,0,0,0,0,0,0,0,0,0,0
180414,1,1,23,23,23,23,23,23,23,23,23,23
180415,1,1,0,0,0,0,0,0,0,0,0,0
180415,2,1,0,0,0,0,0,22,0,0,15,0
180416,1,1,0,0,0,0,0,0,0,0,0,0
180417,1,1,0,0,25,29,37,27,20,0,12,8
180418,1,1,6,6,6,6,6,6,6,6,6,6
180418,2,1,0,0,0,0,0,0,0,0,0,0
180419,1,1,19,19,19,19,19,19,19,19,19,19
180421,0,1,0,30,0,14,0,0,0,0,0,0
180421,1,1,0,0,0,0,11,0,0,0,0,0
180422,1,1,22,22,22,22,22,22,22,22,22,22
180423,1,1,12,0,0,0,7,0,0,6,14,0
180424,1,1,0,0,0,0,0,0,0,0,0,0
180424,2,1,0,0,0,0,0,0,0,0,0,0
180425,1,1,0,5,0,0,0,7,0,0,0,0
180426,1,1,17,17,17,17,17,17,17,17,17,17
180427,0,1,4,4,4,4,4,4,4,4,4,4
180427,1,1,0,0,0,0,0,0,0,0,0,0
180428,1,1,0,0,0,0,0,0,0,0,0,0
180429,1,1,0,0,0,0,0,0,0,0,0,0
180430,0,1,0,0,0,0,0,0,0,0,0,0
180430,1,1,0,0,0,0,0,0,0,0,0,0
180431,1,1,10,10,10,10,10,10,10,10,10,10
180432,1,1,0,0,0,22,0,13,0,0,0,0
180433,1,1,0,0,0,0,0,0,0,0,0,0
180433,2,1,0,0,0,12,0,0,0,0,0,0
180434,1,1,19,19,19,19,19,19,19,19,19,19
180434,2,1,0,0,5,3,2,6,0,0,0,6
180435,1,1,1,1,1,1,1,1,1,1,1,1
180435,2,1,0,0,0,0,0,0,0,0,0,0
180436,1,1,0,0,0,0,0,0,0,0,0,0
180436,2,1,0,0,0,0,0,0,0,0,0,16
180437,1,1,0,0,0,0,0,0,0,0,0,0
180437,2,1,0,0,0,0,0,0,0,0,0,0
180438,1,1,0,0,0,0,0,0,0,0,0,0
180439,1,1,0,0,0,0,0,0,0,0,0,0
180441,0,1,0,0,0,0,0,0,0,0,0,0
180441,1,1,0,0,0,0,0,0,0,0,0,0
180442,1,1,17,15,25,0,7,8,0,0,12,6
180443,1,1,0,0,0,0,0,0,0,0,0,0
180444,1,1,0,0,0,0,0,0,0,0,0,0
180444,2,1,0,0,0,0,0,0,0,0,0,0
180445,0,1,16,9,0,0,54,17,17,48,26,36
180445,1,1,0,0,0,0,0,0,0,0,0,0
180446,1,1,0,0,0,0,0,0,0,0,0,0
180446,2,1,0,0,0,0,0,0,0,0,0,0
180447,1,1,2,2,2,2,2,2,2,2,2,2
180448,1,1,0,0,0,0,0,0,0,0,0,0
180449,1,1,7,0,0,0,7,0,0,0,8,0
180450,1,1,0,0,0,0,0,0,0,0,5,0
180450,2,1,9,9,9,9,9,9,9,9,9,9
180451,1,1,0,0,0,0,0,0,0,0,0,0
180451,2,1,0,0,0,0,0,0,0,0,0,0
180452,1,1,0,0,0,0,0,0,0,0,0,0
180453,1,1,0,0,0,0,0,0,0,0,0,0
180453,2,1,0,0,0,0,0,0,0,0,0,0
180454,1,1,0,0,0,0,0,0,0,0,0,0
180454,2,1,0,0,0,0,0,0,0,0,0,0
180455,1,1,23,23,23,23,23,23,23,23,23,23
180456,1,1,0,0,0,0,0,0,0,0,0,0
180456,2,1,0,0,0,0,0,0,0,0,0,0
180457,1,1,23,23,23,23,23,23,23,23,23,23
180458,1,1,19,15,0,0,27,19,0,0,0,0
180459,1,1,0,0,0,0,0,0,0,0,0,0
180459,2,1,0,0,0,0,0,0,0,0,0,0
180460,0,1,0,0,24,23,0,12,0,0,0,0
180460,1,1,0,0,0,0,0,0,0,0,0,0
180461,1,1,0,0,0,0,0,0,0,0,0,0
180462,0,1,0,0,11,0,36,0,17,20,0,0
180462,1,1,0,0,0,0,0,0,0,0,0,0
180463,1,1,0,0,0,0,0,0,0,0,0,0
180463,2,1,0,0,0,0,0,0,0,0,0,0
180463,3,1,0,0,0,0,0,0,0,0,0,0
180463,4,1,0,0,0,0,0,0,8,0,0,0
180464,1,1,0,0,0,0,0,0,0,0,0,0
180466,1,1,21,21,21,21,21,21,21,21,21,21
180466,2,1,19,0,26,0,14,0,0,0,18,16
180467,1,1,12,17,0,0,0,0,0,21,0,24
180467,2,1,0,0,0,0,0,0,0,0,0,14
180468,1,1,15,0,0,14,0,0,0,3,0,0
180468,2,1,9,9,9,9,9,9,9,9,9,9
180469,1,1,4,4,4,4,4,4,4,4,4,4
180470,1,1,0,0,0,0,0,0,0,0,0,0
180470,2,1,0,0,0,0,0,0,0,0,0,0
180471,1,1,12,12,12,12,12,12,12,12,12,12
180472,1,1,0,0,0,0,18,0,0,0,0,0
180473,1,1,20,20,20,20,20,20,20,20,20,20
180474,1,1,0,0,0,0,0,0,0,0,0,0
180474,2,1,0,0,0,0,0,0,0,0,0,0
180475,1,1,0,0,0,0,0,0,0,0,0,0
180475,2,1,0,0,0,0,0,0,0,0,0,0
180476,1,1,0,0,0,0,0,0,0,0,0,0
180477,1,1,0,0,0,0,0,0,0,0,0,0
180477,2,1,0,0,0,0,0,0,0,0,0,0
180478,1,1,0,0,0,0,0,0,0,0,0,0
180478,2,1,0,0,0,0,0,0,0,0,0,0
180478,3,1,0,0,0,0,0,0,0,0,0,0
180479,1,1,0,0,0,0,0,0,0,0,0,0
180479,2,1,0,0,0,0,0,0,0,0,0,0
180480,1,1,0,0,0,0,0,0,0,0,0,0
180481,0,1,0,0,32,0,0,0,0,0,0,0
180481,1,1,0,0,0,0,0,0,0,0,0,0
180482,1,1,0,0,0,0,0,0,0,0,0,0
180482,2,1,0,0,0,0,0,0,0,0,0,0
180482,3,1,4,4,4,4,4,4,4,4,4,4
180483,0,1,0,0,0,0,0,0,0,0,0,0
180483,1,1,0,0,0,0,0,0,0,0,0,0
180484,0,1,0,0,0,0,0,0,0,0,0,0
180484,1,1,0,0,0,0,0,0,0,0,0,0
180485,1,1,0,0,0,0,0,0,0,0,0,0
180485,2,1,0,29,16,13,0,31,0,34,0,0
180486,1,1,0,0,0,0,0,0,0,0,0,0
180487,1,1,0,0,0,0,0,0,0,0,0,0
180488,1,1,0,0,0,0,0,0,0,0,0,0
180488,2,1,0,11,18,0,0,12,23,8,20,0
180489,1,1,7,7,7,7,7,7,7,7,7,7
180489,2,1,0,0,0,0,0,0,0,0,0,0
180490,1,1,0,0,0,0,0,0,0,0,0,0
180490,2,1,0,0,0,0,0,0,0,0,0,0
180491,0,1,0,0,24,0,0,20,16,18,0,0
180491,1,1,0,0,0,0,0,0,0,0,0,0
180492,1,1,10,20,14,20,0,17,16,21,0,0
180493,1,1,20,20,20,20,20,20,20,20,20,20
180494,0,1,0,0,0,0,0,0,0,0,0,0
180494,1,1,0,0,0,0,0,0,0,0,0,0
180495,1,1,0,0,0,0,0,0,0,0,0,0
180495,2,1,0,0,0,0,0,0,10,0,0,0
180496,1,1,0,0,0,0,0,0,0,0,0,0
180496,2,1,0,0,0,0,0,0,0,0,0,0
180497,1,1,0,0,0,0,0,0,0,0,0,0
180497,2,1,0,0,0,0,0,0,0,0,0,0
180498,1,1,0,0,0,0,0,0,0,0,0,0
180498,2,1,0,0,0,0,0,0,0,0,0,0
180499,0,1,5,0,0,0,8,0,0,0,0,0
180499,1,1,0,0,0,0,0,0,0,0,0,0
180500,1,1,0,0,0,0,0,24,0,0,18,0
180501,1,1,4,4,4,4,4,4,4,4,4,4
180502,1,1,0,0,0,0,0,0,0,0,0,0
180503,1,1,0,0,0,0,0,0,0,0,0,0
180503,2,1,0,0,0,0,0,0,0,0,0,0
180504,1,1,4,4,4,4,4,4,4,4,4,4
180505,1,1,15,15,15,15,15,15,15,15,15,15
180505,2,1,0,0,0,0,0,0,0,0,0,0
180506,1,1,8,0,0,0,4,10,10,0,12,9
180507,0,1,0,0,0,15,30,0,0,0,30,35
180507,1,1,0,0,0,0,0,0,0,0,0,0
180507,2,1,0,0,0,0,0,0,0,0,17,0
180508,1,1,0,0,0,0,0,0,0,0,0,0
180509,1,1,0,0,0,0,19,21,9,0,0,0
180509,2,1,0,0,0,0,0,0,0,0,0,0
180510,1,1,0,40,25,0,22,16,23,31,22,6
180511,1,1,17,31,31,25,0,16,31,30,9,39
180512,1,1,0,0,0,0,0,0,0,0,0,0
180513,1,1,6,6,6,6,6,6,6,6,6,6
180514,1,1,14,19,18,0,5,22,11,21,15,12
180514,2,1,23,0,21,0,8,17,0,0,0,5
180515,1,1,0,0,0,0,0,0,0,0,0,0
180516,1,1,0,0,0,0,0,0,0,0,0,0
180516,2,1,0,0,0,0,0,0,0,0,0,0
180517,1,1,6,6,6,6,6,6,6,6,6,6
180518,0,1,0,0,0,0,0,0,0,0,0,0
180518,1,1,0,0,0,0,0,5,0,0,0,0
180519,0,1,0,0,0,0,0,29,0,0,0,0
180519,1,1,0,0,0,0,0,0,0,0,0,0