ST_CASE,VEH_NO,PER_NO,P1,P2,P3,P4,P5,P6,P7,P8,P9,P10
180520,1,1,0,0,0,0,0,0,0,0,0,0
180520,2,1,0,0,0,0,0,0,0,0,0,0
180521,1,1,0,15,5,0,20,0,0,0,6,0
180522,0,1,9,0,0,0,0,0,0,0,0,0
180522,1,1,0,0,0,0,0,0,0,0,0,0
180523,1,1,0,0,0,0,0,0,0,0,0,0
180523,2,1,0,0,0,0,0,0,0,11,0,0
180523,3,1,0,0,0,0,0,0,14,0,0,0
180523,4,1,0,0,0,0,5,0,13,0,0,0
180523,5,1,0,0,0,0,0,0,0,0,0,0
180524,1,1,0,0,0,0,0,0,0,0,17,0
180524,2,1,0,0,0,0,0,0,0,0,0,0
180525,1,1,15,15,15,15,15,15,15,15,15,15
180526,0,1,0,0,0,0,0,0,0,0,0,0
180526,1,1,0,0,0,0,4,0,0,0,0,0
180527,1,1,0,0,0,0,0,0,0,0,0,0
180528,0,1,0,0,0,0,0,0,0,0,0,0
180528,1,1,0,0,0,0,0,0,0,0,0,0
180528,2,1,0,0,0,0,0,0,0,0,0,0
180529,1,1,0,19,0,0,0,18,0,0,0,13
180530,1,1,0,0,0,0,0,0,0,0,0,0
180531,1,1,0,0,0,0,0,0,0,8,0,0
180531,2,1,0,0,0,0,0,0,0,0,0,0
180532,1,1,0,0,0,0,0,0,0,0,0,0
180532,2,1,0,0,0,0,0,0,0,0,0,0
180533,1,1,0,0,0,0,0,0,0,0,0,0
180534,1,1,0,0,0,0,0,0,0,0,0,0
180535,1,1,0,0,0,0,0,0,6,0,0,0
180536,1,1,25,0,0,0,23,15,0,0,0,0
180537,1,1,17,0,11,14,0,23,0,0,0,12
180538,1,1,12,0,11,0,11,0,0,0,6,0
180538,2,1,0,0,0,0,0,0,0,0,0,0
180538,3,1,0,0,0,0,0,0,0,0,0,0
180539,1,1,0,0,0,0,0,0,0,0,0,0
180540,1,1,12,12,12,12,12,12,12,12,12,12
180540,2,1,0,0,0,0,0,0,0,0,0,0
180541,1,1,0,0,0,0,0,0,0,0,11,0
180541,2,1,0,0,0,0,0,0,0,0,0,0
180541,3,1,0,0,0,0,0,0,0,0,0,0
180542,1,1,0,0,0,0,0,0,0,0,0,0
180542,2,1,0,0,0,0,0,0,0,0,0,0
180543,1,1,22,22,22,22,22,22,22,22,22,22
180544,0,1,0,0,0,0,0,0,0,0,0,0
180544,1,1,0,0,0,0,0,0,0,0,0,0
180545,1,1,13,19,18,26,26,19,22,14,9,23
180546,1,1,0,0,0,0,0,0,0,0,0,0
180546,2,1,0,0,0,0,0,0,0,0,0,0
180547,0,1,0,0,0,0,0,0,0,0,0,0
180547,1,1,0,0,0,0,0,0,0,0,0,0
180548,1,1,10,0,0,0,16,0,15,0,0,0
180549,1,1,0,0,0,0,0,0,0,0,0,0
180550,0,1,0,0,0,0,0,0,0,0,0,0
180550,1,1,0,0,0,0,0,0,0,0,0,0
180551,1,1,21,21,21,21,21,21,21,21,21,21
180552,1,1,0,0,0,0,0,0,0,0,0,0
180552,2,1,0,0,0,0,0,0,11,10,0,0
180553,1,1,0,0,0,5,0,0,8,0,19,21
180554,1,1,0,0,0,0,14,0,0,0,0,0
180554,2,1,0,0,0,0,0,0,0,0,0,0
180555,1,1,0,0,0,0,0,0,0,0,0,0
180556,1,1,0,0,0,0,0,0,0,0,0,0
180557,1,1,30,30,30,30,30,30,30,30,30,30
180558,1,1,20,20,20,20,20,20,20,20,20,20
180559,1,1,0,0,0,0,0,0,0,0,0,0
180560,1,1,0,0,0,0,0,0,0,0,0,0
180560,2,1,0,13,0,0,0,0,0,0,0,36
180561,0,1,14,14,14,14,14,14,14,14,14,14
180561,1,1,0,0,0,0,0,0,0,0,0,0
180562,1,1,0,0,0,0,0,0,0,0,0,0
180562,2,1,0,0,0,0,0,0,0,0,0,0
180563,1,1,0,0,0,0,0,0,0,0,0,0
180563,2,1,0,0,0,0,0,0,0,0,0,0
180564,1,1,0,0,0,0,0,0,0,0,0,0
180565,1,1,0,0,0,0,0,0,0,0,0,0
180565,2,1,0,15,0,0,31,0,0,21,0,13
180566,1,1,0,0,0,0,0,0,0,0,0,0
180566,2,1,0,0,0,0,0,0,0,0,0,0
180567,0,1,0,0,0,0,0,0,0,0,0,0
180567,1,1,0,0,0,0,0,0,0,0,0,0
180568,1,1,0,0,0,0,0,0,0,0,0,0
180568,2,1,0,0,0,0,0,0,0,0,0,0
180569,1,1,0,14,22,13,0,24,0,0,15,0
180570,0,1,0,0,0,0,0,0,0,0,0,0
180570,1,1,0,0,0,0,0,0,0,0,0,0
180571,1,1,28,28,28,28,28,28,28,28,28,28
180572,1,1,12,12,12,12,12,12,12,12,12,12
180572,2,1,0,0,11,0,0,15,12,0,0,21
180573,1,1,20,20,20,20,20,20,20,20,20,20
180574,1,1,9,25,14,13,7,20,24,22,30,0
180575,1,1,13,18,0,0,0,0,17,13,19,22
180576,1,1,0,12,0,0,6,0,0,0,0,0
180577,1,1,0,0,0,0,0,0,0,0,0,0
180578,1,1,0,0,0,0,0,0,0,0,0,0
180578,2,1,0,0,0,0,0,0,0,0,0,0
180579,1,1,2,2,2,2,2,2,2,2,2,2
180579,2,1,0,0,0,0,0,0,0,0,0,0
180579,3,1,0,0,0,0,0,0,0,0,0,0
180580,1,1,0,21,12,0,0,21,10,0,23,0
180581,1,1,14,14,14,14,14,14,14,14,14,14
180582,1,1,0,0,0,0,0,9,13,0,0,0
180583,1,1,14,7,0,0,22,0,0,0,0,36
180584,1,1,0,0,0,0,0,0,0,0,0,0
180584,2,1,0,0,0,0,0,0,0,0,0,0
180585,1,1,21,0,30,0,0,0,0,0,25,14
180586,1,1,0,0,0,0,0,0,0,0,0,0
180586,2,1,0,0,0,0,0,0,0,0,0,0
180586,3,1,0,0,0,0,0,0,0,0,0,0
180587,1,1,0,0,0,0,0,0,0,0,0,0
180587,2,1,0,0,0,0,0,0,0,0,0,0
180588,1,1,0,0,0,0,0,0,0,0,0,0
180588,2,1,0,0,0,0,0,0,0,0,0,0
180588,3,1,0,5,0,0,0,0,4,0,0,0
180589,1,1,0,0,0,0,0,0,0,0,0,0
180589,2,1,0,0,0,0,0,0,0,0,0,0
180590,0,1,25,13,0,0,0,23,0,30,42,38
180590,1,1,0,0,0,0,0,0,0,0,0,0
180592,1,1,0,0,0,0,0,0,0,0,0,0
180593,1,1,0,0,0,0,0,0,0,0,0,0
180594,1,1,0,0,0,0,0,0,0,0,0,0
180594,2,1,0,0,0,0,0,0,0,0,0,0
180595,1,1,0,0,0,0,0,0,0,0,0,0
180595,2,1,0,0,0,0,0,0,0,0,0,0
180596,1,1,27,0,18,17,44,25,0,17,0,17
180597,1,1,0,0,0,18,0,0,0,0,0,0
180597,2,1,8,8,8,8,8,8,8,8,8,8
180598,1,1,0,0,0,0,0,0,0,0,0,0
180598,2,1,0,0,0,0,0,0,0,0,0,0
180598,3,1,0,0,0,0,0,0,0,0,0,0
180599,1,1,0,0,0,0,0,0,0,0,0,0
180599,2,1,0,0,0,0,0,0,0,0,0,0
180600,1,1,29,29,29,29,29,29,29,29,29,29
180601,1,1,0,0,0,0,0,0,0,0,0,0
180602,1,1,0,0,0,0,0,0,0,0,26,0
180602,2,1,0,0,0,0,0,0,0,0,0,0
180603,1,1,12,0,0,0,14,0,0,0,0,13
180604,1,1,0,0,0,0,0,0,0,0,0,0
180604,2,1,0,0,0,0,0,0,0,0,0,0
180605,1,1,9,23,29,20,26,26,17,26,0,17
180606,0,1,25,25,25,25,25,25,25,25,25,25
180606,1,1,0,0,0,4,0,0,0,0,0,0
180607,0,1,0,0,0,0,0,0,0,0,0,0
180607,1,1,0,0,0,0,0,0,0,0,0,0
180608,0,1,37,37,37,37,37,37,37,37,37,37
180608,1,1,0,0,0,0,0,0,0,0,0,0
180609,1,1,2,0,0,0,0,0,0,0,0,0
180610,1,1,0,0,0,0,0,0,0,0,0,0
180610,2,1,0,0,0,0,0,0,0,0,0,0
180611,1,1,17,17,17,17,17,17,17,17,17,17
180612,1,1,0,0,0,0,0,0,0,11,0,0
180612,2,1,11,11,11,11,11,11,11,11,11,11
180613,1,1,0,0,0,0,0,0,0,0,0,0
180613,2,1,0,0,0,0,0,0,0,0,0,0
180614,1,1,25,25,25,25,25,25,25,25,25,25
180615,1,1,0,0,0,0,0,0,0,0,0,0
180615,2,1,0,0,0,0,0,0,0,0,0,0
180616,1,1,30,30,30,30,30,30,30,30,30,30
180616,2,1,0,0,0,0,0,0,0,0,0,0
180616,3,1,0,0,0,0,0,0,0,0,0,0
180617,1,1,0,0,0,0,0,0,0,0,0,0
180618,1,1,17,17,17,17,17,17,17,17,17,17
180619,1,1,22,22,22,22,22,22,22,22,22,22
180620,1,1,0,0,0,0,0,0,0,0,0,0
180620,2,1,0,0,0,0,0,0,0,0,0,0
180621,1,1,0,0,0,0,0,0,0,0,0,0
180621,2,1,0,0,0,0,0,0,0,0,0,0
180622,1,1,18,18,18,18,18,18,18,18,18,18
180623,1,1,0,0,0,0,0,16,16,0,0,20
180624,1,1,6,6,6,6,6,6,6,6,6,6
180625,1,1,0,0,0,0,0,0,0,0,0,0
180625,2,1,20,0,0,0,0,0,0,0,0,0
180626,0,1,23,23,23,23,23,23,23,23,23,23
180626,1,1,0,0,0,0,0,0,0,0,0,0
180627,1,1,19,19,19,19,19,19,19,19,19,19
180628,1,1,0,0,0,0,0,0,0,0,0,0
180629,1,1,24,24,24,24,24,24,24,24,24,24
180629,2,1,0,0,0,0,0,0,0,0,0,0
180630,1,1,29,29,29,29,29,29,29,29,29,29
180631,1,1,12,0,0,0,0,0,0,0,0,0
180631,2,1,0,0,0,0,0,0,0,0,0,0
180632,1,1,0,23,0,18,25,21,16,0,0,0
180633,1,1,0,0,0,43,37,0,7,0,11,29
180633,2,1,20,20,20,20,20,20,20,20,20,20
180634,1,1,22,22,22,22,22,22,22,22,22,22
180636,1,1,27,27,27,27,27,27,27,27,27,27
180637,1,1,26,26,26,26,26,26,26,26,26,26
180637,2,1,10,10,10,10,10,10,10,10,10,10
180638,1,1,0,0,0,0,0,0,0,0,0,0
180638,2,1,0,0,0,0,0,0,0,0,0,0
180639,1,1,0,0,0,0,0,0,0,0,0,0
180640,0,1,0,0,0,0,0,0,0,32,0,0
180640,1,1,0,0,0,0,0,0,0,0,0,0
180640,2,1,0,0,0,0,0,0,0,0,0,0
180641,1,1,0,0,0,0,0,0,0,0,0,0
180641,2,1,0,0,0,0,0,0,0,0,0,0
180642,1,1,0,0,0,0,0,0,0,0,0,0
180643,1,1,24,24,24,24,24,24,24,24,24,24
180644,1,1,13,13,13,13,13,13,13,13,13,13
180644,2,1,0,0,0,0,0,0,0,0,0,0
180644,3,1,0,0,0,0,0,0,0,0,0,0
180645,1,1,13,13,13,13,13,13,13,13,13,13
180645,2,1,0,0,0,0,0,0,0,0,0,0
180645,3,1,0,0,0,0,0,0,0,0,0,0
180646,1,1,0,0,0,0,0,0,0,0,0,0
180646,2,1,0,0,8,0,0,0,0,0,0,0
180647,1,1,5,0,8,0,9,0,4,19,0,0
180648,1,1,0,0,0,0,0,0,0,0,0,0
180648,2,1,0,0,0,0,0,0,0,0,0,0
180649,0,1,0,0,39,0,0,26,0,21,6,0
180649,0,2,0,0,0,0,0,0,0,0,0,0
180649,3,1,0,0,0,0,0,0,0,0,0,0
180650,1,1,0,0,0,0,0,0,0,14,0,0
180650,2,1,0,0,0,0,0,0,0,0,0,20
180651,1,1,0,0,0,0,0,0,0,0,0,0
180651,2,1,0,0,0,0,0,0,0,0,0,0
180652,0,1,0,0,0,0,0,0,0,0,0,0
180652,1,1,0,0,0,0,0,0,0,0,0,0
180653,1,1,0,0,0,0,0,0,0,0,0,0
180653,2,1,0,0,0,0,0,0,0,0,0,0
180654,1,1,0,0,0,0,0,0,0,8,0,0
180654,2,1,0,0,0,0,9,0,0,0,0,0
180655,1,1,0,0,0,0,0,0,0,0,0,0
180655,2,1,0,0,0,0,0,0,0,0,0,0
180656,1,1,13,0,7,0,27,0,11,0,0,9
180657,0,1,0,0,0,0,0,0,0,0,0,0
180657,0,2,0,0,0,0,0,0,0,0,0,0
180657,1,1,0,0,0,0,0,0,0,0,0,0
180658,1,1,0,0,0,0,0,0,0,0,0,0
180658,2,1,0,0,0,0,18,0,0,0,0,27
180659,2,1,0,0,0,0,0,0,0,0,0,0
180659,3,1,0,0,0,0,0,0,0,0,0,0
180660,1,1,0,0,0,0,0,0,0,0,0,0
180660,2,1,0,0,0,0,0,0,0,0,0,0
180661,1,1,0,0,0,0,0,0,0,11,0,0
180662,1,1,0,0,0,0,0,0,0,0,0,12
180662,2,1,0,0,0,0,0,0,0,0,0,0
180663,1,1,0,0,0,0,0,0,0,0,0,0
180663,2,1,0,0,0,0,0,0,0,0,0,0
180664,1,1,0,0,0,0,0,0,0,0,0,0
180664,2,1,0,0,0,0,0,0,0,0,0,0
180664,3,1,0,0,10,0,19,12,24,0,11,0
180664,4,1,0,0,0,0,0,0,0,0,0,0
180665,1,1,0,0,0,0,0,0,0,0,0,0
180666,1,1,0,0,0,0,0,0,0,0,0,0
180666,2,1,0,0,0,0,0,0,18,0,0,27
180667,1,1,29,29,29,29,29,29,29,29,29,29
180668,1,1,0,0,0,0,16,0,0,19,0,0
180668,2,1,0,0,0,0,0,0,0,0,0,0
180669,1,1,0,0,0,0,0,0,0,0,0,0
180669,2,1,0,0,0,0,0,0,0,0,0,0
180670,1,1,0,0,0,0,0,0,0,0,0,0
180671,1,1,0,0,0,0,0,0,0,0,0,0
180672,1,1,0,0,0,0,0,0,0,0,0,0
180672,2,1,0,0,0,0,0,0,0,0,0,0
180673,0,1,0,10,0,0,0,0,0,0,7,0
180673,1,1,0,0,0,0,0,0,0,0,0,0
180674,1,1,0,0,0,0,0,0,0,0,19,0
180674,2,1,0,0,0,0,0,0,0,0,0,0
180675,1,1,20,20,20,20,20,20,20,20,20,20
180676,1,1,14,14,14,14,14,14,14,14,14,14
180677,1,1,0,0,0,0,0,0,0,0,0,0
180678,0,1,21,21,21,21,21,21,21,21,21,21
180678,0,2,2,2,2,2,2,2,2,2,2,2
180678,1,1,0,0,0,0,0,0,0,0,0,0
180678,2,1,0,0,0,0,0,0,0,0,0,0
180678,3,1,0,0,0,0,0,0,0,0,0,0
180678,4,1,0,0,0,0,0,0,0,0,0,0
180680,1,1,0,0,0,0,0,0,0,0,0,0
180680,2,1,0,0,0,0,0,0,0,0,0,0
180681,1,1,0,0,0,0,0,0,0,0,0,0
180681,2,1,0,0,0,0,0,0,0,0,0,0
180682,1,1,0,0,0,0,0,0,0,0,0,0
180682,2,1,0,0,0,0,0,0,0,0,0,0
180683,1,1,0,0,0,0,0,0,0,0,0,0
180683,2,1,0,15,0,0,0,0,0,0,0,22
180684,0,1,0,0,0,0,0,0,0,0,0,0
180684,1,1,0,0,0,0,0,17,0,0,0,0
180685,1,1,0,0,0,0,0,0,0,0,0,0
180685,2,1,0,0,0,0,0,0,0,0,0,0
180686,1,1,0,0,0,0,0,0,0,0,0,0
180686,2,1,0,0,0,0,0,0,0,0,0,0
180686,3,1,0,0,0,0,0,0,0,0,0,0
180686,4,1,0,0,0,0,0,0,0,0,0,0
180687,1,1,0,0,0,0,0,0,0,0,0,0
180688,1,1,16,16,16,16,16,16,16,16,16,16
180689,1,1,0,0,9,0,0,0,0,0,16,0
180689,2,1,0,0,0,0,0,0,0,0,0,0
180689,3,1,0,0,0,17,0,0,0,0,0,0
180690,1,1,33,0,0,0,0,0,0,0,0,16
180690,2,1,0,0,0,0,0,0,0,0,0,19
180691,1,1,0,0,0,0,0,0,0,0,0,0
180691,2,1,0,0,0,0,0,0,0,0,0,0
180692,1,1,0,0,0,0,0,0,0,0,0,0
180693,1,1,0,0,0,0,0,0,0,0,0,0
180693,2,1,0,0,0,0,0,0,0,0,0,0
180694,1,1,0,0,0,0,0,0,0,7,0,0
180694,2,1,0,0,0,0,0,0,0,0,0,0
180694,3,1,0,0,0,0,0,0,0,0,0,0
180695,1,1,12,14,12,0,0,0,0,0,0,0
180696,1,1,0,0,0,0,0,0,0,0,0,0
180696,2,1,0,0,0,0,0,0,0,0,0,0
180697,0,1,0,16,0,0,0,0,0,0,0,0
180697,1,1,0,0,0,0,0,0,0,0,0,0
180698,1,1,0,0,0,0,0,0,0,0,0,0
180699,1,1,0,0,0,0,0,0,0,0,0,0
180700,1,1,17,17,17,17,17,17,17,17,17,17
180702,1,1,4,4,4,4,4,4,4,4,4,4
180702,2,1,0,0,0,0,0,0,0,0,0,0
180703,1,1,0,0,0,0,0,0,0,0,0,0
180703,2,1,0,0,0,0,0,0,0,0,0,0
180703,3,1,0,0,0,0,10,0,0,0,0,0
180704,1,1,0,0,0,0,0,0,0,0,0,0
180705,1,1,37,37,37,37,37,37,37,37,37,37
180706,1,1,25,25,25,25,25,25,25,25,25,25
180707,1,1,0,0,0,0,0,0,0,0,0,0
180707,2,1,0,0,0,0,0,0,0,0,0,0
180708,0,1,0,0,0,0,0,0,0,5,0,0
180708,1,1,0,0,0,0,0,0,0,0,0,0
180709,1,1,0,0,0,0,0,0,0,0,0,0
180709,2,1,0,0,0,0,0,0,0,0,0,0
180710,1,1,0,0,0,0,0,0,0,0,0,0
180710,2,1,0,0,0,0,0,0,0,0,0,0
180711,1,1,25,0,0,0,0,0,0,0,0,0
180711,2,1,0,0,0,0,0,0,0,0,0,0
180712,1,1,33,0,0,0,16,0,0,22,13,0
180713,1,1,0,0,0,5,0,0,0,0,0,0
180713,2,1,0,0,0,0,0,0,0,0,0,0
180714,1,1,0,0,0,0,0,0,0,0,0,0
180714,2,1,0,0,0,0,0,0,0,0,7,0
180715,0,1,0,0,0,0,0,7,0,0,0,0
180715,1,1,0,0,0,16,0,0,0,0,0,0
180716,1,1,15,15,15,15,15,15,15,15,15,15
180717,0,1,8,8,8,8,8,8,8,8,8,8
180717,1,1,27,8,21,0,9,0,4,16,0,0
180718,1,1,0,0,0,0,0,0,0,0,0,0
180718,2,1,0,0,0,0,0,0,0,0,0,0
180719,1,1,5,27,29,12,10,0,15,31,17,9
180719,2,1,0,0,0,0,0,0,0,0,0,0
180719,3,1,0,0,0,0,0,0,0,0,0,0
180720,1,1,0,0,0,0,0,0,0,0,0,0
180720,2,1,0,0,0,0,0,0,0,0,0,0
180721,0,1,0,0,0,0,0,0,11,0,0,0
180721,1,1,0,13,0,0,0,0,5,28,0,0
180722,1,1,0,6,0,13,41,0,0,0,0,0
180723,1,1,0,0,0,0,14,0,24,17,16,0
180724,1,1,15,15,15,15,15,15,15,15,15,15
180724,2,1,0,0,0,0,0,0,0,0,0,0
180724,3,1,0,0,0,0,0,20,0,0,0,0
180725,1,1,28,0,0,0,0,0,15,0,0,0
180726,1,1,29,29,29,29,29,29,29,29,29,29
180727,0,1,0,0,13,13,28,0,0,0,28,0
180727,1,1,0,0,0,0,0,0,0,0,0,0
180728,1,1,0,0,0,0,0,0,0,0,0,0
180729,1,1,11,0,23,0,0,40,0,21,24,27
180730,1,1,0,0,0,0,0,0,0,0,0,0
180731,0,1,0,0,0,0,0,0,0,0,0,0
180731,1,1,0,0,21,0,0,0,0,0,0,0
180732,1,1,0,0,0,0,0,0,0,0,0,0
180732,2,1,0,0,0,0,0,0,0,0,0,0
190001,1,1,0,0,0,0,0,0,0,0,0,0
190002,0,1,0,0,0,0,0,0,0,0,0,0
190002,1,1,0,0,0,0,0,0,0,0,0,0
190003,1,1,0,0,0,0,0,0,0,0,4,0
190003,2,1,0,0,0,0,0,0,0,0,0,17
190004,1,1,34,34,34,34,34,34,34,34,34,34
190004,2,1,0,0,0,0,0,0,0,0,0,0
190005,1,1,0,7,20,0,17,12,0,0,0,21
190006,1,1,0,6,21,24,0,35,0,0,0,29
190007,1,1,21,21,21,21,21,21,21,21,21,21
190008,0,1,0,0,0,0,0,0,12,0,0,0
190008,1,1,0,0,0,0,0,0,0,20,0,0
190009,1,1,0,0,0,0,0,0,0,0,0,0
190010,1,1,0,0,0,0,0,0,0,0,0,0
190010,2,1,0,0,0,0,0,0,0,0,0,0
190011,1,1,17,17,17,17,17,17,17,17,17,17
190012,0,1,8,0,5,26,0,0,16,0,12,0
190012,2,1,0,0,0,0,0,0,0,10,0,0
190013,1,1,0,0,0,0,0,0,0,0,0,6
190013,2,1,0,0,0,0,9,0,0,0,0,0
190014,0,1,0,0,0,0,7,0,0,0,0,0
190014,1,1,0,0,23,0,0,0,0,0,0,0
190015,1,1,0,0,0,0,0,0,0,0,0,0
190016,1,1,9,9,9,9,9,9,9,9,9,9
190017,1,1,0,0,0,0,0,0,0,0,0,0
190017,2,1,0,0,0,0,0,25,0,0,0,0
190018,0,1,22,22,22,22,22,22,22,22,22,22
190018,2,1,8,8,8,8,8,8,8,8,8,8
190018,3,1,8,8,8,8,8,8,8,8,8,8
190019,1,1,0,0,0,0,0,0,0,0,0,0
190019,2,1,0,0,0,0,0,0,0,0,0,0
190020,0,1,0,0,0,0,0,0,0,0,0,0
190020,1,1,0,0,0,0,0,0,0,0,0,0
190021,1,1,0,0,0,0,0,0,0,0,0,0
190021,2,1,0,0,0,0,0,0,0,0,0,0
190022,1,1,0,0,0,0,0,0,0,0,0,0
190022,2,1,0,0,0,0,0,0,0,0,0,0
190023,1,1,0,0,0,17,0,0,0,0,0,0
190023,2,1,0,0,0,0,0,0,0,0,0,0
190024,1,1,5,5,5,5,5,5,5,5,5,5
190025,1,1,0,0,0,0,0,0,0,0,0,0
190025,2,1,0,0,0,0,0,0,0,0,0,0
190026,1,1,0,0,0,0,0,0,0,0,28,0
190027,1,1,0,0,0,0,0,0,0,0,0,0
190027,2,1,0,0,0,0,0,0,0,0,0,0
190028,1,1,0,0,0,0,0,0,0,0,14,0
190028,2,1,0,0,0,0,0,0,0,0,0,0
190029,1,1,0,0,0,0,0,0,0,0,0,0
190029,2,1,0,0,0,0,0,0,0,0,0,0
190030,1,1,0,0,0,0,0,0,0,0,0,0
190030,2,1,0,0,0,0,0,0,0,0,0,0
190031,1,1,0,0,0,0,0,0,0,0,0,0
190031,2,1,0,0,0,0,0,0,0,0,0,0
190032,1,1,0,24,0,0,0,0,0,0,17,18
190033,1,1,0,0,0,0,0,0,0,0,0,0
190033,2,1,0,0,0,12,0,0,0,0,0,0
190034,1,1,24,24,24,24,24,24,24,24,24,24
190035,1,1,0,9,0,0,0,0,0,0,0,0
190036,1,1,20,20,20,20,20,20,20,20,20,20
190036,2,1,0,0,0,0,0,0,0,0,0,0
190037,1,1,0,0,0,0,0,0,0,0,0,0
190037,2,1,0,0,0,0,0,0,0,0,0,0
190038,1,1,0,0,0,0,17,0,0,0,24,27
190038,2,1,0,0,0,0,0,0,0,0,0,0
190038,3,1,0,0,0,0,0,0,0,22,0,0
190039,1,1,18,18,18,18,18,18,18,18,18,18
190040,1,1,0,0,35,18,0,0,15,15,0,0
190041,1,1,0,0,0,0,0,0,0,0,0,0
190042,1,1,0,0,0,0,0,0,0,0,0,0
190042,2,1,0,0,0,0,0,0,0,0,0,0
190043,1,1,0,0,0,0,0,0,0,0,0,0
190043,2,1,0,0,0,0,0,0,0,0,0,0
190044,1,1,19,19,19,19,19,19,19,19,19,19
190045,1,1,31,31,31,31,31,31,31,31,31,31
190046,1,1,0,0,0,0,0,0,0,0,0,0
190046,2,1,0,0,0,0,0,0,0,0,0,0
190047,1,1,6,0,0,0,0,0,0,0,0,5
190047,2,1,0,0,0,0,0,0,0,0,0,0
190048,1,1,0,0,0,0,0,0,0,0,0,0
190049,0,1,23,0,0,0,0,13,38,0,0,13
190049,1,1,0,0,0,0,0,0,0,0,0,0
190050,1,1,0,0,0,25,28,0,22,10,13,12
190051,1,1,0,0,0,0,0,27,0,0,0,17
190052,1,1,0,0,0,0,0,0,10,0,0,0
190052,2,1,0,0,0,0,0,0,0,0,0,0
190053,1,1,0,0,0,0,0,0,0,0,0,0
190053,2,1,0,0,0,0,25,0,0,0,0,0
190054,1,1,0,0,0,0,0,0,0,0,0,0
190054,2,1,0,0,0,0,0,0,0,0,0,0
190055,1,1,15,15,15,15,15,15,15,15,15,15
190055,2,1,0,0,0,0,0,0,0,0,0,0
190056,1,1,0,0,0,0,0,14,0,0,0,0
190056,2,1,0,0,0,0,0,0,0,0,0,0
190057,1,1,6,0,0,0,0,0,0,0,0,0
190057,2,1,0,0,0,0,0,0,0,0,0,0
190058,1,1,18,18,18,18,18,18,18,18,18,18
190059,1,1,0,8,21,34,16,13,9,0,17,17
190059,2,1,8,8,8,8,8,8,8,8,8,8
190060,1,1,26,26,26,26,26,26,26,26,26,26
190060,2,1,0,0,0,0,0,0,0,0,0,0
190061,1,1,0,0,0,0,0,0,0,0,0,0
190061,2,1,0,0,0,0,0,0,0,0,0,0
190062,1,1,0,0,0,0,0,0,0,0,0,0
190063,1,1,0,0,0,0,0,0,0,0,0,0
190064,1,1,15,15,15,15,15,15,15,15,15,15
190065,1,1,15,15,15,15,15,15,15,15,15,15
190066,1,1,35,14,33,26,20,23,37,12,30,22
190067,1,1,0,0,0,0,0,0,0,18,0,0
190069,0,1,0,31,0,0,20,0,0,25,0,0
190069,1,1,0,0,0,0,0,0,0,0,0,0
190070,1,1,0,0,9,21,15,6,8,18,0,24
190071,1,1,0,0,0,0,0,0,0,0,0,0
190071,2,1,0,0,0,0,0,0,0,0,0,0
190072,1,1,0,0,0,0,0,0,0,0,0,0
190072,2,1,0,0,0,0,0,0,0,0,0,0
190074,0,1,0,0,7,14,11,0,0,0,0,0
190074,1,1,0,0,0,0,0,0,0,0,0,0
190075,1,1,8,8,8,8,8,8,8,8,8,8
190076,1,1,0,0,0,0,0,0,0,0,0,0
190076,2,1,0,0,0,0,0,0,0,0,0,0
190077,1,1,19,19,19,19,19,19,19,19,19,19
190078,1,1,0,4,0,0,0,0,0,0,19,0
190078,2,1,0,0,0,0,0,0,0,0,0,0
190079,1,1,0,0,13,0,0,0,14,7,0,0
190080,1,1,17,13,27,15,19,23,13,6,22,11
190081,1,1,12,12,12,12,12,12,12,12,12,12
190082,1,1,4,15,0,6,4,15,20,23,21,10
190083,1,1,21,21,21,21,21,21,21,21,21,21
190083,2,1,0,0,0,0,0,0,0,0,0,0
190084,1,1,0,0,0,0,0,0,0,0,0,0
190084,2,1,0,0,0,0,0,0,0,0,0,0
190085,1,1,0,0,0,0,3,0,0,0,0,0
190085,2,1,3,0,0,0,4,0,0,0,0,12
190086,1,1,0,0,0,0,0,0,0,0,0,0
190086,2,1,0,0,0,0,0,0,0,0,0,0
190087,1,1,0,0,0,0,0,0,0,0,0,0
190087,2,1,0,0,0,0,0,0,0,0,0,0
190088,1,1,0,0,0,0,0,0,0,0,0,0
190089,1,1,12,12,12,12,12,12,12,12,12,12
190089,2,1,0,0,0,0,18,0,0,0,0,0
190090,1,1,0,0,0,0,0,0,0,0,0,0
190090,2,1,0,0,0,7,0,0,3,0,0,0
190091,1,1,0,0,0,0,0,0,0,0,0,0
190091,2,1,0,0,0,0,0,0,0,0,0,0
190092,0,1,0,0,0,0,0,0,0,0,0,0
190092,1,1,0,0,0,0,0,0,0,0,0,0
190093,1,1,0,0,0,0,0,0,0,0,0,0
190094,1,1,0,0,0,0,0,0,0,0,0,0
190094,2,1,0,0,0,0,0,0,0,0,0,0
190095,1,1,0,0,0,0,0,0,0,0,0,0
190096,1,1,9,9,9,9,9,9,9,9,9,9
190097,1,1,0,0,0,0,0,0,0,17,0,0
190097,2,1,0,0,0,8,0,0,0,0,0,0