ST_CASE,VEH_NO,PER_NO,P1,P2,P3,P4,P5,P6,P7,P8,P9,P10
190098,1,1,19,19,19,19,19,19,19,19,19,19
190098,2,1,0,0,0,0,0,0,0,0,0,0
190098,3,1,0,0,11,0,0,0,12,0,0,0
190099,1,1,16,16,16,16,16,16,16,16,16,16
190100,1,1,0,0,0,0,0,17,0,27,0,0
190100,2,1,0,0,0,0,0,0,0,0,0,0
190101,1,1,0,0,0,0,0,0,0,0,0,0
190101,2,1,0,0,0,0,0,0,0,0,0,0
190102,1,1,0,0,0,0,0,0,0,0,0,0
190102,2,1,0,0,0,0,0,0,0,0,0,0
190103,1,1,0,0,0,0,0,0,0,0,0,0
190103,2,1,0,0,0,0,0,0,0,0,0,0
190105,1,1,0,0,0,0,0,0,0,0,0,0
190105,2,1,0,0,0,0,0,0,0,0,0,0
190106,0,1,0,15,0,20,20,0,9,13,0,0
190106,1,1,15,0,0,0,0,0,0,0,0,0
190107,1,1,0,0,0,0,0,0,0,0,0,0
190107,2,1,0,0,0,0,0,0,0,0,0,0
190108,1,1,0,0,0,0,0,0,0,0,0,0
190109,1,1,0,0,0,0,0,0,0,14,0,0
190109,2,1,0,0,0,0,0,0,0,0,0,0
190110,1,1,0,0,0,0,0,0,0,0,0,0
190110,2,1,0,0,0,0,0,0,0,0,0,0
190111,1,1,27,27,27,27,27,27,27,27,27,27
190111,2,1,0,0,0,0,0,20,0,11,0,0
190111,3,1,0,9,0,0,0,0,0,0,0,0
190112,1,1,0,0,0,0,0,0,0,0,0,0
190112,2,1,0,0,0,0,0,0,0,0,0,0
190113,1,1,0,0,0,0,0,0,0,0,0,0
190113,2,1,0,0,0,0,0,0,0,0,0,0
190114,1,1,0,23,0,0,0,17,0,0,9,0
190114,2,1,0,0,0,11,12,12,14,0,0,0
190114,3,1,0,0,0,0,0,0,0,0,0,0
190115,1,1,0,0,0,0,0,0,0,0,0,0
190116,1,1,17,17,17,17,17,17,17,17,17,17
190117,1,1,6,0,21,0,11,15,0,0,0,0
190118,1,1,0,0,0,0,0,0,0,0,0,0
190118,2,1,0,0,0,0,0,0,0,0,0,0
190118,3,1,0,0,0,0,0,0,0,0,0,0
190119,1,1,0,0,0,0,0,0,0,0,0,0
190119,2,1,0,0,0,0,0,0,0,2,0,0
190120,1,1,12,12,12,12,12,12,12,12,12,12
190121,1,1,0,0,0,0,0,0,0,0,0,0
190122,0,1,0,0,0,0,0,0,0,0,0,0
190122,1,1,0,0,0,0,0,0,0,0,0,0
190123,1,1,23,23,23,23,23,23,23,23,23,23
190123,2,1,0,0,0,0,0,0,0,7,0,0
190124,1,1,0,0,0,0,0,6,0,15,0,28
190125,1,1,0,0,0,0,0,0,0,0,0,0
190126,1,1,14,0,0,0,0,0,0,0,0,0
190127,0,1,0,0,0,19,0,0,0,0,0,0
190127,1,1,0,0,0,0,0,0,0,0,0,0
190128,1,1,0,0,0,0,0,0,0,0,0,0
190128,2,1,0,0,0,0,0,0,0,0,0,0
190129,1,1,0,0,0,0,0,0,0,0,0,0
190129,2,1,0,0,0,0,0,0,0,0,0,0
190130,1,1,0,0,0,0,0,0,0,0,0,0
190130,2,1,0,0,0,0,0,0,0,0,0,0
190131,1,1,0,0,0,0,8,4,0,0,0,0
190131,2,1,0,0,7,0,0,0,0,0,5,0
190131,3,1,0,0,0,0,0,0,0,0,0,0
190132,1,1,13,13,13,13,13,13,13,13,13,13
190132,2,1,0,15,0,0,0,0,0,0,0,0
190134,1,1,21,21,21,21,21,21,21,21,21,21
190135,1,1,17,17,17,17,17,17,17,17,17,17
190135,2,1,0,0,0,0,8,0,0,0,0,0
190136,1,1,0,0,0,0,0,0,0,0,0,0
190136,2,1,0,0,0,0,0,0,0,0,0,27
190137,1,1,0,0,9,0,0,0,0,0,0,0
190138,1,1,0,0,0,5,0,0,0,0,0,0
190139,1,1,0,0,0,0,0,0,0,0,13,0
190140,1,1,0,0,0,0,0,0,0,0,0,0
190140,2,1,0,0,0,6,0,0,0,0,0,0
190141,1,1,29,29,29,29,29,29,29,29,29,29
190142,1,1,0,0,0,0,0,0,0,0,0,0
190142,2,1,0,0,0,0,0,0,0,0,0,0
190143,1,1,0,0,0,19,0,0,0,0,0,0
190143,2,1,0,0,0,0,0,0,0,0,0,0
190144,1,1,17,17,17,17,17,17,17,17,17,17
190145,1,1,21,3,0,8,0,16,14,0,0,12
190145,2,1,0,0,0,0,0,0,0,0,0,0
190146,1,1,4,4,4,4,4,4,4,4,4,4
190147,1,1,7,0,0,0,0,0,0,0,0,0
190148,1,1,24,24,24,24,24,24,24,24,24,24
190148,2,1,0,0,0,0,5,0,0,0,0,0
190148,3,1,0,0,0,0,0,0,0,0,0,0
190149,1,1,0,0,0,0,0,0,0,0,0,0
190149,2,1,0,0,0,0,0,0,0,0,0,0
190150,1,1,0,7,0,0,0,0,0,0,0,0
190151,1,1,25,25,25,25,25,25,25,25,25,25
190152,1,1,0,0,11,0,0,0,3,0,5,0
190153,1,1,5,5,5,5,5,5,5,5,5,5
190155,1,1,3,9,7,0,0,0,11,0,7,0
190156,1,1,19,19,19,19,19,19,19,19,19,19
190157,1,1,0,0,0,0,0,20,0,0,0,0
190158,1,1,0,0,0,0,22,0,0,0,0,0
190158,2,1,0,0,0,0,0,0,0,0,0,0
190158,3,1,0,0,0,0,0,0,0,0,0,0
190159,1,1,0,0,0,0,0,0,0,0,0,0
190159,2,1,0,0,0,0,0,0,0,0,0,0
190160,1,1,0,0,0,0,0,0,0,0,0,0
190161,1,1,0,0,0,0,0,0,0,0,0,0
190162,1,1,0,0,0,0,0,0,0,0,0,0
190163,1,1,13,13,13,13,13,13,13,13,13,13
190163,2,1,0,0,0,0,0,0,0,0,0,0
190164,1,1,0,0,0,0,0,0,0,0,0,0
190165,1,1,0,0,0,0,0,0,0,0,0,0
190166,1,1,0,0,0,0,0,0,0,0,0,0
190166,2,1,0,0,0,0,0,0,0,0,0,0
190167,1,1,27,27,27,27,27,27,27,27,27,27
190168,1,1,0,0,0,0,0,0,0,0,0,0
190168,2,1,0,0,0,0,0,0,0,0,0,0
190169,1,1,0,0,14,0,0,0,0,0,0,0
190170,1,1,6,6,6,6,6,6,6,6,6,6
190171,1,1,0,0,0,0,0,0,0,0,0,0
190171,2,1,4,4,4,4,4,4,4,4,4,4
190172,1,1,11,11,11,11,11,11,11,11,11,11
190173,1,1,15,0,24,5,0,26,36,0,0,0
190174,1,1,0,0,16,0,0,0,0,0,0,0
190174,2,1,0,0,0,0,0,0,0,0,0,0
190175,0,1,25,25,25,25,25,25,25,25,25,25
190175,1,1,0,0,0,0,0,0,0,0,0,0
190176,1,1,0,14,0,9,0,0,2,13,0,0
190177,1,1,0,33,0,0,0,0,0,0,10,8
190178,1,1,0,0,0,0,0,0,0,0,0,0
190178,2,1,0,0,0,0,0,0,12,4,0,0
190179,1,1,0,0,0,0,0,0,20,0,11,0
190180,1,1,0,0,12,0,7,19,0,0,9,0
190181,1,1,0,0,0,0,0,0,0,0,0,0
190182,1,1,0,0,0,12,0,0,0,0,0,0
190182,2,1,0,0,0,0,0,0,0,0,0,0
190183,1,1,0,0,0,0,0,0,0,0,0,0
190184,1,1,11,11,11,11,11,11,11,11,11,11
190185,1,1,2,2,2,2,2,2,2,2,2,2
190186,1,1,18,18,18,18,18,18,18,18,18,18
190187,1,1,4,0,6,14,0,14,0,0,0,21
190188,1,1,27,27,27,27,27,27,27,27,27,27
190189,1,1,0,0,0,0,0,0,0,0,0,0
190190,1,1,27,27,27,27,27,27,27,27,27,27
190191,1,1,13,13,13,13,13,13,13,13,13,13
190192,0,1,0,0,0,0,0,0,0,0,0,0
190192,1,1,0,0,0,0,0,0,0,0,0,0
190193,1,1,0,0,0,0,0,0,0,0,0,0
190193,2,1,0,20,0,0,0,0,0,0,27,0
190194,1,1,0,0,0,0,0,0,0,0,0,0
190195,1,1,22,22,22,22,22,22,22,22,22,22
190196,1,1,15,15,15,15,15,15,15,15,15,15
190197,1,1,34,34,34,34,34,34,34,34,34,34
190198,1,1,26,26,26,26,26,26,26,26,26,26
190199,1,1,8,8,8,8,8,8,8,8,8,8
190200,1,1,0,0,0,0,0,0,0,0,0,0
190201,1,1,0,0,0,0,0,0,0,0,0,0
190201,2,1,0,0,0,0,0,0,0,0,0,0
190202,1,1,19,19,19,19,19,19,19,19,19,19
190203,1,1,24,8,18,0,0,20,0,17,0,0
190204,1,1,0,0,0,3,0,0,0,0,0,0
190205,1,1,0,0,0,0,0,0,0,0,0,0
190205,2,1,0,0,0,0,0,0,0,0,0,0
190206,1,1,0,0,0,0,0,0,0,0,0,0
190206,2,1,0,0,0,0,0,0,0,0,0,0
190207,1,1,0,0,0,0,0,0,0,7,0,0
190207,2,1,0,0,15,0,0,0,0,0,0,0
190208,0,1,0,0,0,0,0,0,0,0,0,0
190208,1,1,0,0,0,0,0,0,0,0,0,0
190209,1,1,27,27,27,27,27,27,27,27,27,27
190209,2,1,0,0,0,0,0,0,0,0,0,0
190210,1,1,0,0,0,0,0,0,0,0,0,0
190210,2,1,0,0,0,0,0,0,0,0,0,0
190211,0,1,0,0,0,0,0,0,0,0,0,0
190211,1,1,0,0,0,0,0,0,0,0,0,0
190212,1,1,0,0,0,0,0,0,0,0,10,0
190213,1,1,0,0,0,0,0,0,0,0,0,0
190214,1,1,18,18,18,18,18,18,18,18,18,18
190214,2,1,0,0,0,0,0,0,0,0,0,0
190215,1,1,0,0,0,0,0,0,0,0,0,0
190215,2,1,0,0,0,0,0,0,0,0,0,0
190216,1,1,0,0,0,0,0,0,0,0,0,0
190217,1,1,0,0,0,0,0,0,0,0,0,0
190217,2,1,0,0,0,0,0,0,0,0,0,0
190218,1,1,18,18,18,18,18,18,18,18,18,18
190219,0,1,20,20,20,20,20,20,20,20,20,20
190219,1,1,0,0,0,0,0,0,0,0,0,0
190220,1,1,0,0,0,0,0,0,0,0,0,0
190221,1,1,37,37,37,37,37,37,37,37,37,37
190222,1,1,0,0,0,0,0,0,0,0,0,0
190223,1,1,0,0,0,0,0,0,0,0,0,0
190223,2,1,0,0,0,0,0,0,0,0,0,0
190224,1,1,0,0,0,0,0,0,0,0,0,0
190224,2,1,0,0,0,0,0,0,0,0,0,0
190225,1,1,12,7,0,0,0,0,0,7,20,0
190226,1,1,0,0,0,0,0,0,0,0,0,0
190227,1,1,0,0,0,0,0,23,0,0,0,0
190227,2,1,0,0,18,0,0,0,0,0,0,0
190228,1,1,0,0,0,0,0,0,0,0,0,0
190228,2,1,0,0,0,0,0,0,0,0,0,0
190229,1,1,17,17,17,17,17,17,17,17,17,17
190230,1,1,0,0,0,0,0,0,0,0,0,0
190230,2,1,0,0,0,6,0,0,0,0,0,0
190231,1,1,0,0,0,0,0,30,0,0,0,0
190232,1,1,0,0,0,0,0,0,0,0,0,0
190233,1,1,23,23,23,23,23,23,23,23,23,23
190233,2,1,0,21,0,13,0,0,0,0,0,0
190234,1,1,18,18,18,18,18,18,18,18,18,18
190235,1,1,0,0,0,0,0,0,0,0,0,0
190235,2,1,0,0,0,0,0,0,0,0,0,0
190236,1,1,0,0,0,0,0,0,0,0,0,0
190236,2,1,0,0,0,0,0,0,0,0,0,0
190237,1,1,0,0,0,0,0,0,0,0,0,0
190237,2,1,0,0,0,0,0,0,0,0,0,0
190238,1,1,22,22,22,22,22,22,22,22,22,22
190238,2,1,0,0,0,11,0,0,0,0,0,0
190239,1,1,9,9,9,9,9,9,9,9,9,9
190240,1,1,0,0,0,0,0,0,0,0,0,0
190240,2,1,0,0,0,0,0,0,0,0,0,0
190241,1,1,0,0,0,0,0,0,0,0,0,0
190242,1,1,19,19,19,19,19,19,19,19,19,19
190243,0,1,0,0,0,0,0,0,0,0,0,0
190243,1,1,0,0,0,0,0,0,0,0,0,0
190244,1,1,0,0,0,0,0,0,0,0,0,0
190244,2,1,0,17,0,0,0,0,0,0,0,0
190245,1,1,0,0,0,0,0,0,0,0,21,0
190245,2,1,0,0,0,0,0,0,0,0,0,0
190245,3,1,0,0,0,0,0,0,14,0,0,0
190246,1,1,0,0,0,0,0,0,0,0,0,0
190246,2,1,0,0,0,0,0,0,0,0,0,0
190246,3,1,0,0,0,0,0,0,0,0,0,0
190247,1,1,0,0,0,0,0,0,0,0,0,0
190248,1,1,8,0,0,0,0,0,0,0,11,0
190249,1,1,0,0,0,0,0,16,0,0,0,0
190249,2,1,0,0,0,0,0,0,0,0,0,0
190250,1,1,0,0,0,0,0,0,0,0,0,0
190251,1,1,0,0,0,0,0,0,0,0,0,0
190252,1,1,0,0,0,0,0,0,0,0,0,0
190252,2,1,0,0,0,0,0,0,0,0,0,0
190253,1,1,20,20,20,20,20,20,20,20,20,20
190253,2,1,0,44,0,0,0,0,0,15,0,0
190254,1,1,15,15,15,15,15,15,15,15,15,15
190255,1,1,0,0,0,0,0,0,0,0,0,0
190255,2,1,0,0,0,0,0,0,0,0,0,0
190256,0,1,0,0,0,0,0,0,0,0,28,9
190256,1,1,0,20,0,0,0,0,0,0,0,0
190257,1,1,0,0,0,0,0,0,0,0,0,0
190257,2,1,0,0,0,0,0,0,0,0,0,0
190258,1,1,0,0,0,0,0,0,20,0,0,0
190259,1,1,0,0,0,0,0,0,0,0,0,0
190260,1,1,0,0,0,0,0,0,0,0,0,0
190261,1,1,0,0,0,0,0,0,0,0,0,0
190261,2,1,0,0,0,0,0,0,0,0,0,0
190262,1,1,0,0,0,0,0,0,0,0,0,0
190262,2,1,0,0,0,0,0,0,0,0,0,0
190263,1,1,0,0,0,0,0,0,0,0,0,0
190264,1,1,0,0,0,0,0,0,0,0,0,0
190264,2,1,0,0,0,0,0,0,0,0,0,0
190265,1,1,19,19,19,19,19,19,19,19,19,19
190266,1,1,24,24,24,24,24,24,24,24,24,24
190266,2,1,0,0,0,0,0,0,0,0,0,0
190267,1,1,6,6,6,6,6,6,6,6,6,6
190267,2,1,0,0,0,0,0,0,0,0,0,0
190268,1,1,0,0,0,0,0,0,0,0,0,0
190268,2,1,0,0,0,0,0,0,0,0,0,0
190269,1,1,17,17,17,17,17,17,17,17,17,17
190270,1,1,0,0,0,0,0,0,0,0,0,0
190270,2,1,0,0,0,0,0,0,0,0,0,0
190272,1,1,0,0,0,0,0,0,0,0,0,0
190273,1,1,0,0,0,0,0,0,0,0,0,0
190273,2,1,0,0,0,0,0,0,0,0,0,0
190274,1,1,11,11,11,11,11,11,11,11,11,11
190275,0,1,0,0,0,0,0,0,0,0,0,0
190275,1,1,0,0,17,10,0,0,23,0,0,26
190276,1,1,14,14,14,14,14,14,14,14,14,14
190277,1,1,0,0,0,0,0,0,0,0,0,0
190277,2,1,0,0,0,0,0,0,0,0,0,0
190278,1,1,0,0,0,0,0,0,0,0,0,0
190278,2,1,0,0,0,0,5,0,0,0,0,0
190279,1,1,0,0,0,0,0,0,0,0,0,0
190279,2,1,0,0,0,0,0,0,0,0,0,0
190280,1,1,26,0,0,18,0,0,28,0,0,12
190281,1,1,23,23,23,23,23,23,23,23,23,23
190282,1,1,0,0,0,0,0,0,0,0,0,0
190282,2,1,0,0,0,0,0,0,0,0,0,0
190283,1,1,19,19,19,19,19,19,19,19,19,19
190284,1,1,25,25,25,25,25,25,25,25,25,25
190285,1,1,0,0,0,0,0,0,0,0,0,0
190285,2,1,0,0,0,0,0,0,0,0,0,0
190285,3,1,0,0,0,0,0,0,0,0,0,0
190286,1,1,0,0,0,0,0,0,0,0,0,0
190286,2,1,0,0,0,0,0,0,0,0,0,0
190287,1,1,0,0,0,0,0,0,0,0,0,0
190288,1,1,16,16,16,16,16,16,16,16,16,16
190289,1,1,9,0,9,0,0,20,50,0,0,24
190290,1,1,0,0,0,0,0,0,0,0,0,0
190290,2,1,0,0,0,0,0,0,0,0,0,0
190291,1,1,0,0,0,2,0,0,0,0,0,0
190292,0,1,0,0,0,0,0,0,0,0,0,0
190292,1,1,0,0,0,0,0,0,0,0,0,0
190293,1,1,0,0,0,0,0,0,0,0,0,0
190293,2,1,0,0,0,0,0,0,0,0,0,0
190294,0,1,0,0,0,0,0,0,0,0,0,0
190294,1,1,0,0,0,0,23,0,0,0,0,0
190295,1,1,0,0,0,0,0,0,0,0,0,0
190295,2,1,0,0,0,0,0,0,0,0,0,0
190296,1,1,0,0,0,0,0,0,0,0,0,0
190296,2,1,0,0,0,0,14,0,0,14,0,0
200001,1,1,25,25,25,25,25,25,25,25,25,25
200002,1,1,0,0,0,0,0,0,0,0,0,0
200002,2,1,0,0,0,0,0,0,0,0,0,0
200003,1,1,0,0,0,0,0,0,0,0,0,0
200003,2,1,0,0,0,0,0,0,0,0,0,0
200004,1,1,0,0,0,0,0,0,0,0,0,0
200004,2,1,0,0,0,0,0,0,0,0,0,0
200005,0,1,0,0,0,0,0,0,0,17,9,38
200005,1,1,0,0,0,0,0,0,0,0,0,0
200006,1,1,0,0,0,0,0,0,0,0,0,0
200007,1,1,22,22,22,22,22,22,22,22,22,22
200008,0,1,0,0,0,0,0,0,0,0,0,0
200008,1,1,0,0,0,0,0,0,0,0,0,0
200009,1,1,0,0,0,0,0,0,0,0,0,0
200010,1,1,0,0,0,0,0,0,0,0,0,0
200010,2,1,0,0,0,0,0,0,0,0,0,0
200011,1,1,29,29,29,29,29,29,29,29,29,29
200012,1,1,4,4,4,4,4,4,4,4,4,4
200013,1,1,0,0,0,0,0,0,0,0,0,0
200014,1,1,15,15,15,15,15,15,15,15,15,15
200015,1,1,0,0,0,0,0,0,0,0,0,0
200016,1,1,11,11,11,11,11,11,11,11,11,11
200017,1,1,0,0,0,0,0,0,0,0,0,0
200017,2,1,0,0,0,0,0,0,0,0,0,0
200018,1,1,33,33,33,33,33,33,33,33,33,33
200019,1,1,0,0,0,0,0,0,0,0,0,0
200020,1,1,17,17,17,17,17,17,17,17,17,17
200021,1,1,0,0,0,0,0,0,0,0,0,0
200022,1,1,0,0,0,0,0,0,0,0,0,0
200023,1,1,0,0,0,0,0,0,0,0,0,0
200023,2,1,0,0,0,0,0,0,0,0,0,0
200024,0,1,23,23,23,23,23,23,23,23,23,23
200024,1,1,0,0,0,0,0,0,0,0,0,0
200025,1,1,28,28,28,28,28,28,28,28,28,28
200026,1,1,0,0,0,0,0,0,0,0,0,0
200027,1,1,0,0,0,0,0,0,0,0,0,0
200027,2,1,0,15,2,0,0,0,0,0,0,0
200028,1,1,27,27,27,27,27,27,27,27,27,27
200029,1,1,0,0,0,0,0,0,0,0,0,0
200030,1,1,3,3,3,3,3,3,3,3,3,3
200031,1,1,29,29,29,29,29,29,29,29,29,29
200032,1,1,0,0,0,0,0,0,0,0,0,0
200033,1,1,0,0,0,0,0,0,0,0,0,0
200033,2,1,0,0,0,0,0,0,0,0,0,0
200034,1,1,13,13,13,13,13,13,13,13,13,13
200035,1,1,12,12,12,12,12,12,12,12,12,12
200036,1,1,18,18,18,18,18,18,18,18,18,18
200038,1,1,21,21,21,21,21,21,21,21,21,21
200039,1,1,39,20,22,22,22,11,35,39,24,12
200040,1,1,9,9,9,9,9,9,9,9,9,9
200041,1,1,18,25,4,0,1,0,0,0,20,0
200042,1,1,12,0,0,15,0,0,0,0,0,24
200042,2,1,0,0,2,0,0,0,0,0,0,0
200043,1,1,0,0,0,0,0,0,0,0,0,0
200044,1,1,0,0,0,0,0,0,0,0,0,0
200045,1,1,16,16,16,16,16,16,16,16,16,16
200046,1,1,0,0,0,0,0,0,0,0,0,0
200047,1,1,0,0,0,0,0,0,0,0,0,0
200048,1,1,0,0,0,0,0,0,0,0,0,0
200049,0,1,36,16,17,15,23,23,24,3,14,29
200049,1,1,0,14,17,0,14,28,0,0,0,22
200050,1,1,0,0,0,0,0,0,0,0,0,0
200050,2,1,0,0,0,0,0,0,0,11,0,0
200051,1,1,14,14,14,14,14,14,14,14,14,14
200051,2,1,0,0,0,0,0,0,0,0,0,0
200052,1,1,0,0,0,0,0,0,0,0,0,0
200052,2,1,0,0,0,0,0,0,0,0,0,0
200053,1,1,18,18,18,18,18,18,18,18,18,18
200053,2,1,0,0,0,0,0,0,0,0,0,0
200054,1,1,0,0,0,0,0,0,0,0,0,0
200055,1,1,0,0,0,0,0,0,0,0,0,0
200055,2,1,0,0,0,0,0,0,0,0,0,0
200056,1,1,0,0,0,0,0,0,0,0,0,0
200057,1,1,0,0,0,0,0,0,0,0,0,0
200057,2,1,0,0,0,0,0,0,0,0,0,0
200058,1,1,0,0,0,0,0,0,0,0,0,0
200058,2,1,0,0,0,0,0,0,0,0,0,0
200059,1,1,0,0,0,0,0,0,0,0,0,0
200060,0,1,0,0,0,0,0,0,0,0,0,0
200060,1,1,0,0,0,0,0,0,0,0,0,0
200061,1,1,22,22,22,22,22,22,22,22,22,22
200062,1,1,0,0,0,0,0,0,0,0,0,0
200062,2,1,0,0,0,0,0,0,0,0,0,0
200062,3,1,0,0,10,28,14,11,0,15,0,21
200062,4,1,0,0,0,0,0,0,0,0,0,0
200062,5,1,0,0,0,0,0,0,0,0,0,0
200062,6,1,0,0,0,0,0,0,0,0,0,0
200063,1,1,0,0,16,0,0,0,0,0,0,0
200063,2,1,0,0,0,39,0,0,0,0,0,0
200063,3,1,0,0,0,0,0,0,0,0,0,0
200064,1,1,0,13,0,0,0,0,0,18,0,0
200066,1,1,0,0,0,0,0,0,0,0,0,0
200066,2,1,0,0,0,0,0,0,0,0,0,0
200066,3,1,0,0,0,0,0,0,0,0,0,0
200067,1,1,0,0,0,11,0,0,20,0,0,0
200068,1,1,24,24,24,24,24,24,24,24,24,24
200069,1,1,17,17,17,17,17,17,17,17,17,17
200070,1,1,0,0,0,0,0,0,0,0,0,4
200070,2,1,0,0,0,0,0,0,0,0,0,0
200071,1,1,0,0,0,0,0,0,0,0,0,0
200072,1,1,0,0,0,18,0,0,0,12,0,0
200073,1,1,0,0,0,0,0,0,0,0,0,0
200073,2,1,0,0,0,0,0,0,0,0,0,0
200074,1,1,0,0,0,0,0,0,0,0,0,0
200075,1,1,0,0,0,0,0,0,0,0,0,0
200076,1,1,16,0,0,0,0,0,6,0,0,23
200077,1,1,15,15,15,15,15,15,15,15,15,15
200078,1,1,0,0,0,0,0,0,0,0,0,0
200078,2,1,0,0,0,0,0,0,0,0,0,0
200079,1,1,0,0,0,0,0,0,0,0,0,0
200080,1,1,0,0,0,0,0,0,0,0,0,0
200081,1,1,0,0,0,0,0,0,0,0,0,0
200081,2,1,0,0,0,0,0,0,0,0,0,0
200082,1,1,0,0,0,0,8,0,0,0,0,0
200083,1,1,0,0,0,0,0,0,0,0,0,0
200083,2,1,0,4,0,0,0,0,0,0,0,0
200084,1,1,0,0,0,0,0,0,0,0,0,0
200084,2,1,0,0,0,0,0,0,0,0,0,0
200085,1,1,0,0,0,0,0,0,0,0,0,0
200085,2,1,0,0,0,0,0,0,0,0,0,0
200086,1,1,0,0,0,0,0,0,0,0,0,0
200086,2,1,0,0,0,0,0,0,0,0,0,0
200086,3,1,0,0,0,0,0,0,0,0,0,0
200086,4,1,0,0,0,0,0,0,0,11,0,0
200087,1,1,0,0,0,0,0,0,0,0,0,0
200087,2,1,0,0,0,0,0,0,0,0,0,0
200088,1,1,0,0,0,0,0,0,0,0,12,0
200088,2,1,16,16,16,16,16,16,16,16,16,16
200089,1,1,10,11,8,0,0,0,9,6,14,0
200090,1,1,0,0,0,0,0,0,0,0,0,0
200090,2,1,12,12,12,12,12,12,12,12,12,12
200091,1,1,0,0,0,0,0,0,0,0,0,0
200092,1,1,0,0,0,0,0,0,0,0,0,0
200093,1,1,8,8,8,8,8,8,8,8,8,8
200094,1,1,0,0,0,0,0,0,0,0,0,0
200095,1,1,0,8,18,0,0,0,0,0,14,0
200096,1,1,0,0,0,0,0,0,0,0,0,0
200096,2,1,0,0,0,0,0,0,0,0,0,0
200096,3,1,0,0,19,0,0,0,0,0,0,0
200097,1,1,13,13,13,13,13,13,13,13,13,13
200098,1,1,0,0,0,0,0,0,0,0,0,0
200098,2,1,0,0,0,0,0,0,0,0,0,0
200099,1,1,0,24,0,23,26,0,0,14,29,0
200100,1,1,0,0,0,0,0,0,0,0,0,0
200100,2,1,0,0,0,0,0,0,0,0,0,0
200101,1,1,20,20,20,20,20,20,20,20,20,20
200101,2,1,0,0,0,0,0,0,0,0,0,0
200102,1,1,0,0,0,0,0,0,0,0,0,0
200103,1,1,7,7,7,7,7,7,7,7,7,7
200103,2,1,0,0,0,0,0,0,0,0,0,0
200104,1,1,0,0,0,0,0,0,0,0,0,0
200105,1,1,0,0,0,0,0,0,0,0,0,0
200105,2,1,0,0,0,0,0,0,0,0,0,0
200106,1,1,0,0,0,0,0,0,0,0,0,0
200106,2,1,0,0,0,0,0,0,0,0,0,0
200106,3,1,0,0,0,0,0,0,0,0,0,0
200107,1,1,1,1,1,1,1,1,1,1,1,1
200108,1,1,0,0,0,0,0,0,0,0,0,0
200109,1,1,24,24,24,24,24,24,24,24,24,24
200110,1,1,0,0,0,0,0,0,0,0,0,0
200110,2,1,0,0,0,0,0,0,0,0,0,0
200111,1,1,0,0,0,0,0,0,0,0,0,0
200112,1,1,0,0,0,0,0,0,0,0,0,0
200113,1,1,0,0,0,0,0,0,0,0,0,0
200113,2,1,0,0,0,0,0,0,0,0,0,0
200114,0,1,0,0,0,0,0,0,0,0,0,0
200114,1,1,0,0,0,0,0,0,0,0,0,0
200115,1,1,0,0,0,0,0,0,0,0,0,0
200115,2,1,0,0,0,0,0,0,0,0,0,0
200116,0,1,0,0,0,0,0,0,0,0,0,0
200116,1,1,0,0,0,0,0,0,0,0,0,0
200117,1,1,0,0,0,0,0,0,0,0,0,0
200118,1,1,0,0,0,0,0,0,0,0,0,0
200119,1,1,0,0,0,0,0,0,0,0,0,0
200120,1,1,0,0,0,0,0,0,0,16,0,0
200121,1,1,0,0,0,0,0,0,0,0,0,0
200121,2,1,0,0,0,0,0,0,13,0,0,0
200122,1,1,0,0,0,0,20,16,0,0,0,0
200123,1,1,0,0,0,0,0,0,0,0,0,0
200124,1,1,11,11,11,11,11,11,11,11,11,11
200125,1,1,10,20,20,16,12,32,16,21,0,0
200126,1,1,0,6,0,0,14,0,14,0,9,0
200127,1,1,0,0,0,0,0,0,0,0,0,0
200127,2,1,0,0,0,0,0,0,23,0,0,0
200128,1,1,0,0,0,0,0,0,0,0,0,0
200129,1,1,0,0,0,0,0,0,0,0,0,0
200129,2,1,0,0,0,0,0,0,0,0,0,0
200130,1,1,13,13,13,13,13,13,13,13,13,13
200131,1,1,0,0,0,0,0,0,0,0,0,0
200131,2,1,0,0,0,0,0,0,0,0,0,0
200132,1,1,0,0,0,0,0,0,0,0,0,0
200132,2,1,0,0,0,0,0,0,0,0,0,0
200133,0,1,0,0,0,0,0,0,0,0,0,0
200133,1,1,0,0,0,0,0,0,0,0,0,0
200134,1,1,0,0,0,0,0,0,0,0,0,0
200134,2,1,0,0,0,0,0,0,0,0,0,0
200134,3,1,0,0,8,0,0,0,0,0,0,0
200135,1,1,0,0,0,0,0,0,0,0,0,0
200136,1,1,0,0,0,0,0,0,0,0,0,0
200136,2,1,5,4,13,0,0,0,0,18,9,13
200138,1,1,1,1,1,1,1,1,1,1,1,1
200139,1,1,0,0,0,0,0,0,0,0,0,0
200139,2,1,0,0,0,0,0,0,0,0,0,0
200140,1,1,0,0,0,0,0,27,0,0,0,0
200140,2,1,0,0,0,0,0,0,0,0,0,0
200141,1,1,0,0,0,0,0,0,0,0,0,0
200141,2,1,0,0,0,0,0,0,0,0,0,0