ST_CASE,VEH_NO,PER_NO,P1,P2,P3,P4,P5,P6,P7,P8,P9,P10
200142,1,1,22,22,22,22,22,22,22,22,22,22
200143,1,1,0,0,0,0,0,0,0,0,0,0
200143,2,1,0,0,0,0,0,0,0,0,0,0
200144,1,1,0,0,0,0,0,0,0,0,0,0
200144,2,1,0,0,0,0,0,0,0,0,0,0
200145,1,1,0,0,0,0,0,0,0,0,0,0
200145,2,1,0,0,0,0,0,0,0,0,0,0
200146,1,1,0,10,0,0,6,0,0,0,0,0
200147,0,1,24,24,24,24,24,24,24,24,24,24
200147,0,2,0,0,0,0,0,0,0,0,0,0
200147,0,3,0,0,0,0,0,0,0,17,26,0
200147,0,4,0,27,25,0,11,30,0,22,32,28
200147,1,1,0,0,0,0,0,0,0,0,0,0
200148,1,1,3,0,0,21,0,0,0,32,0,8
200149,1,1,16,16,16,16,16,16,16,16,16,16
200150,1,1,25,25,25,25,25,25,25,25,25,25
200151,0,1,0,0,0,0,0,0,0,0,0,0
200151,1,1,0,0,0,0,0,0,0,0,0,0
200152,1,1,0,0,0,0,0,0,0,18,14,0
200153,1,1,0,0,0,0,0,0,0,0,0,0
200154,0,1,0,0,0,0,0,0,0,0,0,0
200154,1,1,0,0,0,0,0,0,0,0,0,0
200155,1,1,0,0,0,0,0,0,0,0,0,0
200156,1,1,0,0,0,0,0,0,0,0,0,0
200156,2,1,0,0,0,0,0,0,0,0,0,0
200157,1,1,8,8,8,8,8,8,8,8,8,8
200157,2,1,19,19,19,19,19,19,19,19,19,19
200158,1,1,19,19,19,19,19,19,19,19,19,19
200159,1,1,0,0,0,0,0,0,0,0,0,0
200159,2,1,0,0,0,0,0,0,0,0,0,0
200160,1,1,0,0,0,0,0,0,0,0,0,0
200161,1,1,0,0,0,0,0,0,0,0,0,0
200162,1,1,0,0,0,0,0,0,0,0,0,0
200162,2,1,0,0,0,0,9,0,0,0,0,0
200163,1,1,0,0,0,0,0,0,0,0,0,0
200163,2,1,0,0,0,0,0,0,0,0,0,0
200164,0,1,0,0,0,0,0,0,0,0,0,0
200164,1,1,0,0,0,0,0,0,0,0,0,0
200165,1,1,9,9,9,9,9,9,9,9,9,9
200166,1,1,0,0,0,0,0,0,0,0,0,0
200166,2,1,0,0,0,0,0,0,0,0,0,0
200167,1,1,22,22,22,22,22,22,22,22,22,22
200167,2,1,0,0,0,0,0,0,0,0,0,0
200168,0,1,0,0,0,0,0,0,0,0,0,0
200168,1,1,0,0,0,0,0,0,0,0,0,0
200169,1,1,0,0,0,0,0,0,0,0,0,0
200170,1,1,17,17,17,17,17,17,17,17,17,17
200171,1,1,6,6,6,6,6,6,6,6,6,6
200172,1,1,1,1,1,1,1,1,1,1,1,1
200172,2,1,1,1,1,1,1,1,1,1,1,1
200173,1,1,0,0,0,0,0,0,0,0,0,0
200173,2,1,0,0,0,0,0,0,0,0,0,0
200174,1,1,22,22,22,22,22,22,22,22,22,22
200175,1,1,35,35,35,35,35,35,35,35,35,35
200176,1,1,0,0,0,0,0,0,0,0,0,0
200176,2,1,0,0,0,0,0,0,0,0,0,0
200177,1,1,1,1,1,1,1,1,1,1,1,1
200177,2,1,0,0,0,0,0,0,0,0,0,0
200178,1,1,15,15,15,15,15,15,15,15,15,15
200179,1,1,0,0,0,0,0,0,0,0,0,0
200179,2,1,0,0,0,0,0,0,0,0,0,0
200180,1,1,34,34,34,34,34,34,34,34,34,34
200181,1,1,0,0,0,0,0,0,0,0,0,0
200182,1,1,0,0,0,0,0,0,0,0,0,0
200182,2,1,0,0,0,0,0,0,0,0,0,0
200183,1,1,10,0,12,0,19,0,24,13,0,4
200184,1,1,12,12,12,12,12,12,12,12,12,12
200184,2,1,14,14,14,14,14,14,14,14,14,14
200185,1,1,0,0,0,0,0,0,0,0,0,0
200186,1,1,2,2,2,2,2,2,2,2,2,2
200187,1,1,0,0,0,0,0,0,0,0,0,0
200187,2,1,0,0,0,0,0,0,0,0,0,0
200188,1,1,23,23,23,23,23,23,23,23,23,23
200188,2,1,0,0,0,0,0,0,0,0,0,0
200189,1,1,0,0,0,0,0,0,0,0,0,0
200189,2,1,0,0,0,0,0,0,0,0,0,0
200190,1,1,0,0,0,0,0,0,0,0,0,0
200190,2,1,0,0,0,0,0,6,0,0,0,0
200191,1,1,0,0,0,0,0,0,0,0,0,0
200192,1,1,0,0,0,0,0,0,0,0,9,0
200192,2,1,0,0,0,0,0,0,0,0,0,0
200193,1,1,0,0,0,0,0,0,0,0,0,0
200194,1,1,18,0,0,0,0,0,0,0,0,0
200194,2,1,0,0,0,0,0,0,0,0,0,0
200195,1,1,20,20,20,20,20,20,20,20,20,20
200196,1,1,0,0,0,0,0,0,0,0,0,0
200196,2,1,0,0,0,0,0,0,0,0,0,0
200197,1,1,26,26,26,26,26,26,26,26,26,26
200198,1,1,0,0,0,0,0,0,0,0,0,0
200199,1,1,16,16,16,16,16,16,16,16,16,16
200200,1,1,19,19,19,19,19,19,19,19,19,19
200201,1,1,0,0,0,0,0,0,0,0,0,0
200201,2,1,0,0,0,0,0,0,0,0,0,0
200202,1,1,17,0,0,23,19,17,0,0,24,0
200203,1,1,16,16,16,16,16,16,16,16,16,16
200204,0,1,0,0,0,0,0,0,0,0,0,0
200204,1,1,0,0,0,0,0,0,0,0,0,0
200205,0,1,59,28,21,0,0,39,17,35,37,0
200205,1,1,0,0,0,0,0,0,0,0,0,0
200206,0,1,0,0,0,0,0,0,0,0,0,6
200206,1,1,0,0,0,0,0,0,0,0,0,0
200207,1,1,0,0,0,0,0,0,0,0,0,0
200207,2,1,0,0,0,0,0,0,0,0,0,0
200208,1,1,0,0,0,0,0,0,0,0,0,0
200208,2,1,0,0,0,0,0,0,0,0,0,0
200208,3,1,0,0,0,0,0,0,0,0,0,0
200209,1,1,0,0,0,0,0,0,0,0,0,0
200210,1,1,20,20,20,20,20,20,20,20,20,20
200211,1,1,14,14,14,14,14,14,14,14,14,14
200212,1,1,8,8,8,8,8,8,8,8,8,8
200213,1,1,0,0,0,0,0,0,0,0,0,0
200213,2,1,0,0,0,0,0,0,0,0,0,0
200214,1,1,0,0,0,0,11,16,13,11,13,29
200215,1,1,0,0,0,0,0,0,0,0,0,0
200216,1,1,0,0,0,0,0,0,0,0,0,0
200217,1,1,0,0,0,0,0,0,0,0,0,0
200217,2,1,0,0,0,0,0,0,0,0,0,0
200218,1,1,25,25,25,25,25,25,25,25,25,25
200219,1,1,0,0,0,0,0,0,0,0,0,0
200220,1,1,0,0,12,0,0,0,0,0,0,0
200220,2,1,0,0,0,0,0,0,0,0,0,0
200221,1,1,0,0,0,0,0,0,0,0,0,0
200221,2,1,0,0,0,0,0,0,0,0,0,0
200222,0,1,0,0,0,0,0,0,0,0,0,0
200222,1,1,0,0,0,0,0,0,0,0,0,0
200223,1,1,0,0,0,0,0,0,0,0,0,0
200223,2,1,0,0,0,0,0,0,0,0,0,0
200224,1,1,0,0,0,0,0,0,0,0,0,0
200224,2,1,0,0,0,0,0,0,0,0,0,0
200225,1,1,16,16,16,16,16,16,16,16,16,16
200225,2,1,0,0,0,0,0,0,0,0,0,0
200226,1,1,0,0,0,0,0,0,0,0,0,0
200226,2,1,0,0,0,0,0,0,0,0,0,0
200227,1,1,0,0,0,0,0,0,0,0,0,0
200228,1,1,0,0,0,0,0,33,0,0,0,10
200228,2,1,0,0,0,0,0,0,0,0,0,0
200229,1,1,19,19,19,19,19,19,19,19,19,19
200229,2,1,0,0,0,0,0,0,0,0,0,0
200230,1,1,14,0,0,0,0,0,0,0,13,0
200230,2,1,0,0,0,0,0,0,0,0,0,0
200231,1,1,17,17,17,17,17,17,17,17,17,17
200232,1,1,0,0,0,0,0,0,0,0,0,0
200232,2,1,0,0,0,11,0,0,0,0,0,0
200233,1,1,9,9,9,9,9,9,9,9,9,9
200233,2,1,5,5,5,5,5,5,5,5,5,5
200234,1,1,0,0,0,0,0,0,0,0,0,0
200234,2,1,10,9,9,0,6,15,12,7,7,8
200235,1,1,0,0,0,0,0,0,0,0,0,0
200235,2,1,0,0,0,0,0,0,0,0,0,0
200236,1,1,0,0,0,0,0,0,0,0,0,0
200236,2,1,24,24,24,24,24,24,24,24,24,24
200237,1,1,0,0,0,0,0,0,0,0,0,0
200237,2,1,0,0,0,0,0,0,0,0,0,0
200238,0,1,0,0,0,0,0,0,0,0,0,0
200238,1,1,0,0,0,0,0,0,0,0,0,0
200239,1,1,20,0,12,0,20,22,0,2,16,0
200240,1,1,0,0,0,0,0,0,0,0,0,0
200240,2,1,0,0,0,0,0,0,0,0,0,0
200241,1,1,0,0,0,0,0,0,0,0,0,0
200241,2,1,0,0,0,0,0,0,0,0,0,0
200241,3,1,0,0,0,0,0,0,0,0,0,0
200241,4,1,0,0,0,0,0,0,0,0,0,0
200242,1,1,0,0,0,0,0,0,0,0,0,0
200242,2,1,0,0,0,0,0,0,0,0,0,0
200243,1,1,0,0,0,0,19,0,0,0,0,0
200243,2,1,0,0,0,0,0,0,0,0,0,0
200244,0,1,0,0,0,0,0,0,0,0,0,0
200244,1,1,0,0,0,0,0,0,0,0,0,0
200245,1,1,10,0,0,25,39,29,20,0,20,0
200246,1,1,0,0,0,0,0,0,0,0,0,0
200247,1,1,0,0,0,0,0,0,0,0,0,18
200248,1,1,7,7,7,7,7,7,7,7,7,7
200249,1,1,0,0,0,0,0,0,0,0,0,0
200250,1,1,0,0,0,0,0,0,0,0,0,0
200250,2,1,0,0,0,0,0,0,0,0,0,0
200251,1,1,0,0,0,0,0,0,0,0,0,0
200252,1,1,0,0,0,0,0,0,0,0,0,0
200252,2,1,0,0,0,0,0,0,0,0,0,0
200253,1,1,5,5,5,5,5,5,5,5,5,5
200253,2,1,0,0,0,0,0,0,0,0,0,0
200253,3,1,0,0,0,0,0,0,0,0,0,0
200253,4,1,0,0,0,0,0,0,0,0,0,0
200253,5,1,0,0,0,0,0,0,0,0,0,0
200254,1,1,23,23,23,23,23,23,23,23,23,23
200255,1,1,0,0,0,0,0,0,0,0,0,0
200255,2,1,0,0,0,0,0,0,0,0,0,0
200256,1,1,0,0,33,13,0,11,17,0,11,0
200257,1,1,0,0,0,0,0,0,0,0,0,0
200257,2,1,0,0,0,0,0,0,0,0,0,0
200258,1,1,0,0,0,0,0,0,0,0,0,0
200258,2,1,0,0,0,0,0,0,0,0,0,0
200259,1,1,0,0,0,0,0,0,0,0,0,0
200261,1,1,18,18,18,18,18,18,18,18,18,18
200262,2,1,0,0,0,0,0,0,0,0,0,0
200263,1,1,17,17,17,17,17,17,17,17,17,17
200263,2,1,0,0,0,0,0,0,0,0,0,0
200264,0,1,0,0,0,0,0,0,0,0,0,0
200264,1,1,0,0,0,0,0,0,0,0,0,0
200264,2,1,0,0,0,0,0,0,0,0,0,0
200265,1,1,0,0,0,0,0,0,0,0,0,0
200266,0,1,0,0,0,0,0,0,0,0,0,0
200266,1,1,0,0,0,0,0,0,0,0,0,0
200267,1,1,5,5,5,5,5,5,5,5,5,5
200268,1,1,21,21,21,21,21,21,21,21,21,21
200269,0,1,0,0,0,0,0,0,0,0,0,0
200269,1,1,0,0,0,0,0,0,0,0,0,0
200270,1,1,30,30,30,30,30,30,30,30,30,30
200270,2,1,10,10,10,10,10,10,10,10,10,10
200271,1,1,0,0,0,0,0,0,0,0,0,0
200271,2,1,9,12,3,13,7,17,14,5,0,7
200272,0,1,26,26,26,26,26,26,26,26,26,26
200273,1,1,2,2,2,2,2,2,2,2,2,2
200273,2,1,0,0,0,0,0,0,0,0,0,0
200274,1,1,0,0,0,0,0,0,0,0,15,0
200275,0,1,21,21,21,21,21,21,21,21,21,21
200275,1,1,0,17,9,0,0,15,19,25,15,15
200276,1,1,0,0,0,0,0,0,0,0,0,0
200277,1,1,0,14,0,0,0,0,0,0,0,0
200278,1,1,0,0,0,0,0,0,0,0,0,0
200279,1,1,0,0,0,0,0,0,0,0,0,0
200280,1,1,19,19,19,19,19,19,19,19,19,19
200281,1,1,0,0,0,0,0,0,0,0,0,0
200281,2,1,0,0,0,0,0,0,0,0,0,0
200281,3,1,0,0,0,0,0,0,24,0,0,0
200282,1,1,10,10,10,10,10,10,10,10,10,10
200283,0,1,0,0,0,0,0,0,0,0,0,0
200283,1,1,8,0,0,0,0,0,0,0,0,0
200284,0,1,0,0,0,0,0,0,0,0,0,0
200284,1,1,6,17,0,0,0,9,24,0,0,14
200285,1,1,0,0,0,0,0,0,0,0,0,0
200285,2,1,0,0,0,0,0,0,0,0,0,0
200286,1,1,0,0,0,0,0,0,0,0,0,0
200287,1,1,0,0,0,0,0,0,0,0,0,0
200287,2,1,0,0,0,0,0,0,0,0,0,0
200288,1,1,0,0,0,0,0,0,0,0,0,0
200289,1,1,0,0,0,0,0,0,0,0,0,0
200289,2,1,0,0,0,0,0,0,0,0,0,0
200290,1,1,24,24,24,24,24,24,24,24,24,24
200291,0,1,0,0,0,0,0,0,0,0,0,0
200291,1,1,0,0,0,0,0,0,0,0,0,0
200292,1,1,0,0,0,6,0,0,0,0,0,0
200292,2,1,0,0,0,0,0,0,0,0,0,0
200293,1,1,18,18,18,18,18,18,18,18,18,18
200294,0,1,9,9,9,9,9,9,9,9,9,9
200294,1,1,0,0,0,0,0,0,0,0,0,0
200295,1,1,7,7,7,7,7,7,7,7,7,7
200296,1,1,28,28,28,28,28,28,28,28,28,28
200297,1,1,0,0,0,0,0,0,0,0,0,0
200297,2,1,0,0,0,0,0,0,0,0,0,0
200298,1,1,19,19,19,19,19,19,19,19,19,19
200299,1,1,0,0,0,0,0,0,0,0,0,0
200300,1,1,8,8,8,8,8,8,8,8,8,8
200301,0,1,0,0,0,0,0,0,0,0,0,0
200301,1,1,0,0,0,0,0,0,0,0,0,6
200302,1,1,15,15,15,15,15,15,15,15,15,15
200303,1,1,0,0,0,0,0,0,0,0,0,0
200303,2,1,0,0,0,0,0,0,0,0,0,0
200304,1,1,0,0,0,0,0,0,0,0,0,0
200305,0,1,13,13,13,13,13,13,13,13,13,13
200305,1,1,0,16,15,0,0,0,0,34,0,19
200306,1,1,0,0,0,0,0,0,0,0,0,0
200308,1,1,0,0,0,0,0,0,0,0,0,0
200309,1,1,0,0,0,35,0,0,0,0,0,0
200310,1,1,16,16,16,16,16,16,16,16,16,16
200311,1,1,0,0,0,0,0,0,0,0,0,0
200311,2,1,0,0,0,0,0,0,0,0,0,0
200312,1,1,0,0,0,0,0,0,0,0,0,0
200313,1,1,21,21,21,21,21,21,21,21,21,21
200313,2,1,0,0,0,0,0,0,0,0,0,0
200314,1,1,10,10,10,10,10,10,10,10,10,10
200314,2,1,0,0,0,0,0,0,0,0,0,0
200315,1,1,22,22,22,22,22,22,22,22,22,22
200316,1,1,5,5,19,16,36,19,16,11,14,16
200317,1,1,0,0,0,4,0,10,0,0,7,8
200317,2,1,0,0,0,0,0,0,0,0,0,0
200317,3,1,0,0,0,0,5,0,0,0,0,0
200318,1,1,0,21,0,0,19,0,0,0,0,0
200319,1,1,0,0,0,0,0,0,0,0,0,0
200319,2,1,0,0,0,0,0,0,0,0,0,0
200320,1,1,0,0,0,0,0,0,0,0,0,0
200320,2,1,0,0,0,0,0,0,0,0,0,0
200321,1,1,0,0,0,0,0,0,0,0,0,0
200322,0,1,0,0,0,0,0,0,0,0,20,0
200322,1,1,0,0,0,0,0,0,0,0,0,0
200323,1,1,21,11,12,15,21,32,15,42,16,20
200324,1,1,17,0,0,23,24,19,7,0,12,0
200325,1,1,0,0,0,0,0,0,0,0,0,0
200325,2,1,0,0,0,0,0,0,0,0,0,0
200326,0,1,0,0,0,0,0,0,0,0,0,0
200326,1,1,0,0,0,0,0,0,0,0,0,0
200327,1,1,0,0,0,0,0,0,0,0,0,0
200328,1,1,21,21,21,21,21,21,21,21,21,21
200328,2,1,0,0,0,0,0,0,0,0,0,0
200329,1,1,16,16,16,16,16,16,16,16,16,16
200330,1,1,0,0,0,0,0,0,0,0,0,0
200331,1,1,8,0,0,0,7,0,0,0,0,0
200332,1,1,0,8,0,21,0,22,0,0,0,19
210001,1,1,0,0,0,0,0,0,0,0,0,0
210001,2,1,0,0,0,0,0,0,0,0,0,0
210002,1,1,0,0,0,0,0,0,0,0,0,0
210002,2,1,0,0,0,0,0,0,0,0,0,0
210003,1,1,18,18,18,18,18,18,18,18,18,18
210004,1,1,15,15,15,15,15,15,15,15,15,15
210005,1,1,12,12,12,12,12,12,12,12,12,12
210006,0,1,0,0,0,0,21,19,0,11,0,25
210006,1,1,0,0,0,0,0,6,0,17,0,0
210007,1,1,0,0,0,0,0,0,0,0,0,0
210008,1,1,9,0,0,7,0,0,0,0,0,0
210009,1,1,0,0,0,0,0,0,0,0,0,0
210009,2,1,0,10,0,0,0,0,0,3,0,0
210009,3,1,0,0,0,0,0,0,0,0,0,0
210010,1,1,0,0,0,0,0,0,19,0,0,0
210010,2,1,4,9,0,35,11,16,8,0,0,0
210010,3,1,0,0,0,0,0,0,0,0,0,0
210011,1,1,0,0,0,0,0,0,0,0,0,0
210012,1,1,21,21,21,21,21,21,21,21,21,21
210012,2,1,0,0,0,0,0,0,0,0,0,0
210013,1,1,18,18,18,18,18,18,18,18,18,18
210014,0,1,0,0,0,0,0,0,0,0,0,0
210014,1,1,0,0,0,0,0,0,0,0,0,0
210015,1,1,0,0,0,0,0,0,0,0,0,0
210016,0,1,0,0,0,0,0,0,0,0,0,0
210016,1,1,0,0,0,0,0,0,0,19,0,0
210017,1,1,0,0,0,0,0,0,0,0,0,0
210018,1,1,0,0,0,0,0,0,0,0,0,0
210018,2,1,0,0,0,0,0,0,0,0,0,0
210019,1,1,0,0,0,0,0,0,0,0,0,0
210019,2,1,0,0,0,0,0,0,0,0,0,0
210020,1,1,22,22,22,22,22,22,22,22,22,22
210021,1,1,16,16,16,16,16,16,16,16,16,16
210021,2,1,14,14,14,14,14,14,14,14,14,14
210022,1,1,22,22,22,22,22,22,22,22,22,22
210023,1,1,0,0,0,0,0,0,0,0,0,0
210023,2,1,0,0,0,0,0,0,0,0,0,0
210023,3,1,0,0,0,0,0,0,0,0,0,0
210023,4,1,0,0,0,0,0,0,0,0,0,0
210024,1,1,0,0,0,0,0,0,0,0,0,0
210024,2,1,0,0,0,0,0,0,0,0,0,0
210025,1,1,0,0,0,0,0,0,0,0,0,0
210026,1,1,7,7,7,7,7,7,7,7,7,7
210027,1,1,0,0,0,0,0,0,0,0,0,0
210028,1,1,0,0,0,0,0,0,0,0,0,0
210028,2,1,0,0,0,0,0,0,0,0,0,0
210029,1,1,0,0,0,0,0,0,0,0,0,0
210030,1,1,0,0,0,0,0,0,0,0,0,0
210030,2,1,0,0,0,0,0,0,0,0,0,0
210031,1,1,0,0,0,0,0,0,0,0,0,0
210032,1,1,0,0,0,0,0,0,0,0,0,0
210032,2,1,0,0,0,0,0,0,0,0,0,0
210033,1,1,0,0,0,0,0,0,0,0,0,0
210034,1,1,30,0,0,0,0,0,0,0,0,3
210035,0,1,0,0,0,0,0,0,0,0,0,0
210035,1,1,0,0,0,0,0,0,0,0,0,0
210036,1,1,22,22,22,22,22,22,22,22,22,22
210037,0,1,17,17,17,17,17,17,17,17,17,17
210037,1,1,3,3,3,3,3,3,3,3,3,3
210038,1,1,0,0,0,0,0,0,0,0,0,0
210039,1,1,0,0,0,0,0,0,0,0,0,0
210040,1,1,0,0,0,0,0,0,0,0,0,0
210040,2,1,0,0,0,0,0,0,0,0,0,0
210041,1,1,0,0,0,0,0,0,0,0,0,0
210041,2,1,0,0,0,0,0,0,0,0,0,0
210042,1,1,0,0,0,0,0,0,0,0,0,0
210043,1,1,0,0,0,0,24,0,0,0,0,0
210044,1,1,24,10,31,8,7,15,8,3,19,8
210045,1,1,23,23,23,23,23,23,23,23,23,23
210046,1,1,0,0,0,0,0,0,0,0,0,0
210047,1,1,14,14,14,14,14,14,14,14,14,14
210048,0,1,14,14,14,14,14,14,14,14,14,14
210048,1,1,0,0,0,0,0,0,0,0,0,0
210049,1,1,0,0,0,0,0,0,0,0,0,0
210049,2,1,0,0,0,0,0,0,0,0,0,0
210049,3,1,0,0,0,0,0,0,0,0,0,0
210049,4,1,0,0,0,0,0,0,0,0,0,5
210050,1,1,0,0,0,0,0,0,0,0,0,0
210050,2,1,0,0,0,0,0,0,0,0,0,0
210051,1,1,0,0,0,0,0,0,0,0,0,0
210052,1,1,20,20,20,20,20,20,20,20,20,20
210053,1,1,25,25,25,25,25,25,25,25,25,25
210054,1,1,0,0,0,0,0,0,0,0,0,0
210054,2,1,0,0,0,0,0,10,0,0,0,0
210055,1,1,0,0,0,0,0,0,0,0,0,0
210055,2,1,6,6,6,6,6,6,6,6,6,6
210056,1,1,0,0,0,0,0,0,0,0,0,0
210056,2,1,0,0,0,0,0,0,0,0,0,0
210057,1,1,0,0,0,0,0,0,0,0,0,0
210058,1,1,0,0,0,0,0,0,0,0,0,0
210058,2,1,0,0,0,0,0,0,0,0,0,0
210059,1,1,66,66,66,66,66,66,66,66,66,66
210060,1,1,15,15,15,15,15,15,15,15,15,15
210061,0,1,34,34,34,34,34,34,34,34,34,34
210061,1,1,0,0,16,0,0,0,0,0,0,0
210062,1,1,0,0,0,0,0,0,0,0,0,0
210063,1,1,0,0,0,0,0,0,0,0,0,0
210064,1,1,15,15,15,15,15,15,15,15,15,15
210065,1,1,17,17,17,17,17,17,17,17,17,17
210066,1,1,30,30,30,30,30,30,30,30,30,30
210067,1,1,16,16,16,16,16,16,16,16,16,16
210068,1,1,9,9,9,9,9,9,9,9,9,9
210069,1,1,0,0,0,0,0,0,0,0,0,0
210069,2,1,0,0,0,0,0,0,0,0,0,0
210070,0,1,0,0,0,0,0,0,0,0,0,0
210070,1,1,14,14,14,14,14,14,14,14,14,14
210071,1,1,10,10,10,10,10,10,10,10,10,10
210072,1,1,26,0,0,0,0,0,0,0,0,0
210073,1,1,16,16,16,16,16,16,16,16,16,16
210073,2,1,0,0,0,0,0,0,0,0,0,0
210074,1,1,3,3,3,3,3,3,3,3,3,3
210074,2,1,0,0,0,0,0,0,0,0,0,0
210075,1,1,0,0,0,0,0,0,0,0,0,0
210075,2,1,0,0,0,0,0,0,0,0,0,0
210075,3,1,0,0,0,0,0,0,0,0,0,0
210076,1,1,0,0,0,0,0,0,0,0,0,0
210077,1,1,0,0,0,0,0,0,0,0,0,0
210077,2,1,0,0,0,0,0,0,0,0,0,0
210078,1,1,0,0,0,0,0,0,0,0,0,0
210078,2,1,0,0,0,0,0,0,0,0,0,0
210079,1,1,0,0,0,0,0,0,0,0,0,0
210079,2,1,0,0,0,0,0,0,0,0,0,0
210080,1,1,0,0,0,0,0,0,0,0,0,0
210080,2,1,0,0,0,0,0,0,0,0,0,0
210081,1,1,0,0,0,0,0,0,0,0,0,0
210081,2,1,0,0,0,0,0,0,0,0,0,0
210081,3,1,0,0,0,0,0,0,0,0,0,0
210082,1,1,14,14,14,14,14,14,14,14,14,14
210083,1,1,35,35,35,35,35,35,35,35,35,35
210084,1,1,0,0,0,0,0,0,0,0,0,0
210084,2,1,0,0,0,0,0,0,0,3,0,0
210085,1,1,0,0,0,0,0,0,0,0,0,0
210086,1,1,1,0,0,0,0,0,0,0,0,0
210087,1,1,0,0,0,0,0,0,0,0,0,0
210088,1,1,0,0,0,0,0,0,0,0,0,0
210089,0,1,21,21,21,21,21,21,21,21,21,21
210089,1,1,12,32,11,0,0,0,0,0,0,0
210090,1,1,0,0,0,0,0,0,0,0,0,0
210090,2,1,0,0,0,0,0,0,0,0,0,0
210091,1,1,0,0,0,0,0,0,0,0,0,0
210092,1,1,0,0,0,0,0,0,0,0,0,0
210093,1,1,0,0,0,0,0,0,0,0,0,0
210093,2,1,0,0,0,0,0,0,0,0,0,0
210094,1,1,0,0,0,0,0,0,0,0,0,0
210095,0,1,0,0,0,0,0,0,0,0,0,0
210095,1,1,0,0,0,0,0,0,0,0,0,0
210096,1,1,0,0,0,0,0,0,0,0,0,0
210096,2,1,0,0,0,0,0,0,0,0,0,0
210097,1,1,0,0,0,0,0,0,0,0,0,0
210098,1,1,0,0,0,0,0,0,0,0,0,0
210098,2,1,0,0,0,0,0,0,0,0,0,0
210099,1,1,0,0,0,0,0,0,0,0,0,0
210100,1,1,0,0,0,0,0,0,0,0,0,0
210100,2,1,0,0,0,0,0,0,0,0,0,0
210100,3,1,0,0,0,0,0,0,0,0,0,0
210101,1,1,0,0,0,0,0,0,0,0,0,0
210101,2,1,0,0,0,0,0,0,0,0,0,0
210102,1,1,0,0,0,0,0,0,0,0,0,0
210102,2,1,0,0,0,0,0,0,0,0,0,0
210102,3,1,0,0,0,0,0,0,0,0,0,0
210103,1,1,0,0,0,0,0,0,0,0,0,0
210104,1,1,20,20,20,20,20,20,20,20,20,20
210105,1,1,0,0,0,0,0,0,0,0,0,0
210106,1,1,0,0,0,0,0,0,0,0,0,0
210106,2,1,0,0,0,0,0,0,0,0,0,0
210107,1,1,0,0,0,0,0,0,0,0,0,0
210107,2,1,0,0,0,0,0,0,0,0,0,0
210108,1,1,0,0,0,0,0,0,0,0,0,0
210109,1,1,0,0,0,0,0,0,0,0,0,0
210109,2,1,0,0,0,0,0,0,0,0,0,0
210110,1,1,0,0,0,0,0,0,0,0,0,0
210110,2,1,0,0,0,0,0,0,0,0,0,0
210111,1,1,15,15,15,15,15,15,15,15,15,15
210112,1,1,0,0,0,0,0,0,0,0,0,0
210112,2,1,0,0,0,0,0,0,0,0,0,0
210113,1,1,0,0,0,0,0,0,0,0,0,0
210114,0,1,0,0,17,0,0,0,0,0,0,0
210114,1,1,0,20,0,0,0,0,0,0,0,0
210115,1,1,0,0,0,0,0,0,0,0,0,0
210116,1,1,6,6,6,6,6,6,6,6,6,6
210117,0,1,24,24,24,24,24,24,24,24,24,24
210117,1,1,0,0,0,0,0,0,0,0,0,0
210118,1,1,0,0,0,0,0,0,0,0,0,0
210118,2,1,0,0,0,0,0,0,0,0,0,0
210119,1,1,0,0,0,0,0,0,0,0,0,0
210120,1,1,0,0,0,0,0,0,0,0,0,0
210120,2,1,3,3,3,3,3,3,3,3,3,3
210121,1,1,0,0,0,0,0,0,0,0,0,0
210121,2,1,0,0,0,0,0,0,0,0,0,0
210122,1,1,0,0,0,0,0,0,0,0,0,0
210123,1,1,0,0,0,0,0,0,0,0,0,0
210123,2,1,13,0,0,0,0,0,0,0,0,0
210124,0,1,0,0,0,0,0,0,0,0,0,0
210124,1,1,0,0,0,0,0,0,0,0,0,0
210125,1,1,19,19,19,19,19,19,19,19,19,19
210126,1,1,0,0,0,0,0,0,0,0,11,0
210126,2,1,0,0,0,0,0,0,0,0,0,0
210127,1,1,11,11,11,11,11,11,11,11,11,11
210128,1,1,0,0,0,0,0,0,0,0,0,0
210128,2,1,0,0,0,0,0,0,0,0,0,0
210128,3,1,0,0,0,0,0,0,0,0,0,0
210128,4,1,0,0,0,0,0,0,0,0,0,0
210129,1,1,0,0,0,0,0,0,0,0,0,0
210129,2,1,0,0,0,8,0,0,0,0,0,0
210130,1,1,0,0,0,0,0,0,0,0,0,0
210130,2,1,0,0,0,0,0,0,0,0,0,0
210130,3,1,0,0,0,0,0,0,0,0,0,0
210131,1,1,0,0,0,0,0,0,0,0,0,0
210131,2,1,0,0,0,0,0,0,0,0,0,0
210132,1,1,0,0,0,0,0,0,0,0,0,0
210132,2,1,0,0,0,0,0,0,0,0,0,0
210133,1,1,0,0,0,0,0,0,0,0,0,0
210133,2,1,0,0,0,0,0,0,0,0,0,0