ST_CASE,VEH_NO,PER_NO,P1,P2,P3,P4,P5,P6,P7,P8,P9,P10
210134,1,1,0,0,0,0,0,0,0,0,0,0
210135,1,1,0,0,0,0,0,0,0,0,0,0
210136,1,1,0,0,0,0,0,0,0,0,0,0
210137,1,1,18,18,18,18,18,18,18,18,18,18
210137,2,1,0,0,0,0,0,0,0,0,0,0
210138,1,1,0,0,0,0,0,0,0,0,0,0
210139,1,1,14,14,14,14,14,14,14,14,14,14
210140,1,1,12,2,0,28,0,0,0,0,9,0
210141,1,1,0,0,0,0,0,0,0,0,0,0
210141,2,1,0,0,0,0,0,0,0,0,0,0
210142,1,1,0,0,0,0,0,0,0,0,0,0
210142,2,1,0,9,0,0,0,0,0,0,0,0
210143,1,1,35,35,35,35,35,35,35,35,35,35
210143,2,1,0,0,0,0,0,0,0,0,0,0
210144,1,1,0,0,0,0,0,0,0,0,0,6
210145,1,1,15,15,15,15,15,15,15,15,15,15
210146,1,1,0,0,0,0,0,0,0,0,0,0
210146,2,1,0,0,0,0,0,0,0,0,0,0
210147,1,1,0,0,0,0,0,0,0,0,0,0
210147,2,1,0,0,0,0,0,0,0,0,0,0
210148,1,1,0,0,0,0,0,0,0,0,0,0
210148,2,1,0,0,0,0,0,0,0,0,0,0
210149,1,1,14,14,14,14,14,14,14,14,14,14
210150,1,1,18,18,18,18,18,18,18,18,18,18
210151,1,1,0,0,0,0,0,0,0,0,0,0
210152,1,1,0,0,0,0,0,0,0,0,0,0
210152,2,1,0,0,0,0,0,0,0,0,0,0
210153,1,1,0,0,0,16,0,0,0,0,0,15
210154,1,1,0,0,0,0,0,0,0,0,0,0
210155,1,1,0,0,0,0,0,0,0,0,0,0
210156,1,1,6,6,6,6,6,6,6,6,6,6
210157,1,1,15,15,15,15,15,15,15,15,15,15
210158,1,1,0,16,0,10,0,16,0,0,21,0
210158,2,1,0,0,0,0,0,0,0,0,0,0
210159,1,1,0,0,0,0,0,0,0,0,0,0
210159,2,1,0,0,0,0,0,0,0,0,0,0
210160,1,1,22,22,22,22,22,22,22,22,22,22
210161,1,1,11,11,11,11,11,11,11,11,11,11
210162,1,1,0,0,0,0,0,0,0,0,0,0
210162,2,1,0,0,5,0,13,0,0,0,0,0
210163,1,1,0,0,0,0,0,0,0,0,0,0
210164,1,1,0,0,0,0,0,0,0,0,0,0
210164,2,1,0,0,0,0,0,0,0,0,0,0
210165,1,1,0,0,0,0,0,0,0,0,0,0
210165,2,1,0,0,0,0,0,0,0,0,0,0
210166,1,1,0,0,0,0,0,0,0,0,0,0
210166,2,1,0,0,0,0,0,0,0,0,0,0
210167,1,1,0,0,0,0,0,0,0,0,0,0
210168,1,1,0,0,0,0,0,0,0,0,0,0
210169,1,1,16,15,4,14,18,19,23,17,10,0
210169,2,1,18,18,18,18,18,18,18,18,18,18
210170,1,1,0,0,0,0,0,0,0,0,0,0
210170,2,1,0,0,0,0,0,0,0,0,0,0
210171,1,1,19,19,19,19,19,19,19,19,19,19
210171,2,1,0,12,0,0,0,0,0,0,0,0
210172,1,1,16,16,16,16,16,16,16,16,16,16
210172,2,1,0,0,0,0,0,0,0,0,0,0
210173,1,1,0,0,4,0,0,0,0,0,0,0
210173,2,1,0,0,0,0,0,0,0,0,0,0
210174,1,1,0,0,0,0,15,0,0,0,0,0
210175,1,1,0,0,0,0,0,0,0,0,0,0
210176,1,1,22,22,22,22,22,22,22,22,22,22
210176,2,1,0,0,0,0,0,0,0,0,0,0
210177,0,1,0,0,0,0,0,0,0,0,0,0
210177,1,1,0,0,0,0,0,0,0,0,0,0
210177,2,1,0,0,0,0,0,0,0,0,0,0
210178,1,1,0,0,0,0,0,0,0,0,0,0
210178,2,1,0,0,0,0,0,0,0,0,0,0
210179,1,1,0,0,0,0,0,0,0,0,0,0
210180,1,1,0,0,0,0,0,0,0,0,0,0
210180,2,1,0,0,0,0,0,0,0,0,0,0
210181,0,1,13,22,24,21,31,57,30,22,45,22
210181,1,1,0,0,0,0,0,0,0,0,0,0
210182,0,1,0,0,0,0,0,0,0,0,0,0
210182,1,1,0,0,0,0,0,0,0,0,0,0
210183,1,1,0,0,0,0,0,0,0,0,0,0
210184,1,1,16,16,16,16,16,16,16,16,16,16
210185,1,1,14,0,0,0,0,0,0,0,0,0
210186,1,1,0,0,0,0,0,0,0,0,0,0
210187,1,1,0,0,0,0,0,0,0,0,0,0
210187,2,1,0,0,0,0,0,0,0,0,0,0
210188,1,1,0,0,0,0,0,0,0,0,0,0
210188,2,1,0,0,0,0,0,0,0,0,0,0
210189,1,1,0,0,0,0,0,0,0,0,0,0
210189,2,1,0,0,0,0,0,5,0,0,0,0
210189,3,1,0,0,0,0,0,0,0,0,0,0
210190,1,1,0,0,0,0,0,0,0,0,0,0
210191,1,1,0,0,0,0,0,0,0,0,0,0
210192,0,1,0,0,0,0,0,0,0,0,0,0
210192,1,1,0,0,0,0,0,0,0,0,0,0
210193,1,1,0,0,0,0,0,0,0,0,0,0
210194,1,1,0,0,0,0,0,0,0,0,0,0
210195,1,1,0,0,0,0,0,0,0,0,0,0
210196,1,1,0,0,0,0,0,0,0,0,0,0
210196,2,1,0,0,0,0,0,0,0,0,0,0
210197,1,1,0,0,0,0,0,0,0,0,0,0
210198,1,1,14,0,0,0,0,0,0,0,0,0
210199,1,1,0,0,0,0,0,0,16,0,0,0
210200,1,1,17,17,17,17,17,17,17,17,17,17
210200,2,1,0,0,0,0,0,0,0,0,0,0
210201,1,1,0,0,0,0,0,0,0,0,0,0
210201,2,1,0,0,0,0,0,0,0,0,0,0
210202,1,1,0,0,0,0,0,0,0,0,0,0
210202,2,1,0,0,0,0,0,0,0,0,0,0
210203,1,1,0,0,0,0,0,0,0,0,0,0
210203,2,1,0,0,0,0,0,0,0,0,0,0
210204,1,1,0,0,0,0,0,0,0,0,0,0
210204,2,1,0,0,0,0,0,0,0,0,0,0
210205,1,1,0,0,0,0,0,0,0,0,0,0
210205,2,1,0,0,0,0,0,0,0,0,0,0
210205,3,1,0,0,0,0,0,0,0,0,0,0
210206,1,1,8,8,8,8,8,8,8,8,8,8
210206,2,1,0,0,0,0,0,0,0,0,0,0
210207,1,1,21,21,21,21,21,21,21,21,21,21
210207,2,1,0,0,0,8,20,0,0,0,0,0
210208,1,1,0,0,0,0,0,0,12,0,0,0
210208,2,1,0,0,0,0,10,0,0,0,0,0
210209,1,1,11,11,11,11,11,11,11,11,11,11
210210,0,1,0,0,0,0,0,0,0,0,0,0
210210,1,1,0,0,0,0,0,0,0,0,0,0
210211,1,1,0,0,0,0,0,0,0,0,0,0
210211,2,1,0,0,0,0,0,0,0,0,0,0
210212,1,1,0,0,0,0,0,0,0,0,0,0
210212,2,1,0,0,0,0,0,0,0,0,0,0
210213,1,1,0,0,0,0,0,0,0,0,0,0
210214,1,1,28,28,28,28,28,28,28,28,28,28
210215,1,1,0,0,0,0,12,0,0,0,0,0
210216,1,1,0,0,0,0,0,0,0,0,0,0
210216,2,1,0,0,0,0,0,0,0,0,0,0
210217,1,1,4,4,4,4,4,4,4,4,4,4
210217,2,1,0,0,0,17,11,0,0,0,0,0
210218,1,1,0,0,0,0,0,0,0,0,0,0
210218,2,1,0,0,0,0,0,0,0,0,0,0
210219,1,1,0,0,0,0,0,0,0,0,0,0
210219,2,1,0,6,0,0,0,0,0,0,0,0
210220,1,1,0,0,0,0,0,0,0,0,0,0
210220,2,1,0,0,0,0,0,0,0,0,0,0
210221,1,1,0,0,0,0,0,0,0,0,0,0
210221,2,1,0,0,0,0,0,0,0,0,0,0
210222,1,1,0,0,0,0,0,0,0,0,0,0
210222,2,1,0,0,0,0,0,0,0,0,0,0
210223,1,1,22,22,22,22,22,22,22,22,22,22
210224,1,1,0,0,0,0,0,0,0,0,0,0
210224,2,1,0,0,0,0,0,0,0,0,0,0
210225,1,1,0,0,0,0,0,0,0,0,0,0
210225,2,1,0,0,0,0,0,0,0,0,0,0
210226,1,1,0,0,0,0,0,0,0,0,0,0
210226,2,1,0,0,0,0,0,0,0,0,0,0
210226,3,1,0,0,0,0,0,0,0,0,0,0
210226,4,1,0,0,0,0,0,0,0,0,0,0
210227,1,1,11,11,11,11,11,11,11,11,11,11
210228,1,1,0,0,0,0,0,0,0,0,0,0
210228,2,1,0,0,0,0,0,0,0,0,0,0
210229,1,1,27,27,27,27,27,27,27,27,27,27
210230,1,1,0,0,0,0,0,0,0,0,0,0
210231,1,1,0,0,0,0,0,0,0,0,0,0
210232,1,1,0,0,0,0,0,0,0,0,0,0
210232,2,1,0,0,0,0,0,0,0,0,0,0
210233,1,1,32,32,32,32,32,32,32,32,32,32
210233,2,1,0,0,0,0,0,0,0,0,0,0
210234,1,1,0,12,0,0,0,0,0,0,0,0
210235,1,1,0,0,0,0,0,0,0,0,0,0
210235,2,1,0,0,0,0,0,0,0,7,0,0
210236,1,1,0,0,0,0,0,0,0,0,0,0
210236,2,1,0,0,0,0,0,0,0,0,0,0
210237,1,1,12,12,12,12,12,12,12,12,12,12
210238,1,1,0,0,0,0,0,0,0,0,0,0
210239,1,1,0,0,0,0,0,0,0,0,0,0
210239,2,1,0,0,0,0,0,0,0,0,0,0
210240,1,1,0,0,0,0,0,0,0,0,0,0
210240,2,1,0,0,0,0,0,0,0,0,0,0
210241,1,1,0,0,0,0,0,0,0,0,0,0
210242,1,1,31,31,31,31,31,31,31,31,31,31
210243,1,1,5,0,0,0,3,0,0,0,0,0
210244,1,1,0,0,35,0,0,0,4,0,0,0
210245,1,1,0,0,0,0,0,0,0,0,0,0
210246,1,1,0,0,0,0,0,0,0,0,0,0
210246,2,1,0,0,0,0,0,0,0,0,0,0
210247,1,1,10,10,10,10,10,10,10,10,10,10
210247,2,1,0,0,0,0,0,0,0,0,0,0
210248,1,1,0,0,0,0,0,0,0,0,0,0
210248,2,1,12,12,12,12,12,12,12,12,12,12
210249,1,1,14,14,14,14,14,14,14,14,14,14
210250,1,1,0,0,0,0,0,0,0,0,0,0
210251,1,1,9,9,9,9,9,9,9,9,9,9
210251,2,1,0,0,0,0,21,0,0,0,0,0
210252,1,1,0,0,0,0,0,0,0,0,0,0
210253,1,1,0,0,0,0,0,0,0,0,0,0
210253,2,1,0,0,0,0,0,0,0,0,0,0
210254,1,1,0,0,0,0,0,0,0,0,0,0
210255,1,1,5,5,5,5,5,5,5,5,5,5
210255,2,1,0,0,0,0,23,18,0,0,0,0
210256,1,1,0,0,0,0,0,0,0,0,0,0
210257,1,1,0,0,0,0,0,0,0,0,0,0
210258,0,1,0,0,0,0,0,0,0,0,0,0
210258,1,1,37,37,37,37,37,37,37,37,37,37
210259,1,1,0,0,0,0,22,0,0,0,0,0
210260,1,1,14,14,14,14,14,14,14,14,14,14
210261,0,1,0,0,0,0,12,7,0,0,0,0
210261,1,1,0,0,0,0,0,0,0,0,0,0
210262,1,1,10,10,10,10,10,10,10,10,10,10
210263,1,1,0,0,0,0,0,0,0,0,0,0
210263,2,1,0,0,0,0,0,0,0,0,0,0
210263,3,1,0,0,0,0,0,0,0,0,0,0
210264,0,1,0,6,0,0,13,0,0,0,11,0
210264,1,1,0,0,0,0,0,0,0,0,0,0
210264,2,1,0,0,0,0,0,0,0,0,0,0
210265,1,1,0,0,0,0,0,0,0,0,0,0
210266,1,1,0,0,0,0,0,0,0,0,0,0
210266,2,1,0,0,0,0,0,0,0,0,0,0
210267,1,1,0,0,0,0,0,0,0,0,0,0
210268,1,1,1,43,0,8,0,21,16,0,8,22
210269,1,1,0,0,0,0,21,0,0,0,0,0
210270,1,1,20,20,20,20,20,20,20,20,20,20
210271,1,1,0,0,0,0,0,0,0,0,0,0
210272,1,1,0,0,0,0,0,0,0,0,0,0
210273,1,1,34,31,23,23,14,4,10,28,31,21
210274,1,1,0,0,0,0,0,0,0,0,0,0
210274,2,1,0,0,0,0,0,0,0,0,0,0
210275,1,1,13,13,13,13,13,13,13,13,13,13
210276,1,1,0,0,0,0,0,0,0,10,0,0
210277,0,1,14,14,14,14,14,14,14,14,14,14
210277,1,1,0,0,0,0,0,0,0,0,0,0
210278,1,1,0,0,0,0,0,0,0,0,0,0
210279,1,1,0,0,0,0,0,0,0,0,0,0
210280,1,1,0,0,0,0,0,0,0,0,0,0
210281,0,1,0,0,0,0,0,0,0,0,0,0
210281,1,1,16,0,29,0,0,0,37,0,0,0
210282,1,1,0,0,0,0,0,0,0,0,0,0
210283,1,1,0,0,0,0,0,0,0,0,0,0
210283,2,1,0,0,0,0,0,0,0,0,0,0
210284,1,1,0,0,0,0,0,0,0,0,0,0
210284,2,1,0,0,0,0,0,0,0,0,0,0
210285,0,1,15,19,5,5,21,13,42,16,32,25
210285,1,1,0,0,0,0,21,0,0,0,0,0
210286,1,1,0,0,0,0,0,0,0,0,0,34
210287,1,1,23,23,23,23,23,23,23,23,23,23
210288,1,1,28,28,28,28,28,28,28,28,28,28
210288,2,1,0,0,0,0,0,0,0,0,0,0
210289,1,1,0,0,0,0,0,0,0,0,0,0
210290,0,1,0,0,0,0,0,0,0,0,0,0
210291,1,1,19,19,19,19,19,19,19,19,19,19
210291,2,1,0,0,0,0,0,0,0,0,0,0
210292,1,1,16,16,16,16,16,16,16,16,16,16
210293,0,1,0,0,0,0,0,20,0,0,0,20
210293,1,1,0,0,0,0,0,19,0,0,0,0
210294,1,1,0,0,0,0,0,0,0,0,0,0
210295,1,1,0,0,0,0,0,0,0,0,0,0
210295,2,1,0,0,0,0,0,0,0,0,0,0
210296,0,1,26,26,26,26,26,26,26,26,26,26
210296,1,1,0,0,0,0,0,0,0,0,0,0
210297,1,1,0,0,0,0,0,0,0,0,0,0
210297,2,1,0,0,0,0,0,0,0,0,0,0
210298,1,1,0,0,0,0,0,0,0,0,0,0
210298,2,1,0,0,0,0,0,15,0,0,0,0
210298,3,1,0,0,0,0,0,0,0,0,0,0
210299,1,1,0,0,0,0,0,0,0,0,0,0
210299,2,1,0,0,0,0,0,0,0,0,0,0
210300,1,1,0,0,0,0,0,0,0,0,0,0
210300,2,1,0,0,0,0,0,0,0,0,0,0
210301,1,1,29,29,29,29,29,29,29,29,29,29
210302,1,1,9,9,9,9,9,9,9,9,9,9
210303,1,1,11,11,11,11,11,11,11,11,11,11
210304,0,1,18,18,18,18,18,18,18,18,18,18
210304,1,1,0,0,23,0,0,0,0,0,0,0
210305,1,1,16,16,16,16,16,16,16,16,16,16
210306,1,1,33,33,33,33,33,33,33,33,33,33
210307,1,1,16,16,16,16,16,16,16,16,16,16
210308,1,1,15,15,15,15,15,15,15,15,15,15
210308,2,1,0,0,0,0,0,0,0,0,0,0
210309,1,1,15,7,17,13,4,21,23,17,13,11
210310,1,1,0,0,0,0,0,0,0,0,0,0
210310,2,1,0,0,0,0,0,0,0,0,0,0
210311,1,1,0,0,0,0,0,0,0,0,0,0
210311,2,1,0,0,0,0,0,0,0,0,0,0
210311,3,1,5,18,0,3,0,0,17,0,36,0
210312,1,1,0,0,0,0,0,0,0,0,0,0
210313,0,1,0,0,0,0,0,0,0,0,0,0
210313,1,1,0,0,0,0,0,0,0,0,0,0
210314,1,1,0,0,0,0,0,0,0,0,0,0
210314,2,1,0,0,0,0,0,0,0,0,0,0
210315,1,1,15,15,15,15,15,15,15,15,15,15
210316,1,1,31,0,0,0,0,0,0,0,24,0
210317,1,1,17,17,17,17,17,17,17,17,17,17
210317,2,1,0,2,0,0,0,0,0,0,0,0
210318,0,1,3,3,3,3,3,3,3,3,3,3
210318,1,1,0,0,0,0,0,0,0,0,0,0
210319,1,1,0,0,0,0,0,0,0,0,0,0
210320,1,1,0,11,0,0,0,0,0,0,0,0
210320,2,1,0,0,0,0,0,0,0,0,0,0
210321,1,1,0,0,0,0,0,0,0,0,0,0
210322,1,1,0,0,0,0,0,0,0,0,0,0
210323,1,1,0,0,0,0,0,6,0,0,0,0
210323,2,1,0,0,0,0,0,0,0,0,0,0
210324,1,1,1,1,1,1,1,1,1,1,1,1
210324,2,1,0,0,0,0,0,0,0,0,0,0
210325,1,1,16,0,0,0,0,0,0,0,0,0
210326,1,1,0,0,0,0,0,0,0,0,0,0
210327,1,1,0,0,0,0,0,0,0,0,0,0
210328,0,1,0,0,0,0,0,0,0,0,0,0
210328,1,1,0,0,0,0,0,0,0,0,0,0
210329,1,1,9,9,9,9,9,9,9,9,9,9
210330,1,1,8,8,8,8,8,8,8,8,8,8
210331,1,1,0,0,0,0,0,0,0,0,0,0
210332,1,1,8,13,26,0,10,7,17,9,10,17
210333,1,1,14,14,14,14,14,14,14,14,14,14
210334,1,1,0,0,0,0,0,0,0,0,0,0
210334,2,1,0,0,0,0,0,0,0,0,0,0
210335,0,1,0,0,0,0,0,0,0,0,0,0
210335,1,1,0,0,0,0,0,0,0,0,0,0
210336,1,1,23,23,23,23,23,23,23,23,23,23
210337,1,1,0,0,0,0,0,0,0,0,0,0
210337,2,1,0,0,0,0,0,0,0,0,0,0
210338,1,1,0,0,0,0,0,0,0,0,0,0
210338,2,1,0,0,0,0,0,0,0,0,0,0
210338,3,1,0,0,18,0,0,0,0,0,0,0
210339,1,1,0,0,0,0,0,0,0,0,0,0
210339,2,1,0,0,0,0,0,0,0,0,0,14
210340,1,1,23,23,23,23,23,23,23,23,23,23
210341,1,1,0,0,0,0,0,0,0,0,0,0
210341,2,1,0,0,0,0,0,0,0,0,0,0
210342,1,1,0,0,0,0,0,0,0,0,0,0
210342,2,1,0,0,0,0,0,5,0,0,0,0
210342,3,1,18,0,0,0,0,0,0,0,0,0
210343,1,1,21,21,21,21,21,21,21,21,21,21
210344,1,1,0,0,0,0,0,0,0,0,0,0
210344,2,1,0,0,0,0,0,0,0,17,0,0
210345,1,1,0,0,0,0,0,0,0,0,0,0
210346,1,1,0,0,0,0,0,0,0,0,0,0
210347,1,1,4,4,4,4,4,4,4,4,4,4
210348,1,1,0,0,0,0,0,0,0,0,0,0
210348,2,1,0,0,0,0,0,0,0,0,0,0
210348,3,1,6,0,0,0,0,0,0,0,0,0
210349,1,1,18,18,18,18,18,18,18,18,18,18
210350,1,1,0,0,0,0,0,0,0,0,0,0
210351,1,1,0,0,0,0,0,0,0,0,0,0
210352,1,1,0,0,0,0,0,0,0,0,0,0
210352,2,1,0,0,0,0,0,0,0,0,0,0
210353,1,1,0,0,0,0,0,0,0,0,0,0
210354,1,1,17,13,0,16,16,20,8,14,20,11
210354,2,1,0,0,0,0,0,0,0,0,0,0
210355,1,1,31,0,0,8,26,0,25,17,23,0
210356,1,1,0,0,0,0,0,0,0,0,0,0
210356,2,1,0,0,0,0,0,0,0,0,0,0
210357,1,1,0,0,0,0,0,0,0,25,0,0
210358,1,1,20,20,20,20,20,20,20,20,20,20
210358,2,1,0,0,0,0,0,0,0,0,0,0
210359,1,1,0,0,0,0,0,0,0,0,0,0
210359,2,1,0,0,0,0,0,0,0,0,0,0
210360,1,1,18,18,18,18,18,18,18,18,18,18
210360,2,1,0,0,0,0,0,0,0,0,0,0
210361,1,1,0,0,0,0,0,0,0,0,0,0
210361,2,1,0,0,0,0,0,0,0,0,0,0
210362,1,1,20,20,20,20,20,20,20,20,20,20
210362,2,1,0,0,0,0,0,0,0,0,0,0
210363,1,1,0,0,0,0,0,0,0,8,0,0
210364,1,1,10,10,10,10,10,10,10,10,10,10
210364,2,1,0,0,0,0,0,0,0,0,0,0
210365,1,1,0,0,0,0,0,0,0,0,0,0
210365,2,1,0,0,0,0,0,0,0,0,0,0
210365,3,1,0,0,0,0,0,0,0,0,0,0
210365,4,1,0,0,0,0,0,0,0,0,0,0
210366,1,1,0,0,0,0,0,0,4,0,0,0
210366,2,1,0,0,0,0,0,0,0,0,0,0
210367,1,1,0,0,0,0,0,0,0,0,0,0
210368,1,1,0,0,0,0,0,0,0,0,0,0
210368,2,1,0,0,0,0,0,0,0,0,0,0
210368,3,1,0,0,0,0,0,0,0,0,0,0
210369,1,1,0,0,0,0,0,0,0,0,0,0
210370,1,1,0,0,0,0,0,0,0,0,0,0
210370,2,1,0,0,0,0,0,9,0,12,0,0
210371,1,1,13,0,0,0,0,0,0,0,0,0
210371,2,1,0,0,0,0,0,0,0,0,0,0
210372,1,1,0,0,0,0,0,0,0,0,0,0
210372,2,1,0,0,0,0,0,0,0,0,0,0
210373,1,1,0,0,0,0,0,0,0,0,0,0
210374,1,1,14,14,14,14,14,14,14,14,14,14
210375,1,1,23,23,23,23,23,23,23,23,23,23
210376,1,1,36,18,21,41,14,22,5,27,4,24
210377,1,1,17,17,17,17,17,17,17,17,17,17
210377,2,1,0,0,0,0,0,0,0,0,0,0
210378,1,1,10,10,10,10,10,10,10,10,10,10
210378,2,1,0,0,0,0,0,0,0,0,0,0
210378,3,1,0,0,0,0,0,0,0,0,0,0
210379,1,1,16,16,16,16,16,16,16,16,16,16
210380,1,1,0,0,0,0,0,0,4,0,0,21
210381,1,1,22,22,22,22,22,22,22,22,22,22
210381,2,1,0,0,0,0,0,0,0,0,0,0
210382,1,1,9,9,9,9,9,9,9,9,9,9
210383,1,1,0,0,0,0,7,0,0,0,6,0
210383,2,1,0,0,0,0,0,0,0,0,0,0
210384,1,1,5,5,5,5,5,5,5,5,5,5
210385,1,1,22,22,22,22,22,22,22,22,22,22
210386,1,1,0,0,0,0,0,0,0,0,0,0
210387,1,1,3,3,3,3,3,3,3,3,3,3
210388,1,1,0,0,0,0,0,0,0,0,0,0
210388,2,1,0,0,0,0,0,0,0,0,0,0
210389,1,1,0,0,0,0,0,0,0,0,0,0
210389,2,1,0,0,0,0,0,0,0,0,0,0
210389,3,1,0,0,0,0,0,0,0,0,0,0
210390,1,1,0,0,0,0,0,0,0,0,0,0
210390,2,1,0,0,0,0,0,0,0,0,0,0
210391,1,1,0,0,0,0,0,0,0,0,0,0
210391,2,1,0,0,0,0,0,0,0,0,0,0
210392,0,1,0,0,0,0,0,0,0,0,0,0
210392,1,1,0,0,0,0,0,0,0,0,3,0
210393,1,1,0,0,0,0,0,0,0,0,0,0
210393,2,1,0,0,0,0,0,0,0,0,0,0
210394,1,1,4,4,4,4,4,4,4,4,4,4
210394,2,1,0,0,0,0,0,0,0,0,0,0
210395,1,1,0,0,0,0,0,0,0,0,0,0
210395,2,1,0,0,0,0,0,0,0,0,0,0
210396,1,1,12,12,12,12,12,12,12,12,12,12
210396,2,1,26,9,24,14,27,8,20,15,14,17
210396,3,1,0,0,0,0,0,0,0,0,0,0
210397,1,1,20,20,20,20,20,20,20,20,20,20
210398,0,1,0,0,0,0,0,0,0,0,0,0
210398,0,2,0,0,0,0,0,0,0,0,0,0
210398,1,1,0,0,0,0,0,0,0,0,0,0
210399,1,1,6,0,11,0,3,0,3,0,7,0
210400,1,1,17,17,17,17,17,17,17,17,17,17
210401,1,1,0,0,0,0,0,0,0,0,0,0
210401,2,1,0,0,0,0,0,0,0,0,0,0
210402,1,1,0,0,0,0,0,0,0,0,0,0
210403,1,1,0,0,0,0,0,0,0,0,0,0
210403,2,1,0,0,0,0,0,0,0,0,0,0
210404,1,1,0,0,0,0,0,0,0,0,0,0
210405,1,1,0,0,0,0,0,0,0,0,0,0
210406,1,1,0,0,0,0,0,0,0,0,0,0
210406,2,1,0,0,0,0,0,0,0,0,0,0
210407,1,1,0,0,0,0,0,0,0,0,0,0
210407,2,1,0,0,0,0,0,0,0,0,0,0
210408,1,1,12,12,12,12,12,12,12,12,12,12
210409,1,1,0,0,0,0,0,0,0,0,0,0
210409,2,1,0,31,0,0,0,0,0,0,0,0
210409,3,1,0,0,0,0,0,0,0,0,0,0
210410,1,1,0,0,0,0,0,0,0,0,0,0
210410,2,1,0,0,0,0,0,0,0,0,0,0
210411,1,1,0,0,0,8,0,0,0,0,0,0
210412,1,1,0,0,0,0,0,0,0,0,26,0
210413,1,1,0,0,0,0,0,0,0,0,0,0
210413,2,1,0,0,0,0,0,0,0,0,0,0
210414,1,1,0,0,0,0,0,0,0,0,0,0
210415,1,1,0,0,0,0,0,0,0,0,0,0
210416,1,1,0,0,0,0,0,0,0,0,0,0
210416,2,1,21,21,21,21,21,21,21,21,21,21
210417,1,1,0,0,0,0,0,0,0,0,0,0
210417,2,1,0,0,0,0,0,0,0,0,0,0
210417,3,1,0,0,0,0,0,0,0,0,0,0
210418,1,1,0,0,0,0,0,0,0,0,0,0
210419,1,1,0,0,0,0,0,0,0,0,0,0
210419,2,1,0,0,0,0,0,0,0,0,0,0
210420,1,1,13,13,13,13,13,13,13,13,13,13
210421,1,1,0,0,0,0,0,0,0,0,0,0
210422,1,1,0,0,0,0,0,0,0,0,0,0
210423,0,1,0,0,0,0,0,0,0,0,0,0
210423,1,1,0,0,0,0,0,0,0,0,0,0
210424,1,1,0,0,0,0,0,0,0,0,0,0
210425,1,1,15,15,15,15,15,15,15,15,15,15
210426,1,1,0,0,0,0,0,0,0,0,0,0
210426,2,1,0,0,0,0,0,0,0,0,0,0
210427,1,1,0,0,0,0,0,0,0,0,0,0
210427,2,1,0,0,0,0,0,0,0,0,0,0
210428,0,1,0,0,0,0,0,0,0,0,0,0
210428,1,1,0,0,0,0,0,0,0,0,0,0
210429,1,1,34,26,10,21,34,12,20,18,28,21
210430,0,1,0,0,0,0,0,0,0,0,9,0
210430,2,1,0,0,0,0,0,0,0,0,0,0
210431,1,1,19,19,19,19,19,19,19,19,19,19
210432,1,1,43,43,43,43,43,43,43,43,43,43
210433,1,1,0,0,0,0,0,0,0,0,0,0
210433,2,1,0,0,0,0,0,0,0,0,0,0
210434,1,1,0,0,0,0,0,0,0,0,0,0
210435,1,1,22,22,22,22,22,22,22,22,22,22
210435,2,1,0,0,0,0,0,0,0,0,0,0
210436,1,1,0,0,0,0,0,0,0,0,0,0
210436,2,1,0,0,0,0,0,0,0,0,0,0
210437,1,1,32,32,32,32,32,32,32,32,32,32
210437,2,1,0,0,0,0,0,0,0,0,0,0
210438,0,1,23,0,0,0,24,13,0,0,0,0
210438,1,1,11,0,0,0,0,0,0,21,0,0
210439,1,1,28,28,28,28,28,28,28,28,28,28
210440,1,1,0,0,0,0,0,0,0,0,0,0
210440,2,1,0,0,0,0,0,0,0,0,0,0
210441,1,1,0,0,0,0,0,0,0,0,0,0
210441,2,1,0,0,0,0,0,0,0,0,0,0
210442,1,1,0,0,0,0,0,0,0,0,0,0
210442,2,1,0,0,0,0,0,0,0,0,0,0
210442,3,1,0,0,0,0,0,0,0,0,0,0
210443,1,1,0,0,0,0,0,0,0,0,0,0
210443,2,1,0,0,0,0,8,0,0,0,0,0
210444,1,1,0,0,0,0,0,0,0,0,0,0
210444,2,1,0,0,0,0,0,0,0,0,0,0
210445,1,1,0,0,0,0,0,0,0,0,0,0
210446,1,1,0,0,0,0,0,0,0,0,0,0
210447,1,1,0,0,0,0,0,0,3,0,0,0
210448,1,1,10,0,4,0,0,0,0,3,0,6
210448,2,1,0,0,0,0,0,0,0,0,0,0
210449,1,1,14,14,14,14,14,14,14,14,14,14
210450,1,1,10,8,24,13,11,11,8,21,7,20
210451,1,1,0,0,0,0,0,0,0,0,0,0
210451,2,1,0,0,0,0,0,0,0,0,0,0
210452,1,1,0,0,0,0,0,0,0,0,0,0
210453,1,1,0,0,0,0,0,0,0,0,0,0
210454,1,1,0,0,0,0,0,0,0,0,0,0
210455,0,1,18,18,18,18,18,18,18,18,18,18
210455,1,1,0,0,0,0,0,0,0,0,0,0
210456,1,1,6,6,6,6,6,6,6,6,6,6
210456,2,1,0,0,0,0,0,0,0,0,0,0
210457,1,1,0,0,0,0,0,0,0,0,0,0
210457,2,1,0,0,0,0,0,0,0,0,0,0