ST_CASE,VEH_NO,PER_NO,P1,P2,P3,P4,P5,P6,P7,P8,P9,P10
210458,1,1,16,16,16,16,16,16,16,16,16,16
210459,1,1,15,15,15,15,15,15,15,15,15,15
210459,2,1,0,0,0,0,0,0,0,0,0,0
210460,1,1,12,12,12,12,12,12,12,12,12,12
210461,1,1,0,0,0,0,0,0,0,0,0,0
210461,2,1,0,0,0,0,0,0,0,0,0,0
210462,1,1,0,0,0,0,0,0,0,0,0,0
210463,0,1,0,0,0,0,0,0,0,0,0,0
210463,1,1,0,0,0,0,0,0,0,0,0,0
210464,0,1,0,0,0,0,0,0,0,0,0,0
210464,1,1,8,8,8,8,8,8,8,8,8,8
210465,1,1,0,0,0,0,0,0,0,0,0,0
210466,1,1,0,0,0,0,0,0,0,0,0,0
210467,1,1,0,0,0,0,0,0,0,0,0,0
210468,1,1,0,0,0,0,0,0,0,0,0,0
210468,2,1,0,0,0,0,0,0,0,0,0,0
210469,0,1,9,0,0,0,18,0,0,0,0,13
210469,1,1,0,0,0,0,0,0,0,0,0,0
210470,0,1,0,0,0,0,0,0,0,0,0,0
210470,1,1,0,0,0,0,0,0,0,0,0,0
210471,1,1,24,24,24,24,24,24,24,24,24,24
210472,1,1,14,14,14,14,14,14,14,14,14,14
210473,1,1,0,0,0,0,0,0,0,0,0,0
210474,1,1,0,12,14,13,0,0,23,0,18,0
210475,0,1,0,0,0,0,0,0,0,0,0,0
210475,1,1,0,0,0,0,0,0,0,0,0,0
210476,1,1,0,0,0,0,0,0,0,0,0,0
210477,0,1,0,0,0,0,0,0,0,0,0,0
210477,1,1,10,0,0,0,17,0,15,30,0,0
210478,1,1,0,0,0,0,0,0,0,0,0,0
210479,1,1,14,14,14,14,14,14,14,14,14,14
210480,0,1,29,33,16,31,21,28,6,22,30,32
210480,1,1,0,0,0,0,0,0,0,0,0,0
210481,1,1,0,0,0,0,13,0,0,0,0,0
210481,2,1,0,0,0,0,0,0,0,0,0,0
210482,1,1,0,0,0,0,19,0,0,0,0,20
210483,1,1,0,0,0,0,0,0,0,0,0,0
210484,1,1,0,0,0,0,0,0,0,0,0,0
210485,1,1,0,19,0,0,0,0,0,0,19,8
210485,2,1,0,0,0,0,0,0,0,0,0,0
210485,3,1,0,0,0,0,0,0,0,0,0,0
210485,4,1,0,0,0,0,18,0,0,0,0,0
210486,1,1,0,0,0,0,0,0,0,0,0,0
210487,0,1,12,12,12,12,12,12,12,12,12,12
210487,1,1,0,0,0,0,0,0,0,0,0,0
210488,1,1,0,0,0,0,0,0,0,0,0,0
210489,1,1,0,0,11,0,0,0,0,0,0,0
210489,2,1,0,0,0,0,0,0,0,0,0,0
210490,1,1,0,0,0,0,0,0,0,0,0,0
210491,1,1,0,0,0,0,0,0,0,0,0,0
210492,0,1,27,0,17,38,15,21,11,9,28,58
210492,1,1,0,0,0,0,0,0,0,0,0,0
210493,1,1,0,0,0,0,0,22,0,0,0,0
210493,2,1,0,0,0,0,0,0,0,0,0,0
210494,1,1,8,16,44,0,0,13,0,0,18,23
210495,1,1,0,0,0,0,0,0,23,0,0,0
210495,2,1,0,0,0,0,0,0,0,0,0,0
210496,1,1,0,0,0,0,0,0,0,0,0,0
210496,2,1,0,0,0,23,0,0,14,0,0,0
210496,3,1,0,0,0,0,0,0,0,0,0,0
210497,1,1,0,0,0,0,0,0,0,0,0,0
210498,1,1,0,0,0,0,0,0,0,0,0,0
210498,2,1,0,0,0,0,0,0,0,0,0,0
210499,1,1,0,0,0,0,0,0,0,0,0,0
210499,2,1,0,0,0,0,0,0,0,13,0,0
210500,1,1,0,0,0,0,0,0,0,0,0,0
210500,2,1,0,0,0,0,0,0,0,0,0,0
210501,1,1,0,0,0,0,0,0,0,0,0,0
210501,2,1,0,0,0,0,0,0,0,0,0,0
210502,1,1,0,0,0,0,0,0,0,0,0,0
210502,2,1,0,0,0,0,0,0,0,0,0,0
210503,0,1,0,0,0,0,0,0,0,0,0,0
210503,0,2,14,14,14,14,14,14,14,14,14,14
210503,1,1,0,0,0,0,0,0,0,0,0,0
210504,1,1,0,0,0,0,0,0,0,0,0,0
210504,2,1,0,0,0,0,0,0,0,0,0,0
210505,1,1,0,0,0,0,0,0,0,0,0,0
210505,2,1,0,0,0,0,0,0,0,0,0,0
210506,1,1,21,21,21,21,21,21,21,21,21,21
210507,1,1,0,0,0,0,0,0,0,0,0,0
210508,1,1,0,0,0,0,0,0,0,0,0,0
210508,2,1,0,0,0,0,0,0,46,0,0,0
210509,0,1,12,12,12,12,12,12,12,12,12,12
210509,1,1,0,0,0,0,0,6,0,0,14,7
210510,1,1,17,17,17,17,17,17,17,17,17,17
210511,1,1,0,0,0,0,0,0,0,0,0,0
210511,2,1,0,0,0,0,0,0,0,0,0,0
210511,3,1,0,0,0,0,0,0,0,0,0,0
210512,1,1,0,0,0,0,0,0,0,0,0,15
210513,1,1,18,18,18,18,18,18,18,18,18,18
210514,1,1,0,0,0,0,0,0,0,0,0,0
210515,0,1,0,0,0,0,0,0,0,0,0,0
210515,1,1,10,0,6,9,0,0,29,0,12,5
210516,0,1,0,0,0,0,0,0,0,0,0,0
210516,1,1,0,0,0,0,0,0,0,0,0,0
210517,1,1,21,21,21,21,21,21,21,21,21,21
210518,1,1,0,0,0,0,0,0,0,0,0,0
210519,1,1,0,0,0,0,0,0,0,0,0,0
210519,2,1,0,0,0,0,0,0,0,0,0,0
210520,1,1,8,8,8,8,8,8,8,8,8,8
210521,1,1,0,0,0,0,0,0,0,0,0,0
210521,2,1,0,0,0,0,0,0,0,0,0,0
210522,1,1,0,0,0,0,0,0,0,0,0,0
210522,2,1,0,0,0,0,0,0,0,0,27,0
210523,1,1,32,32,32,32,32,32,32,32,32,32
210523,2,1,0,0,0,0,0,0,0,0,0,0
210524,1,1,0,0,0,0,0,0,0,0,0,0
210525,1,1,0,0,0,0,0,0,0,0,0,0
210525,2,1,0,0,0,0,0,0,0,0,0,0
210526,1,1,0,0,0,0,0,0,0,0,0,0
210526,2,1,0,0,0,0,0,0,0,0,0,0
210527,1,1,0,0,11,0,0,0,0,0,0,7
210528,1,1,0,0,0,0,0,0,0,0,0,0
210528,2,1,0,0,0,0,0,0,0,0,0,0
210529,1,1,20,20,20,20,20,20,20,20,20,20
210529,2,1,0,0,0,0,2,0,0,0,0,0
210530,1,1,0,0,0,0,0,0,0,0,0,0
210531,1,1,2,2,2,2,2,2,2,2,2,2
210531,2,1,0,0,0,0,0,15,0,0,0,0
210532,1,1,11,13,27,15,35,23,18,21,14,21
210533,1,1,25,25,25,25,25,25,25,25,25,25
210533,2,1,0,0,0,0,0,0,0,0,0,0
210534,1,1,0,0,0,0,0,0,0,0,0,0
210534,2,1,0,0,0,0,0,0,0,0,0,0
210535,1,1,12,0,0,0,0,0,0,0,0,0
210535,2,1,0,0,0,0,0,0,0,0,0,0
210536,0,1,0,0,0,0,0,0,0,0,0,0
210536,1,1,0,0,0,0,0,0,0,0,0,0
210537,1,1,0,0,0,0,0,0,0,0,0,0
210538,1,1,7,7,7,7,7,7,7,7,7,7
210539,1,1,0,0,0,0,0,0,0,0,0,0
210539,2,1,0,0,0,0,0,0,0,0,0,0
210540,1,1,6,21,0,0,0,0,0,13,0,18
210541,1,1,0,0,0,0,0,0,0,0,0,0
210542,1,1,0,0,0,0,0,0,0,0,0,0
210542,2,1,0,0,0,0,0,0,0,0,0,0
210543,1,1,0,0,0,0,0,0,0,0,0,0
210543,2,1,0,0,0,0,0,0,0,0,0,0
210544,1,1,0,0,0,0,0,0,0,0,0,0
210545,1,1,5,5,5,5,5,5,5,5,5,5
210546,1,1,0,0,0,0,0,0,0,0,0,0
210547,1,1,0,0,0,0,0,0,0,0,0,0
210548,1,1,0,21,0,0,0,0,0,0,0,0
210548,2,1,0,0,0,0,0,0,0,0,0,0
210548,3,1,0,0,0,0,0,0,0,0,0,0
210548,4,1,0,0,0,0,0,0,0,0,0,0
210549,1,1,0,0,0,0,0,0,0,0,0,0
210549,2,1,0,0,0,0,0,0,0,0,0,0
210550,1,1,0,0,0,0,0,0,0,0,0,0
210550,2,1,0,0,0,0,0,0,0,0,0,0
210551,1,1,11,8,12,12,3,5,12,14,14,4
210552,1,1,31,0,25,0,0,0,21,0,0,0
210552,2,1,0,0,0,0,0,0,0,0,0,0
210553,1,1,0,0,0,0,0,0,0,0,0,0
210554,1,1,11,11,11,11,11,11,11,11,11,11
210554,2,1,0,0,0,0,0,0,0,0,0,0
210554,3,1,0,0,0,0,0,0,0,0,0,0
210555,1,1,0,0,0,42,0,0,27,0,0,0
210556,1,1,0,0,0,0,0,0,0,0,0,0
210556,2,1,0,0,0,0,0,0,0,0,0,0
210557,1,1,0,0,0,0,0,0,0,0,0,0
210557,2,1,0,0,0,0,0,0,0,0,0,0
210558,1,1,0,0,0,0,0,0,0,0,0,0
210558,2,1,0,0,0,0,0,0,0,0,0,0
210559,0,1,0,0,0,0,0,0,0,0,0,0
210559,1,1,0,0,0,0,0,0,0,0,0,0
210560,1,1,0,0,0,0,0,0,0,0,0,0
210561,1,1,0,0,0,0,0,0,0,0,0,0
210561,2,1,12,12,12,12,12,12,12,12,12,12
210561,3,1,0,0,0,0,0,0,0,0,0,8
210562,1,1,0,0,0,0,0,0,0,0,0,0
210562,2,1,0,0,0,0,0,0,0,0,0,0
210563,1,1,0,0,0,0,0,0,0,0,0,0
210564,1,1,0,0,0,0,0,0,0,0,0,0
210564,2,1,0,0,0,0,0,0,0,10,0,0
210565,1,1,0,0,0,0,0,0,0,0,0,0
210565,2,1,0,0,0,0,0,0,0,0,0,0
210566,1,1,0,0,0,0,0,0,0,0,0,0
210567,1,1,0,0,0,0,0,0,0,0,0,0
210568,1,1,0,0,0,0,0,0,0,0,0,0
210569,1,1,0,0,0,0,0,0,0,0,0,0
210570,1,1,0,0,0,0,0,0,0,0,0,0
210571,0,1,0,0,0,0,0,0,0,0,0,0
210571,1,1,0,0,0,0,0,0,0,0,0,0
210572,1,1,0,0,0,0,0,0,0,0,0,0
210573,1,1,0,0,0,0,0,0,0,0,0,0
210574,1,1,24,24,24,24,24,24,24,24,24,24
210575,0,1,0,0,0,0,0,0,0,0,0,0
210575,1,1,0,4,0,0,0,0,0,0,0,0
210576,0,1,0,0,0,0,0,0,0,0,0,0
210576,1,1,12,12,12,12,12,12,12,12,12,12
210577,1,1,0,0,0,0,0,0,0,0,0,0
210577,2,1,0,0,0,0,0,0,0,0,0,0
210578,1,1,7,7,7,7,7,7,7,7,7,7
210579,1,1,15,15,15,15,15,15,15,15,15,15
210580,1,1,28,28,28,28,28,28,28,28,28,28
210581,0,1,13,13,13,13,13,13,13,13,13,13
210581,1,1,0,0,0,0,0,0,0,0,0,0
210582,1,1,0,0,0,0,0,0,0,0,0,0
210583,1,1,9,9,9,9,9,9,9,9,9,9
210583,2,1,0,0,0,0,0,0,0,0,0,0
210583,3,1,0,0,0,0,0,0,0,0,0,0
210584,1,1,22,22,22,22,22,22,22,22,22,22
210585,1,1,17,17,17,17,17,17,17,17,17,17
210586,1,1,0,0,0,0,0,0,0,0,0,0
210587,1,1,17,17,17,17,17,17,17,17,17,17
210588,1,1,0,0,0,0,0,0,0,0,0,0
210589,1,1,0,0,0,0,0,0,0,0,0,0
210590,1,1,22,22,22,22,22,22,22,22,22,22
220001,1,1,0,0,0,0,0,0,0,0,0,0
220001,2,1,0,0,0,0,0,0,0,0,0,0
220002,0,1,9,39,28,11,19,28,26,25,21,2
220002,1,1,0,0,0,0,0,0,0,0,0,0
220003,1,1,0,0,0,0,0,0,0,0,0,0
220004,1,1,0,0,9,7,24,6,27,21,6,0
220005,1,1,0,0,0,0,0,0,0,0,0,0
220005,2,1,0,0,0,0,0,0,0,0,0,0
220006,1,1,0,0,0,0,0,0,0,0,0,0
220006,2,1,8,8,8,8,8,8,8,8,8,8
220007,1,1,0,0,0,0,0,0,0,0,0,0
220007,2,1,0,0,0,0,0,0,0,0,0,0
220008,1,1,0,0,0,0,0,0,0,0,0,0
220009,1,1,0,0,0,0,0,0,0,0,0,0
220009,2,1,0,0,0,0,0,0,0,0,0,0
220010,1,1,0,0,0,0,0,0,0,0,0,0
220010,2,1,0,0,0,0,0,0,0,0,0,0
220011,1,1,0,0,0,0,0,0,0,0,0,0
220012,1,1,0,0,0,0,0,0,0,0,0,0
220012,2,1,0,0,0,0,0,0,0,0,0,0
220013,1,1,0,0,0,0,0,0,0,0,0,0
220014,1,1,0,0,0,0,0,0,0,0,0,0
220014,2,1,0,0,0,0,0,0,0,0,0,0
220015,1,1,0,0,0,0,0,0,0,0,0,0
220015,2,1,7,7,7,7,7,7,7,7,7,7
220016,1,1,20,20,20,20,20,20,20,20,20,20
220017,1,1,0,0,0,0,0,0,0,0,0,0
220018,0,1,0,0,0,0,0,0,0,0,0,0
220018,1,1,0,0,0,0,0,0,0,0,0,0
220018,2,1,0,0,0,0,0,0,0,0,0,0
220019,1,1,25,25,25,25,25,25,25,25,25,25
220020,1,1,0,0,0,0,0,0,0,0,0,0
220021,0,1,0,0,0,0,0,0,0,0,0,0
220021,1,1,0,0,0,0,0,0,0,0,0,0
220022,1,1,14,14,14,14,14,14,14,14,14,14
220022,2,1,0,0,0,0,0,0,0,0,0,0
220023,1,1,0,0,0,0,0,0,0,0,0,0
220024,1,1,0,0,0,0,0,0,0,0,0,0
220025,1,1,0,0,0,0,0,0,0,0,0,0
220025,2,1,0,0,0,0,0,0,0,0,0,0
220026,1,1,0,0,0,0,0,0,0,0,0,0
220026,2,1,0,0,0,0,0,0,0,0,0,0
220026,3,1,0,0,0,0,0,0,0,0,0,0
220027,1,1,0,0,0,0,0,0,0,0,0,0
220028,1,1,0,0,0,0,0,0,0,0,0,0
220028,2,1,20,20,20,20,20,20,20,20,20,20
220029,1,1,15,15,15,15,15,15,15,15,15,15
220030,1,1,15,15,15,15,15,15,15,15,15,15
220030,2,1,0,0,0,0,0,0,0,0,0,0
220031,0,1,27,0,0,0,0,0,20,0,0,48
220031,1,1,0,0,0,0,0,0,0,0,0,0
220032,1,1,0,0,0,0,0,18,0,15,0,0
220033,1,1,0,10,20,16,0,0,0,0,0,0
220033,2,1,0,0,0,0,0,0,0,0,0,0
220034,0,1,22,25,33,16,44,34,35,18,32,20
220034,1,1,0,0,0,0,16,0,0,0,0,0
220035,1,1,12,25,0,0,0,0,0,0,26,0
220036,0,1,0,0,0,16,0,0,8,0,0,0
220036,1,1,0,0,0,0,0,0,0,0,0,0
220037,1,1,0,0,0,0,0,0,0,0,0,0
220037,2,1,0,0,0,0,0,0,0,0,0,0
220037,3,1,0,0,0,0,0,0,0,0,0,0
220038,1,1,0,0,0,0,0,0,0,0,0,0
220038,2,1,0,0,0,0,0,0,0,0,0,0
220039,1,1,0,0,0,0,0,0,0,0,0,0
220039,2,1,0,0,0,0,0,0,0,0,0,0
220039,3,1,0,0,0,0,0,0,0,0,0,0
220040,1,1,0,0,13,0,5,21,15,16,11,24
220041,0,1,0,0,0,13,0,0,0,0,0,18
220041,1,1,0,0,0,0,0,0,0,0,0,0
220042,0,1,11,0,0,0,0,0,0,0,0,0
220042,1,1,0,0,0,0,0,0,0,0,0,0
220043,1,1,0,0,0,0,0,0,0,0,0,0
220044,1,1,16,16,16,16,16,16,16,16,16,16
220045,2,1,12,12,12,12,12,12,12,12,12,12
220046,0,1,0,19,21,22,22,28,0,34,0,0
220046,1,1,0,0,0,0,0,0,8,0,0,0
220047,0,1,15,15,15,15,15,15,15,15,15,15
220047,1,1,0,0,0,0,0,0,0,0,0,0
220048,1,1,0,0,0,0,14,0,12,0,0,15
220049,1,1,26,26,26,26,26,26,26,26,26,26
220050,1,1,0,0,0,0,0,0,0,0,0,0
220050,2,1,0,0,0,0,0,0,0,0,0,0
220050,3,1,0,0,0,0,0,0,0,0,0,0
220051,0,1,21,21,21,21,21,21,21,21,21,21
220051,1,1,0,0,0,0,0,0,0,0,0,0
220052,1,1,0,0,0,0,0,0,0,0,0,0
220052,2,1,0,0,0,0,0,0,0,0,0,0
220053,1,1,0,0,0,0,0,0,0,0,0,0
220054,1,1,0,0,0,0,0,0,0,0,0,0
220054,2,1,0,0,0,0,0,0,0,0,0,0
220054,4,1,0,0,0,0,0,0,0,0,0,0
220055,1,1,12,12,12,12,12,12,12,12,12,12
220056,1,1,0,0,0,0,0,0,0,0,0,0
220056,2,1,0,0,0,0,0,0,0,0,0,0
220057,1,1,0,0,0,0,0,0,0,0,0,0
220057,2,1,0,0,0,0,0,0,0,0,0,0
220058,0,1,0,25,32,32,0,13,0,0,0,25
220058,1,1,0,0,0,0,0,0,0,0,0,0
220059,1,1,21,21,21,21,21,21,21,21,21,21
220060,1,1,13,13,13,13,13,13,13,13,13,13
220061,1,1,0,0,0,0,0,0,0,0,0,0
220061,2,1,0,0,0,0,0,0,0,0,0,0
220061,3,1,0,0,0,0,0,0,0,0,0,0
220062,1,1,0,0,0,0,0,0,0,0,0,0
220062,2,1,0,0,0,0,0,0,0,0,0,0
220063,1,1,0,0,0,0,0,0,0,0,0,0
220063,2,1,0,0,0,0,0,0,0,0,0,0
220063,3,1,0,0,0,0,0,0,0,0,0,0
220063,4,1,12,0,0,0,0,0,0,0,0,0
220064,1,1,0,0,0,0,0,0,0,0,0,0
220064,2,1,0,0,0,0,0,0,0,0,0,0
220065,1,1,0,0,0,0,0,0,0,0,0,0
220066,1,1,0,0,0,0,0,0,0,0,0,0
220066,2,1,0,0,0,0,0,0,0,0,0,0
220066,3,1,0,0,0,0,0,0,0,0,0,0
220067,1,1,0,0,0,0,0,0,0,0,0,0
220068,0,1,0,0,0,0,0,0,0,19,0,6
220068,1,1,0,0,0,9,0,0,0,0,0,0
220069,1,1,0,0,0,28,0,20,0,0,0,0
220070,1,1,0,0,0,0,0,0,0,0,0,0
220071,1,1,21,21,21,21,21,21,21,21,21,21
220072,1,1,23,23,23,23,23,23,23,23,23,23
220072,2,1,0,0,0,0,0,0,0,0,0,0
220073,1,1,18,18,18,18,18,18,18,18,18,18
220074,1,1,12,12,12,12,12,12,12,12,12,12
220074,2,1,0,0,0,0,0,0,0,0,0,0
220075,1,1,21,21,21,21,21,21,21,21,21,21
220076,1,1,0,0,0,0,0,0,0,0,0,0
220076,2,1,0,0,0,0,0,0,0,0,0,0
220077,0,1,13,13,13,13,13,13,13,13,13,13
220077,1,1,0,20,23,0,0,19,32,0,20,0
220078,1,1,14,14,14,14,14,14,14,14,14,14
220079,1,1,0,0,0,0,0,0,0,0,0,0
220079,2,1,7,7,7,7,7,7,7,7,7,7
220080,0,1,0,0,30,18,25,0,0,0,0,13
220080,1,1,0,0,0,0,0,0,0,0,0,0
220081,1,1,22,22,22,22,22,22,22,22,22,22
220082,1,1,0,0,0,0,0,0,0,0,0,0
220083,1,1,20,20,20,20,20,20,20,20,20,20
220084,1,1,20,22,14,18,21,0,21,0,29,7
220085,1,1,15,15,15,15,15,15,15,15,15,15
220086,1,1,26,26,26,26,26,26,26,26,26,26
220086,2,1,0,0,0,0,0,0,0,0,0,0
220087,1,1,0,0,0,0,0,0,0,0,0,0
220087,2,1,0,0,0,0,0,0,0,0,0,0
220088,1,1,0,0,0,0,0,0,0,0,0,0
220089,1,1,20,20,20,20,20,20,20,20,20,20
220090,1,1,0,0,0,0,0,0,0,0,0,0
220090,2,1,0,0,0,0,0,0,0,0,0,0
220091,1,1,0,0,0,0,0,0,0,0,0,0
220091,2,1,0,0,0,0,0,0,0,0,0,0
220092,1,1,14,14,14,14,14,14,14,14,14,14
220093,1,1,28,28,28,28,28,28,28,28,28,28
220094,1,1,17,17,17,17,17,17,17,17,17,17
220094,2,1,1,1,1,1,1,1,1,1,1,1
220095,1,1,14,14,14,14,14,14,14,14,14,14
220096,1,1,21,21,21,21,21,21,21,21,21,21
220096,2,1,0,0,0,0,0,0,0,0,0,0
220096,3,1,0,0,0,0,0,0,0,0,0,0
220097,0,1,9,9,9,9,9,9,9,9,9,9
220097,1,1,0,0,0,0,0,0,0,0,0,0
220098,1,1,21,21,21,21,21,21,21,21,21,21
220099,1,1,8,8,8,8,8,8,8,8,8,8
220099,2,1,13,13,13,13,13,13,13,13,13,13
220100,1,1,0,0,0,0,0,0,0,0,0,0
220101,1,1,0,0,0,0,0,0,0,0,0,0
220102,1,1,18,18,18,18,18,18,18,18,18,18
220104,1,1,27,27,27,27,27,27,27,27,27,27
220105,1,1,0,0,0,0,0,0,0,0,0,0
220106,1,1,17,18,0,20,15,17,10,8,21,14
220107,1,1,0,0,0,0,0,0,0,0,0,0
220107,2,1,0,0,0,0,0,0,0,0,0,0
220108,1,1,12,12,12,12,12,12,12,12,12,12
220108,2,1,0,0,0,0,0,0,0,0,0,0
220109,0,1,32,32,32,32,32,32,32,32,32,32
220109,1,1,0,0,0,0,0,0,0,0,0,0
220110,1,1,0,0,0,0,0,0,0,0,0,0
220110,2,1,0,0,0,0,0,0,0,0,0,0
220110,3,1,0,0,0,0,0,0,0,0,0,0
220111,0,1,0,0,0,0,0,0,0,0,0,0
220111,1,1,0,0,0,0,0,0,0,0,0,0
220112,1,1,23,23,23,23,23,23,23,23,23,23
220113,1,1,0,0,0,0,0,0,0,0,0,0
220113,2,1,0,0,0,0,0,0,0,0,0,0
220114,1,1,0,0,0,0,0,0,0,0,0,0
220114,2,1,0,0,0,0,0,0,0,0,0,0
220115,0,1,16,16,16,16,16,16,16,16,16,16
220115,1,1,0,0,0,0,0,9,0,0,0,0
220116,1,1,14,14,14,14,14,14,14,14,14,14
220117,0,1,20,36,23,24,18,21,35,11,15,41
220117,1,1,0,0,0,0,0,0,0,0,0,0
220118,1,1,26,26,26,26,26,26,26,26,26,26
220119,1,1,0,0,0,0,0,0,0,0,0,0
220120,1,1,26,26,26,26,26,26,26,26,26,26
220121,1,1,0,7,14,21,19,8,0,0,0,0
220122,0,1,17,34,43,17,34,37,12,39,24,28
220122,1,1,0,0,0,0,0,0,0,0,0,0
220123,1,1,5,5,5,5,5,5,5,5,5,5
220123,2,1,0,0,0,0,0,0,0,0,0,0
220123,3,1,0,0,0,0,0,0,0,0,0,0
220124,1,1,19,20,19,15,23,0,19,19,18,0
220125,1,1,0,0,0,0,0,0,0,0,0,0
220125,2,1,0,0,0,0,0,0,0,0,0,0
220126,0,1,31,31,31,31,31,31,31,31,31,31
220126,1,1,0,0,0,0,0,0,0,0,0,0
220126,2,1,0,0,22,0,0,0,0,15,0,0
220127,1,1,0,0,0,0,0,0,0,0,0,0
220127,2,1,0,0,0,0,0,0,0,0,0,0
220128,1,1,0,0,0,0,0,0,0,0,0,0
220129,1,1,19,19,19,19,19,19,19,19,19,19
220130,1,1,8,8,8,8,8,8,8,8,8,8
220131,1,1,9,0,28,0,9,0,31,12,14,35
220132,1,1,0,0,0,0,0,0,0,0,0,0
220133,1,1,15,28,9,16,35,7,13,14,12,15
220134,1,1,0,0,0,0,0,0,0,0,0,0
220134,2,1,0,0,0,0,0,0,0,0,0,0
220136,1,1,0,0,0,0,0,0,0,0,0,0
220137,1,1,0,0,0,0,0,0,0,0,0,0
220137,2,1,0,0,0,0,0,0,0,0,0,0
220138,1,1,0,0,12,0,0,0,9,25,15,21
220139,0,1,0,0,18,25,16,32,15,28,0,0
220139,1,1,0,0,0,0,0,0,0,0,0,0
220140,1,1,18,18,18,18,18,18,18,18,18,18
220141,1,1,0,0,0,0,0,0,0,0,0,0
220141,2,1,0,7,0,0,0,0,29,0,0,0
220142,1,1,0,0,0,0,0,0,0,0,0,0
220143,1,1,0,0,0,0,0,0,0,0,0,0
220143,2,1,0,0,0,0,0,0,0,0,0,0
220144,1,1,0,0,0,0,0,0,0,0,0,0
220145,1,1,0,0,0,0,0,0,0,0,0,0
220145,2,1,0,0,0,0,0,0,0,0,0,0
220145,3,1,0,0,0,0,0,0,0,0,0,0
220146,1,1,0,0,0,0,0,0,0,0,0,0
220146,2,1,0,0,0,0,0,0,0,0,0,0
220147,1,1,0,0,0,0,0,0,0,0,0,0
220147,2,1,0,0,0,0,0,0,0,0,0,0
220148,1,1,12,12,12,12,12,12,12,12,12,12
220148,2,1,0,0,0,0,0,0,0,0,0,0
220149,1,1,0,0,7,0,0,9,0,0,0,0
220150,1,1,0,0,0,0,0,0,0,0,0,0
220151,0,1,10,10,10,10,10,10,10,10,10,10
220152,1,1,0,0,0,0,0,0,0,0,0,0
220153,1,1,8,8,8,8,8,8,8,8,8,8
220153,2,1,0,0,0,0,0,0,0,0,0,0
220154,1,1,4,4,4,4,4,4,4,4,4,4
220155,1,1,0,0,0,0,0,0,0,0,0,0
220156,1,1,0,7,0,0,0,0,16,0,0,0
220156,2,1,0,0,0,0,0,0,0,0,0,0
220157,1,1,17,17,17,17,17,17,17,17,17,17
220158,1,1,8,8,8,8,8,8,8,8,8,8
220159,1,1,0,0,0,0,0,0,0,0,0,0
220160,1,1,4,4,4,4,4,4,4,4,4,4
220161,1,1,0,0,0,0,0,0,0,0,0,0
220161,2,1,0,0,0,0,0,0,0,0,0,0
220162,1,1,0,0,0,0,0,0,0,0,0,0
220163,1,1,32,28,12,26,52,18,14,0,19,0
220164,1,1,20,20,20,20,20,20,20,20,20,20
220164,2,1,1,1,1,1,1,1,1,1,1,1
220165,1,1,0,0,0,0,0,0,0,0,0,0
220165,2,1,0,0,0,0,0,0,0,0,0,0
220166,1,1,0,0,0,0,0,0,0,0,0,0
220166,2,1,0,0,0,0,0,0,0,0,0,0
220167,0,1,0,0,0,0,0,0,0,0,0,0
220167,1,1,0,0,0,0,0,0,0,0,0,0
220168,1,1,0,0,0,0,0,0,0,0,0,0
220168,2,1,0,0,0,0,0,0,0,0,0,0
220169,0,1,46,27,43,0,17,0,0,28,0,0
220169,1,1,11,9,0,3,0,0,0,0,14,0
220170,1,1,12,27,18,0,12,10,13,31,19,0
220171,1,1,0,0,22,0,0,0,0,0,7,13
220172,1,1,0,0,0,0,0,0,0,0,0,0
220173,1,1,0,0,0,0,0,0,0,0,0,0
220173,2,1,0,0,0,0,0,0,0,0,0,0
220174,1,1,0,0,0,0,0,0,0,0,0,0
220174,2,1,0,0,0,0,0,0,0,0,0,0
220175,1,1,0,0,0,0,0,0,0,0,0,0
220176,1,1,0,0,0,0,0,0,0,0,0,0
220177,1,1,0,0,0,0,0,0,0,0,0,0
220178,1,1,10,10,10,10,10,10,10,10,10,10
220178,2,1,0,0,0,0,0,0,0,0,0,0
220179,1,1,0,0,0,0,0,0,0,0,0,0
220181,0,1,15,15,15,15,15,15,15,15,15,15
220181,1,1,0,0,0,0,0,0,0,0,0,0
220183,1,1,15,15,15,15,15,15,15,15,15,15
220183,2,1,0,0,3,27,13,31,17,22,8,14
220184,1,1,0,0,0,0,0,0,0,0,0,0
220185,1,1,8,8,8,8,8,8,8,8,8,8
220186,1,1,0,0,0,0,0,0,0,0,0,0
220186,2,1,13,0,10,11,0,0,4,13,19,5
220187,1,1,0,0,0,0,0,0,0,0,0,0
220188,1,1,9,0,0,0,0,4,0,0,13,28
220188,2,1,0,0,0,0,0,0,0,0,0,0
220189,0,1,22,22,22,22,22,22,22,22,22,22
220189,1,1,0,0,0,0,0,0,0,0,0,0
220190,1,1,0,0,0,0,0,0,0,0,0,0
220191,1,1,17,17,17,17,17,17,17,17,17,17