ST_CASE,VEH_NO,PER_NO,P1,P2,P3,P4,P5,P6,P7,P8,P9,P10
220191,2,1,2,2,2,2,2,2,2,2,2,2
220192,1,1,0,0,0,0,0,0,0,0,0,0
220192,2,1,0,0,0,0,0,0,0,0,0,0
220193,1,1,0,0,0,0,0,0,0,0,0,0
220193,2,1,0,0,0,0,0,0,0,0,0,0
220194,1,1,0,0,0,0,0,0,0,0,0,0
220194,2,1,7,7,7,7,7,7,7,7,7,7
220195,1,1,0,12,0,0,0,22,0,0,0,13
220196,1,1,0,0,0,0,0,0,0,0,0,0
220196,2,1,0,0,0,0,0,0,0,0,0,0
220197,1,1,26,26,26,26,26,26,26,26,26,26
220198,1,1,0,19,0,0,27,0,12,0,4,0
220199,1,1,0,0,0,0,0,0,0,0,0,0
220200,1,1,0,0,0,0,0,0,0,0,0,0
220200,2,1,0,0,7,5,11,0,0,0,0,0
220201,1,1,0,0,0,0,0,0,0,0,0,0
220201,2,1,0,0,0,0,0,0,0,0,0,0
220202,1,1,15,15,15,15,15,15,15,15,15,15
220203,1,1,0,0,0,0,0,0,0,0,0,0
220203,2,1,0,0,0,0,0,0,0,0,0,0
220204,1,1,0,0,0,0,0,0,0,0,0,0
220204,2,1,0,0,0,0,0,20,0,0,0,0
220205,1,1,10,10,10,10,10,10,10,10,10,10
220206,1,1,0,0,0,0,0,0,0,0,0,0
220207,1,1,0,0,0,0,0,0,0,0,0,0
220207,2,1,0,0,0,0,0,0,0,0,0,0
220208,0,1,0,21,0,0,22,0,0,35,0,27
220209,1,1,0,0,0,0,0,0,0,0,0,0
220210,1,1,0,0,0,0,0,0,0,0,0,0
220210,2,1,0,0,0,0,0,0,0,0,0,0
220211,1,1,0,0,0,0,0,0,0,0,0,0
220212,1,1,0,0,0,0,0,0,0,0,0,0
220212,2,1,0,0,0,0,0,0,0,0,0,0
220213,1,1,9,9,9,9,9,9,9,9,9,9
220213,2,1,0,0,0,0,0,0,0,0,0,0
220214,1,1,0,0,0,0,0,0,0,0,0,0
220215,1,1,0,0,0,0,0,0,0,0,0,0
220215,2,1,0,0,0,0,0,0,0,0,0,0
220216,1,1,0,0,0,0,0,0,0,0,0,0
220216,2,1,0,0,0,0,0,0,0,0,0,0
220217,1,1,0,0,0,0,0,0,0,0,0,0
220217,2,1,0,0,0,0,0,0,0,0,0,0
220218,1,1,24,24,24,24,24,24,24,24,24,24
220219,1,1,0,0,0,0,0,0,0,4,0,0
220220,1,1,20,20,20,20,20,20,20,20,20,20
220220,2,1,0,0,0,0,0,0,0,0,0,0
220221,0,1,10,10,10,10,10,10,10,10,10,10
220221,2,1,0,0,0,0,0,0,0,0,0,0
220221,3,1,0,0,0,0,0,0,0,0,0,0
220222,1,1,0,0,0,0,0,0,0,0,0,0
220222,2,1,0,0,0,0,0,0,0,0,0,0
220223,0,1,7,7,7,7,7,7,7,7,7,7
220223,1,1,0,0,0,0,0,0,0,0,0,0
220224,1,1,5,5,5,5,5,5,5,5,5,5
220224,2,1,0,0,0,0,0,0,0,0,0,0
220225,1,1,0,0,0,0,0,0,0,0,0,0
220225,2,1,0,0,0,0,0,0,0,22,0,0
220226,1,1,0,0,0,0,0,0,0,0,0,0
220227,1,1,0,0,0,0,0,0,0,0,0,0
220228,1,1,0,0,0,0,0,0,0,0,0,0
220228,2,1,0,0,0,0,0,0,0,0,0,0
220229,1,1,29,21,21,32,20,16,34,22,20,13
220230,1,1,15,15,15,15,15,15,15,15,15,15
220230,2,1,0,0,0,0,0,0,0,0,0,0
220231,0,1,33,43,0,0,0,0,0,0,0,0
220231,1,1,0,0,0,0,0,0,0,0,0,0
220232,1,1,0,0,0,16,0,0,0,0,0,0
220233,1,1,14,14,14,14,14,14,14,14,14,14
220233,2,1,0,0,0,0,0,0,0,0,0,0
220234,1,1,6,6,6,6,6,6,6,6,6,6
220235,1,1,0,0,0,0,0,0,0,0,0,0
220236,1,1,11,11,11,11,11,11,11,11,11,11
220237,1,1,0,0,0,0,0,0,0,0,0,0
220237,2,1,0,0,0,0,0,0,0,0,0,0
220238,1,1,27,27,27,27,27,27,27,27,27,27
220238,2,1,0,3,0,0,6,0,0,0,0,16
220238,3,1,0,0,0,0,0,0,0,0,0,0
220238,4,1,0,0,0,0,0,0,0,0,22,0
220239,1,1,0,0,0,0,0,0,0,0,0,0
220239,2,1,0,0,0,0,0,0,0,0,0,0
220240,1,1,0,0,0,0,0,0,0,0,0,0
220241,1,1,0,0,0,0,0,0,0,0,0,0
220241,2,1,0,0,0,0,0,0,17,0,0,0
220242,1,1,0,0,0,0,0,0,0,0,0,0
220242,2,1,0,0,0,0,0,0,0,0,0,0
220243,1,1,0,0,0,0,0,0,0,0,0,0
220244,0,1,13,13,13,13,13,13,13,13,13,13
220244,1,1,0,0,0,0,0,0,0,0,0,0
220245,1,1,0,0,0,0,0,0,0,0,0,0
220245,2,1,0,0,0,0,0,0,0,0,0,0
220246,1,1,11,11,11,11,11,11,11,11,11,11
220247,1,1,0,0,0,0,0,0,0,0,0,0
220247,2,1,0,0,0,0,0,0,0,0,0,0
220248,1,1,0,0,19,0,0,0,29,26,0,0
220249,1,1,5,5,5,5,5,5,5,5,5,5
220249,2,1,0,0,0,23,0,0,0,0,0,0
220250,1,1,0,0,0,0,0,0,0,0,0,0
220251,0,1,22,11,0,26,13,8,0,0,25,13
220251,1,1,13,0,0,11,0,0,0,0,23,5
220252,1,1,0,16,24,24,30,15,0,24,26,26
220253,1,1,22,22,22,22,22,22,22,22,22,22
220254,0,1,38,38,38,38,38,38,38,38,38,38
220254,1,1,0,0,0,0,0,0,0,0,0,0
220255,1,1,11,11,11,11,11,11,11,11,11,11
220256,1,1,0,0,0,0,0,0,0,0,0,0
220256,2,1,0,0,0,0,0,0,0,0,0,0
220257,1,1,0,0,0,0,0,0,0,0,0,0
220257,2,1,0,0,0,0,0,0,0,0,0,0
220258,1,1,0,0,0,0,0,0,0,0,0,0
220259,1,1,0,0,0,0,0,0,0,0,0,0
220260,1,1,16,16,16,16,16,16,16,16,16,16
220261,1,1,0,0,0,0,0,0,0,0,0,0
220261,2,1,0,0,0,0,0,0,0,0,0,0
220262,0,1,0,29,0,0,0,0,0,29,17,0
220262,1,1,0,0,0,0,0,0,0,0,0,0
220263,1,1,0,0,0,0,0,0,0,0,0,14
220263,2,1,0,0,0,0,0,0,0,0,0,0
220264,1,1,39,0,5,11,6,17,0,11,0,0
220264,2,1,0,0,0,0,0,0,0,0,0,0
220265,1,1,13,18,0,36,17,24,29,19,12,22
220266,1,1,0,0,0,0,0,0,0,0,0,0
220266,2,1,0,0,0,0,0,0,0,0,0,0
220267,1,1,0,0,0,0,0,0,0,0,0,0
220267,2,1,0,0,0,0,0,0,0,0,0,0
220268,1,1,16,16,16,16,16,16,16,16,16,16
220268,2,1,4,4,4,4,4,4,4,4,4,4
220269,1,1,27,27,27,27,27,27,27,27,27,27
220270,1,1,24,24,24,24,24,24,24,24,24,24
220270,2,1,0,0,0,0,0,0,0,0,0,0
220271,1,1,0,0,0,0,0,0,0,0,0,0
220271,2,1,0,0,0,0,0,0,0,0,0,0
220272,1,1,0,0,0,0,0,0,0,0,0,0
220272,2,1,0,0,0,0,0,0,0,0,0,0
220273,1,1,0,0,0,0,0,0,0,0,0,0
220274,1,1,0,0,0,0,0,0,0,0,0,0
220275,0,1,22,22,22,22,22,22,22,22,22,22
220275,2,1,0,0,13,9,0,0,0,0,0,0
220276,1,1,0,0,0,0,0,0,0,0,0,0
220276,2,1,0,0,0,0,0,0,0,0,0,0
220277,1,1,0,0,0,0,0,0,0,0,0,0
220277,2,1,0,0,0,0,0,0,0,0,0,0
220278,1,1,7,7,7,7,7,7,7,7,7,7
220279,1,1,0,0,0,0,0,0,0,0,0,0
220280,1,1,0,0,0,0,0,0,0,0,0,0
220281,1,1,0,0,0,0,0,0,0,0,0,0
220281,2,1,0,0,0,0,0,0,0,0,0,0
220282,1,1,9,9,9,9,9,9,9,9,9,9
220282,2,1,0,0,0,0,0,0,0,0,0,0
220283,0,1,16,3,18,6,30,34,11,13,17,35
220283,1,1,20,16,20,0,0,17,32,0,0,0
220283,2,1,0,0,0,0,0,0,0,0,0,0
220284,1,1,11,11,11,11,11,11,11,11,11,11
220284,2,1,0,0,0,0,0,0,0,0,0,0
220285,1,1,16,16,16,16,16,16,16,16,16,16
220285,2,1,10,10,10,10,10,10,10,10,10,10
220286,1,1,21,21,21,21,21,21,21,21,21,21
220287,1,1,0,0,0,0,0,0,0,0,0,0
220287,2,1,0,0,0,0,0,0,0,0,0,0
220288,1,1,0,0,0,0,0,0,0,0,0,0
220288,2,1,0,0,0,0,0,0,0,0,0,0
220289,1,1,0,0,0,0,0,0,0,0,0,0
220289,2,1,0,0,0,0,0,0,0,0,0,0
220290,1,1,0,0,0,0,0,0,0,0,0,0
220291,1,1,0,0,0,0,0,0,0,0,0,0
220292,1,1,0,0,0,0,0,0,0,0,0,0
220292,2,1,0,0,0,0,0,0,0,0,0,0
220293,1,1,0,0,0,0,0,0,0,0,0,0
220294,1,1,22,22,22,22,22,22,22,22,22,22
220295,1,1,9,9,9,9,9,9,9,9,9,9
220296,1,1,0,0,0,0,0,0,0,0,0,0
220296,2,1,58,58,58,58,58,58,58,58,58,58
220296,3,1,0,0,0,0,0,0,0,0,0,0
220297,0,1,20,20,20,20,20,20,20,20,20,20
220297,1,1,0,0,0,0,0,0,0,0,0,0
220298,1,1,6,6,6,6,6,6,6,6,6,6
220299,1,1,34,34,34,34,34,34,34,34,34,34
220300,1,1,22,22,22,22,22,22,22,22,22,22
220301,1,1,13,13,13,13,13,13,13,13,13,13
220302,1,1,22,22,22,22,22,22,22,22,22,22
220303,1,1,0,0,0,0,0,0,0,0,0,0
220303,2,1,0,0,0,0,0,0,0,0,0,0
220303,3,1,0,0,0,0,0,0,0,0,0,0
220304,1,1,0,0,0,0,0,0,0,0,0,0
220305,0,1,13,18,31,40,26,40,30,44,37,18
220305,1,1,0,0,4,0,17,0,0,20,0,0
220306,1,1,20,20,20,20,20,20,20,20,20,20
220307,0,1,20,0,0,0,0,24,0,0,0,0
220307,1,1,16,0,0,11,0,19,0,8,0,0
220308,1,1,0,0,0,0,0,0,0,0,0,0
220308,2,1,0,0,0,0,0,0,0,0,0,0
220309,1,1,0,0,0,0,0,0,0,0,0,0
220310,0,1,26,0,0,0,23,0,0,0,0,0
220310,1,1,0,0,11,0,12,0,0,0,0,0
220311,1,1,0,0,0,0,0,0,0,0,0,0
220312,1,1,0,0,0,0,0,0,0,0,0,0
220312,2,1,0,0,0,0,0,0,0,0,0,0
220313,1,1,0,0,0,0,0,0,0,0,0,0
220313,2,1,0,0,0,0,0,0,0,0,0,0
220314,1,1,25,25,25,25,25,25,25,25,25,25
220315,0,1,18,9,0,0,24,0,24,34,0,13
220315,1,1,0,0,0,0,21,0,0,17,0,0
220316,1,1,0,11,16,0,26,28,0,0,0,20
220317,1,1,0,0,0,0,0,0,0,0,0,0
220317,2,1,0,0,0,0,0,0,0,0,0,0
220318,1,1,0,0,0,0,0,0,0,0,0,0
220319,0,1,0,0,0,0,0,0,0,0,0,0
220319,1,1,0,0,0,0,0,0,0,0,0,9
220320,1,1,9,9,9,9,9,9,9,9,9,9
220321,1,1,0,0,0,0,0,0,0,0,0,14
220322,0,1,0,0,0,0,0,0,0,0,0,0
220322,1,1,12,12,12,12,12,12,12,12,12,12
220323,1,1,15,15,15,15,15,15,15,15,15,15
220324,1,1,0,0,0,0,0,0,15,0,0,0
220324,2,1,0,0,0,0,0,0,0,0,0,0
220325,1,1,0,0,0,0,0,0,0,0,0,0
220325,2,1,0,0,0,0,0,0,0,0,0,0
220326,1,1,18,18,18,18,18,18,18,18,18,18
220327,1,1,22,22,22,22,22,22,22,22,22,22
220328,1,1,18,18,18,18,18,18,18,18,18,18
220329,1,1,13,13,13,13,13,13,13,13,13,13
220330,1,1,21,21,21,21,21,21,21,21,21,21
220330,2,1,0,0,0,0,0,0,0,0,0,0
220331,1,1,18,18,18,18,18,18,18,18,18,18
220332,0,1,0,33,0,24,22,7,0,23,0,12
220332,1,1,0,0,0,0,0,0,0,0,0,0
220333,1,1,0,0,0,0,0,0,0,0,0,0
220333,2,1,0,0,0,0,0,0,0,0,0,0
220334,1,1,34,34,34,34,34,34,34,34,34,34
220334,2,1,0,0,0,0,0,0,0,0,0,0
220334,3,1,0,0,0,0,0,0,0,0,0,0
220335,1,1,32,32,32,32,32,32,32,32,32,32
220336,1,1,18,18,18,18,18,18,18,18,18,18
220337,1,1,0,0,0,0,0,0,0,0,0,0
220337,2,1,0,0,0,0,0,0,0,0,0,0
220338,1,1,0,0,0,0,0,0,0,0,0,0
220338,2,1,0,0,0,0,0,0,0,0,0,0
220339,1,1,0,0,0,0,0,0,0,0,0,0
220339,2,1,0,0,0,0,0,0,0,0,0,0
220340,1,1,13,13,13,13,13,13,13,13,13,13
220341,1,1,0,0,0,0,0,0,0,0,0,0
220342,1,1,13,13,13,13,13,13,13,13,13,13
220343,1,1,0,0,0,0,0,0,0,0,0,0
220343,2,1,0,0,0,0,0,0,0,0,0,0
220344,0,1,12,12,12,12,12,12,12,12,12,12
220344,1,1,7,7,7,7,7,7,7,7,7,7
220345,0,1,0,27,0,0,0,8,0,0,20,25
220345,1,1,2,2,2,2,2,2,2,2,2,2
220346,1,1,0,0,0,0,0,0,0,0,0,0
220347,1,1,0,0,0,0,0,0,0,0,0,0
220348,0,1,0,0,0,0,0,0,0,0,0,0
220348,1,1,0,0,0,0,0,0,0,0,0,0
220349,1,1,0,0,0,0,0,0,0,0,0,0
220350,1,1,0,0,0,0,0,0,0,0,0,0
220350,2,1,0,0,0,0,0,0,0,0,0,0
220351,1,1,1,1,1,1,1,1,1,1,1,1
220351,2,1,0,0,0,0,0,0,0,0,0,0
220352,1,1,13,13,13,13,13,13,13,13,13,13
220352,2,1,0,0,0,0,0,0,0,0,0,0
220353,1,1,18,18,18,18,18,18,18,18,18,18
220354,1,1,0,0,0,0,0,0,0,0,0,0
220354,2,1,0,0,0,0,0,0,0,0,0,0
220355,1,1,14,14,14,14,14,14,14,14,14,14
220356,1,1,0,0,0,0,0,0,0,0,0,0
220356,2,1,0,0,0,0,0,0,0,0,0,0
220357,1,1,12,12,12,12,12,12,12,12,12,12
220358,1,1,8,8,8,8,8,8,8,8,8,8
220359,1,1,0,0,0,0,0,0,0,0,0,0
220360,1,1,22,22,22,22,22,22,22,22,22,22
220361,1,1,14,14,14,14,14,14,14,14,14,14
220362,1,1,11,11,11,11,11,11,11,11,11,11
220362,2,1,0,0,0,0,11,0,0,0,0,0
220363,1,1,0,0,0,0,0,0,0,0,0,0
220363,2,1,0,0,0,0,0,0,0,0,0,0
220364,1,1,0,0,0,0,0,0,0,0,0,0
220364,2,1,1,1,1,1,1,1,1,1,1,1
220365,1,1,5,28,28,0,0,25,16,24,11,14
220366,1,1,22,22,22,22,22,22,22,22,22,22
220366,2,1,0,0,0,0,0,0,0,0,0,0
220367,1,1,0,0,0,0,0,0,0,0,0,0
220368,1,1,0,0,0,0,0,0,0,0,0,0
220369,1,1,0,0,0,0,0,0,0,0,0,0
220369,2,1,0,0,0,0,0,0,0,0,0,0
220370,1,1,7,7,7,7,7,7,7,7,7,7
220371,0,1,0,0,0,0,0,0,0,0,0,0
220371,1,1,0,0,0,0,0,0,0,0,0,0
220372,1,1,0,0,0,0,0,0,0,0,0,0
220372,2,1,0,0,0,0,0,0,0,0,0,0
220373,1,1,0,0,0,0,0,0,0,0,0,0
220374,0,1,17,17,17,17,17,17,17,17,17,17
220374,1,1,6,6,6,6,6,6,6,6,6,6
220375,1,1,19,19,19,19,19,19,19,19,19,19
220376,1,1,17,15,29,0,3,10,0,16,27,20
220377,1,1,0,0,14,0,20,27,25,6,23,0
220378,1,1,0,0,0,0,0,0,0,0,0,0
220379,0,1,0,0,0,0,0,9,0,11,0,16
220379,1,1,0,0,0,0,0,0,0,0,0,0
220380,1,1,0,12,0,0,0,0,0,8,0,0
220380,2,1,0,0,0,0,0,0,0,0,0,0
220381,1,1,0,0,0,0,0,0,0,0,0,0
220381,2,1,0,0,0,0,0,0,11,0,0,0
220382,1,1,0,0,0,0,0,0,0,0,0,0
220382,2,1,0,0,0,0,0,0,0,0,0,0
220383,1,1,0,0,0,0,0,0,0,0,20,0
220383,2,1,0,0,0,0,0,0,0,0,0,0
220384,1,1,0,0,0,0,0,0,0,0,0,0
220384,2,1,16,16,16,16,16,16,16,16,16,16
220385,0,1,0,13,13,3,13,26,12,29,0,4
220386,1,1,0,0,0,0,0,0,0,0,5,0
220387,1,1,0,0,0,0,0,0,0,0,0,0
220387,2,1,0,0,0,0,0,0,0,0,0,0
220388,1,1,0,0,0,0,0,0,0,0,0,0
220388,2,1,0,0,0,0,0,0,0,0,0,0
220389,1,1,6,6,6,6,6,6,6,6,6,6
220390,0,1,17,17,17,17,17,17,17,17,17,17
220390,1,1,8,0,15,16,0,10,0,0,30,0
220391,1,1,24,24,24,24,24,24,24,24,24,24
220391,2,1,0,0,0,0,0,0,0,0,0,0
220392,1,1,18,18,18,18,18,18,18,18,18,18
220392,2,1,13,13,13,13,13,13,13,13,13,13
220393,1,1,21,21,21,21,21,21,21,21,21,21
220394,0,1,0,0,0,0,0,0,0,0,0,0
220394,0,2,0,0,0,0,0,0,0,0,0,0
220394,1,1,0,0,0,0,0,0,0,0,0,0
220395,1,1,0,0,0,0,0,0,0,0,0,0
220395,2,1,0,0,0,0,0,0,0,0,0,0
220396,1,1,19,19,19,19,19,19,19,19,19,19
220396,2,1,0,0,0,0,0,0,0,0,0,0
220397,1,1,0,0,0,0,0,0,0,0,0,0
220397,2,1,0,0,0,0,0,0,0,0,0,0
220398,1,1,0,0,0,0,0,0,0,0,0,0
220398,2,1,10,10,10,10,10,10,10,10,10,10
220398,3,1,0,0,0,0,0,0,0,0,0,0
220398,4,1,0,0,0,0,0,0,0,0,0,0
220399,1,1,0,0,0,0,0,0,0,0,0,0
220400,0,1,0,0,0,0,0,0,0,0,0,0
220400,1,1,0,0,0,0,0,0,0,0,0,0
220401,1,1,18,18,18,18,18,18,18,18,18,18
220402,1,1,7,7,7,7,7,7,7,7,7,7
220403,1,1,0,4,4,0,0,18,0,0,0,12
220404,1,1,11,11,11,11,11,11,11,11,11,11
220405,1,1,0,0,0,0,0,0,0,0,0,0
220406,1,1,0,0,0,0,28,0,0,0,0,0
220406,2,1,0,0,0,22,0,0,0,0,0,0
220407,0,1,38,38,38,38,38,38,38,38,38,38
220407,1,1,0,0,0,0,0,0,0,0,0,0
220408,1,1,0,0,0,13,14,0,0,0,0,0
220409,1,1,14,14,14,14,14,14,14,14,14,14
220410,1,1,0,0,0,0,0,0,0,0,0,0
220410,2,1,0,0,0,0,0,0,0,0,0,0
220411,1,1,0,0,0,0,0,0,0,0,0,0
220411,2,1,0,0,0,0,0,0,0,0,0,0
220412,1,1,12,16,15,5,11,12,14,21,14,9
220413,1,1,5,5,5,5,5,5,5,5,5,5
220414,1,1,0,0,0,0,0,0,0,0,0,0
220415,1,1,24,24,24,24,24,24,24,24,24,24
220416,0,1,12,12,12,12,12,12,12,12,12,12
220416,1,1,0,0,0,0,0,0,0,0,0,0
220417,1,1,0,0,0,0,0,0,0,0,0,0
220417,2,1,0,0,18,0,0,0,0,0,20,0
220418,1,1,0,0,0,0,0,0,0,0,0,0
220418,2,1,0,0,0,0,0,0,0,0,0,0
220419,1,1,16,0,0,0,4,0,12,17,0,0
220419,2,1,12,0,13,0,16,0,0,17,22,0
220420,1,1,0,0,0,0,0,0,0,0,0,0
220421,1,1,0,0,0,0,0,0,0,0,0,0
220422,0,1,31,17,17,12,12,30,28,7,24,17
220422,1,1,0,0,0,0,0,0,0,0,0,0
220423,1,1,0,0,0,0,0,0,0,0,0,0
220423,2,1,4,4,4,4,4,4,4,4,4,4
220424,0,1,25,25,25,25,25,25,25,25,25,25
220424,1,1,0,0,0,0,0,0,0,0,0,0
220425,1,1,0,0,0,0,0,0,0,0,0,0
220425,2,1,0,0,0,0,0,0,0,0,0,0
220426,1,1,0,0,0,0,0,0,0,0,0,0
220426,2,1,0,0,0,0,0,0,0,0,0,0
220427,1,1,0,0,0,0,0,0,0,0,0,0
220428,1,1,27,27,27,27,27,27,27,27,27,27
220429,1,1,38,38,38,38,38,38,38,38,38,38
220430,0,1,5,42,17,34,20,14,34,0,6,6
220430,1,1,0,0,0,0,0,0,0,0,0,0
220431,1,1,0,0,0,0,0,0,0,0,0,0
220431,2,1,0,0,0,0,0,0,0,0,0,0
220431,3,1,0,0,0,0,0,0,0,0,0,0
220431,4,1,0,0,0,0,0,0,0,0,0,0
220432,1,1,0,0,0,0,0,0,0,0,0,0
220432,2,1,0,0,0,0,0,0,0,0,0,0
220433,0,1,0,0,0,0,5,0,0,0,17,41
220433,1,1,9,0,0,0,0,13,21,0,0,15
220434,1,1,9,17,18,11,22,12,11,13,14,0
220434,2,1,4,4,4,4,4,4,4,4,4,4
220435,1,1,0,0,0,0,0,0,0,0,0,0
220435,2,1,0,0,0,0,0,0,0,0,0,0
220436,1,1,22,21,0,0,0,0,0,18,25,13
220437,1,1,0,0,0,0,0,0,0,0,0,0
220438,1,1,0,0,0,0,0,0,0,0,0,0
220438,2,1,7,0,0,0,0,0,0,6,0,0
220439,1,1,0,0,0,0,0,0,0,0,0,0
220439,2,1,0,0,0,0,0,0,0,0,0,0
220440,1,1,0,0,0,0,0,0,0,0,0,0
220441,1,1,0,0,0,0,0,0,0,0,0,0
220442,1,1,10,10,10,10,10,10,10,10,10,10
220443,0,1,20,20,20,20,20,20,20,20,20,20
220443,1,1,0,0,0,0,0,0,0,0,0,0
220444,1,1,21,21,21,21,21,21,21,21,21,21
220445,1,1,0,0,0,0,0,0,0,0,0,0
220445,2,1,0,0,0,0,0,0,0,0,0,0
220446,1,1,24,24,24,24,24,24,24,24,24,24
220447,1,1,23,23,23,23,23,23,23,23,23,23
220447,2,1,0,0,0,0,0,0,0,0,0,0
220448,1,1,22,22,22,22,22,22,22,22,22,22
220449,1,1,0,0,0,0,0,0,0,0,0,0
220449,2,1,0,0,0,0,0,0,0,0,0,0
220449,3,1,0,0,0,0,0,0,0,0,0,0
220449,4,1,0,0,0,0,0,0,0,0,0,0
220450,1,1,0,0,0,0,0,0,0,0,0,0
220451,1,1,0,0,0,0,0,0,0,0,0,0
220451,2,1,0,0,0,0,0,0,0,0,0,0
220452,1,1,26,26,26,26,26,26,26,26,26,26
220453,1,1,30,20,13,19,23,23,28,18,10,8
220454,1,1,19,19,19,19,19,19,19,19,19,19
220455,1,1,0,0,0,0,0,0,0,0,0,0
220456,1,1,0,0,0,0,0,0,0,0,0,0
220456,2,1,0,0,0,0,0,0,0,0,0,0
220457,1,1,21,21,11,0,18,28,11,5,16,24
220458,1,1,0,0,0,0,0,0,0,0,0,0
220459,1,1,12,12,12,12,12,12,12,12,12,12
220460,0,1,0,13,14,0,0,25,4,10,10,14
220460,1,1,0,0,0,0,0,0,0,0,0,0
220460,2,1,0,0,0,0,0,0,0,0,0,0
220461,2,1,23,23,23,23,23,23,23,23,23,23
220462,1,1,0,0,0,0,0,0,0,0,0,0
220462,2,1,0,0,0,0,0,15,0,0,0,0
220462,3,1,0,0,0,0,0,0,0,0,0,0
220463,1,1,0,0,0,0,0,0,0,0,0,0
220463,2,1,0,0,0,0,0,0,0,0,0,0
220464,1,1,13,13,13,13,13,13,13,13,13,13
220465,0,1,42,39,19,46,21,6,19,27,21,56
220465,1,1,0,0,0,0,0,0,0,0,0,0
220466,1,1,0,0,0,0,0,0,0,0,0,0
220466,2,1,0,0,0,0,0,0,0,0,0,0
220466,3,1,0,0,0,0,0,0,0,0,0,0
220467,0,1,13,13,13,13,13,13,13,13,13,13
220467,1,1,0,0,0,0,0,0,0,4,0,0
220468,1,1,0,0,0,0,0,0,0,0,0,0
220468,2,1,0,0,0,0,0,0,0,0,0,0
220469,1,1,17,17,17,17,17,17,17,17,17,17
220470,1,1,0,0,0,0,0,0,0,0,0,0
220471,1,1,4,4,4,4,4,4,4,4,4,4
220472,1,1,0,0,0,0,0,0,0,0,0,0
220472,2,1,0,0,0,0,0,0,0,0,0,0
220472,3,1,0,0,0,0,0,0,0,0,0,0
220473,1,1,14,14,14,14,14,14,14,14,14,14
220473,2,1,0,0,0,0,0,0,0,0,0,0
220474,1,1,2,2,2,2,2,2,2,2,2,2
220475,1,1,0,0,0,0,0,0,0,0,0,0
220475,2,1,0,0,0,0,0,0,0,0,0,0
220476,1,1,13,13,13,13,13,13,13,13,13,13
220477,1,1,0,0,0,0,0,0,0,0,0,0
220478,1,1,17,17,17,17,17,17,17,17,17,17
220479,1,1,0,0,0,0,0,0,0,0,0,0
220479,2,1,0,0,0,0,0,0,0,0,0,0
220481,1,1,0,0,0,0,0,0,0,0,0,0
220481,2,1,18,18,18,18,18,18,18,18,18,18
220482,1,1,0,0,0,0,0,0,0,0,3,0
220482,2,1,0,0,0,0,0,0,0,0,0,0
220483,0,1,0,0,0,0,0,0,0,0,0,9
220483,1,1,0,0,0,0,30,0,0,0,0,0
220484,1,1,20,20,20,20,20,20,20,20,20,20
220485,1,1,14,14,14,14,14,14,14,14,14,14
220486,1,1,0,0,0,0,0,0,0,0,0,0
220487,0,1,0,0,0,0,0,0,0,0,0,0
220487,1,1,0,0,0,0,0,0,0,0,0,0
220488,1,1,0,0,0,0,0,0,0,0,0,0
220488,2,1,0,0,0,0,0,0,0,0,0,0
220489,1,1,0,0,0,0,0,0,0,0,0,0
220490,1,1,0,0,0,0,0,0,0,0,0,0
220490,2,1,0,0,0,0,0,0,0,0,0,0
220491,0,1,26,26,26,26,26,26,26,26,26,26
220491,1,1,16,10,25,14,8,12,4,5,29,13
220493,0,1,0,0,16,0,0,0,0,0,0,0
220493,1,1,15,7,11,0,0,8,10,0,0,24
220493,2,1,13,0,0,0,0,13,0,22,0,0
220494,1,1,0,0,0,0,0,0,0,0,0,0
220495,1,1,0,0,0,0,0,0,0,0,0,0
220496,1,1,8,8,8,8,8,8,8,8,8,8
220497,0,1,16,16,16,16,16,16,16,16,16,16
220497,1,1,0,0,0,0,0,0,0,0,0,0
220497,2,1,0,0,0,19,0,12,11,0,0,0
220498,1,1,0,0,0,0,0,0,0,0,0,0
220499,0,1,26,0,0,0,0,0,0,0,0,0
220499,1,1,0,0,0,0,0,0,0,0,0,0
220500,1,1,0,0,0,0,0,0,0,0,0,0
220500,2,1,0,0,0,0,0,0,0,0,0,0
220501,0,1,0,0,0,14,0,0,0,0,0,0
220501,1,1,0,0,0,0,0,0,0,0,0,0
220501,2,1,0,0,0,0,0,0,0,0,0,0
220502,0,1,0,0,0,0,0,0,0,0,0,0
220502,1,1,0,0,0,0,0,3,0,0,0,0
220503,0,1,0,7,21,0,13,0,28,0,0,0
220503,1,1,0,11,9,0,11,34,0,0,0,22
220504,1,1,0,0,0,0,0,0,0,0,0,0
220505,0,1,10,17,0,0,0,17,0,0,0,9