ST_CASE,VEH_NO,PER_NO,P1,P2,P3,P4,P5,P6,P7,P8,P9,P10
220505,1,1,0,0,0,0,0,0,0,0,0,0
220506,0,1,8,8,8,8,8,8,8,8,8,8
220506,1,1,25,0,0,0,13,17,23,8,0,26
220507,1,1,0,0,0,0,0,0,0,0,0,0
220508,1,1,0,0,0,0,0,0,0,0,0,0
220508,2,1,0,0,0,11,0,0,0,0,12,0
220509,1,1,0,0,0,0,0,0,0,0,0,0
220510,0,1,0,0,0,0,0,0,0,0,0,0
220510,1,1,0,0,0,0,0,0,0,0,0,0
220511,0,1,0,0,22,0,0,13,20,0,5,0
220511,1,1,20,20,20,20,20,20,20,20,20,20
220512,1,1,0,0,0,0,0,0,0,0,0,0
220512,2,1,0,0,0,0,0,0,0,0,0,0
220512,3,1,0,0,0,0,0,0,0,0,0,0
220513,1,1,0,0,0,0,0,0,0,0,0,0
220513,2,1,0,0,0,0,0,0,0,0,0,0
220514,1,1,0,0,0,0,0,0,0,0,0,0
220514,2,1,4,0,0,0,9,0,0,11,0,0
220516,1,1,0,0,0,0,0,0,0,0,0,0
220516,2,1,0,0,0,0,0,0,0,0,0,0
220516,3,1,0,0,0,0,0,0,0,8,0,0
220516,4,1,0,0,0,0,0,0,0,0,0,0
220517,1,1,9,0,20,0,0,0,0,0,0,0
220517,2,1,2,0,0,0,0,16,0,0,0,0
220518,1,1,15,15,15,15,15,15,15,15,15,15
220519,1,1,0,0,0,0,0,0,0,0,0,0
220519,2,1,0,0,0,0,0,0,0,0,0,0
220520,0,1,5,5,5,5,5,5,5,5,5,5
220520,1,1,0,0,0,0,0,0,0,0,0,0
220521,0,1,0,0,0,0,0,0,0,0,0,0
220521,1,1,0,0,0,0,0,0,0,0,0,0
220522,0,1,31,24,24,45,24,14,32,29,19,23
220522,1,1,0,0,0,0,0,0,0,0,0,0
220523,1,1,3,3,3,3,3,3,3,3,3,3
220523,2,1,0,0,0,0,0,0,0,0,0,0
220524,1,1,0,19,32,22,22,37,12,7,7,21
220525,1,1,0,0,0,0,0,0,0,0,0,0
220525,2,1,18,18,18,18,18,18,18,18,18,18
220526,0,1,0,0,0,0,0,0,0,0,0,0
220526,1,1,0,0,0,0,0,0,0,0,0,0
220527,0,1,0,0,0,0,0,0,0,0,0,0
220527,0,2,0,0,0,0,0,0,0,0,0,0
220527,0,3,0,0,0,0,0,0,0,0,0,0
220527,0,4,0,0,0,0,0,0,0,0,0,0
220527,0,5,0,0,0,0,0,0,0,0,0,0
220527,1,1,0,0,0,0,0,0,0,0,0,0
220528,1,1,0,0,0,0,0,0,0,0,0,0
220528,2,1,0,0,0,0,0,0,0,0,0,0
220528,3,1,0,0,0,0,0,0,0,0,0,0
220529,1,1,19,19,19,19,19,19,19,19,19,19
220530,2,1,20,20,20,20,20,20,20,20,20,20
220531,1,1,0,0,0,0,0,0,0,0,0,0
220532,0,1,25,15,0,0,23,15,28,0,0,16
220532,1,1,0,0,0,0,0,0,0,0,0,0
220533,1,1,0,0,0,0,0,0,0,0,0,0
220533,2,1,0,0,0,0,0,0,0,0,0,0
220534,0,1,0,15,0,17,0,15,21,0,15,0
220534,1,1,0,0,0,0,0,0,0,0,0,0
220535,1,1,0,0,0,0,0,0,0,0,0,0
220535,2,1,0,0,0,0,0,0,0,0,0,0
220536,1,1,23,23,23,23,23,23,23,23,23,23
220537,1,1,0,0,0,0,0,0,0,0,0,0
220538,1,1,0,0,0,0,0,0,0,0,0,0
220538,2,1,0,0,0,0,0,0,0,0,0,0
220539,1,1,29,29,29,29,29,29,29,29,29,29
220539,2,1,3,3,3,3,3,3,3,3,3,3
220540,1,2,0,3,8,0,0,0,0,15,0,9
220541,1,1,0,0,0,0,0,0,0,0,0,0
220541,2,1,0,0,0,0,0,0,0,0,0,0
220542,1,1,0,0,0,0,0,0,0,0,0,0
220543,1,1,0,0,0,0,0,0,0,0,0,0
220543,2,1,0,0,0,0,0,0,0,0,0,0
220544,1,1,14,14,14,14,14,14,14,14,14,14
220545,1,1,16,16,16,16,16,16,16,16,16,16
220546,1,1,14,14,14,14,14,14,14,14,14,14
220547,1,1,10,10,10,10,10,10,10,10,10,10
220548,1,1,23,23,23,23,23,23,23,23,23,23
220549,1,1,16,16,16,16,16,16,16,16,16,16
220550,1,1,9,9,9,9,9,9,9,9,9,9
220551,1,1,0,0,0,0,0,0,0,0,0,0
220551,2,1,0,0,0,0,0,0,0,0,0,0
220552,1,1,10,10,10,10,10,10,10,10,10,10
220553,1,1,9,10,0,15,27,17,0,9,0,0
220554,1,1,0,0,0,0,0,0,0,0,0,0
220555,1,1,0,0,0,0,0,0,0,0,0,0
220555,2,1,0,0,0,0,0,0,0,0,0,0
220558,1,1,9,9,9,9,9,9,9,9,9,9
220558,2,1,0,0,0,0,0,0,32,0,0,0
220559,1,1,1,1,1,1,1,1,1,1,1,1
220560,1,1,24,0,0,0,0,0,0,0,0,0
220561,0,1,0,0,0,0,0,0,0,16,0,0
220561,1,1,0,0,0,0,0,0,0,0,0,0
220562,1,1,13,13,13,13,13,13,13,13,13,13
220563,1,1,14,14,14,14,14,14,14,14,14,14
220564,1,1,0,0,0,0,0,0,0,0,0,0
220565,1,1,0,0,0,0,0,0,0,0,0,0
220565,2,1,0,0,7,0,0,0,0,0,0,0
220566,1,1,0,0,0,0,0,0,0,0,0,0
220567,1,1,0,0,0,0,0,0,0,0,0,0
220568,1,1,0,0,0,0,0,0,0,0,0,0
220569,0,1,0,0,0,0,0,18,0,0,0,0
220569,1,1,0,0,0,0,0,0,0,0,0,0
220570,1,1,0,0,0,0,0,0,0,0,0,0
220570,2,1,0,0,0,0,0,0,0,0,0,0
220571,1,1,0,0,0,0,0,0,0,0,0,0
220571,2,1,0,0,0,0,0,0,0,0,0,0
220572,1,1,0,0,0,0,0,0,0,0,0,0
220572,2,1,0,0,0,0,0,0,0,0,0,0
220573,1,1,0,0,0,0,0,0,0,0,0,0
220573,2,1,0,0,0,0,0,0,0,0,0,0
220574,1,1,15,1,0,20,2,19,20,27,19,0
220575,1,1,14,14,14,14,14,14,14,14,14,14
220576,1,1,12,12,12,12,12,12,12,12,12,12
220577,0,1,30,21,16,0,18,0,0,19,0,0
220577,1,1,8,0,0,0,25,11,0,19,0,0
220578,1,1,0,0,0,0,0,0,0,0,0,0
220578,2,1,0,0,0,0,0,0,0,0,0,0
220579,1,1,1,1,1,1,1,1,1,1,1,1
220579,2,1,0,0,0,0,7,8,0,0,0,0
220580,1,1,0,0,0,0,0,0,0,0,0,0
220580,2,1,4,4,4,4,4,4,4,4,4,4
220581,0,1,35,35,35,35,35,35,35,35,35,35
220581,1,1,0,0,0,0,0,0,0,0,0,0
220582,1,1,0,0,0,0,0,0,0,0,0,0
220583,1,1,0,0,0,0,0,0,0,0,0,0
220583,2,1,0,0,0,0,0,0,0,0,0,0
220583,3,1,0,0,0,0,0,0,0,0,0,0
220584,0,1,25,25,25,25,25,25,25,25,25,25
220584,1,1,0,0,0,0,0,0,0,0,0,0
220585,1,1,0,0,0,0,0,0,0,0,0,0
220586,0,1,0,0,0,33,0,23,0,0,20,0
220586,1,1,0,0,0,0,0,12,0,0,0,0
220587,1,1,0,0,0,0,0,0,0,0,0,0
220587,2,1,0,0,0,0,0,0,0,0,0,0
220588,1,1,40,40,40,40,40,40,40,40,40,40
220589,1,1,13,13,13,13,13,13,13,13,13,13
220589,2,1,0,0,0,0,0,0,0,0,0,0
220590,1,1,0,0,0,0,0,0,0,0,0,0
220590,2,1,0,0,0,0,0,0,0,0,0,0
220590,3,1,0,0,0,0,0,0,0,0,0,0
220591,1,1,0,0,0,0,0,0,0,0,0,0
220591,2,1,0,0,0,0,0,0,0,0,0,0
220592,1,1,18,18,18,18,18,18,18,18,18,18
220593,1,1,0,0,0,0,0,0,0,0,0,0
220594,1,1,17,17,17,17,17,17,17,17,17,17
220595,1,1,0,0,0,0,0,0,0,0,0,0
220595,2,1,0,0,0,0,0,0,0,0,0,0
220596,1,1,0,0,0,0,0,0,0,0,0,0
220596,2,1,0,0,0,0,0,0,0,0,0,0
220596,3,1,0,0,0,0,0,0,0,0,0,0
220596,4,1,0,0,0,0,0,0,0,0,0,0
220596,5,1,0,0,0,0,0,0,0,0,0,0
220596,6,1,0,0,0,0,0,0,0,0,0,0
220596,7,1,0,0,0,0,0,0,0,0,0,0
220596,8,1,0,0,0,0,0,0,0,0,0,0
220596,9,1,0,0,0,0,0,0,0,0,0,0
220596,10,1,0,0,0,0,0,0,0,0,0,0
220596,11,1,0,0,0,0,0,0,0,0,0,0
220596,12,1,0,0,0,0,0,0,0,0,0,0
220597,1,1,0,0,0,0,0,0,0,0,0,0
220598,0,1,0,0,12,32,18,0,0,0,0,0
220598,1,1,0,0,0,0,0,0,0,0,0,0
220599,1,1,0,0,0,0,0,0,0,0,0,0
220599,2,1,22,14,20,0,0,0,4,9,22,15
220600,1,1,15,15,15,15,15,15,15,15,15,15
220601,1,1,9,9,9,9,9,9,9,9,9,9
220601,2,1,24,13,15,14,8,39,24,8,2,14
220602,0,1,0,18,0,31,17,35,21,0,0,8
220602,1,1,0,0,0,0,0,0,0,0,0,0
220603,0,1,0,0,0,0,0,0,0,0,0,0
220603,1,1,0,0,0,0,0,0,0,0,0,0
220604,1,1,0,0,0,0,0,0,0,0,0,0
220605,1,1,0,0,0,0,0,0,0,0,0,0
220606,0,1,0,0,0,0,0,0,0,0,0,0
220606,1,1,12,0,0,18,25,20,23,13,7,13
220607,0,1,21,18,21,29,29,7,21,21,23,37
220607,1,1,0,0,0,0,0,0,0,0,0,0
220608,1,1,0,0,0,0,0,15,0,0,0,0
220608,2,1,0,0,0,0,0,0,0,0,0,0
220609,1,1,0,0,0,0,0,0,0,0,0,0
220609,2,1,0,0,0,0,0,0,0,0,0,0
220610,1,1,14,14,14,14,14,14,14,14,14,14
220610,2,1,0,0,0,0,0,0,0,0,0,0
220611,1,1,0,0,0,0,0,0,0,0,0,0
220611,2,1,0,0,0,0,0,0,0,0,0,0
220612,0,1,0,23,13,0,19,0,23,19,0,20
220612,1,1,26,10,0,0,0,0,26,30,22,0
220612,2,1,0,0,0,0,0,0,0,0,0,0
220613,1,1,13,0,15,16,0,0,0,0,0,0
220614,1,1,0,0,0,0,0,0,0,0,0,0
220614,2,1,0,0,0,0,0,0,0,0,0,0
220615,1,1,0,0,0,0,0,0,0,0,0,0
220615,2,1,0,0,12,0,0,0,0,0,11,0
220616,1,1,0,0,0,0,0,0,0,0,0,0
220616,2,1,0,0,0,0,0,0,0,0,0,0
220617,1,1,0,0,0,0,0,0,0,0,0,0
220617,2,1,15,15,15,15,15,15,15,15,15,15
220617,3,1,0,0,0,0,0,0,0,0,0,0
220617,4,1,0,0,0,0,0,0,0,0,0,0
220618,1,1,0,0,0,0,0,0,0,0,0,0
220619,1,1,0,14,0,9,28,0,0,0,0,0
220620,1,1,0,13,0,20,0,20,0,16,15,0
220621,1,1,0,0,0,0,0,0,0,0,0,0
220621,2,1,0,0,0,0,0,0,0,0,0,0
220622,1,1,0,0,0,0,0,0,0,0,0,0
220623,1,1,0,0,0,0,0,0,0,0,0,0
220624,0,1,23,23,23,23,23,23,23,23,23,23
220624,1,1,18,20,17,23,26,6,18,21,11,21
220625,1,1,5,5,5,5,5,5,5,5,5,5
220626,1,1,7,7,7,7,7,7,7,7,7,7
220627,1,1,0,0,0,0,0,0,0,0,0,0
220627,2,1,0,0,0,0,0,0,0,0,0,0
220628,1,1,18,18,18,18,18,18,18,18,18,18
220628,2,1,0,0,0,0,0,0,0,0,0,0
220629,0,1,0,0,0,0,0,0,0,0,0,0
220629,1,1,0,0,0,0,0,0,0,0,0,0
220630,0,1,3,0,15,31,0,20,9,28,19,0
220630,1,1,0,0,0,0,0,0,0,0,0,0
220631,1,1,15,15,15,15,15,15,15,15,15,15
220631,2,1,0,0,0,0,0,0,0,0,0,0
220632,1,1,0,0,0,0,0,0,0,0,0,0
220633,1,1,19,19,19,19,19,19,19,19,19,19
220634,1,1,0,0,0,0,0,0,0,0,0,0
220634,2,1,0,0,0,0,0,0,0,0,0,0
220635,1,1,29,29,29,29,29,29,29,29,29,29
220636,1,1,0,0,0,0,0,0,0,0,0,0
220637,1,1,0,0,0,0,0,0,0,0,0,0
220637,2,1,0,0,0,0,0,0,0,0,0,0
220638,1,1,25,25,25,25,25,25,25,25,25,25
220638,2,1,0,0,0,0,0,0,0,0,0,0
220638,3,1,0,0,0,0,0,0,0,0,0,0
220639,2,1,5,5,5,5,5,5,5,5,5,5
220642,1,1,13,13,13,13,13,13,13,13,13,13
220642,2,1,0,0,0,0,0,0,0,0,0,0
220642,3,1,0,0,0,0,0,0,0,0,0,0
220643,0,1,0,36,14,0,0,0,8,0,8,0
220643,0,2,0,0,0,0,0,0,0,0,0,0
220643,1,1,8,11,10,0,0,11,0,0,0,0
220643,2,1,11,12,0,0,0,0,0,0,0,0
220643,3,1,0,0,0,0,4,0,4,0,0,0
220643,4,1,8,0,0,0,0,0,0,0,0,0
220643,5,1,0,0,0,0,0,0,0,0,0,0
220644,0,1,0,0,0,26,14,25,18,20,0,0
220644,1,1,20,0,0,15,0,0,0,25,0,0
220645,1,1,0,0,0,0,0,0,0,0,0,0
220646,0,1,0,33,15,27,13,0,38,21,0,0
220646,1,1,0,0,0,0,0,0,0,0,21,0
220647,1,1,0,0,0,0,0,0,0,0,0,0
220648,1,1,11,11,11,11,11,11,11,11,11,11
220649,1,1,0,0,26,13,0,0,0,0,0,0
220650,1,1,0,0,0,0,0,0,0,0,0,0
220651,0,1,5,5,5,5,5,5,5,5,5,5
220651,1,1,0,0,0,0,0,0,0,0,0,0
220652,1,1,0,0,0,0,0,0,0,0,0,0
220653,1,1,11,11,11,11,11,11,11,11,11,11
220654,1,1,10,0,8,0,0,0,0,0,0,0
220655,1,1,0,0,0,0,0,0,18,0,0,0
220655,2,1,12,12,12,12,12,12,12,12,12,12
220655,3,1,0,0,0,0,0,0,0,0,0,0
220656,0,1,0,36,0,16,0,18,24,11,0,30
220656,1,1,0,0,0,0,0,0,0,29,0,0
220656,2,1,0,0,0,0,0,0,0,0,0,0
220657,0,1,0,0,0,0,0,0,0,0,0,0
220657,1,1,0,0,0,0,0,0,0,0,0,0
220658,0,1,18,28,25,23,15,38,21,24,25,13
220658,1,1,0,0,0,0,0,0,0,0,0,0
220659,0,1,11,10,32,0,13,33,21,27,38,22
220659,1,1,0,0,0,0,0,0,0,0,0,0
220660,1,1,0,0,0,0,8,0,0,0,0,0
220660,2,1,0,0,18,0,0,0,12,0,0,0
220661,1,1,3,6,0,11,0,26,0,0,7,0
220662,1,1,24,7,18,14,0,9,28,27,15,15
230001,1,1,0,0,0,0,0,0,0,0,0,0
230001,2,1,0,0,0,0,0,0,0,0,0,0
230002,1,1,0,0,0,0,0,0,0,0,0,0
230003,1,1,2,2,2,2,2,2,2,2,2,2
230004,1,1,21,21,21,21,21,21,21,21,21,21
230005,1,1,0,0,0,0,0,0,0,0,0,0
230006,1,1,0,0,0,0,0,0,0,0,0,0
230006,2,1,0,0,0,0,0,0,0,0,0,0
230007,1,1,26,26,26,26,26,26,26,26,26,26
230007,2,1,0,0,0,0,0,0,0,0,0,0
230008,1,1,0,0,0,0,0,0,0,0,0,0
230009,1,1,0,0,0,0,0,0,0,0,0,0
230009,2,1,0,0,0,0,0,0,0,0,0,0
230010,1,1,0,0,0,0,0,0,0,0,0,0
230011,2,1,0,0,0,0,0,0,0,29,0,0
230011,3,1,0,0,0,0,0,0,0,3,0,0
230012,1,1,19,8,8,28,15,19,11,7,0,38
230013,1,1,0,0,0,0,0,0,0,0,0,0
230014,1,1,1,1,1,1,1,1,1,1,1,1
230014,2,1,0,0,0,0,0,0,0,0,0,0
230015,1,1,0,0,0,0,0,0,0,0,0,0
230015,2,1,0,0,0,0,0,0,0,0,0,0
230016,1,1,0,0,0,0,0,0,0,0,0,0
230016,2,1,0,0,0,0,0,0,0,0,0,0
230017,0,1,1,1,1,1,1,1,1,1,1,1
230017,1,1,0,0,0,0,0,0,0,0,0,0
230018,1,1,15,0,8,0,0,10,0,0,0,0
230019,1,1,0,0,0,0,0,0,0,0,0,0
230020,1,1,23,23,23,23,23,23,23,23,23,23
230021,1,1,1,1,1,1,1,1,1,1,1,1
230022,1,1,14,14,14,14,14,14,14,14,14,14
230023,1,1,0,0,0,0,0,0,0,0,0,0
230023,2,1,0,0,0,0,0,0,0,0,0,0
230024,1,1,0,0,0,0,0,0,0,0,0,0
230025,1,1,4,4,4,4,4,4,4,4,4,4
230026,1,1,1,1,1,1,1,1,1,1,1,1
230027,1,1,0,0,0,0,0,0,0,0,0,0
230028,1,1,0,0,0,0,0,0,0,0,0,0
230028,2,1,9,9,9,9,9,9,9,9,9,9
230029,1,1,17,20,12,8,17,22,26,0,17,35
230030,0,1,0,0,0,0,0,0,0,0,0,0
230030,1,1,5,5,5,5,5,5,5,5,5,5
230031,1,1,0,0,0,0,0,0,0,0,0,0
230031,2,1,0,0,0,0,0,0,0,0,0,0
230032,1,1,0,0,0,0,0,0,0,15,0,8
230033,1,1,1,1,1,1,1,1,1,1,1,1
230034,1,1,0,0,0,0,0,0,0,0,0,0
230035,1,1,1,1,1,1,1,1,1,1,1,1
230036,1,1,0,0,0,0,0,0,0,0,0,0
230036,2,1,0,0,0,0,0,0,0,0,0,0
230036,3,1,0,0,0,0,0,0,0,0,0,0
230037,1,1,0,0,0,0,0,0,0,0,0,0
230038,1,1,0,0,0,0,0,0,0,0,0,0
230039,1,1,2,2,2,2,2,2,2,2,2,2
230040,1,1,0,0,0,0,0,0,0,0,0,0
230042,1,1,0,0,0,0,0,0,0,0,0,0
230042,2,1,0,0,0,0,0,0,0,0,0,0
230043,1,1,0,0,0,0,0,0,0,0,0,0
230044,1,1,1,1,1,1,1,1,1,1,1,1
230045,1,1,25,25,25,25,25,25,25,25,25,25
230046,1,1,0,0,0,0,0,0,0,0,0,0
230046,2,1,0,0,0,0,0,0,0,0,0,0
230046,3,1,0,0,0,0,0,0,0,0,0,0
230047,0,1,0,0,0,0,0,0,0,0,0,0
230047,1,1,0,0,0,0,0,0,0,0,0,0
230048,1,1,0,0,0,0,0,0,0,0,0,0
230049,1,1,15,15,0,0,9,0,0,0,21,0
230050,1,1,14,14,14,14,14,14,14,14,14,14
230051,1,1,7,7,7,7,7,7,7,7,7,7
230052,1,1,16,16,16,16,16,16,16,16,16,16
230053,1,1,0,0,0,0,0,0,0,0,0,0
230053,2,1,0,0,0,0,0,0,0,0,0,0
230054,1,1,12,12,12,12,12,12,12,12,12,12
230055,1,1,19,19,19,19,19,19,19,19,19,19
230055,2,1,0,0,0,0,0,0,0,0,0,0
230056,1,1,0,0,0,0,0,0,0,0,0,0
230056,2,1,0,0,0,0,0,0,0,0,0,0
230057,1,1,0,0,0,0,0,0,0,0,0,0
230057,2,1,0,0,0,0,0,0,0,0,0,0
230058,1,1,28,28,28,28,28,28,28,28,28,28
230059,1,1,10,10,10,10,10,10,10,10,10,10
230060,1,1,0,0,0,0,0,0,0,0,0,0
230060,2,1,0,0,0,0,0,0,0,0,0,0
230061,1,1,0,0,0,0,0,0,0,0,0,0
230062,1,1,0,0,0,0,0,0,0,0,0,0
230063,1,1,0,0,0,0,0,0,0,0,0,0
230063,2,1,0,0,0,0,0,0,0,0,0,0
230064,1,1,0,0,0,0,0,0,0,0,0,0
230064,2,1,0,0,0,0,0,0,0,0,0,0
230065,1,1,0,0,0,0,0,0,0,0,0,0
230065,2,1,0,0,0,0,0,0,0,0,0,0
230066,1,1,0,0,0,0,0,0,0,0,0,0
230067,0,1,0,0,0,0,0,0,0,0,0,0
230067,0,2,0,0,0,0,0,0,0,0,0,0
230067,0,3,0,0,0,0,0,0,0,0,0,0
230067,1,1,19,19,19,19,19,19,19,19,19,19
230068,1,1,0,0,0,0,0,0,0,0,0,0
230069,1,1,0,0,0,0,0,0,0,0,0,0
230069,2,1,0,0,0,0,0,0,0,0,0,0
230070,1,1,8,8,8,8,8,8,8,8,8,8
230071,1,1,0,0,0,0,0,0,0,0,0,0
230071,2,1,0,0,0,0,0,0,0,0,0,0
230072,1,1,33,33,33,33,33,33,33,33,33,33
230073,1,1,0,32,9,0,28,17,20,16,10,12
230074,1,1,0,0,0,0,0,0,0,0,0,0
230075,1,1,0,0,0,0,0,0,0,0,0,0
230075,2,1,0,0,0,0,0,0,0,0,0,0
230076,1,1,0,0,0,0,0,0,0,0,0,0
230077,0,1,0,0,0,0,0,0,0,0,0,0
230077,0,2,0,0,0,0,0,0,0,0,0,0
230077,0,3,0,0,15,0,0,0,0,0,0,11
230077,0,4,0,0,0,0,26,0,0,0,0,0
230077,1,1,0,0,0,0,0,0,0,0,0,0
230077,2,1,0,0,0,0,0,0,0,0,0,0
230078,1,1,0,0,0,0,0,0,0,0,0,0
230079,1,1,0,0,0,0,0,0,0,0,0,0
230079,2,1,0,0,0,0,0,0,0,0,0,0
230080,1,1,0,0,0,0,0,0,0,0,0,0
230081,1,1,0,0,0,0,0,0,0,0,0,0
230081,2,1,0,0,0,0,0,0,0,0,0,0
230082,1,1,0,0,0,0,0,0,0,0,0,0
230082,2,1,0,0,0,0,0,0,0,0,0,0
230083,1,1,0,0,0,0,0,0,0,0,0,0
230083,2,1,0,0,0,0,0,0,0,0,0,0
230084,1,1,14,14,14,14,14,14,14,14,14,14
230085,1,1,0,0,0,0,0,0,0,0,0,0
230085,2,1,0,0,0,0,0,0,0,0,0,0
230086,1,1,27,27,27,27,27,27,27,27,27,27
230087,0,1,0,0,11,0,14,24,0,0,0,0
230087,1,1,0,0,0,0,0,0,0,0,0,0
230088,1,1,18,18,18,18,18,18,18,18,18,18
230089,1,1,0,0,0,0,0,0,0,0,0,0
230089,2,1,0,0,0,0,0,0,0,0,0,0
230090,1,1,0,0,0,0,0,0,0,0,0,0
230090,2,1,0,0,0,0,0,0,0,0,0,0
230091,1,1,11,11,11,11,11,11,11,11,11,11
230092,1,1,13,16,32,18,16,13,19,9,16,12
230093,1,1,0,0,0,0,0,0,0,0,0,0
230094,0,1,0,0,0,0,0,0,0,0,0,0
230094,1,1,0,0,0,0,0,0,0,0,0,0
230095,0,1,24,24,24,24,24,24,24,24,24,24
230095,1,1,0,0,0,0,0,0,0,0,0,0
230096,1,1,0,0,0,0,0,0,0,0,0,0
230097,1,1,16,16,16,16,16,16,16,16,16,16
230097,2,1,0,0,0,0,0,0,0,0,0,0
230098,1,1,0,0,0,0,0,0,0,0,0,0
230099,1,1,15,15,15,15,15,15,15,15,15,15
230100,1,1,0,0,0,0,0,0,0,0,0,0
230101,1,1,29,29,29,29,29,29,29,29,29,29
230102,0,1,0,0,0,0,0,0,0,0,0,0
230102,1,1,0,0,0,0,0,0,0,0,0,0
230103,1,1,19,19,19,19,19,19,19,19,19,19
230104,0,1,29,29,29,29,29,29,29,29,29,29
230104,1,1,9,9,9,9,9,9,9,9,9,9
230105,1,1,0,0,0,0,0,0,0,0,0,0
230105,2,1,7,0,0,0,0,0,0,0,0,0
230106,1,1,13,13,13,13,13,13,13,13,13,13
230107,1,1,0,0,0,0,0,0,0,0,0,0
230107,2,1,17,17,17,17,17,17,17,17,17,17
230108,1,1,0,0,0,0,0,0,0,0,0,0
230109,1,1,0,0,0,0,0,0,0,0,0,0
230109,2,1,0,0,0,0,0,0,0,0,0,0
230110,1,1,26,26,26,26,26,26,26,26,26,26
230111,1,1,0,0,0,0,0,0,0,0,0,0
230111,2,1,0,0,0,0,0,0,0,0,0,0
230112,1,1,16,16,16,16,16,16,16,16,16,16
230113,1,1,0,0,0,0,0,0,0,0,0,0
230113,2,1,0,0,0,0,0,0,0,0,0,0
230114,1,1,0,0,0,0,0,0,0,0,0,0
230114,2,1,0,0,0,0,0,0,0,0,0,0
230115,1,1,0,0,0,0,0,0,0,0,0,0
230116,1,1,0,0,0,0,0,0,0,0,0,0
230117,1,1,0,0,0,0,0,0,0,0,0,0
230118,1,1,8,8,8,8,8,8,8,8,8,8
230118,2,1,0,0,0,0,0,0,0,0,0,0
230119,1,1,0,0,0,0,0,0,0,0,0,0
230119,2,1,0,0,0,0,0,0,0,0,0,0
230120,0,1,21,23,11,0,0,33,0,24,0,0
230120,1,1,0,0,0,0,0,0,0,0,0,0
230121,1,1,11,8,9,0,12,5,21,19,28,14
230122,1,1,0,0,0,0,0,0,0,0,0,0
230122,2,1,0,0,0,0,0,0,0,0,0,0
230123,0,1,0,0,0,0,0,0,0,0,0,0
230123,1,1,0,0,0,0,0,0,0,0,0,0
230124,1,1,0,0,0,0,0,0,0,0,0,0
230125,1,1,10,10,10,10,10,10,10,10,10,10
230126,1,1,0,0,0,0,0,0,0,0,0,0
230126,2,1,0,0,0,0,0,0,0,0,0,0
230126,3,1,0,0,0,0,0,0,0,0,0,0
230127,1,1,30,30,30,30,30,30,30,30,30,30
230128,1,1,0,0,0,0,0,0,0,0,0,0
230129,1,1,0,0,0,0,0,0,0,0,0,0
230129,2,1,0,0,0,0,0,0,0,0,0,0
230129,3,1,0,0,0,0,0,0,0,0,0,0
230130,0,1,14,14,14,14,14,14,14,14,14,14
230130,1,1,0,0,0,0,0,0,0,0,0,0
230131,1,1,22,22,22,22,22,22,22,22,22,22
230131,2,1,0,0,0,0,0,0,0,0,0,0
230132,1,1,0,0,0,0,0,0,0,0,0,0
230132,2,1,18,18,18,18,18,18,18,18,18,18
230133,0,1,27,27,27,27,27,27,27,27,27,27
230133,1,1,0,0,0,0,0,0,0,0,0,0
230134,0,1,0,0,0,0,0,0,0,0,0,0
230134,1,1,0,0,0,0,0,0,0,0,0,0
230135,1,1,0,0,0,0,0,0,0,0,0,0
230136,1,1,0,0,0,0,0,0,0,0,0,0
230136,2,1,0,0,0,0,0,0,0,0,0,0
230137,1,1,0,0,0,0,0,0,0,0,0,0
240001,1,1,0,0,0,0,0,0,0,0,0,0
240001,2,1,0,0,0,0,0,0,0,5,0,0
240001,3,1,0,0,0,0,0,0,0,0,0,0
240002,0,1,0,0,13,0,0,0,0,0,0,0
240002,1,1,0,0,0,0,0,0,0,0,0,0
240003,0,1,0,0,0,0,0,0,0,0,0,0
240003,0,2,0,0,0,0,0,0,0,0,0,0
240003,1,1,0,0,0,0,0,0,0,0,0,0
240004,0,1,0,0,0,0,0,0,0,0,0,0
240004,1,1,0,0,0,0,0,0,0,0,0,0
240005,0,1,0,0,0,0,0,0,0,0,0,0
240005,1,1,0,0,0,0,0,0,0,0,0,0
240006,1,1,0,0,0,0,0,0,0,0,0,0
240006,2,1,0,0,31,0,0,13,0,0,0,0
240007,1,1,0,0,0,0,0,0,0,0,0,0
240008,0,1,21,0,0,0,0,0,0,0,0,0
240008,1,1,0,0,0,0,0,0,0,0,0,0
240009,1,1,18,18,18,18,18,18,18,18,18,18
240009,2,1,0,0,0,0,0,0,0,0,0,0
240010,1,1,0,0,0,0,0,0,0,0,0,0
240011,1,1,18,18,18,18,18,18,18,18,18,18
240011,2,1,0,0,0,0,0,0,0,0,0,0
240012,1,1,5,5,5,5,5,5,5,5,5,5
240012,2,1,0,0,0,0,0,0,0,0,0,0
240013,1,1,0,0,0,0,0,0,0,0,0,0
240014,1,1,0,0,0,0,0,0,0,0,0,0
240014,2,1,0,0,0,0,0,0,0,0,0,0
240015,1,1,7,7,7,7,7,7,7,7,7,7
240015,2,1,0,0,0,0,0,0,0,0,0,0