ST_CASE,VEH_NO,PER_NO,P1,P2,P3,P4,P5,P6,P7,P8,P9,P10
240016,0,1,0,0,0,0,0,0,0,0,0,0
240016,1,1,16,16,16,16,16,16,16,16,16,16
240017,1,1,25,25,25,25,25,25,25,25,25,25
240017,2,1,0,0,0,0,0,0,0,0,0,0
240017,3,1,0,0,0,0,0,0,0,0,0,0
240017,4,1,0,0,0,0,0,0,0,0,0,0
240018,0,1,0,0,0,0,0,0,0,0,0,0
240018,1,1,0,0,0,0,0,0,0,0,0,0
240019,1,1,0,0,0,0,0,0,0,0,0,0
240019,2,1,0,0,0,0,0,0,0,0,0,0
240020,1,1,0,0,0,0,0,0,0,0,0,0
240021,0,1,14,14,14,14,14,14,14,14,14,14
240021,1,1,11,0,0,0,0,0,0,0,0,0
240022,1,1,0,16,0,0,0,0,16,0,0,0
240022,2,1,0,0,0,0,0,0,0,0,0,0
240022,3,1,0,0,0,13,0,8,0,0,0,0
240023,1,1,12,0,11,0,0,0,0,0,0,0
240024,1,1,0,0,0,0,0,0,0,0,0,0
240024,2,1,0,0,0,0,0,0,0,0,0,0
240025,1,1,0,0,0,0,0,0,0,0,0,0
240025,2,1,0,0,0,0,0,0,0,0,0,0
240026,1,1,0,0,0,0,0,0,0,0,0,0
240026,2,1,0,0,0,0,0,0,0,0,0,0
240027,0,1,19,19,19,19,19,19,19,19,19,19
240027,1,1,0,0,0,0,0,0,0,0,0,0
240028,1,1,21,21,21,21,21,21,21,21,21,21
240029,1,1,9,9,9,9,9,9,9,9,9,9
240030,0,1,0,0,0,0,0,0,0,0,0,0
240030,1,1,0,0,0,0,22,5,0,0,14,0
240031,1,1,0,0,0,0,0,0,0,0,0,0
240032,0,1,0,0,0,0,0,0,0,0,0,0
240032,1,1,0,5,0,0,12,0,0,0,0,0
240033,0,1,0,0,0,0,0,0,0,0,0,0
240033,1,1,0,0,0,0,0,0,0,0,0,0
240034,1,1,0,0,0,0,0,0,0,0,0,0
240034,2,1,0,0,0,0,0,0,0,0,0,0
240034,3,1,0,8,0,0,0,0,0,0,0,0
240035,1,1,16,16,16,16,16,16,16,16,16,16
240036,1,1,16,16,16,16,16,16,16,16,16,16
240036,2,1,0,0,0,0,0,0,0,12,0,0
240037,0,1,0,0,0,0,0,0,0,0,0,0
240037,1,1,0,0,0,0,0,0,0,0,0,10
240038,1,1,0,0,0,0,0,0,0,0,0,0
240039,1,1,0,0,0,0,0,0,0,0,0,0
240040,0,1,0,0,0,0,0,0,0,0,0,0
240040,1,1,0,0,0,0,0,0,0,0,0,0
240041,1,1,10,10,10,10,10,10,10,10,10,10
240041,2,1,0,0,0,0,0,5,0,0,0,0
240042,1,1,0,0,0,0,0,0,0,0,0,0
240042,2,1,0,0,0,0,0,0,0,0,0,0
240043,1,1,0,0,0,0,0,0,0,0,0,0
240044,1,1,0,0,0,0,0,0,0,0,0,0
240044,2,1,0,0,0,0,0,0,0,0,0,0
240045,0,1,13,24,22,0,9,30,0,24,21,28
240045,1,1,22,0,0,0,0,0,0,0,0,0
240046,1,1,0,0,0,0,0,0,0,0,0,0
240047,1,1,0,0,0,0,0,0,0,0,0,0
240047,2,1,0,0,0,0,0,0,0,0,0,0
240048,1,1,17,17,17,17,17,17,17,17,17,17
240049,0,1,0,0,0,0,0,0,0,0,0,0
240049,1,1,0,0,0,0,0,0,2,0,0,0
240050,0,1,0,0,0,0,0,0,0,0,0,0
240050,1,1,0,0,0,0,26,0,0,0,3,21
240051,1,1,0,0,0,0,0,0,0,0,0,0
240051,2,1,0,0,0,0,0,0,0,0,0,0
240052,1,1,10,10,10,10,10,10,10,10,10,10
240052,2,1,0,0,0,9,0,0,0,0,13,0
240053,1,1,0,0,0,0,0,0,0,0,0,0
240053,2,1,0,0,0,0,0,0,0,0,0,0
240054,1,1,0,0,0,0,0,0,0,0,0,0
240054,2,1,0,0,0,0,0,0,0,0,0,0
240055,0,1,0,0,0,0,0,0,0,0,0,0
240055,1,1,9,9,9,9,9,9,9,9,9,9
240056,0,1,0,0,0,0,0,27,43,20,0,19
240056,1,1,0,0,0,0,14,0,0,0,0,0
240057,1,1,0,0,0,0,0,0,0,0,0,0
240058,1,1,0,0,0,0,0,0,0,0,0,0
240058,2,1,0,0,0,0,0,0,0,0,0,0
240059,0,1,0,0,0,0,0,0,0,0,0,0
240059,1,1,0,0,0,0,0,0,0,0,0,0
240060,0,1,0,0,0,0,0,0,0,0,0,0
240060,1,1,0,0,0,15,0,0,0,0,0,0
240061,1,1,0,0,0,0,0,0,0,0,0,0
240061,2,1,0,0,0,0,0,0,0,0,0,0
240062,0,1,0,0,0,0,0,0,0,0,0,0
240062,0,2,0,0,0,0,0,0,0,0,0,0
240062,1,1,0,0,11,0,0,0,0,0,0,0
240063,1,1,0,0,0,0,0,0,0,0,0,0
240064,1,1,0,0,0,0,0,0,0,0,0,0
240064,2,1,0,0,0,0,0,0,0,0,0,0
240065,0,1,14,14,14,14,14,14,14,14,14,14
240065,1,1,0,0,20,0,0,0,0,0,0,19
240066,1,1,0,0,0,0,0,0,0,0,0,0
240067,0,1,0,0,0,0,0,0,0,0,0,0
240067,1,1,0,0,0,11,0,0,12,0,0,0
240068,1,1,14,14,14,14,14,14,14,14,14,14
240069,1,1,2,2,2,2,2,2,2,2,2,2
240070,0,1,0,0,0,0,0,0,0,0,0,0
240070,1,1,0,3,0,0,9,0,12,21,0,0
240071,1,1,28,28,28,28,28,28,28,28,28,28
240071,2,1,0,0,0,0,0,0,0,0,0,0
240071,3,1,0,0,0,0,0,0,0,0,0,0
240072,1,1,0,0,0,0,0,0,0,0,0,0
240072,2,1,0,0,0,0,0,0,0,0,0,0
240073,1,1,0,0,0,0,0,0,0,0,0,0
240073,2,1,0,0,0,0,0,0,0,0,0,0
240074,1,1,15,15,15,15,15,15,15,15,15,15
240075,1,1,19,19,19,19,19,19,19,19,19,19
240076,0,1,0,0,0,0,0,0,0,0,0,0
240076,1,1,0,0,0,0,0,0,0,0,0,0
240076,2,1,0,0,0,0,0,0,0,0,0,0
240077,1,1,11,11,11,11,11,11,11,11,11,11
240077,2,1,0,0,0,0,0,0,0,0,0,0
240078,0,1,0,0,0,0,0,0,0,0,0,0
240078,1,1,26,26,26,26,26,26,26,26,26,26
240079,1,1,17,17,17,17,17,17,17,17,17,17
240080,1,1,17,17,17,17,17,17,17,17,17,17
240081,0,1,24,24,24,24,24,24,24,24,24,24
240081,1,1,0,0,0,0,0,0,0,0,0,0
240082,1,1,12,12,12,12,12,12,12,12,12,12
240082,2,1,0,0,0,0,0,0,0,0,0,0
240083,1,1,0,0,0,11,0,0,0,0,13,0
240084,1,1,25,25,25,25,25,25,25,25,25,25
240085,1,1,0,11,0,0,4,0,0,0,0,13
240086,0,1,0,0,0,0,0,0,0,0,0,0
240086,1,1,0,0,0,0,0,0,0,0,0,0
240087,1,1,0,0,0,0,0,0,0,0,0,0
240087,2,1,0,0,0,0,0,0,0,0,0,0
240088,1,1,19,19,19,19,19,19,19,19,19,19
240088,2,1,0,0,0,0,0,0,0,0,0,0
240089,1,1,0,0,0,0,0,0,0,15,9,0
240089,2,1,0,0,0,0,0,0,0,0,0,0
240090,1,1,9,9,9,9,9,9,9,9,9,9
240090,2,1,0,14,0,0,0,0,0,0,0,0
240091,1,1,0,0,0,0,0,0,0,0,0,0
240092,1,1,27,27,27,27,27,27,27,27,27,27
240093,1,1,0,0,0,0,0,0,0,0,0,0
240093,2,1,0,0,0,0,20,0,0,15,0,0
240094,1,1,0,0,0,0,0,0,0,0,0,0
240094,2,1,0,0,0,0,0,0,0,0,0,0
240095,1,1,27,27,27,27,27,27,27,27,27,27
240096,0,1,0,0,0,0,0,0,0,0,0,0
240096,1,1,0,0,0,0,0,0,0,0,0,0
240097,0,1,0,0,0,0,0,0,0,0,0,0
240097,1,1,0,0,0,0,15,0,0,0,0,0
240098,0,1,0,0,0,0,0,0,0,0,0,0
240098,0,2,0,0,0,0,0,21,0,12,0,0
240098,1,1,0,11,0,0,0,13,0,12,0,11
240099,1,1,0,0,0,0,0,0,0,0,0,0
240099,2,1,0,0,0,0,0,0,0,0,0,0
240100,1,1,17,17,17,17,17,17,17,17,17,17
240101,1,1,0,0,0,0,0,0,0,0,0,0
240101,2,1,0,0,0,0,0,0,0,0,0,0
240102,0,1,33,33,33,33,33,33,33,33,33,33
240102,1,1,0,11,15,0,0,0,0,0,0,0
240103,1,1,0,0,0,0,0,0,0,0,0,0
240103,2,1,0,0,0,0,0,0,0,0,0,0
240104,1,1,0,0,0,0,0,0,0,0,0,0
240105,1,1,0,0,0,0,0,0,0,0,0,0
240105,2,1,0,0,0,0,0,0,0,0,0,0
240106,0,1,0,0,0,0,0,0,0,0,0,0
240106,0,2,0,0,0,0,0,0,0,0,0,30
240106,0,3,0,0,27,0,0,0,0,0,0,0
240106,1,1,0,0,0,0,0,0,0,0,0,0
240106,2,1,15,0,0,0,0,0,0,0,0,0
240107,1,1,18,18,18,18,18,18,18,18,18,18
240108,1,1,5,5,5,5,5,5,5,5,5,5
240108,2,1,0,0,17,0,0,0,0,0,0,0
240109,1,1,0,0,0,0,0,0,0,0,0,0
240110,0,1,0,0,0,0,22,17,0,0,0,0
240110,1,1,0,8,0,0,0,0,0,0,0,0
240111,1,1,0,0,0,0,0,0,0,0,0,0
240111,2,1,0,0,0,0,0,0,0,0,0,0
240112,1,1,1,1,1,1,1,1,1,1,1,1
240112,2,1,0,0,0,0,0,0,0,0,0,0
240113,0,1,0,0,0,0,0,0,0,0,0,0
240114,0,1,26,26,26,26,26,26,26,26,26,26
240114,1,1,17,17,17,17,17,17,17,17,17,17
240115,0,1,12,12,12,12,12,12,12,12,12,12
240115,1,1,0,0,0,0,0,0,0,0,0,0
240116,0,1,32,32,32,32,32,32,32,32,32,32
240116,1,1,0,0,0,0,14,0,0,0,0,0
240117,1,1,0,0,0,0,0,0,0,0,0,0
240117,2,1,14,0,0,0,0,0,0,0,0,0
240118,1,1,3,3,3,3,3,3,3,3,3,3
240119,0,1,0,0,0,0,0,0,0,0,0,0
240119,1,1,7,0,0,0,0,0,0,0,19,0
240120,1,1,0,0,0,0,0,0,0,0,0,0
240121,0,1,0,0,0,0,0,0,0,0,0,0
240121,1,1,0,0,0,0,0,0,0,0,0,0
240122,0,1,0,0,0,0,0,0,0,0,0,0
240122,1,1,0,0,0,0,0,0,0,0,0,0
240123,0,1,0,0,0,0,0,0,0,0,0,0
240123,1,1,0,0,0,0,0,0,0,0,0,0
240124,0,1,0,0,0,0,0,0,0,0,0,0
240124,1,1,0,0,0,0,0,0,0,0,0,0
240125,1,1,0,0,0,0,0,0,0,0,0,0
240125,2,1,0,0,0,0,0,0,0,0,0,0
240126,1,1,14,14,14,14,14,14,14,14,14,14
240127,0,1,0,0,0,0,0,0,0,0,0,0
240127,1,1,0,7,0,16,0,0,0,0,0,0
240128,1,1,0,0,0,0,0,0,0,0,0,0
240128,2,1,0,0,0,0,0,0,0,0,0,0
240129,1,1,0,0,0,0,0,0,0,0,0,0
240129,2,1,0,0,0,0,0,0,0,0,0,0
240130,1,1,11,11,11,11,11,11,11,11,11,11
240131,1,1,0,0,0,0,0,0,0,0,0,0
240132,1,1,0,0,0,0,0,0,0,0,0,0
240132,2,1,0,0,0,0,0,0,0,0,0,0
240133,0,1,0,0,0,0,0,0,0,0,0,0
240133,1,1,0,0,0,0,0,0,0,0,0,0
240134,1,1,0,0,0,0,15,0,0,0,0,0
240134,2,1,3,0,15,0,0,0,0,0,0,0
240135,1,1,0,0,0,0,0,0,0,0,0,0
240135,2,1,0,0,0,0,0,0,0,0,0,0
240136,1,1,0,0,0,0,9,0,0,0,0,0
240137,1,1,0,0,0,0,0,0,0,0,0,0
240138,1,1,0,0,0,0,0,0,0,0,0,0
240139,1,1,0,0,0,0,0,0,0,0,0,0
240140,1,1,12,12,12,12,12,12,12,12,12,12
240141,1,1,27,27,27,27,27,27,27,27,27,27
240142,0,1,29,29,29,29,29,29,29,29,29,29
240142,1,1,0,0,0,0,0,0,0,0,23,0
240143,0,1,0,0,0,0,0,0,0,0,0,0
240143,1,1,0,0,0,0,0,0,0,0,0,0
240143,2,1,0,0,0,0,0,0,0,0,0,0
240144,0,1,0,0,0,0,0,0,0,0,0,0
240144,1,1,0,0,0,0,0,0,0,0,0,0
240145,1,1,0,0,0,0,0,0,0,0,0,0
240146,1,1,0,0,0,0,0,0,0,0,0,0
240146,2,1,0,0,0,0,0,16,0,0,0,0
240147,0,1,0,0,0,0,0,0,0,0,0,0
240147,1,1,0,0,0,0,0,0,0,0,0,5
240148,1,1,0,0,0,0,0,0,0,0,0,0
240148,2,1,0,0,0,0,0,0,0,0,0,0
240148,3,1,0,0,0,0,0,0,0,0,0,0
240149,1,1,0,0,0,0,0,0,0,0,0,0
240150,1,1,23,23,23,23,23,23,23,23,23,23
240151,1,1,0,0,0,0,0,0,0,0,0,0
240151,2,1,0,0,0,0,0,0,0,0,0,0
240151,3,1,0,0,0,0,0,0,0,0,0,0
240152,1,1,22,22,22,22,22,22,22,22,22,22
240153,1,1,17,17,17,17,17,17,17,17,17,17
240153,2,1,0,0,0,0,0,0,0,0,0,0
240154,1,1,0,0,0,0,0,0,0,0,0,0
240154,2,1,0,0,0,0,0,0,0,0,0,0
240155,1,1,0,0,0,0,0,0,0,0,0,0
240155,2,1,0,0,0,0,0,0,0,0,0,0
240156,1,1,0,0,0,0,0,0,33,0,0,0
240156,2,1,0,0,0,0,0,0,0,0,0,0
240157,1,1,0,0,0,0,0,0,0,0,0,0
240157,2,1,0,0,0,0,0,0,0,0,0,0
240158,1,1,0,0,0,0,0,0,0,0,0,0
240158,2,1,2,2,2,2,2,2,2,2,2,2
240159,1,1,0,0,0,0,0,0,0,0,0,0
240160,1,1,22,22,22,22,22,22,22,22,22,22
240160,2,1,0,0,0,0,0,0,0,0,0,0
240161,1,1,21,21,21,21,21,21,21,21,21,21
240162,0,1,10,10,10,10,10,10,10,10,10,10
240162,1,1,1,1,1,1,1,1,1,1,1,1
240163,0,1,0,0,0,0,0,0,0,0,0,0
240163,1,1,20,25,0,10,0,0,0,8,0,11
240164,1,1,23,23,23,23,23,23,23,23,23,23
240165,0,1,0,0,0,0,0,0,0,0,0,0
240165,1,1,0,0,0,0,0,0,0,0,0,0
240166,0,1,0,0,0,0,0,0,0,0,0,0
240166,0,2,10,0,0,0,9,0,0,0,12,0
240166,1,1,0,0,0,0,0,0,0,0,0,0
240167,1,1,17,17,17,17,17,17,17,17,17,17
240168,1,1,0,0,0,0,0,0,0,0,0,0
240169,1,1,0,0,0,0,0,0,0,0,0,0
240169,2,1,0,0,0,0,0,0,0,0,0,0
240169,3,1,0,0,0,0,0,0,0,0,0,0
240170,0,1,17,17,17,17,17,17,17,17,17,17
240170,1,1,0,0,0,0,0,0,0,0,0,0
240171,1,1,0,0,0,0,0,0,0,0,0,0
240171,2,1,0,0,0,0,0,0,0,0,0,0
240172,1,1,13,13,13,13,13,13,13,13,13,13
240173,1,1,0,0,0,0,0,0,0,0,0,0
240173,2,1,0,0,0,0,0,0,0,0,0,0
240174,0,1,0,0,0,0,0,0,0,0,0,0
240174,1,1,0,0,0,0,0,0,0,0,0,0
240175,1,1,0,0,0,0,0,0,0,0,0,0
240175,2,1,0,0,0,0,0,0,0,0,0,0
240175,3,1,0,7,0,0,15,0,0,0,0,0
240175,4,1,0,0,0,0,0,0,0,0,0,0
240175,5,1,0,0,0,0,0,0,0,0,0,0
240176,1,1,0,0,0,0,0,0,0,0,0,0
240177,1,1,17,17,17,17,17,17,17,17,17,17
240178,1,1,0,0,0,0,0,0,0,0,0,0
240178,2,1,1,1,1,1,1,1,1,1,1,1
240179,1,1,0,0,0,0,0,0,0,0,0,0
240179,2,1,0,0,20,0,0,0,0,7,0,0
240179,3,1,0,0,0,0,0,0,0,0,0,0
240179,4,1,0,0,0,0,0,0,12,0,0,0
240180,1,1,0,0,0,0,0,0,0,0,0,0
240181,1,1,0,0,0,0,0,0,0,0,0,0
240181,2,1,0,0,0,0,0,0,0,0,0,0
240182,1,1,0,0,0,0,0,0,0,0,0,0
240182,2,1,0,0,0,0,0,0,0,0,0,0
240183,1,1,0,0,0,0,0,0,0,0,0,0
240184,1,1,0,0,21,0,0,0,0,0,0,0
240184,2,1,0,0,0,0,0,0,0,0,0,0
240185,0,1,0,28,18,27,13,15,11,0,0,26
240185,1,1,0,0,0,0,0,0,0,0,0,0
240186,1,1,11,11,11,11,11,11,11,11,11,11
240187,1,1,28,28,28,28,28,28,28,28,28,28
240188,1,1,14,14,14,14,14,14,14,14,14,14
240189,1,1,0,0,0,0,0,0,0,0,0,0
240190,1,1,0,9,22,11,0,14,0,9,19,15
240191,1,1,38,38,38,38,38,38,38,38,38,38
240192,1,1,0,0,0,0,0,0,0,0,0,0
240193,1,1,0,0,0,0,0,0,0,0,0,0
240193,2,1,0,0,0,0,0,0,0,0,0,0
240194,1,1,0,0,0,0,0,0,0,0,0,0
240195,1,1,0,0,0,0,0,0,0,0,0,0
240195,2,1,0,0,0,0,0,0,0,0,0,0
240195,3,1,0,0,0,0,0,0,0,0,0,0
240196,1,1,0,0,0,0,0,0,0,0,0,0
240196,2,1,0,0,0,0,0,0,0,0,0,0
240197,1,1,7,7,7,7,7,7,7,7,7,7
240197,2,1,0,0,0,0,0,0,0,0,0,0
240197,3,1,0,0,0,0,0,0,0,0,0,0
240198,1,1,12,0,0,0,0,0,0,0,0,0
240198,2,1,0,0,0,0,0,0,0,0,0,0
240199,1,1,27,8,0,0,0,0,0,0,0,0
240199,2,1,8,0,0,0,0,0,0,0,0,0
240200,1,1,0,0,0,0,0,0,0,0,0,0
240200,2,1,0,0,0,0,0,0,0,0,0,0
240201,1,1,0,0,0,0,0,0,0,0,0,0
240201,2,1,0,0,0,0,0,0,0,0,0,0
240202,1,1,29,29,29,29,29,29,29,29,29,29
240203,1,1,0,0,0,0,0,0,0,0,0,0
240204,1,1,0,0,0,0,0,0,14,0,0,0
240205,1,1,37,37,37,37,37,37,37,37,37,37
240206,0,1,0,0,0,0,0,0,0,0,0,0
240206,1,1,0,0,0,0,0,0,0,0,0,0
240207,1,1,0,0,0,0,0,0,0,0,0,0
240207,2,1,0,0,0,0,0,0,0,0,0,0
240207,3,1,0,0,0,12,0,0,0,0,0,0
240208,1,1,0,0,0,0,0,0,0,0,0,0
240208,2,1,12,0,0,0,17,0,0,0,0,0
240209,1,1,0,0,0,0,0,0,0,0,0,0
240210,1,1,0,0,0,0,0,0,0,0,0,0
240211,1,1,12,12,12,12,12,12,12,12,12,12
240212,1,1,0,0,0,0,0,0,0,0,0,0
240212,2,1,0,0,0,0,0,0,0,0,0,0
240213,0,1,0,0,0,0,0,0,0,0,0,0
240213,1,1,0,0,0,0,0,0,0,0,0,0
240214,1,1,18,18,18,18,18,18,18,18,18,18
240214,2,1,0,0,0,0,0,0,0,0,0,11
240215,1,1,31,31,31,31,31,31,31,31,31,31
240216,0,1,27,27,27,27,27,27,27,27,27,27
240216,1,1,0,0,20,0,0,17,0,9,0,0
240217,0,1,0,0,0,0,0,0,0,0,0,0
240217,1,1,1,1,1,1,1,1,1,1,1,1
240218,1,1,17,17,17,17,17,17,17,17,17,17
240218,2,1,0,0,0,0,0,0,0,12,0,0
240219,0,1,22,22,22,22,22,22,22,22,22,22
240219,1,1,0,0,0,0,0,0,0,0,0,0
240220,1,1,23,23,23,23,23,23,23,23,23,23
240221,1,1,12,12,12,12,12,12,12,12,12,12
240221,2,1,0,0,0,0,0,0,0,7,0,20
240222,1,1,0,0,0,0,0,0,0,0,0,0
240223,1,1,0,0,0,0,0,0,0,0,0,0
240223,2,1,0,0,0,0,0,0,0,0,0,0
240224,1,1,0,0,0,0,0,0,0,0,0,0
240224,2,1,0,0,0,0,0,0,0,0,0,0
240225,0,1,0,0,0,0,0,0,0,0,0,0
240225,1,1,0,0,0,0,0,0,0,0,0,0
240226,1,1,0,0,0,0,0,0,0,0,0,0
240227,1,1,17,17,17,17,17,17,17,17,17,17
240227,2,1,0,0,0,0,0,0,0,0,0,0
240228,1,1,12,12,12,12,12,12,12,12,12,12
240228,2,1,0,0,0,0,0,0,0,0,0,0
240229,1,1,0,0,0,0,0,0,0,0,0,0
240230,1,1,29,10,0,19,0,12,0,0,15,0
240231,0,1,0,0,0,0,0,0,0,0,0,0
240231,1,1,0,0,0,0,0,0,0,0,0,0
240232,1,1,0,0,0,0,0,0,0,0,0,0
240233,0,1,18,18,18,18,18,18,18,18,18,18
240233,1,1,0,0,0,0,0,0,0,0,0,0
240234,1,1,14,14,14,14,14,14,14,14,14,14
240235,1,1,0,0,0,0,0,0,0,0,0,0
240235,2,1,0,0,0,0,0,0,0,0,0,0
240236,0,1,26,26,26,26,26,26,26,26,26,26
240236,1,1,0,0,0,0,0,0,0,0,0,0
240237,0,1,27,27,27,27,27,27,27,27,27,27
240237,1,1,9,0,15,0,15,0,31,21,0,0
240238,1,1,6,6,6,6,6,6,6,6,6,6
240239,1,1,0,0,0,0,0,0,0,0,0,0
240239,2,1,0,0,9,0,9,8,0,0,0,0
240239,3,1,0,0,0,0,0,0,0,0,0,0
240240,1,1,0,0,0,0,0,0,0,0,0,0
240240,2,1,5,5,0,2,0,9,0,0,0,0
240241,1,1,0,0,0,26,0,0,0,0,0,0
240241,2,1,0,0,0,0,0,0,0,0,0,0
240242,0,1,0,0,0,0,0,0,0,0,0,0
240242,1,1,0,0,0,0,0,0,0,0,0,0
240243,0,1,0,0,0,0,0,0,0,0,0,0
240243,1,1,0,0,0,0,0,13,16,0,16,0
240244,1,1,0,0,0,0,0,0,0,0,0,0
240245,1,1,0,0,0,0,0,0,0,6,0,0
240245,2,1,0,0,0,0,0,0,0,0,0,0
240245,3,1,0,0,0,0,0,0,0,0,0,0
240246,1,1,0,0,0,0,0,0,0,0,0,0
240246,2,1,0,0,0,0,0,0,0,0,0,0
240247,1,1,18,18,18,18,18,18,18,18,18,18
240248,1,1,0,0,0,0,0,0,0,0,0,0
240248,2,1,0,0,0,0,0,0,0,0,0,0
240249,1,1,16,16,16,16,16,16,16,16,16,16
240249,2,1,0,0,0,0,0,0,0,0,0,0
240250,1,1,0,0,0,0,0,0,0,0,0,0
240250,2,1,1,0,10,0,0,0,0,0,0,0
240251,1,1,13,13,13,13,13,13,13,13,13,13
240251,2,1,0,0,0,0,0,0,0,0,0,0
240251,3,1,0,0,0,0,0,0,0,0,0,0
240251,4,1,0,0,0,0,0,0,0,0,0,0
240252,1,1,0,0,0,0,0,0,0,0,0,0
240252,2,1,0,0,0,0,0,0,0,0,0,0
240253,0,1,0,0,0,0,0,0,0,0,0,0
240253,1,1,0,0,0,0,0,0,0,0,0,0
240254,0,1,0,0,0,0,0,0,0,0,0,0
240254,1,1,28,28,28,28,28,28,28,28,28,28
240255,0,1,0,0,0,0,0,0,0,0,0,0
240255,1,1,0,0,12,0,0,0,0,0,0,36
240256,1,1,8,8,8,8,8,8,8,8,8,8
240257,1,1,16,16,16,16,16,16,16,16,16,16
240258,1,1,0,0,0,0,0,0,0,0,0,0
240259,0,1,0,0,0,0,0,0,0,0,0,0
240259,1,1,0,0,0,0,0,0,0,0,0,0
240260,1,1,17,17,17,17,17,17,17,17,17,17
240261,0,1,0,0,0,0,0,0,0,0,0,0
240261,1,1,0,0,0,0,18,0,0,0,0,0
240262,1,1,0,0,0,0,0,0,0,0,0,0
240262,2,1,13,0,0,0,0,12,0,0,0,0
240263,0,1,0,0,0,0,0,0,0,0,0,0
240263,1,1,0,0,0,0,0,0,0,0,0,0
240264,1,1,17,17,17,17,17,17,17,17,17,17
240265,1,1,14,14,14,14,14,14,14,14,14,14
240266,0,1,21,21,21,21,21,21,21,21,21,21
240266,1,1,16,0,0,0,0,31,12,18,0,0
240267,1,1,0,0,0,0,0,0,0,0,0,0
240267,2,1,0,0,0,0,0,0,0,0,0,0
240268,0,1,0,0,0,0,0,0,0,0,0,0
240268,1,1,14,0,0,0,0,0,0,0,35,9
240269,1,1,5,5,5,5,5,5,5,5,5,5
240270,1,1,0,0,0,0,0,0,0,0,0,0
240270,2,1,0,0,0,0,0,0,0,0,0,0
240271,1,1,0,0,0,0,0,0,0,0,0,0
240272,1,1,0,0,0,0,0,0,0,0,0,0
240273,1,1,0,0,0,0,0,0,0,0,0,0
240273,2,1,0,0,0,0,0,0,0,0,0,0
240274,1,1,14,14,14,14,14,14,14,14,14,14
240275,1,1,15,15,15,15,15,15,15,15,15,15
240276,1,1,13,0,6,0,0,16,0,0,10,4
240276,2,1,0,0,0,0,0,0,0,0,0,0
240277,1,1,22,22,22,22,22,22,22,22,22,22
240278,1,1,21,21,21,21,21,21,21,21,21,21
240279,1,1,0,0,0,0,0,0,0,0,0,0
240280,1,1,0,18,0,0,0,0,19,0,0,0
240280,2,1,0,0,0,0,0,0,0,0,0,0
240281,1,1,13,13,13,13,13,13,13,13,13,13
240282,0,1,0,0,0,0,0,0,0,0,0,0
240282,1,1,0,0,0,0,0,0,0,0,0,0
240283,1,1,0,0,0,0,0,0,0,0,0,0
240284,1,1,22,22,22,22,22,22,22,22,22,22
240285,0,1,0,0,0,0,0,0,0,0,0,0
240285,1,1,4,21,0,0,0,0,0,0,0,0
240286,1,1,2,2,2,2,2,2,2,2,2,2
240286,2,1,0,0,0,8,0,0,0,0,0,0
240287,0,1,0,0,0,0,0,0,0,0,0,0
240287,1,1,0,0,0,0,0,13,0,0,0,0
240288,1,1,0,0,0,0,0,0,0,0,0,13
240289,1,1,1,1,1,1,1,1,1,1,1,1
240290,1,1,0,0,0,0,0,0,0,0,0,0
240290,2,1,0,0,0,0,0,0,0,0,0,0
240291,0,1,0,0,0,0,10,0,0,0,0,20
240291,1,1,17,17,17,17,17,17,17,17,17,17
240292,1,1,4,4,4,4,4,4,4,4,4,4
240293,1,1,0,0,0,0,1,0,0,0,0,0
240294,1,1,4,4,4,4,4,4,4,4,4,4
240294,2,1,0,0,0,0,0,0,0,0,0,0
240294,3,1,0,0,0,0,0,0,0,0,0,0
240295,1,1,3,3,3,3,3,3,3,3,3,3
240295,2,1,0,0,0,0,0,0,0,0,0,0
240296,1,1,14,14,14,14,14,14,14,14,14,14
240296,2,1,0,0,0,0,0,0,0,0,0,0
240297,1,1,4,4,4,4,4,4,4,4,4,4
240297,2,1,6,6,6,6,6,6,6,6,6,6
240297,3,1,2,2,2,2,2,2,2,2,2,2
240297,4,1,18,18,18,18,18,18,18,18,18,18
240298,1,1,0,0,0,0,0,0,0,0,0,0
240299,1,1,10,10,10,10,10,10,10,10,10,10
240300,1,1,0,0,0,0,0,0,0,0,0,0
240301,0,1,0,0,0,0,0,0,0,0,0,0
240301,1,1,0,0,0,0,0,0,6,0,0,0
240302,0,1,13,13,13,13,13,13,13,13,13,13
240302,1,1,0,0,21,0,0,21,0,0,0,0
240303,1,1,7,7,7,7,7,7,7,7,7,7
240304,1,1,0,0,12,0,0,8,20,0,0,18
240305,0,1,0,0,0,0,0,0,0,0,0,0
240305,1,1,3,3,3,3,3,3,3,3,3,3
240306,1,1,0,0,0,0,0,0,0,0,0,0
240306,2,1,0,0,0,0,0,0,0,0,0,0
240307,0,1,0,0,0,0,0,0,0,0,0,0
240307,1,1,0,0,0,0,0,0,0,0,0,0
240308,0,1,31,31,31,31,31,31,31,31,31,31