ST_CASE,VEH_NO,PER_NO,P1,P2,P3,P4,P5,P6,P7,P8,P9,P10
250173,1,1,0,0,0,0,0,0,0,0,0,0
250173,2,1,0,0,0,0,25,0,0,0,0,0
250174,1,1,0,0,0,0,0,0,0,0,0,0
250174,2,1,25,0,8,17,7,19,10,14,20,3
250175,1,1,16,0,0,0,0,14,0,0,0,0
250175,2,1,8,8,8,8,8,8,8,8,8,8
250176,1,1,0,0,0,0,0,0,0,0,0,16
250176,2,1,0,0,0,0,0,0,0,0,0,0
250177,0,1,0,14,0,0,0,0,0,0,0,0
250177,1,1,0,0,0,0,0,0,4,8,0,0
250178,1,1,0,0,0,0,0,0,0,0,0,0
250178,2,1,0,0,0,0,35,0,0,0,6,0
250179,1,1,0,8,22,9,0,12,6,0,0,0
250180,1,1,0,12,24,0,7,30,0,20,12,0
250180,2,1,0,0,0,0,0,0,0,0,0,0
250181,1,1,20,20,20,20,20,20,20,20,20,20
250182,1,1,15,15,15,15,15,15,15,15,15,15
250183,1,1,16,7,11,0,0,0,0,0,0,18
250184,1,1,16,16,16,16,16,16,16,16,16,16
250185,1,1,0,0,0,10,0,0,0,0,0,0
250185,2,1,0,0,0,6,18,0,0,0,0,0
250186,1,1,0,0,0,0,0,0,0,0,0,0
250186,2,1,0,0,0,0,0,0,0,0,0,0
250187,1,1,0,10,16,0,3,3,0,0,0,0
250187,2,1,0,0,0,0,0,0,0,0,0,8
250188,1,1,0,0,0,0,0,14,0,0,12,0
250188,2,1,0,0,0,0,17,0,0,0,0,0
250189,1,1,3,3,3,3,3,3,3,3,3,3
250189,2,1,0,0,0,0,0,0,0,0,0,0
250190,1,1,0,0,0,0,0,0,0,0,0,0
250190,2,1,3,0,5,0,5,0,0,0,11,0
250191,1,1,9,0,0,0,0,35,29,0,0,0
250191,2,1,12,0,0,17,0,14,0,0,22,0
250192,1,1,0,0,0,0,0,0,0,15,0,0
250192,2,1,0,0,0,0,0,0,0,13,0,0
250193,0,1,6,6,6,6,6,6,6,6,6,6
250193,1,1,0,0,0,0,0,0,0,0,0,0
250194,1,1,8,8,0,8,0,23,0,6,15,19
250194,2,1,28,0,0,0,0,0,0,0,0,0
250195,1,1,0,0,0,0,0,0,0,13,0,0
250195,2,1,0,23,0,0,14,0,8,10,0,11
250196,1,1,0,0,0,0,0,0,0,0,0,0
250196,2,1,0,0,0,0,0,0,0,0,0,0
250197,1,1,10,10,10,10,10,10,10,10,10,10
250197,2,1,0,0,0,0,0,0,0,0,0,0
250198,2,1,5,5,30,4,27,22,25,15,12,10
250199,1,1,0,0,0,0,0,0,0,0,0,0
250199,2,1,0,0,0,0,0,0,0,0,0,0
250200,1,1,18,18,18,18,18,18,18,18,18,18
250201,1,1,0,0,0,0,0,0,0,0,0,0
250201,2,1,0,0,0,0,0,0,0,0,0,0
250202,1,1,0,0,0,0,0,0,0,0,0,0
250202,2,1,0,0,0,0,0,0,0,0,0,0
250203,1,1,0,24,20,25,10,19,24,17,15,11
250203,2,1,0,0,0,0,0,0,0,0,0,0
250204,1,1,0,0,0,0,0,0,0,0,0,0
250205,1,1,20,20,20,20,20,20,20,20,20,20
250206,1,1,21,22,16,0,8,16,8,12,21,5
250207,1,1,12,12,12,12,12,12,12,12,12,12
250208,0,1,27,27,27,27,27,27,27,27,27,27
250208,1,1,10,0,0,3,0,4,0,0,0,7
250209,1,1,0,0,0,0,0,0,0,0,0,0
250210,1,1,15,15,15,15,15,15,15,15,15,15
250212,1,1,4,4,4,4,4,4,4,4,4,4
250213,1,1,26,26,26,26,26,26,26,26,26,26
250214,0,1,19,19,19,19,19,19,19,19,19,19
250214,1,1,17,0,0,5,0,0,0,0,0,0
250215,1,1,32,32,32,32,32,32,32,32,32,32
250216,1,1,32,26,26,4,12,8,23,12,11,25
250217,1,1,0,0,0,0,0,0,0,0,0,0
250218,1,1,0,0,0,0,0,0,0,0,0,0
250219,1,3,5,10,23,37,33,15,24,10,0,19
250220,1,1,0,0,0,0,0,0,0,0,0,0
250221,1,1,8,11,8,10,29,9,0,33,0,0
250222,1,1,0,0,0,0,0,0,0,0,0,0
250223,0,1,18,18,18,18,18,18,18,18,18,18
250223,1,1,0,53,0,0,0,0,0,0,0,0
250224,1,1,15,5,0,0,14,0,16,4,0,0
250225,1,1,10,10,10,10,10,10,10,10,10,10
250226,1,1,0,0,0,0,0,0,16,0,0,0
250227,0,1,0,0,0,0,0,0,0,0,0,0
250227,1,1,0,0,0,0,0,0,0,0,0,0
250228,1,1,0,0,0,0,0,0,0,0,0,0
250229,1,1,0,0,0,0,0,0,0,0,0,0
250230,1,1,21,21,21,21,21,21,21,21,21,21
250231,1,1,0,0,0,0,0,0,0,0,0,0
250232,1,1,0,0,0,0,0,0,0,0,0,0
250233,0,1,0,0,0,0,0,0,11,0,0,0
250233,1,1,0,0,0,0,0,0,0,0,14,0
250234,1,1,0,0,0,0,0,42,0,28,0,0
250235,0,1,6,16,24,0,27,23,9,14,14,0
250235,1,1,0,0,0,0,0,0,5,0,0,0
250236,1,1,18,18,18,18,18,18,18,18,18,18
250237,1,1,29,11,13,19,8,22,7,13,6,19
250238,1,1,16,0,17,0,0,0,0,0,0,18
250239,1,1,19,14,7,11,12,6,0,9,28,10
250239,2,1,0,0,0,0,0,0,0,0,0,0
250240,1,1,15,15,15,15,15,15,15,15,15,15
250241,0,1,1,1,1,1,1,1,1,1,1,1
250241,1,1,26,34,26,16,16,9,9,14,19,4
250242,1,1,0,0,0,0,0,0,0,0,0,0
250243,1,1,0,0,0,0,0,0,0,0,0,0
250244,0,1,0,0,0,0,0,0,0,0,0,0
250244,1,1,0,0,0,0,0,0,16,19,6,6
250245,1,1,0,0,0,0,0,0,0,0,0,0
250245,2,1,37,0,0,10,0,18,0,0,0,0
250246,0,1,1,1,1,1,1,1,1,1,1,1
250246,1,1,0,0,0,0,0,0,0,0,0,0
250247,1,1,0,0,0,0,0,0,0,0,0,0
250247,2,1,0,0,0,0,0,0,0,0,0,0
250248,0,1,0,0,0,0,0,0,0,0,0,0
250248,1,1,0,0,0,0,0,0,0,0,0,0
250249,1,1,0,0,0,0,0,0,0,0,0,0
250250,1,1,0,0,0,0,0,0,0,0,0,0
250250,2,1,0,0,0,0,0,0,0,0,0,0
250251,1,1,15,15,15,15,15,15,15,15,15,15
250251,2,1,29,13,0,0,0,0,0,0,0,0
250252,1,1,0,0,0,0,0,0,19,0,0,0
250253,1,1,0,0,0,0,0,0,0,0,0,0
250254,1,1,0,0,19,0,17,10,0,0,0,17
250255,1,1,12,12,12,12,12,12,12,12,12,12
250257,0,1,20,20,20,20,20,20,20,20,20,20
250257,1,1,0,0,0,0,0,0,0,0,0,0
250258,0,1,0,0,0,0,0,0,0,0,0,0
250258,1,1,14,0,0,0,0,0,0,0,0,0
250259,1,1,0,22,0,18,0,0,0,0,0,20
250260,0,1,15,7,23,0,0,18,13,0,0,18
250260,1,1,0,0,0,23,0,0,0,0,0,0
250261,1,1,9,0,0,16,6,0,11,0,12,19
250262,1,1,8,9,31,27,16,26,10,0,0,0
250263,1,1,9,9,9,9,9,9,9,9,9,9
250263,2,1,0,0,0,0,0,0,0,0,0,0
250264,1,1,0,0,0,8,3,0,18,0,0,13
250265,1,1,94,94,94,94,94,94,94,94,94,94
250266,1,1,0,0,0,0,0,0,0,0,0,0
250267,0,1,0,0,0,0,0,0,0,0,0,0
250267,0,2,7,0,28,21,0,0,0,10,13,20
250267,1,1,0,0,0,37,12,0,0,0,15,0
250267,2,1,0,0,0,0,0,0,0,0,0,3
250268,0,1,0,0,0,0,0,0,0,0,0,0
250268,1,1,0,0,15,0,0,0,0,0,0,0
250269,1,1,28,28,28,28,28,28,28,28,28,28
250270,1,1,8,0,22,0,7,0,0,18,0,0
250271,0,1,0,0,0,0,0,0,0,0,0,0
250271,1,1,0,0,0,0,10,0,0,0,0,0
250272,1,1,0,0,0,0,0,0,0,0,0,0
250273,1,1,0,0,0,0,0,0,0,0,0,0
250273,2,1,0,0,0,14,0,0,0,5,0,9
250273,3,1,0,0,0,0,0,0,0,0,0,0
250274,0,1,0,0,0,0,0,0,0,0,0,0
250274,1,1,0,0,0,0,0,0,0,0,0,0
250275,1,1,10,10,10,10,10,10,10,10,10,10
250276,1,1,9,9,9,9,9,9,9,9,9,9
250277,1,1,0,0,0,0,0,0,0,0,0,0
250278,1,1,0,22,10,21,15,0,11,7,11,0
250278,2,1,0,0,0,0,0,0,0,0,0,0
250279,1,1,0,0,0,0,0,0,0,0,0,0
250279,2,1,0,0,0,0,0,0,0,7,0,0
250280,1,1,13,4,25,0,0,9,0,0,19,23
250281,1,1,0,0,0,0,0,0,9,19,0,0
250282,1,1,0,0,0,0,0,0,0,0,0,0
250282,2,1,0,0,0,0,0,0,0,0,0,0
250283,1,1,0,0,0,0,0,0,0,0,0,0
250284,0,1,0,0,0,0,0,0,0,0,0,0
250284,0,2,0,0,38,0,18,28,0,0,0,28
250284,1,1,0,11,0,0,0,0,0,0,26,0
250285,1,1,22,25,7,16,13,12,0,12,0,0
250286,1,1,0,0,0,0,0,0,0,0,0,0
250286,2,1,0,0,0,0,0,0,0,0,0,0
250287,1,1,0,0,21,15,20,0,15,15,0,0
250288,1,1,15,15,15,15,15,15,15,15,15,15
250289,0,1,0,0,0,0,0,0,0,0,0,0
250289,1,1,0,0,0,0,0,0,0,0,0,0
250290,1,1,0,0,0,0,0,0,0,0,0,0
250291,0,1,0,0,0,0,0,0,0,0,0,0
250291,1,1,18,0,0,0,0,0,11,0,0,0
250292,0,1,0,0,0,0,0,0,0,0,0,0
250292,1,1,0,0,0,15,0,0,0,0,0,0
250293,0,1,26,0,0,0,0,41,13,0,0,18
250293,1,1,0,0,0,0,0,0,0,0,0,0
250293,2,1,0,0,0,0,21,19,0,3,0,0
250294,1,1,2,9,16,6,5,9,15,9,3,8
250294,2,1,2,2,2,2,2,2,2,2,2,2
250295,0,1,31,0,17,0,21,16,0,0,28,0
250295,1,1,0,0,0,0,25,0,16,0,0,15
250296,0,1,0,0,0,0,10,0,0,22,0,0
250296,1,1,0,0,0,0,0,0,0,0,0,0
250297,1,1,0,0,0,0,0,0,0,0,0,0
250297,2,1,0,0,0,0,0,20,0,0,0,0
250298,1,1,0,0,0,0,0,0,0,0,0,0
250299,1,1,0,0,0,0,0,0,0,0,0,0
250299,2,1,0,40,0,0,0,0,12,0,0,0
250300,1,1,0,0,0,0,0,0,0,0,0,0
250300,2,1,0,0,0,0,0,0,0,0,0,0
250301,0,1,0,0,0,0,0,0,0,0,0,0
250301,1,1,0,0,0,19,0,0,12,11,0,0
250302,1,1,0,0,0,0,0,0,0,0,0,0
250302,2,1,15,15,15,15,15,15,15,15,15,15
250303,1,1,15,0,13,0,22,0,0,0,0,0
250303,2,1,0,0,0,0,0,0,0,0,0,0
250304,1,1,0,0,0,0,0,0,0,0,0,0
250304,2,1,0,0,0,13,45,0,15,23,0,17
250305,1,1,0,0,0,0,0,0,0,0,11,8
250305,2,1,0,0,39,0,0,0,0,0,0,0
250306,1,1,0,0,0,0,0,0,0,0,0,0
250307,1,1,0,0,9,0,0,0,0,0,0,0
250307,2,1,0,0,0,9,0,0,0,0,0,0
250308,0,1,0,0,0,0,0,0,0,0,0,0
250308,1,1,0,0,0,0,0,12,0,0,0,0
250309,1,1,0,0,0,0,0,0,0,0,0,0
250310,1,1,12,12,12,12,12,12,12,12,12,12
250311,0,1,0,0,0,0,0,0,0,0,0,0
250311,1,1,0,8,0,0,26,12,0,0,0,11
250312,0,1,0,0,0,0,0,0,0,0,0,0
250312,0,2,0,0,0,0,0,0,0,0,0,0
250312,1,1,14,11,0,12,21,23,11,0,12,14
250313,1,1,22,22,22,22,22,22,22,22,22,22
250314,0,1,15,13,0,18,27,0,0,23,29,17
250314,1,1,7,8,18,17,19,17,24,6,15,20
250315,0,1,21,21,21,21,21,21,21,21,21,21
250315,1,1,0,0,0,0,0,0,18,13,11,0
250316,0,1,25,0,0,0,0,17,0,0,0,0
250316,1,1,0,0,0,0,0,0,0,0,0,0
250317,1,1,0,0,0,0,0,0,0,0,0,0
250318,0,1,0,0,0,0,0,0,0,0,0,0
250318,1,1,0,0,0,0,0,0,0,0,14,0
250319,0,1,0,0,0,0,0,0,0,0,0,0
250319,1,1,29,15,0,0,0,0,16,0,0,0
250320,0,1,0,0,0,0,0,0,0,0,0,0
250320,1,1,0,0,0,0,0,0,0,0,15,0
250321,1,1,21,17,0,18,0,9,0,19,15,3
250321,2,1,0,0,17,14,0,15,0,0,9,0
250322,1,1,0,0,13,0,0,0,0,0,0,0
250323,0,1,0,0,6,0,15,16,8,0,0,14
250323,1,1,0,0,0,0,12,0,0,20,0,0
250324,0,1,0,0,36,29,0,0,26,0,17,0
250324,1,1,0,0,0,0,11,41,15,6,0,9
250325,1,1,13,0,0,0,13,0,0,10,0,0
250326,1,1,18,0,0,0,0,0,0,0,0,0
250326,2,1,22,0,0,0,0,0,0,0,0,0
250327,1,1,0,0,0,0,0,0,0,0,0,0
250328,0,1,15,16,27,17,16,23,11,21,13,30
250328,1,1,19,0,0,10,6,18,20,0,0,14
250330,0,1,0,0,0,0,0,0,0,0,0,0
250330,1,1,0,0,0,0,16,0,12,5,0,0
250330,2,1,0,0,0,0,0,0,0,0,9,0
250331,0,1,0,0,0,0,0,0,0,0,0,0
250331,1,1,0,0,0,0,0,0,0,0,25,0
250332,1,1,0,0,0,0,0,0,0,0,0,0
250332,2,1,0,0,0,0,0,0,0,0,0,0
250333,1,1,0,0,0,0,0,0,0,0,6,0
250333,2,1,0,0,0,0,0,18,0,0,0,0
250334,1,1,0,0,0,0,0,0,0,0,0,0
250335,1,1,38,0,15,27,20,27,9,27,13,15
250336,1,1,0,0,0,0,0,0,0,0,0,0
250337,1,1,0,0,0,0,0,28,0,0,0,0
250337,2,1,0,0,0,0,0,0,0,0,0,0
250338,0,1,0,0,0,0,21,0,11,0,0,0
250338,1,1,0,0,0,0,0,0,0,8,0,0
250339,1,1,0,7,0,0,0,0,0,0,0,0
250339,2,1,0,0,0,0,23,0,0,0,6,0
250340,0,1,0,0,0,0,0,0,0,0,0,0
250340,1,1,0,0,0,0,0,0,12,9,0,0
250341,1,1,0,0,0,0,0,0,0,0,0,0
260001,1,1,2,2,2,2,2,2,2,2,2,2
260002,1,1,0,0,0,0,0,0,0,0,0,0
260003,1,1,0,0,0,0,0,0,0,0,0,0
260003,2,1,0,0,0,0,0,0,0,0,0,0
260004,0,1,0,19,0,0,0,0,8,0,15,28
260004,1,1,0,0,0,0,20,0,5,7,0,0
260005,0,1,0,0,0,0,0,0,0,0,0,0
260005,1,1,0,0,0,0,0,0,0,0,21,13
260006,1,1,0,0,0,0,0,0,0,0,0,0
260007,0,1,0,0,0,0,0,0,0,0,0,0
260007,1,1,0,0,0,0,0,0,0,0,0,0
260008,1,1,16,16,16,16,16,16,16,16,16,16
260008,2,1,0,0,0,0,0,0,0,0,0,0
260009,1,1,23,23,23,23,23,23,23,23,23,23
260010,1,1,0,0,0,0,0,0,0,0,0,0
260010,2,1,0,0,10,0,0,0,0,0,0,0
260011,1,1,0,0,0,0,0,0,0,0,0,0
260011,2,1,0,0,0,0,0,0,0,0,0,0
260012,1,1,24,24,24,24,24,24,24,24,24,24
260013,1,1,0,0,0,0,0,0,0,0,0,0
260013,2,1,0,0,0,0,0,0,0,0,0,0
260014,0,1,0,0,16,0,0,18,0,0,0,0
260014,1,1,0,0,0,0,0,0,0,0,0,0
260014,2,1,0,26,0,0,0,0,0,0,0,0
260014,3,1,0,0,15,0,0,0,0,9,0,0
260014,4,1,0,13,11,0,0,0,0,0,8,0
260015,1,1,0,0,0,0,0,0,0,0,0,0
260016,1,1,0,0,0,0,0,0,0,0,0,0
260017,0,1,25,14,7,28,11,23,6,18,18,19
260017,0,2,0,0,0,0,0,0,0,30,0,0
260017,1,1,0,0,0,0,4,0,0,0,0,0
260018,1,1,11,11,11,11,11,11,11,11,11,11
260019,1,1,30,30,30,30,30,30,30,30,30,30
260020,1,1,22,22,22,22,22,22,22,22,22,22
260021,1,1,0,0,0,0,0,0,0,0,0,0
260021,2,1,0,0,0,0,0,0,0,0,8,0
260022,1,1,15,15,15,15,15,15,15,15,15,15
260023,1,1,0,0,0,0,0,0,0,0,0,0
260024,1,1,0,0,0,0,0,0,0,0,0,0
260025,1,1,0,0,0,0,0,0,0,0,0,0
260026,0,1,0,13,0,0,0,0,0,0,0,0
260026,1,1,0,0,0,0,0,0,0,0,0,0
260027,1,1,0,0,0,0,0,0,0,0,0,0
260027,2,1,30,13,16,0,17,9,0,15,21,0
260028,1,1,0,0,0,0,0,0,0,0,0,0
260028,2,1,0,0,0,0,0,0,0,0,0,0
260029,0,1,32,18,0,0,17,6,0,18,30,22
260029,1,1,0,0,0,0,0,0,0,0,0,0
260030,1,1,7,7,7,7,7,7,7,7,7,7
260030,2,1,0,0,0,0,0,0,0,0,0,0
260032,1,1,13,13,13,13,13,13,13,13,13,13
260033,1,1,0,0,0,0,0,0,0,0,0,0
260033,2,1,0,0,0,0,0,0,0,0,0,0
260034,0,1,9,9,9,9,9,9,9,9,9,9
260034,1,1,0,0,0,0,0,0,0,0,0,0
260035,0,1,23,18,20,22,26,0,20,34,23,20
260035,1,1,0,0,0,0,0,0,0,0,0,0
260036,1,1,17,17,17,17,17,17,17,17,17,17
260036,2,1,0,0,0,0,0,0,0,0,0,0
260037,1,1,0,0,0,0,0,0,0,0,0,0
260038,1,1,19,19,19,19,19,19,19,19,19,19
260039,1,1,0,0,0,0,0,0,0,0,0,0
260039,2,1,13,13,13,13,13,13,13,13,13,13
260040,1,1,25,25,25,25,25,25,25,25,25,25
260040,2,1,0,0,0,0,0,0,0,0,0,0
260041,1,1,0,0,0,0,0,0,0,0,0,0
260041,2,1,0,0,0,0,0,0,0,0,0,0
260042,1,1,0,0,0,0,0,0,0,0,0,0
260043,1,1,0,0,0,0,0,0,0,0,0,0
260044,1,1,0,0,0,0,0,0,0,0,0,0
260044,2,1,0,0,0,0,0,0,0,0,0,0
260045,1,1,0,0,0,0,0,0,0,0,0,0
260045,2,1,0,0,0,0,14,0,0,0,17,0
260046,1,1,12,12,12,12,12,12,12,12,12,12
260046,2,1,0,0,0,0,0,0,0,0,0,0
260047,1,1,0,0,0,0,0,0,0,0,0,0
260047,2,1,0,0,0,0,0,0,0,0,0,0
260048,1,1,0,0,0,0,0,0,0,0,0,0
260048,2,1,8,8,8,8,8,8,8,8,8,8
260049,1,1,0,0,0,0,0,0,0,0,0,0
260049,2,1,0,0,0,0,0,0,0,0,0,0
260050,1,1,21,21,21,21,21,21,21,21,21,21
260051,1,1,0,0,0,0,0,0,0,0,0,0
260051,2,1,0,0,0,0,0,0,0,0,0,0
260052,1,1,19,19,19,19,19,19,19,19,19,19
260052,2,1,0,0,0,0,0,0,0,0,0,0
260053,1,1,26,26,26,26,26,26,26,26,26,26
260054,0,1,0,0,29,0,0,0,37,0,0,9
260054,1,1,0,0,0,0,0,0,0,0,0,0
260055,1,1,0,0,0,0,0,0,0,0,0,0
260055,2,1,20,20,20,20,20,20,20,20,20,20
260056,1,1,0,0,0,0,0,0,0,0,0,0
260057,1,1,0,0,0,0,0,0,0,0,0,0
260057,2,1,0,0,0,0,0,0,0,0,0,0
260058,1,1,15,0,0,0,0,0,0,0,0,0
260058,2,1,14,14,14,14,14,14,14,14,14,14
260059,1,1,0,0,0,0,0,0,0,0,0,0
260059,2,1,0,0,0,0,0,0,0,0,0,0
260060,1,1,0,0,0,8,0,0,0,0,0,0
260060,2,1,0,0,0,0,0,0,0,0,0,0
260061,1,1,0,0,0,0,0,0,0,0,0,0
260062,1,1,13,22,0,0,0,0,0,0,0,0
260063,1,1,10,10,10,10,10,10,10,10,10,10
260063,2,1,0,0,0,0,0,0,0,0,0,0
260063,3,1,0,0,0,0,0,0,0,0,0,0
260064,1,1,0,0,0,0,0,0,0,0,0,0
260064,2,1,0,0,0,0,0,0,0,0,0,0
260064,3,1,0,0,0,0,0,0,0,0,0,0
260064,4,1,0,0,0,0,0,0,0,0,0,0
260064,5,1,0,0,0,0,0,0,0,0,0,0
260064,6,1,0,0,0,0,0,0,0,0,0,0
260064,7,1,0,0,0,0,0,0,0,0,0,0
260064,8,1,0,0,0,0,0,0,0,0,0,0
260064,9,1,0,0,0,0,0,0,0,0,0,0
260064,10,1,0,0,0,0,0,0,0,0,0,0
260064,11,1,0,0,0,0,0,0,0,0,0,0
260064,12,1,9,0,0,0,0,0,0,0,0,0
260064,13,1,0,0,0,0,0,0,0,0,0,0
260064,14,1,0,0,0,0,0,0,0,0,0,0
260064,15,1,0,0,0,0,0,0,0,0,0,0
260064,16,1,0,0,0,0,0,0,0,0,0,0
260064,17,1,0,0,0,0,0,0,0,0,0,0
260064,18,1,0,0,0,0,0,0,0,0,0,0
260064,19,1,0,0,0,0,0,0,0,0,0,0
260064,20,1,0,0,0,0,0,0,0,0,0,0
260064,21,1,0,0,0,0,0,0,0,0,0,0
260064,22,1,0,0,0,0,0,0,0,0,0,0
260065,1,1,20,20,20,20,20,20,20,20,20,20
260066,1,1,18,18,18,18,18,18,18,18,18,18
260067,1,1,0,0,0,0,0,0,0,0,0,0
260068,1,1,5,5,5,5,5,5,5,5,5,5
260068,2,1,2,2,2,2,2,2,2,2,2,2
260069,1,1,0,0,0,0,0,0,0,0,0,0
260070,0,1,17,17,17,17,17,17,17,17,17,17
260070,1,1,0,0,0,0,0,0,0,0,0,0
260071,1,1,0,0,0,0,0,0,0,0,0,0
260072,1,1,20,20,20,20,20,20,20,20,20,20
260072,2,1,0,0,0,0,0,0,0,0,0,0
260073,1,1,0,0,0,0,16,0,0,0,0,10
260073,2,1,0,0,0,0,0,0,0,0,0,0
260074,1,1,0,0,0,5,0,0,0,0,0,0
260074,2,1,0,0,0,0,0,0,0,0,0,0
260074,3,1,0,0,0,0,0,0,0,0,0,0
260074,4,1,0,0,0,0,0,0,0,0,0,0
260074,5,1,0,0,0,0,0,0,0,0,0,0
260074,6,1,0,0,0,0,0,0,0,0,0,0
260074,7,1,0,0,0,0,0,0,0,0,0,0
260074,8,1,0,0,0,0,0,0,20,0,0,0
260074,9,1,0,0,0,0,0,0,0,0,0,0
260074,10,1,0,0,0,0,0,0,0,0,0,0
260074,11,1,0,0,0,0,0,0,0,0,0,0
260075,1,1,25,25,25,25,25,25,25,25,25,25
260076,1,1,7,7,7,7,7,7,7,7,7,7
260077,1,1,0,0,0,0,0,0,0,0,0,0
260078,1,1,0,0,0,0,0,0,0,0,0,0
260078,2,1,0,0,0,0,0,0,0,0,0,0
260078,3,1,0,0,0,0,0,0,0,0,0,0
260079,1,1,0,0,0,0,0,0,0,0,0,0
260079,2,1,0,0,0,0,0,0,0,0,0,0
260080,1,1,0,0,0,0,0,0,0,0,0,0
260080,2,1,0,0,0,0,11,0,17,0,0,0
260081,0,1,0,0,0,0,0,0,0,0,0,0
260081,1,1,8,0,0,11,0,0,0,0,0,10
260081,2,1,0,0,0,0,0,0,0,0,0,0
260082,1,1,0,0,0,0,0,0,0,0,0,0
260083,1,1,0,0,0,0,0,0,0,0,0,0
260083,2,1,0,0,0,0,0,0,0,0,0,0
260084,0,1,27,27,27,27,27,27,27,27,27,27
260084,1,1,0,0,0,0,0,0,0,0,0,0
260085,1,1,22,22,22,22,22,22,22,22,22,22
260085,2,1,0,0,0,0,0,0,0,0,0,0
260086,1,1,39,13,21,32,0,25,30,6,9,5
260087,1,1,0,0,0,0,0,0,0,0,0,0
260088,0,1,7,19,0,0,0,0,0,0,0,0
260088,1,1,0,0,0,0,0,0,0,0,0,0
260089,1,1,0,0,0,0,0,0,0,0,0,0
260089,2,1,0,0,0,0,0,0,0,0,0,0
260090,1,1,25,22,0,18,16,0,8,0,15,15
260090,2,1,0,0,0,0,0,0,0,0,0,0
260091,0,1,0,0,0,0,0,0,0,0,0,0
260091,1,1,0,0,0,0,0,0,0,0,0,0
260092,1,1,0,0,0,0,0,28,0,0,15,0
260093,1,1,0,0,0,0,0,0,0,0,0,0
260093,2,1,0,0,32,0,0,0,0,0,0,0
260094,1,1,0,0,0,0,0,0,0,0,0,0
260094,2,1,0,0,0,0,0,0,0,0,0,0
260095,1,1,0,0,0,0,0,0,0,0,0,0
260095,2,1,0,0,0,0,0,0,0,0,0,0
260096,1,1,0,0,0,0,0,0,0,0,0,0
260097,0,1,0,0,0,0,0,0,0,37,19,0
260097,1,1,0,0,0,0,0,0,0,0,0,0
260098,1,1,0,0,0,0,0,0,0,0,0,0
260099,1,1,12,12,12,12,12,12,12,12,12,12
260100,1,1,0,0,0,0,0,0,0,0,0,0
260100,2,1,0,0,0,0,0,0,0,0,0,0
260101,1,1,15,15,15,15,15,15,15,15,15,15
260102,1,1,22,22,22,22,22,22,22,22,22,22
260103,1,1,31,31,31,31,31,31,31,31,31,31
260103,2,1,0,0,0,0,0,0,0,0,0,0
260104,1,1,0,0,0,0,0,0,0,0,0,0
260104,2,1,0,0,0,0,0,0,0,0,0,0
260105,1,1,0,0,0,0,0,0,0,0,0,0
260105,2,1,0,0,0,0,0,0,0,0,0,0
260105,3,1,0,0,0,0,0,0,0,0,0,0
260105,4,1,0,0,0,0,0,0,0,0,0,0
260106,1,1,21,21,21,21,21,21,21,21,21,21
260107,1,1,0,0,0,0,0,0,0,0,0,0
260108,1,1,0,0,0,0,0,0,0,0,0,0
260109,1,1,0,0,0,0,0,0,0,0,0,0
260109,2,1,0,0,0,0,0,0,0,0,0,0
260110,1,1,0,0,0,0,0,0,0,0,0,0
260110,2,1,0,0,0,0,0,0,0,0,0,0
260110,3,1,0,0,0,0,0,0,0,0,0,0
260110,4,1,0,0,0,0,11,0,0,0,0,0
260110,5,1,0,0,0,0,0,0,0,0,0,0
260110,6,1,0,0,0,0,0,0,0,0,0,0
260111,1,1,13,13,13,13,13,13,13,13,13,13
260112,1,1,0,0,0,0,0,0,0,0,0,0
260112,2,1,0,0,0,0,0,0,0,0,0,0
260113,1,1,0,0,0,0,0,0,0,0,0,0
260113,2,1,7,7,7,7,7,7,7,7,7,7
260115,1,1,17,17,17,17,17,17,17,17,17,17
260116,0,1,0,21,19,0,0,0,14,0,19,6
260116,1,1,0,0,0,0,0,0,0,0,0,0
260117,1,1,0,0,0,0,0,0,0,0,0,0
260117,2,1,0,0,0,0,0,0,0,0,0,0
260118,1,1,0,0,0,0,0,0,0,0,0,0
260118,2,1,0,0,0,0,0,0,0,0,0,0
260119,1,1,0,0,0,0,0,0,0,0,0,0
260120,1,1,0,0,0,0,0,0,0,0,0,0
260120,2,1,0,0,0,0,0,0,0,0,0,0
260121,0,1,30,23,26,36,11,25,26,40,15,22
260121,1,1,0,0,0,0,0,0,0,0,0,0
260122,1,1,0,0,0,0,0,0,0,0,0,0
260122,2,1,0,0,0,0,0,0,0,0,0,0
260122,3,1,2,2,2,2,2,2,2,2,2,2
260123,1,1,0,0,0,0,0,0,0,0,0,0
260123,2,1,0,0,0,0,0,0,0,0,0,0
260124,1,1,0,0,0,0,0,0,0,0,0,0
260124,2,1,7,7,7,7,7,7,7,7,7,7
260124,3,1,0,0,0,0,0,0,0,0,0,0
260125,1,1,0,0,0,0,0,0,0,0,0,0
260125,2,1,0,0,0,0,0,0,0,0,0,0