ST_CASE,VEH_NO,PER_NO,P1,P2,P3,P4,P5,P6,P7,P8,P9,P10
260125,3,1,6,6,6,6,6,6,6,6,6,6
260126,0,1,0,0,0,0,0,0,0,0,0,0
260126,1,1,0,0,0,0,8,0,0,0,0,0
260127,1,1,0,0,0,0,0,0,0,0,0,0
260128,1,1,0,0,0,0,0,0,0,0,0,0
260128,2,1,0,0,0,0,0,0,0,0,0,0
260128,3,1,0,0,0,0,0,0,0,0,0,0
260129,1,1,0,0,0,0,0,8,0,0,0,0
260129,2,1,0,0,21,0,0,0,0,0,0,0
260130,1,1,0,0,0,0,0,0,0,0,0,0
260131,0,1,15,13,14,17,37,30,26,41,18,0
260131,1,1,13,3,11,12,19,6,5,17,7,8
260131,2,1,13,22,14,15,19,14,15,9,0,22
260133,0,1,0,0,0,0,0,0,0,0,0,0
260133,1,1,13,0,0,0,0,0,0,0,0,0
260134,1,1,0,0,0,0,0,0,0,0,0,0
260134,2,1,0,0,0,0,0,0,0,0,0,0
260135,1,1,0,0,0,0,0,0,0,0,0,0
260135,2,1,0,0,0,0,0,0,0,0,0,0
260136,1,1,0,0,0,0,0,0,0,0,0,0
260136,2,1,0,0,0,0,0,17,0,0,0,0
260136,3,1,0,0,0,0,0,0,0,0,0,0
260136,4,1,0,0,0,0,0,0,0,0,0,0
260137,1,1,13,0,0,0,0,0,0,0,0,0
260137,2,1,0,0,0,0,0,0,0,0,0,0
260138,1,1,0,0,0,0,0,0,0,0,0,0
260138,2,1,7,0,11,0,0,0,0,0,0,0
260138,3,1,0,0,0,0,0,0,0,0,0,0
260140,1,1,19,19,19,19,19,19,19,19,19,19
260141,1,1,13,13,13,13,13,13,13,13,13,13
260142,1,1,0,0,0,0,0,0,0,0,0,0
260142,2,1,0,0,0,0,0,0,0,0,0,0
260143,1,1,0,0,0,0,0,0,0,0,0,0
260144,1,1,0,0,0,0,0,0,0,0,0,0
260144,2,1,0,0,0,0,0,0,0,0,0,0
260146,1,1,13,13,13,13,13,13,13,13,13,13
260147,1,1,0,0,29,0,0,0,0,25,10,0
260148,1,1,0,0,0,0,0,0,0,0,0,0
260148,2,1,0,0,0,0,0,0,0,0,0,0
260149,1,1,6,6,6,6,6,6,6,6,6,6
260150,1,1,0,0,0,0,0,0,0,0,0,0
260151,1,1,8,8,8,8,8,8,8,8,8,8
260152,1,1,15,22,31,15,3,6,22,0,0,11
260152,2,1,0,0,0,0,0,0,0,0,0,0
260153,0,1,13,23,31,20,13,27,17,6,10,23
260153,1,1,0,0,0,0,0,0,0,0,0,0
260154,1,1,24,24,24,24,24,24,24,24,24,24
260155,1,1,0,0,0,0,0,0,0,0,0,0
260156,1,1,21,21,21,21,21,21,21,21,21,21
260157,1,1,0,0,0,0,0,0,0,0,0,0
260157,2,1,0,0,0,0,0,0,0,0,0,0
260157,3,1,0,0,0,0,0,0,0,0,0,0
260158,1,1,0,0,0,0,0,0,0,0,0,0
260158,2,1,0,0,0,0,0,0,0,0,0,0
260159,1,1,0,0,0,0,0,0,0,0,0,0
260160,0,1,0,6,0,0,0,0,0,0,0,0
260160,1,1,8,23,0,0,0,0,0,0,0,0
260160,3,1,0,0,0,0,0,0,0,0,9,0
260160,4,1,7,0,0,0,0,0,0,0,0,0
260161,1,1,0,0,0,0,0,0,0,0,0,0
260161,2,1,0,0,0,0,0,0,0,0,0,0
260161,3,1,0,0,0,21,0,0,0,0,0,0
260161,4,1,0,0,0,0,0,0,0,0,0,0
260162,1,1,0,0,0,0,0,0,0,0,0,0
260162,2,1,0,0,0,0,0,0,0,0,0,0
260163,1,1,0,0,0,0,0,0,0,0,0,0
260164,1,1,27,27,27,27,27,27,27,27,27,27
260164,2,1,0,0,0,0,0,0,0,0,0,0
260165,1,1,0,0,0,0,0,0,0,0,0,0
260165,2,1,0,0,0,0,0,20,0,0,0,0
260166,1,1,0,0,0,0,0,0,0,0,0,0
260167,1,1,0,0,0,0,0,0,0,0,0,0
260168,1,1,0,0,0,0,0,0,0,0,0,0
260168,2,1,0,0,0,0,0,0,0,0,0,0
260169,1,1,20,20,20,20,20,20,20,20,20,20
260170,0,1,22,18,0,28,37,26,14,9,27,11
260170,1,1,0,0,0,0,0,0,0,0,0,0
260171,1,1,0,0,0,0,18,0,0,0,0,0
260171,2,1,0,0,0,0,0,0,0,0,0,0
260172,1,1,17,17,17,17,17,17,17,17,17,17
260173,1,1,15,15,15,15,15,15,15,15,15,15
260174,1,1,0,0,0,0,0,0,0,0,0,0
260174,2,1,0,0,0,0,0,0,0,0,0,0
260175,1,1,0,0,0,0,0,0,0,0,0,0
260175,2,1,0,0,0,0,0,0,0,0,0,0
260176,1,1,0,0,0,0,0,0,0,0,0,0
260176,2,1,0,0,0,0,0,0,0,0,0,0
260177,1,1,0,0,0,0,0,0,0,0,0,0
260178,1,1,17,15,6,7,19,18,29,26,0,11
260179,0,1,19,19,19,19,19,19,19,19,19,19
260179,1,1,0,0,0,0,0,0,0,0,0,0
260180,1,1,8,8,8,8,8,8,8,8,8,8
260180,2,1,0,0,0,0,0,0,0,0,0,0
260181,1,1,0,0,0,0,0,0,0,0,0,0
260181,2,1,0,0,0,0,0,0,0,0,0,0
260182,1,1,0,0,0,0,0,0,0,0,0,0
260183,0,1,0,0,0,0,14,0,0,0,0,0
260183,1,1,10,10,10,10,10,10,10,10,10,10
260184,0,1,0,0,0,0,0,0,0,0,0,0
260184,1,1,0,0,0,0,0,0,0,0,0,0
260186,1,1,25,25,25,25,25,25,25,25,25,25
260187,0,1,0,0,0,14,0,0,0,0,0,0
260187,1,1,0,0,0,0,0,0,0,0,0,0
260188,1,1,22,12,23,0,4,21,12,14,20,31
260189,1,1,0,0,0,15,0,0,17,12,0,19
260189,2,1,0,0,0,0,0,0,0,0,0,0
260190,1,1,0,0,0,0,0,0,0,0,0,0
260190,2,1,0,0,0,0,0,0,6,0,0,0
260191,1,1,9,10,3,35,0,38,27,29,38,25
260192,1,1,0,0,0,0,0,0,0,0,0,0
260192,2,1,0,0,0,0,0,0,0,0,0,0
260192,3,1,0,0,0,0,0,0,0,0,0,0
260193,1,1,0,0,0,0,0,0,0,0,0,0
260193,2,1,0,0,0,0,0,0,0,0,0,0
260194,0,1,0,0,0,0,0,0,0,0,0,0
260194,1,1,0,0,0,0,0,0,0,0,0,0
260195,0,1,0,0,0,0,9,0,0,0,28,0
260195,1,1,0,0,0,0,0,0,0,0,0,0
260196,1,1,0,0,0,0,0,0,0,0,0,0
260197,1,1,13,13,13,13,13,13,13,13,13,13
260198,1,1,0,0,0,0,0,0,0,0,0,0
260199,1,1,0,17,16,8,0,16,25,32,11,0
260200,1,1,0,0,0,0,0,0,0,0,0,0
260200,2,1,0,0,0,0,0,0,0,0,0,0
260200,3,1,0,0,0,0,0,0,0,0,0,0
260201,1,1,0,0,0,0,0,0,0,0,0,0
260201,2,1,0,0,0,0,0,0,0,0,0,0
260202,1,1,0,0,0,0,0,0,0,0,0,0
260202,2,1,0,0,0,0,0,0,0,0,0,0
260203,1,1,0,0,17,0,0,0,0,0,7,0
260203,2,1,0,0,0,0,0,0,0,0,0,0
260204,1,1,0,0,0,0,0,0,0,17,18,0
260205,1,1,0,0,0,0,0,0,0,0,0,0
260205,2,1,0,0,0,0,0,0,0,0,0,0
260206,1,1,0,0,0,0,0,0,0,0,0,0
260206,2,1,0,0,0,0,0,0,0,0,0,0
260207,1,1,0,0,28,0,0,0,0,0,0,0
260207,2,1,0,0,0,0,0,0,0,0,0,0
260207,3,1,0,0,0,0,0,0,0,0,0,0
260208,1,1,20,20,20,20,20,20,20,20,20,20
260209,1,1,9,15,12,37,0,19,22,13,8,11
260210,1,1,0,0,0,0,0,0,0,0,0,0
260211,1,1,0,0,0,0,0,0,0,0,8,0
260212,1,1,0,0,0,0,0,0,0,0,0,0
260212,2,1,0,0,0,0,0,0,0,0,0,0
260213,1,1,0,0,0,0,0,0,0,0,0,0
260213,2,1,0,0,0,0,0,0,0,0,0,0
260213,3,1,0,0,0,0,0,0,0,0,0,0
260214,0,1,0,0,0,0,6,0,12,0,0,0
260214,1,1,0,0,0,0,0,0,0,0,0,0
260215,1,1,15,15,15,15,15,15,15,15,15,15
260215,2,1,0,0,0,0,0,0,0,0,0,0
260216,1,1,0,0,0,0,0,0,0,0,0,0
260217,1,1,0,0,19,0,0,0,1,0,0,0
260217,2,1,0,0,0,0,0,0,0,0,0,0
260218,1,1,31,31,24,23,21,34,15,11,23,25
260219,1,1,11,11,11,11,11,11,11,11,11,11
260220,1,1,14,14,14,14,14,14,14,14,14,14
260221,1,1,0,0,0,0,0,0,0,0,0,0
260222,1,1,15,15,15,15,15,15,15,15,15,15
260222,2,1,0,0,0,0,0,0,0,0,0,0
260222,3,1,0,4,0,0,4,22,0,0,0,0
260223,1,1,0,0,0,0,0,0,0,0,0,0
260223,2,1,0,0,0,0,0,0,0,0,0,0
260224,1,1,0,0,0,0,0,0,0,0,0,0
260224,2,1,0,0,0,0,0,0,0,0,0,0
260224,3,1,0,0,0,0,0,0,0,0,0,0
260225,0,1,0,0,0,0,26,0,0,0,0,0
260225,1,1,0,0,0,0,0,0,0,0,0,0
260226,1,1,8,8,8,8,8,8,8,8,8,8
260228,1,1,0,0,0,0,0,0,0,0,0,0
260228,2,1,1,1,1,1,1,1,1,1,1,1
260229,1,1,0,0,0,0,0,0,0,0,0,0
260230,1,1,13,13,13,13,13,13,13,13,13,13
260231,1,1,0,0,0,0,0,0,0,0,9,0
260232,0,1,0,0,0,0,0,0,0,0,0,0
260232,1,1,0,0,0,0,0,0,0,0,0,0
260233,0,1,21,46,18,29,0,22,0,24,50,27
260233,1,1,0,0,0,0,0,0,0,0,0,0
260234,1,1,0,0,0,0,0,0,0,0,0,0
260235,1,1,20,0,8,17,0,0,21,0,0,0
260236,1,1,0,0,0,0,0,0,0,0,0,0
260236,2,1,0,0,5,0,0,0,0,0,0,0
260237,1,1,27,27,27,27,27,27,27,27,27,27
260238,1,1,0,0,0,0,0,0,0,4,0,0
260239,1,1,31,31,31,31,31,31,31,31,31,31
260239,2,1,0,0,0,0,0,0,0,0,0,0
260240,1,1,0,0,0,0,0,0,0,0,0,0
260240,2,1,0,0,0,0,0,0,0,0,0,0
260241,1,1,0,0,0,0,0,0,0,0,0,0
260241,2,1,0,0,0,0,0,0,0,0,0,0
260244,1,1,19,19,19,19,19,19,19,19,19,19
260246,1,1,0,0,0,0,0,0,0,0,0,0
260246,2,1,0,0,0,0,0,0,0,0,0,0
260246,3,1,0,0,0,0,0,0,0,0,0,0
260246,4,1,0,0,0,0,0,0,0,0,0,0
260247,1,1,17,17,17,17,17,17,17,17,17,17
260248,1,1,0,0,0,0,0,0,0,0,0,0
260249,1,1,0,0,0,0,0,0,0,0,0,0
260250,1,1,10,10,10,10,10,10,10,10,10,10
260250,2,1,0,0,0,0,0,0,0,0,0,0
260251,1,1,0,0,0,0,0,0,0,0,0,0
260251,2,1,0,0,0,0,0,0,0,0,0,0
260252,1,1,0,0,0,0,0,0,0,0,0,0
260252,2,1,0,0,0,0,0,0,0,0,0,0
260255,1,1,0,0,0,0,0,0,0,0,0,0
260255,2,1,0,0,0,0,0,0,0,0,0,0
260256,1,1,36,36,36,36,36,36,36,36,36,36
260257,0,1,0,0,0,19,0,0,0,0,0,0
260257,1,1,0,0,0,0,0,0,0,0,0,0
260258,1,1,0,0,0,0,0,0,0,0,0,0
260258,2,1,0,0,0,0,0,0,0,0,0,0
260258,3,1,0,0,0,0,0,0,0,0,0,0
260259,1,1,0,0,0,0,0,0,0,0,0,0
260260,1,1,0,0,0,0,0,0,0,0,0,0
260260,2,1,0,0,0,0,0,0,0,0,0,0
260261,1,1,0,0,0,0,0,0,0,0,0,0
260262,1,1,0,0,0,0,0,0,0,0,0,0
260263,1,1,12,0,0,0,0,0,0,0,0,0
260263,2,1,0,0,0,0,0,0,0,0,0,0
260264,1,1,20,20,20,20,20,20,20,20,20,20
260265,1,1,4,10,0,0,0,0,0,0,0,6
260266,1,1,0,0,0,0,0,0,0,0,0,0
260266,2,1,0,0,0,0,0,0,0,0,0,0
260267,1,1,0,0,0,0,0,0,0,0,0,0
260267,2,1,0,0,7,8,0,0,0,14,0,0
260268,1,1,0,0,0,0,0,0,0,0,0,0
260268,2,1,0,0,0,0,0,0,0,0,0,0
260269,1,1,0,0,0,0,0,0,0,0,0,0
260270,1,1,0,0,0,0,0,0,0,0,0,0
260271,1,1,26,26,26,26,26,26,26,26,26,26
260272,1,1,0,0,0,0,0,0,0,0,0,0
260272,2,1,0,0,0,0,0,0,0,0,0,0
260272,3,1,0,0,0,0,0,0,0,0,0,0
260273,1,1,9,9,9,9,9,9,9,9,9,9
260274,1,1,0,0,0,0,0,0,0,0,0,0
260274,2,1,0,0,0,0,0,0,0,0,0,0
260276,1,1,0,7,0,0,9,24,0,0,0,24
260276,2,1,0,0,0,14,0,0,0,0,0,0
260276,3,1,8,8,8,8,8,8,8,8,8,8
260277,1,1,1,1,1,1,1,1,1,1,1,1
260277,2,1,0,0,0,0,0,0,0,0,0,0
260278,1,1,0,0,0,0,0,0,0,0,0,0
260278,2,1,0,0,0,0,0,0,0,0,0,0
260279,1,1,0,0,0,0,0,0,0,0,0,0
260279,2,1,0,0,0,0,0,0,0,0,0,0
260280,1,1,0,0,0,18,0,13,0,0,0,29
260280,2,1,0,0,0,0,0,0,0,0,0,0
260281,1,1,2,2,2,2,2,2,2,2,2,2
260282,1,1,0,0,0,0,0,0,0,0,0,0
260283,1,1,0,0,0,0,0,0,0,0,0,0
260283,2,1,0,0,0,0,0,0,0,0,0,0
260284,1,1,0,0,12,0,0,0,0,0,0,0
260284,2,1,0,0,0,0,0,0,0,0,0,0
260285,1,1,0,0,0,0,0,0,0,0,0,0
260285,2,1,0,0,0,0,0,0,0,0,0,0
260286,1,1,0,0,0,0,0,0,0,0,0,0
260286,2,1,0,0,0,0,0,0,0,0,0,0
260286,3,1,0,0,0,0,0,0,0,0,0,0
260286,4,1,0,0,0,0,12,0,0,0,0,0
260287,1,1,18,18,18,18,18,18,18,18,18,18
260288,0,1,0,0,0,0,0,0,0,0,0,0
260288,1,1,0,0,0,0,0,0,0,0,0,0
260290,1,1,16,16,16,16,16,16,16,16,16,16
260291,1,1,0,0,0,0,0,29,0,0,0,0
260292,1,1,0,0,0,0,0,0,0,0,0,0
260292,2,1,0,0,0,0,0,0,0,0,0,0
260292,3,1,0,0,0,0,0,0,0,0,0,0
260293,1,1,8,0,0,2,0,0,0,0,0,0
260294,1,1,0,0,0,0,0,0,0,0,0,0
260294,2,1,0,0,0,0,0,0,0,0,8,0
260294,3,1,0,0,0,0,0,0,0,0,0,0
260295,1,1,0,0,0,0,0,0,0,0,0,0
260295,2,1,0,0,0,0,0,0,0,0,0,0
260296,1,1,0,0,0,0,0,0,0,0,0,0
260296,2,1,0,0,0,0,0,0,0,0,0,0
260297,1,1,18,18,18,18,18,18,18,18,18,18
260297,2,1,0,0,0,26,0,0,0,0,0,0
260298,1,1,0,0,0,0,0,0,0,0,0,0
260298,2,1,0,0,0,0,0,0,0,0,0,0
260298,3,1,0,0,0,0,0,0,0,0,0,0
260299,1,1,0,0,0,0,0,0,0,0,0,0
260299,2,1,0,0,0,0,0,0,0,0,0,0
260299,3,1,12,4,12,0,9,8,15,0,9,7
260301,1,1,0,0,0,0,0,0,0,0,0,0
260301,2,1,0,0,0,0,0,0,0,0,0,0
260302,1,1,0,0,0,0,0,0,0,21,0,14
260304,1,1,0,0,0,0,0,0,0,0,0,0
260305,1,1,0,0,0,0,0,0,0,0,0,0
260305,2,1,0,0,0,0,0,0,0,0,0,0
260306,0,1,7,0,0,0,0,0,0,0,0,15
260306,1,1,0,0,0,0,0,0,0,0,0,0
260307,0,1,21,21,21,21,21,21,21,21,21,21
260307,1,1,19,0,11,22,0,0,0,0,0,0
260308,1,1,18,18,18,18,18,18,18,18,18,18
260309,1,1,0,0,0,0,0,0,0,0,0,0
260309,2,1,0,0,0,0,0,0,0,0,0,0
260310,1,1,0,0,0,0,0,0,0,0,0,0
260310,2,1,0,0,0,0,0,0,0,10,0,0
260311,1,1,25,25,25,25,25,25,25,25,25,25
260312,0,1,0,0,0,0,0,0,0,0,12,16
260312,1,1,0,0,0,0,0,0,0,0,0,0
260313,1,1,0,0,0,0,0,0,0,0,0,0
260313,2,1,0,0,0,0,0,0,0,0,0,0
260314,1,1,15,15,15,15,15,15,15,15,15,15
260315,1,1,0,0,0,0,0,0,0,0,0,0
260315,2,1,0,0,0,0,0,0,0,0,0,0
260316,1,1,0,19,0,13,0,0,0,0,0,0
260317,0,1,0,0,0,0,0,0,26,32,0,0
260317,1,1,0,0,0,0,0,0,0,0,0,0
260318,1,1,23,23,23,23,23,23,23,23,23,23
260319,0,1,0,0,0,0,0,0,0,0,0,0
260319,1,1,0,0,0,0,0,0,0,0,0,0
260320,0,1,0,0,0,0,0,0,0,0,0,0
260320,1,1,0,0,0,0,0,0,0,0,0,0
260321,1,1,0,0,0,0,0,0,0,0,0,0
260322,1,1,0,19,11,13,0,0,0,34,0,0
260323,0,1,0,0,0,0,0,0,0,0,0,0
260323,1,1,0,0,0,0,0,0,0,0,0,0
260324,1,1,0,0,0,0,0,0,0,17,0,0
260324,2,1,0,0,0,0,0,0,0,0,0,0
260325,1,1,0,0,0,0,0,0,0,0,0,0
260325,2,1,0,0,0,0,0,0,0,0,0,0
260325,3,1,0,0,0,0,0,0,0,0,0,0
260326,0,1,0,0,0,0,11,0,0,0,0,0
260326,1,1,0,0,0,0,0,0,0,0,0,0
260327,0,1,0,0,0,0,0,0,0,0,0,0
260327,1,1,0,0,0,0,0,0,0,0,0,0
260328,0,1,33,10,0,0,19,0,31,9,0,17
260328,1,1,0,0,0,0,0,0,0,0,0,0
260329,1,1,0,0,0,0,0,0,0,0,0,0
260329,2,1,0,0,0,0,0,0,0,0,0,0
260330,1,1,15,15,15,15,15,15,15,15,15,15
260331,0,1,24,24,24,24,24,24,24,24,24,24
260331,1,1,0,0,0,0,0,0,0,0,0,0
260332,0,1,0,0,26,0,16,0,0,0,0,0
260332,1,1,0,0,0,0,0,0,0,0,0,0
260333,1,1,0,0,0,0,0,0,0,0,0,20
260333,2,1,0,0,0,0,0,0,0,0,0,0
260335,1,1,0,0,0,0,0,0,0,0,0,0
260335,2,1,0,0,0,0,0,0,0,0,0,0
260336,1,1,8,0,0,0,0,0,0,0,20,0
260336,2,1,0,0,0,0,0,0,0,0,0,0
260337,1,1,17,17,17,17,17,17,17,17,17,17
260338,1,1,0,0,0,0,0,0,0,0,0,0
260338,2,1,0,0,0,0,0,0,0,0,0,0
260339,1,1,18,18,18,18,18,18,18,18,18,18
260340,1,1,0,0,0,0,0,9,0,0,0,0
260340,2,1,0,0,0,0,0,0,0,0,0,0
260341,2,1,0,0,0,0,0,0,0,0,0,0
260342,0,1,12,12,12,12,12,12,12,12,12,12
260342,1,1,0,9,0,4,0,20,18,16,7,0
260343,1,1,0,0,0,0,0,0,0,0,0,0
260344,1,1,0,0,0,0,0,0,0,0,0,0
260345,0,1,0,0,0,0,0,0,0,0,0,0
260345,1,1,0,0,0,0,0,0,0,0,0,0
260346,1,1,0,0,0,0,0,0,0,0,0,0
260346,2,1,0,0,0,0,0,0,0,0,0,0
260347,1,1,31,31,31,31,31,31,31,31,31,31
260348,1,1,26,26,26,26,26,26,26,26,26,26
260349,1,1,0,0,0,0,0,0,0,0,0,0
260349,2,1,0,0,0,0,0,0,0,0,0,0
260350,1,1,0,0,0,0,13,0,0,0,0,19
260350,2,1,0,0,0,0,0,0,0,0,0,0
260351,1,1,0,0,0,0,0,0,0,0,0,0
260351,2,1,0,0,0,0,0,0,0,0,0,0
260352,0,1,43,22,20,19,10,42,0,8,39,21
260352,1,1,0,0,0,0,0,0,0,0,0,0
260353,1,1,17,0,0,0,0,0,0,0,0,0
260354,1,1,21,21,21,21,21,21,21,21,21,21
260355,1,1,0,0,0,0,0,0,0,0,0,0
260355,2,1,0,0,0,0,0,0,0,0,0,0
260356,1,1,0,0,0,0,0,0,0,0,0,0
260357,1,1,0,0,0,0,0,0,0,0,0,0
260358,1,1,0,0,0,0,0,0,0,0,0,0
260358,2,1,0,0,0,0,0,0,0,0,0,0
260359,1,1,13,19,15,0,9,16,17,16,19,31
260360,1,1,0,0,0,0,22,0,0,0,0,0
260360,2,1,0,0,0,0,0,0,0,0,0,0
260361,1,1,2,2,2,2,2,2,2,2,2,2
260362,0,1,17,32,0,12,19,15,13,0,19,24
260362,1,1,9,9,9,9,9,9,9,9,9,9
260363,1,1,0,0,0,0,0,0,0,0,0,0
260363,2,1,0,0,0,0,0,0,0,0,0,0
260364,1,1,0,0,0,0,0,0,0,0,0,0
260365,1,1,0,0,0,0,0,0,0,0,0,0
260365,2,1,0,0,0,0,0,0,0,0,0,0
260365,3,1,0,0,0,0,0,0,0,0,0,0
260366,1,1,0,0,0,0,0,0,0,0,0,0
260366,2,1,0,0,0,0,0,0,0,0,0,0
260367,1,1,16,16,16,16,16,16,16,16,16,16
260368,0,1,0,0,0,0,0,0,0,0,0,0
260368,1,1,0,0,0,0,0,0,0,0,0,0
260369,1,1,0,0,6,0,8,0,0,0,0,0
260370,0,1,0,0,12,0,10,24,0,14,8,0
260370,0,2,0,0,0,0,0,9,0,0,16,0
260370,1,1,4,10,10,13,13,21,17,0,0,23
260372,1,1,0,0,0,0,0,0,0,0,0,0
260372,2,1,0,0,9,0,0,0,0,0,0,0
260372,3,1,0,0,0,0,0,0,0,0,0,0
260372,4,1,0,0,0,12,0,0,0,0,0,0
260372,5,1,0,0,0,0,0,0,0,7,0,0
260374,1,1,2,2,2,2,2,2,2,2,2,2
260374,2,1,0,0,0,0,0,0,0,0,0,0
260375,0,1,0,0,22,0,0,0,0,0,0,0
260375,1,1,0,0,0,0,18,0,31,0,0,12
260376,1,1,11,11,11,11,11,11,11,11,11,11
260376,2,1,0,0,0,0,0,0,0,0,0,0
260377,1,1,0,0,0,0,0,0,0,0,0,0
260377,2,1,0,0,0,0,0,0,0,0,0,13
260378,1,1,0,0,0,0,0,0,0,0,0,0
260378,2,1,0,0,0,0,0,0,0,0,0,0
260379,1,1,25,25,25,25,25,25,25,25,25,25
260380,0,1,0,0,0,0,0,0,13,0,0,0
260380,1,1,0,0,0,0,0,0,0,0,0,0
260381,1,1,0,0,0,0,0,0,0,0,0,0
260381,2,1,0,0,0,0,0,0,0,0,0,0
260382,1,1,20,20,20,20,20,20,20,20,20,20
260383,1,1,16,16,16,16,16,16,16,16,16,16
260384,1,1,25,25,25,25,25,25,25,25,25,25
260385,1,1,0,0,0,0,0,0,0,0,0,0
260386,1,1,0,0,0,0,0,0,0,0,0,0
260386,2,1,0,0,0,13,15,0,0,0,0,0
260386,3,1,0,0,0,0,0,0,0,0,0,0
260386,4,1,0,0,0,0,0,0,0,0,0,0
260386,5,1,0,0,0,0,0,0,0,0,0,0
260387,1,1,0,0,0,0,0,0,0,0,0,0
260387,2,1,0,0,0,0,0,5,0,0,0,0
260388,1,1,0,0,0,0,0,0,0,0,0,0
260388,2,1,0,0,0,0,0,0,0,0,0,0
260389,1,1,1,1,1,1,1,1,1,1,1,1
260389,2,1,5,5,5,5,5,5,5,5,5,5
260390,1,1,0,0,0,0,0,0,0,0,0,0
260390,2,1,0,0,0,0,0,0,0,0,0,0
260391,1,1,1,1,1,1,1,1,1,1,1,1
260391,2,1,0,0,0,0,0,0,0,0,0,0
260392,1,1,0,0,0,0,0,0,0,0,0,0
260393,1,1,17,17,17,17,17,17,17,17,17,17
260394,1,1,12,12,12,12,12,12,12,12,12,12
260395,0,1,28,28,28,28,28,28,28,28,28,28
260395,1,1,0,0,0,0,0,0,0,0,0,0
260396,1,1,26,0,0,0,14,0,0,0,0,0
260396,2,1,0,0,0,0,0,0,0,0,0,0
260396,3,1,0,0,0,0,0,0,0,18,0,0
260397,1,1,10,10,10,10,10,10,10,10,10,10
260398,1,1,0,0,0,0,0,0,0,0,0,0
260398,2,1,0,0,0,0,0,0,0,17,0,0
260399,1,1,0,0,0,0,0,0,0,0,0,0
260400,1,1,24,24,24,24,24,24,24,24,24,24
260400,2,1,8,8,8,8,8,8,8,8,8,8
260401,1,1,22,22,22,22,22,22,22,22,22,22
260402,1,1,0,0,0,0,0,0,0,0,0,0
260402,2,1,0,0,0,0,0,0,0,3,0,0
260403,1,1,0,0,0,0,0,0,0,0,0,0
260404,1,1,0,0,0,0,0,0,0,0,0,0
260405,1,1,18,18,18,18,18,18,18,18,18,18
260407,1,1,0,0,0,0,0,0,0,0,0,0
260407,2,1,0,0,0,0,0,0,0,0,0,0
260408,1,1,0,0,0,0,0,0,0,0,0,0
260409,1,1,0,0,0,0,0,0,0,0,7,0
260409,2,1,0,0,0,0,0,0,0,0,0,0
260410,1,1,0,0,0,0,0,0,0,0,0,0
260411,1,1,16,16,16,16,16,16,16,16,16,16
260412,1,1,0,10,0,0,0,0,0,6,0,0
260413,1,1,0,0,0,0,0,0,0,0,0,0
260414,1,1,0,0,0,0,0,0,0,0,0,0
260415,1,1,0,0,0,0,0,0,0,0,0,0
260415,2,1,0,0,0,0,0,0,0,0,0,0
260416,1,1,12,12,12,12,12,12,12,12,12,12
260417,1,1,0,0,0,0,0,0,0,0,0,0
260417,2,1,0,0,0,0,0,0,0,0,0,0
260418,1,1,0,0,0,0,0,0,0,0,0,0
260419,1,1,0,0,0,0,0,0,0,0,0,0
260420,1,1,5,5,5,5,5,5,5,5,5,5
260421,1,1,0,0,0,0,0,0,0,0,0,0
260423,1,1,0,0,0,0,0,0,0,0,0,0
260423,2,1,2,2,2,2,2,2,2,2,2,2
260424,1,1,0,0,0,0,0,0,0,0,0,0
260424,2,1,0,0,0,0,0,0,0,0,0,0
260425,1,1,0,0,0,0,0,0,0,0,0,0
260425,2,1,26,0,0,0,13,0,0,0,0,0
260425,3,1,0,0,0,0,0,0,0,0,0,0
260426,1,1,14,14,14,14,14,14,14,14,14,14
260427,0,1,0,30,0,0,0,25,10,0,0,0
260427,1,1,0,0,0,0,0,0,0,0,0,0
260428,0,1,0,0,0,0,0,0,0,0,10,0
260428,1,1,0,0,0,0,0,0,0,0,0,0
260428,2,1,0,0,0,0,0,0,0,0,0,8
260429,1,1,0,0,0,0,0,0,0,0,0,0
260430,1,1,16,16,16,16,16,16,16,16,16,16
260431,1,1,0,0,0,0,0,0,0,0,0,0
260432,1,1,0,0,0,0,0,0,0,0,0,0
260432,2,1,0,0,0,0,0,0,0,0,0,0
260433,1,1,15,15,15,15,15,15,15,15,15,15
260434,1,1,0,0,0,0,0,0,0,0,0,0
260434,2,1,0,0,0,0,0,0,0,0,0,0
260435,0,1,0,0,0,0,7,0,0,0,0,8
260435,1,1,6,6,6,6,6,6,6,6,6,6
260436,1,1,0,0,0,0,0,0,0,0,0,0
260436,2,1,0,0,0,0,0,0,0,0,0,0
260437,1,1,7,7,7,7,7,7,7,7,7,7
260438,1,1,4,4,4,4,4,4,4,4,4,4
260439,1,1,0,0,0,0,0,0,0,0,0,0
260439,2,1,0,0,0,0,0,0,0,0,0,0
260440,1,1,0,0,0,0,0,0,0,0,0,0
260441,1,1,13,13,13,13,13,13,13,13,13,13
260442,1,1,0,0,0,0,0,0,0,0,0,0
260443,1,1,0,0,0,0,0,0,0,0,0,0
260444,1,1,0,0,0,0,0,0,0,0,0,0
260445,1,1,0,0,0,0,0,0,0,0,0,0
260445,2,1,0,0,0,0,0,0,0,0,0,0
260446,1,1,0,0,0,0,12,0,0,0,0,0
260446,2,1,0,0,0,0,0,0,0,0,0,0