ST_CASE,VEH_NO,PER_NO,P1,P2,P3,P4,P5,P6,P7,P8,P9,P10
260447,1,1,0,0,0,0,0,0,0,0,0,0
260447,2,1,0,0,0,0,0,0,0,0,0,0
260447,3,1,0,0,0,0,0,0,0,0,0,0
260448,0,1,0,0,0,12,0,0,0,16,0,0
260448,1,1,0,0,0,0,0,0,0,0,0,0
260449,1,1,0,0,0,0,0,0,0,0,0,0
260450,1,1,20,20,20,20,20,20,20,20,20,20
260451,1,1,0,0,0,0,0,0,0,0,0,0
260451,2,1,0,0,0,0,0,0,0,0,0,0
260452,1,1,2,2,2,2,2,2,2,2,2,2
260452,2,1,0,0,0,0,0,0,0,0,0,0
260453,1,1,0,0,0,0,0,0,0,0,0,0
260453,2,1,0,0,0,0,0,0,0,0,0,0
260453,3,1,0,0,0,0,0,0,0,0,0,0
260453,4,1,0,0,0,0,0,0,0,0,0,0
260453,5,1,0,0,0,0,0,0,0,0,0,0
260454,1,1,26,26,26,26,26,26,26,26,26,26
260455,1,1,6,6,6,6,6,6,6,6,6,6
260456,1,1,17,0,0,0,0,0,0,0,0,0
260456,2,1,21,11,14,28,9,41,33,19,0,4
260457,0,1,0,0,0,12,19,11,0,0,0,0
260457,1,1,14,14,14,14,14,14,14,14,14,14
260458,1,1,0,0,0,0,0,0,0,0,0,0
260458,2,1,0,0,0,0,0,0,0,0,0,0
260459,0,1,0,0,0,17,25,0,0,0,0,0
260459,1,1,0,0,7,0,0,0,0,11,0,10
260460,1,1,23,23,23,23,23,23,23,23,23,23
260461,1,1,0,0,0,0,0,0,0,0,0,0
260461,2,1,0,0,0,0,0,0,0,0,0,0
260462,1,1,17,17,17,17,17,17,17,17,17,17
260463,0,1,0,0,0,0,0,0,0,0,0,0
260463,1,1,0,0,0,0,0,0,0,0,0,0
260464,1,1,0,0,0,0,0,0,0,0,0,0
260464,2,1,0,0,0,0,0,0,0,0,0,0
260465,1,1,0,0,0,0,0,0,0,0,0,0
260465,2,1,0,0,0,0,0,0,0,0,0,0
260466,1,1,6,6,6,6,6,6,6,6,6,6
260466,2,1,0,0,0,0,0,0,0,0,0,0
260467,1,1,0,0,0,0,0,0,0,0,0,0
260467,2,1,0,0,0,0,0,0,0,0,0,0
260468,0,1,0,0,0,0,0,0,0,0,0,0
260468,1,1,0,0,0,0,0,0,0,0,0,0
260469,1,1,19,19,19,19,19,19,19,19,19,19
260469,2,1,0,0,0,0,0,0,0,0,0,0
260470,1,1,11,11,11,11,11,11,11,11,11,11
260470,2,1,0,0,0,0,0,0,0,0,0,0
260471,1,1,0,0,0,0,0,0,0,0,0,0
260472,0,1,13,13,13,13,13,13,13,13,13,13
260472,1,1,0,0,0,0,0,0,0,0,0,0
260473,0,1,27,27,27,27,27,27,27,27,27,27
260473,1,1,0,0,0,0,0,0,0,0,0,0
260474,1,1,0,0,0,0,0,0,0,0,0,0
260474,2,1,0,0,0,0,0,0,0,0,0,0
260475,1,1,0,0,0,0,0,0,0,0,0,0
260475,2,1,0,0,0,0,0,0,0,0,0,0
260476,1,1,0,0,0,0,0,0,0,0,0,0
260476,2,1,0,0,0,0,0,0,0,0,0,0
260477,1,1,5,5,5,5,5,5,5,5,5,5
260478,0,1,0,0,0,0,24,0,9,21,0,0
260478,1,1,15,0,0,0,0,14,11,0,0,0
260479,1,1,27,27,27,27,27,27,27,27,27,27
260480,1,1,0,0,0,0,0,0,0,0,0,0
260480,2,1,0,0,0,0,0,0,0,0,0,0
260480,3,1,0,0,0,0,0,0,0,0,0,0
260480,4,1,0,0,0,0,0,0,0,0,0,0
260481,1,1,11,0,0,20,0,0,0,0,0,11
260481,2,1,0,0,0,0,0,0,0,0,0,0
260482,1,1,0,0,0,0,0,0,0,0,0,0
260482,2,1,9,9,9,9,9,9,9,9,9,9
260483,1,1,0,0,0,0,0,0,0,0,0,0
260483,2,1,0,0,0,0,0,0,0,0,0,0
260483,3,1,0,0,0,0,0,0,0,0,0,0
260483,4,1,0,5,0,6,2,0,0,19,6,0
260484,0,1,0,0,0,0,0,0,0,0,0,9
260484,0,2,0,0,0,0,0,0,0,16,0,0
260484,1,1,0,0,0,0,0,0,0,0,0,0
260485,1,1,26,15,22,14,5,13,9,20,9,18
260486,1,1,0,0,0,0,0,0,0,0,0,0
260486,2,1,0,0,0,0,0,0,0,0,0,0
260487,1,1,0,0,0,0,0,0,0,0,0,0
260488,1,1,8,8,8,8,8,8,8,8,8,8
260488,2,1,16,0,0,0,0,0,0,21,0,0
260489,1,1,0,0,0,0,0,0,0,0,0,0
260489,2,1,0,0,0,0,0,0,0,0,0,0
260490,0,1,25,25,25,25,25,25,25,25,25,25
260490,1,1,0,0,0,0,0,0,0,0,0,0
260491,0,1,0,0,0,0,0,0,0,0,0,0
260491,1,1,0,0,0,0,0,0,0,0,0,0
260492,1,1,0,0,0,0,0,0,0,0,0,0
260493,1,1,17,0,13,18,15,0,25,17,28,16
260494,1,1,0,0,0,0,0,0,0,0,0,0
260494,2,1,0,0,11,0,0,0,0,14,0,14
260496,1,1,0,0,0,0,0,0,0,0,0,0
260496,2,1,0,0,0,0,0,0,0,0,0,0
260497,0,1,0,0,0,0,0,0,0,0,0,0
260497,1,1,19,19,19,19,19,19,19,19,19,19
260498,1,1,0,0,0,0,0,0,0,0,0,0
260498,2,1,0,0,0,0,0,0,3,0,0,0
260499,1,1,0,0,0,0,0,0,0,0,0,0
260499,2,1,4,4,4,4,4,4,4,4,4,4
260500,1,1,22,22,22,22,22,22,22,22,22,22
260501,1,1,0,0,0,0,0,0,0,0,0,0
260502,1,1,0,0,0,0,0,0,0,0,0,0
260502,2,1,19,19,19,19,19,19,19,19,19,19
260503,1,1,0,0,0,0,0,0,0,0,0,0
260503,2,1,1,1,1,1,1,1,1,1,1,1
260503,3,1,9,9,9,9,9,9,9,9,9,9
260504,0,1,0,0,0,0,0,0,0,0,0,0
260504,1,1,0,0,0,0,0,0,0,0,0,0
260505,1,1,16,12,16,27,30,20,15,36,18,9
260506,1,1,0,0,0,0,0,0,0,0,0,0
260506,2,1,0,0,0,0,0,0,0,0,0,0
260507,1,1,19,19,19,19,19,19,19,19,19,19
260508,1,1,0,0,0,0,0,0,0,0,0,0
260508,2,1,0,5,0,0,2,8,0,3,0,9
260509,1,1,0,0,0,0,0,0,0,0,0,0
260510,1,1,28,28,28,28,28,28,28,28,28,28
260511,1,1,17,3,10,31,15,9,0,25,13,24
260512,1,1,0,0,0,0,0,0,0,0,0,0
260512,2,1,0,0,0,0,0,0,0,0,0,0
260513,0,1,0,0,0,0,0,0,0,0,0,0
260513,1,1,3,3,3,3,3,3,3,3,3,3
260514,1,1,0,0,0,0,0,0,0,0,0,0
260514,2,1,0,5,0,0,0,0,0,19,0,0
260515,1,1,20,20,20,20,20,20,20,20,20,20
260516,1,1,11,3,17,13,18,4,12,12,15,12
260517,1,1,0,0,0,0,0,0,0,0,0,0
260517,2,1,21,23,3,10,10,41,15,0,28,34
260518,0,1,0,0,0,0,0,0,0,0,0,0
260518,1,1,0,0,0,0,0,0,0,0,0,0
260519,1,1,10,10,10,10,10,10,10,10,10,10
260520,0,1,0,0,0,0,0,0,0,0,0,0
260520,1,1,0,0,0,0,0,0,0,0,0,0
260521,1,1,0,0,0,0,0,0,0,0,0,0
260521,2,1,0,0,0,0,0,0,0,0,0,0
260522,1,1,0,0,0,0,0,4,0,0,0,0
260522,2,1,6,6,6,6,6,6,6,6,6,6
260523,1,1,0,0,0,0,0,0,0,0,0,0
260523,2,1,0,0,0,0,0,0,0,0,0,0
260524,1,1,0,0,0,0,0,0,0,0,0,0
260524,2,1,0,0,0,0,0,0,0,0,0,0
260525,1,1,6,6,6,6,6,6,6,6,6,6
260526,0,1,0,14,0,0,0,0,0,0,0,11
260526,1,1,0,0,0,0,0,0,0,0,0,0
260527,0,1,3,3,3,3,3,3,3,3,3,3
260527,1,1,0,0,0,0,0,0,0,0,0,0
260528,1,1,17,17,17,17,17,17,17,17,17,17
260529,1,1,0,0,0,0,0,0,0,0,0,0
260530,1,1,25,18,17,6,12,12,20,12,20,6
260530,2,1,13,0,3,21,8,0,0,10,8,0
260531,1,1,6,6,6,6,6,6,6,6,6,6
260531,2,1,0,0,0,0,0,0,0,0,0,0
260532,1,1,0,0,0,0,0,0,0,0,0,0
260532,2,1,0,0,0,0,0,0,0,0,0,0
260532,3,1,0,0,0,0,0,0,0,0,0,0
260532,4,1,0,0,0,0,0,0,0,0,0,0
260532,5,1,0,0,0,0,0,0,0,0,0,0
260532,6,1,0,0,0,0,0,0,0,0,0,0
260532,7,1,0,0,0,0,0,0,0,0,0,0
260533,1,1,16,16,16,16,16,16,16,16,16,16
260534,1,1,23,23,23,23,23,23,23,23,23,23
260535,1,1,0,0,0,0,0,0,0,0,0,0
260536,1,1,0,0,0,0,0,0,0,0,0,0
260537,1,1,0,0,0,0,0,0,0,0,0,0
260537,2,1,0,0,0,0,0,0,0,0,0,0
260538,1,1,26,26,26,26,26,26,26,26,26,26
260539,1,1,0,14,0,0,0,0,0,0,0,0
260540,1,1,0,0,0,0,0,0,0,0,0,0
260541,1,1,0,0,0,9,0,0,0,0,0,0
260541,2,1,0,0,0,0,0,0,0,0,0,0
260542,1,1,0,0,0,0,0,2,0,0,0,0
260543,1,1,10,10,10,10,10,10,10,10,10,10
260544,1,1,0,0,0,0,0,0,0,0,0,0
260544,2,1,0,0,0,0,0,0,0,0,0,0
260545,1,1,17,17,17,17,17,17,17,17,17,17
260546,0,1,0,0,0,0,0,0,0,0,0,0
260546,1,1,0,0,0,0,0,0,0,0,0,0
260547,1,1,0,0,0,0,0,0,0,0,0,0
260547,2,1,0,0,0,0,0,0,0,19,0,0
260547,3,1,0,0,0,0,0,0,0,0,0,0
260547,4,1,0,0,0,0,0,0,0,0,0,0
260547,5,1,0,0,0,0,0,0,0,0,0,0
260548,1,1,0,0,0,0,0,0,0,0,0,0
260548,2,1,0,0,0,0,0,0,0,0,0,0
260549,1,1,9,6,0,0,0,9,0,4,0,0
260550,0,1,0,0,0,0,0,0,0,0,0,0
260550,1,1,0,0,0,0,0,0,0,0,0,0
260551,1,1,0,0,0,0,0,0,0,0,0,0
260551,2,1,0,0,0,0,0,0,0,0,0,0
260552,0,1,24,21,19,22,40,16,30,25,37,10
260552,1,1,0,0,0,0,0,0,0,0,0,0
260553,1,1,17,17,17,17,17,17,17,17,17,17
260554,1,1,18,18,18,18,18,18,18,18,18,18
260555,1,1,0,0,0,0,0,0,0,0,0,0
260555,2,1,0,0,22,0,0,0,0,0,0,0
260556,1,1,0,0,0,0,0,0,0,0,0,0
260557,1,1,0,0,0,0,0,0,0,0,0,0
260557,2,1,0,0,0,0,0,0,0,0,0,0
260558,1,1,0,0,0,0,0,0,0,0,0,0
260559,1,1,16,16,16,16,16,16,16,16,16,16
260560,1,1,0,0,0,0,0,0,0,0,0,0
260561,0,1,0,0,0,0,0,0,0,0,0,0
260561,1,1,0,0,0,0,0,0,0,0,0,0
260562,1,1,0,0,0,0,0,0,0,0,0,0
260563,0,1,1,1,1,1,1,1,1,1,1,1
260563,1,1,0,0,0,0,0,0,0,0,0,0
260564,1,1,25,25,25,25,25,25,25,25,25,25
260565,1,1,0,0,0,0,0,0,0,0,0,0
260566,1,1,13,13,13,13,13,13,13,13,13,13
260567,0,1,15,15,19,16,17,30,9,46,24,18
260567,1,1,0,10,0,0,13,0,0,29,0,0
260568,1,1,0,0,0,0,0,0,0,0,0,0
260568,2,1,0,0,0,0,0,0,0,0,0,0
260569,1,1,0,0,0,0,0,0,0,0,0,0
260570,1,1,0,0,0,0,0,0,0,0,0,0
260570,2,1,0,0,0,0,0,0,0,0,0,0
260571,1,1,26,26,26,26,26,26,26,26,26,26
260572,1,1,0,28,0,0,0,0,0,0,7,0
260572,2,1,0,0,0,0,0,0,0,0,0,0
260573,1,1,14,14,14,14,14,14,14,14,14,14
260573,2,1,3,3,3,3,3,3,3,3,3,3
260574,1,1,0,0,0,0,0,0,0,0,0,0
260574,2,1,0,0,0,0,0,0,0,0,0,0
260575,1,1,0,0,0,0,37,0,0,0,0,15
260575,3,1,0,0,0,0,0,0,0,0,0,0
260577,0,1,0,25,17,11,12,46,15,30,10,18
260577,1,1,0,0,0,0,0,0,0,0,0,0
260578,0,1,0,0,0,0,0,0,0,0,0,0
260578,1,1,0,0,0,0,0,0,0,0,0,0
260579,1,1,0,0,0,0,0,0,0,0,0,0
260579,2,1,0,0,0,0,0,0,0,0,0,0
260580,1,1,0,0,0,0,0,0,0,0,0,0
260581,1,1,13,13,13,13,13,13,13,13,13,13
260582,1,1,0,0,0,0,0,0,0,0,0,0
260582,2,1,0,0,0,0,0,0,0,0,0,0
260583,1,1,0,0,0,0,0,0,0,0,0,0
260583,2,1,3,3,3,3,3,3,3,3,3,3
260583,3,1,0,0,0,0,0,0,0,0,0,0
260584,1,1,19,24,19,12,13,23,12,21,8,25
260584,2,1,0,0,0,0,0,0,0,0,0,0
260585,1,1,0,0,0,0,0,0,0,0,0,0
260585,2,1,0,0,0,0,0,0,0,0,0,0
260586,1,1,0,0,0,0,0,0,0,0,0,0
260587,1,1,0,0,0,0,0,0,0,0,0,0
260587,2,1,0,0,0,0,0,0,0,0,0,0
260588,0,1,0,0,0,0,0,0,0,0,0,0
260588,1,1,0,0,0,0,0,0,0,0,0,0
260589,1,1,0,0,0,0,0,0,0,0,0,0
260589,2,1,0,0,0,0,0,0,0,0,0,0
260590,0,1,0,0,19,0,0,0,0,0,0,9
260590,1,1,0,0,0,0,0,0,0,0,0,0
260591,1,1,0,0,0,0,0,0,0,0,0,0
260591,2,1,0,0,0,0,0,0,0,0,0,0
260592,1,1,0,0,0,0,0,0,0,0,0,0
260592,2,1,0,0,0,0,0,0,0,0,0,0
260593,0,1,0,0,0,0,20,0,0,0,0,0
260593,1,1,0,0,0,0,0,0,0,0,0,0
260594,1,1,0,0,0,0,0,0,0,0,0,0
260595,1,1,0,0,0,0,0,0,0,0,0,7
260595,2,1,0,0,2,0,0,0,0,0,0,0
260596,1,1,12,12,12,12,12,12,12,12,12,12
260597,0,1,0,0,0,0,12,0,0,0,0,19
260597,1,1,0,0,0,0,0,0,0,0,0,0
260598,0,1,28,0,0,0,0,0,0,0,44,0
260598,1,1,0,0,0,0,0,0,0,0,0,0
260599,1,1,0,0,0,0,0,0,27,0,0,0
260599,2,1,0,0,0,0,0,0,0,0,0,0
260600,1,1,0,0,0,0,0,0,0,0,0,0
260600,2,1,0,0,0,2,0,0,5,0,0,0
260601,1,1,18,0,9,21,0,0,0,0,18,0
260602,1,1,0,0,0,0,15,0,0,0,0,0
260602,2,1,0,0,0,0,0,0,0,0,0,31
260603,1,1,0,0,0,0,0,0,0,0,0,0
260604,1,1,11,11,11,11,11,11,11,11,11,11
260604,2,1,10,10,10,10,10,10,10,10,10,10
260604,3,1,0,0,0,0,0,0,0,0,0,0
260605,1,1,0,0,0,0,0,0,0,0,0,0
260605,2,1,0,0,0,0,0,0,0,0,0,0
260606,1,1,0,0,0,0,17,0,14,19,10,0
260607,1,1,0,0,0,0,0,0,0,0,0,0
260607,2,1,0,0,0,0,0,0,0,0,0,0
260608,1,1,0,0,0,0,0,0,0,0,0,0
260608,2,1,0,0,0,0,0,0,0,0,0,0
260609,1,1,16,16,16,16,16,16,16,16,16,16
260610,1,1,0,0,0,0,0,0,0,0,0,0
260611,1,1,0,0,0,0,0,0,0,0,0,0
260611,2,1,0,0,0,0,0,0,0,0,0,0
260612,1,1,0,0,0,0,0,0,0,0,0,0
260612,2,1,0,0,0,0,0,0,0,0,0,0
260613,1,1,0,0,0,0,0,0,0,0,0,0
260614,0,1,0,0,0,0,31,0,0,0,15,0
260614,1,1,0,0,0,0,0,0,0,0,0,0
260615,1,1,24,24,24,24,24,24,24,24,24,24
260616,1,1,9,9,9,9,9,9,9,9,9,9
260616,2,1,0,0,0,0,0,0,20,0,0,7
260617,0,1,9,9,9,9,9,9,9,9,9,9
260617,1,1,0,12,0,12,0,0,0,0,0,0
260618,1,1,8,8,8,8,8,8,8,8,8,8
260618,2,1,11,11,11,11,11,11,11,11,11,11
260618,3,1,0,0,0,0,0,0,0,0,0,0
260619,1,1,0,0,0,0,0,0,0,0,0,0
260620,1,1,0,0,0,0,0,0,0,0,0,0
260620,2,1,0,0,0,0,0,0,0,0,0,0
260621,1,1,0,0,0,0,0,0,0,0,0,0
260622,0,1,0,0,0,0,0,0,0,0,0,0
260622,1,1,0,0,0,0,0,0,0,0,0,0
260623,1,1,20,20,20,20,20,20,20,20,20,20
260623,2,1,0,0,0,0,0,0,0,0,0,0
260624,0,1,0,0,0,0,0,0,0,0,0,0
260624,1,1,0,0,0,0,15,0,0,0,0,0
260625,1,1,0,0,0,0,0,0,0,0,0,0
260625,2,1,0,0,0,0,0,0,0,0,0,0
260626,1,1,0,0,0,0,0,0,0,0,0,0
260626,2,1,0,0,0,0,0,0,0,0,0,0
260627,1,1,0,0,0,0,0,0,0,0,0,0
260627,2,1,0,0,0,0,0,0,0,0,0,0
260627,3,1,0,0,0,0,0,0,0,0,24,0
260627,4,1,0,0,0,0,0,0,0,0,0,0
260628,1,1,0,0,0,0,0,0,0,0,0,0
260628,2,1,0,0,0,0,0,0,0,0,0,0
260629,1,1,0,0,20,0,0,0,0,0,0,0
260629,2,1,0,0,0,0,0,0,0,0,0,0
260630,0,1,24,15,19,12,29,19,15,5,25,7
260630,0,2,11,6,21,19,12,0,12,10,14,6
260630,1,1,0,0,0,0,0,0,0,0,0,0
260631,1,1,0,0,0,0,0,0,0,0,0,0
260631,2,1,0,0,0,0,0,0,0,0,0,0
260632,0,1,25,26,32,16,18,24,57,27,31,23
260632,1,1,0,0,17,0,0,0,0,0,0,0
260633,1,1,33,6,11,12,17,0,30,13,20,10
260634,0,1,0,0,0,0,0,0,0,0,0,0
260634,1,1,0,0,0,0,0,0,0,10,0,0
260635,0,1,7,7,7,7,7,7,7,7,7,7
260635,1,1,0,0,0,0,0,0,0,0,0,0
260637,0,1,2,2,2,2,2,2,2,2,2,2
260637,1,1,13,0,0,0,0,0,0,0,0,0
260638,1,1,0,0,0,0,0,0,0,0,0,0
260639,1,1,0,0,0,0,0,0,0,0,0,0
260639,2,1,0,0,0,0,0,0,0,0,0,0
260640,0,1,13,13,13,13,13,13,13,13,13,13
260640,1,1,0,0,0,0,0,0,0,0,0,0
260641,1,1,0,0,0,0,0,0,0,0,0,0
260642,1,1,0,0,0,0,0,0,0,0,0,0
260643,1,1,0,0,0,0,0,0,0,0,0,10
260644,1,1,0,0,0,0,0,0,0,0,0,0
260644,2,1,0,0,0,0,0,0,0,0,0,0
260645,0,1,0,0,0,0,0,0,0,0,0,0
260645,1,1,2,2,2,2,2,2,2,2,2,2
260646,0,1,0,0,0,0,0,0,0,0,0,0
260646,1,1,0,0,0,0,0,0,0,0,0,0
260647,1,1,0,0,0,0,0,0,0,0,0,0
260647,2,1,0,0,0,0,0,0,0,0,0,0
260648,1,1,0,0,0,0,0,0,0,0,0,0
260649,1,1,0,16,0,0,0,0,0,0,0,0
260649,2,1,0,0,22,0,0,0,6,0,0,0
260650,1,1,17,17,17,17,17,17,17,17,17,17
260650,2,1,0,0,0,0,0,0,0,0,0,0
260651,1,1,0,0,0,0,0,0,0,0,0,0
260652,1,1,0,0,0,0,0,0,0,0,0,0
260652,2,1,0,0,0,0,0,0,0,0,0,0
260653,1,1,0,0,0,0,0,0,0,0,0,0
260654,1,1,18,18,18,18,18,18,18,18,18,18
260655,1,1,0,0,0,0,0,2,0,0,15,10
260656,1,1,9,24,21,16,16,17,30,15,15,9
260656,2,1,0,0,0,0,0,0,0,0,0,0
260657,1,1,0,0,0,0,0,0,0,0,0,0
260658,0,1,0,0,0,0,0,0,0,0,0,0
260658,1,1,0,0,0,0,0,0,0,0,0,0
260659,1,1,0,0,0,0,0,0,0,0,0,0
260660,1,1,0,0,0,0,0,0,0,0,0,0
260660,2,1,0,0,0,0,0,0,0,0,0,0
260661,1,1,10,20,13,12,14,10,14,21,37,10
260662,1,1,0,0,0,0,0,0,0,0,0,0
260662,2,1,0,0,0,0,0,0,0,0,0,0
260663,1,1,0,19,0,0,0,0,25,0,25,0
260663,2,1,0,0,0,0,0,0,0,0,0,0
260664,1,1,24,16,21,24,17,17,11,18,3,22
260665,0,1,0,26,0,0,0,0,0,10,0,18
260665,1,1,0,0,0,0,0,0,0,0,0,0
260666,1,1,0,0,0,0,0,0,0,0,0,0
260667,1,1,22,22,22,22,22,22,22,22,22,22
260668,1,1,0,0,0,0,0,0,0,0,0,0
260669,1,1,0,0,0,0,0,0,0,0,0,0
260669,2,1,0,0,0,0,0,0,0,0,0,0
260670,0,1,0,0,0,0,0,0,0,0,0,0
260670,0,2,0,0,0,0,0,0,0,0,0,0
260670,2,1,0,0,0,0,0,0,0,0,0,0
260671,1,1,0,0,0,0,0,0,0,40,0,0
260671,2,1,0,0,0,0,0,0,0,0,0,0
260672,1,1,0,0,0,0,0,0,0,0,0,0
260672,2,1,0,0,0,0,0,0,0,0,0,0
260672,3,1,0,0,0,0,0,0,0,0,0,0
260672,4,1,0,0,0,0,0,0,0,0,0,0
260673,0,1,0,0,0,9,0,0,0,0,0,0
260673,0,2,16,0,0,0,0,0,0,0,0,0
260673,2,1,0,0,0,0,17,0,0,0,0,0
260674,1,1,4,4,4,4,4,4,4,4,4,4
260674,2,1,14,0,7,0,0,0,0,0,0,0
260675,0,1,0,11,0,13,0,0,0,0,0,0
260675,1,1,0,0,0,0,0,0,0,0,0,0
260676,1,1,0,0,0,0,0,0,0,0,0,0
260676,2,1,0,0,0,0,0,0,0,0,0,0
260677,1,1,10,10,10,10,10,10,10,10,10,10
260678,0,1,0,0,0,0,0,0,0,0,0,0
260678,1,1,0,0,0,0,0,0,0,0,0,0
260679,0,1,0,0,0,0,0,0,0,0,0,0
260679,1,1,13,0,0,0,38,19,0,0,0,0
260679,2,1,0,0,0,0,0,0,0,0,0,9
260680,0,1,12,0,0,0,0,0,0,0,0,15
260680,1,1,12,0,9,14,22,0,0,0,0,0
260681,1,1,0,0,0,0,0,0,0,0,0,0
260682,1,1,0,0,0,0,0,0,0,0,0,0
260682,2,1,0,0,0,0,0,0,0,0,0,0
260683,1,1,10,10,10,10,10,10,10,10,10,10
260684,1,1,0,0,0,0,0,0,0,0,0,0
260684,2,1,0,0,0,0,0,0,0,0,0,0
260685,1,1,0,0,0,0,0,0,0,0,0,0
260686,1,1,0,0,0,0,0,0,0,0,0,0
260686,2,1,0,0,0,0,0,0,10,0,0,0
260687,0,1,18,4,30,21,15,21,9,14,22,12
260687,1,1,0,0,0,0,0,0,0,0,0,0
260688,0,1,34,34,34,34,34,34,34,34,34,34
260688,1,1,0,0,0,13,0,0,0,0,0,4
260688,2,1,27,0,0,0,0,0,0,21,0,0
260689,1,1,0,0,0,0,0,0,0,0,0,0
260689,2,1,3,0,0,0,0,0,0,22,0,0
260689,3,1,0,0,0,0,12,7,5,14,0,0
260690,0,1,20,20,20,20,20,20,20,20,20,20
260690,1,1,0,0,0,0,0,0,0,0,0,0
260691,1,1,0,0,0,0,0,0,0,0,0,0
260692,0,1,0,0,0,0,0,0,0,0,0,0
260692,1,1,0,0,3,0,0,0,0,0,0,0
260693,1,1,0,0,0,0,0,0,0,0,0,0
260694,0,1,0,11,0,0,0,3,0,12,0,0
260694,1,1,8,8,8,8,8,8,8,8,8,8
260695,1,1,0,0,0,0,0,0,0,0,0,0
260695,2,1,12,12,12,12,12,12,12,12,12,12
260696,0,1,44,44,44,44,44,44,44,44,44,44
260696,1,1,0,0,0,0,0,0,0,10,0,0
260697,1,1,0,0,0,0,0,0,0,0,0,0
260698,1,1,0,0,0,0,0,0,0,0,15,0
260699,1,1,0,0,0,0,0,0,0,0,0,0
260699,2,1,0,20,0,0,0,0,0,0,0,0
260700,1,1,0,0,0,0,0,0,0,0,0,0
260700,2,1,0,0,0,0,0,0,0,0,0,0
260701,1,1,15,15,15,15,15,15,15,15,15,15
260701,2,1,0,0,0,0,0,0,0,0,0,0
260702,1,1,0,0,0,0,0,0,0,11,14,0
260702,2,1,0,0,0,0,0,0,0,0,0,0
260703,0,1,0,0,0,0,0,0,0,0,0,0
260703,1,1,0,0,0,0,0,0,0,0,0,0
260704,0,1,19,19,19,19,19,19,19,19,19,19
260704,1,1,0,0,0,0,0,0,0,0,0,0
260705,1,1,3,3,3,3,3,3,3,3,3,3
260705,2,1,0,0,0,0,0,0,0,0,0,16
260706,1,1,0,0,0,0,0,0,0,0,0,0
260706,2,1,0,0,0,0,0,0,0,0,0,0
260707,0,1,9,9,9,9,9,9,9,9,9,9
260707,1,1,13,0,16,0,0,0,25,9,18,0
260708,1,1,18,18,18,18,18,18,18,18,18,18
260709,1,1,0,0,0,0,0,0,0,0,0,0
260709,2,1,10,0,0,0,0,0,0,0,9,0
260710,1,1,0,0,13,0,32,0,0,0,0,0
260711,1,1,0,0,0,0,0,0,0,0,0,0
260711,2,1,0,0,0,0,0,0,0,0,0,0
260712,0,1,24,24,24,24,24,24,24,24,24,24
260712,1,1,0,1,0,0,0,0,0,0,0,0
260713,0,1,33,0,16,29,0,0,0,0,0,21
260713,1,1,0,0,0,0,0,0,0,0,0,0
260714,1,1,0,0,0,0,0,0,0,0,0,0
260714,2,1,4,0,0,0,0,0,0,0,0,0
260715,1,1,0,0,0,0,20,21,0,15,0,0
260716,0,1,20,20,20,20,20,20,20,20,20,20
260716,1,1,0,0,0,0,0,35,19,0,0,0
260716,2,1,0,0,0,0,0,0,0,0,0,22
260717,1,1,0,0,0,0,0,0,0,0,0,0
260718,0,1,0,0,14,0,0,0,0,14,0,0
260718,1,1,4,4,4,4,4,4,4,4,4,4
260719,0,1,20,0,0,18,0,0,0,0,0,24
260719,1,1,16,16,16,16,16,16,16,16,16,16
260720,0,1,0,0,0,0,0,0,0,0,0,0
260720,1,1,0,22,0,0,0,0,16,18,24,0
260722,1,1,0,0,0,0,0,0,0,0,0,0
260722,2,1,0,0,0,0,0,0,0,0,0,0
260723,0,1,0,0,0,0,11,0,0,0,0,0
260723,1,1,0,0,0,0,16,0,0,36,0,0
260724,1,1,0,0,0,0,0,0,0,0,0,0
260724,2,1,0,0,0,0,0,0,0,0,0,0
260725,0,1,36,36,36,36,36,36,36,36,36,36
260725,1,1,0,0,0,0,0,0,0,0,0,0
260726,1,1,16,16,16,16,16,16,16,16,16,16
260727,1,1,0,0,0,0,0,0,0,0,0,0
260727,2,1,0,0,0,0,0,0,0,0,0,0
260728,0,1,35,35,35,35,35,35,35,35,35,35
260728,1,1,0,0,0,0,0,0,0,0,28,0
260729,0,1,0,0,0,0,0,0,0,8,0,0
260729,1,1,0,0,0,0,0,0,0,0,0,0
260730,1,1,0,0,0,0,0,0,0,0,0,0
260730,2,1,0,0,0,0,0,0,0,0,0,0
260731,0,1,0,20,0,31,9,0,0,14,0,13
260731,1,1,0,0,0,0,0,0,0,0,0,0
260732,1,1,0,0,0,0,0,0,0,0,0,0
260733,1,1,15,24,7,8,7,0,18,15,9,15
260734,1,1,0,0,0,0,0,0,0,0,0,0
260735,1,1,10,10,10,10,10,10,10,10,10,10
260736,1,1,0,0,0,0,0,0,0,0,0,0
260736,2,1,0,0,0,0,0,0,0,0,0,0
260737,1,1,0,0,0,0,0,0,0,0,0,0
260738,1,1,0,0,0,0,0,0,0,0,0,0
260738,2,1,0,0,0,0,0,0,0,0,0,0
260739,1,1,0,0,0,0,0,0,0,0,0,0
260740,0,1,0,0,0,0,0,0,0,0,0,0