ST_CASE,VEH_NO,PER_NO,P1,P2,P3,P4,P5,P6,P7,P8,P9,P10
260740,1,1,0,0,0,0,0,0,0,0,0,0
260741,1,1,0,0,0,0,0,0,0,0,0,0
260741,2,1,0,0,0,26,0,0,0,0,0,0
260742,1,1,0,0,0,0,0,0,0,0,0,0
260742,2,1,0,0,0,0,0,0,0,0,0,0
260743,1,1,0,21,0,0,0,0,0,0,0,0
260744,0,1,5,0,0,24,4,33,0,0,10,0
260744,1,1,10,22,0,0,0,9,0,20,0,0
260745,1,1,0,0,0,0,0,0,0,0,0,0
260745,2,1,0,0,0,0,0,0,0,0,0,0
260746,1,1,0,0,0,0,0,0,0,0,0,0
260746,2,1,0,0,0,0,0,0,0,0,0,0
260747,1,1,12,12,12,12,12,12,12,12,12,12
260749,1,1,0,0,0,0,0,0,0,0,0,0
260749,2,1,0,0,0,0,0,0,0,0,0,0
260750,1,1,0,0,0,0,0,0,0,0,0,0
260750,2,1,0,0,0,0,0,0,0,6,0,0
260751,0,1,0,0,31,10,0,0,0,0,0,0
260751,1,1,0,0,0,0,0,0,0,0,0,0
260752,1,1,0,0,0,0,0,0,0,0,0,0
260753,1,1,23,23,23,23,23,23,23,23,23,23
260753,2,1,0,0,0,0,0,0,0,0,0,0
260754,1,1,0,0,0,0,0,0,0,0,0,0
260754,2,1,0,0,0,0,0,0,0,0,0,0
260755,1,1,5,5,5,5,5,5,5,5,5,5
260756,1,1,0,0,0,0,0,0,0,0,0,0
260757,1,1,0,0,5,0,0,0,0,0,0,0
260757,2,1,0,0,0,0,0,0,0,0,0,0
260758,1,1,0,0,0,0,0,0,0,0,0,0
260759,0,1,0,0,0,0,0,0,0,0,0,0
260759,1,1,0,0,0,0,0,0,0,0,0,0
260760,1,1,30,13,30,8,18,21,27,28,27,38
260761,1,1,0,0,0,0,0,0,0,0,0,0
260762,1,1,0,0,0,0,0,0,0,0,0,0
260763,1,1,0,0,0,0,0,0,0,0,0,0
260763,2,1,0,0,0,0,0,0,0,0,0,0
260764,1,1,0,0,0,0,0,0,0,0,0,0
260764,2,1,0,0,0,0,0,0,0,0,0,0
260765,1,1,0,0,0,0,0,0,0,0,0,0
260766,1,1,8,8,8,8,8,8,8,8,8,8
260767,0,1,19,9,0,0,18,0,0,0,0,0
260767,0,2,0,0,0,0,0,0,0,0,0,0
260767,1,1,27,0,20,27,0,0,0,0,0,0
260768,1,1,0,0,0,0,0,0,0,0,0,0
260768,2,1,0,0,0,0,0,6,0,0,0,0
260769,0,1,17,17,17,17,17,17,17,17,17,17
260769,1,1,0,0,0,0,0,0,0,0,0,0
260770,1,1,0,5,0,0,0,0,0,0,0,0
260770,2,1,0,0,0,0,0,0,0,0,0,0
260772,1,1,1,1,1,1,1,1,1,1,1,1
260772,2,1,0,0,0,0,0,0,0,0,0,0
260772,3,1,0,0,0,10,26,0,17,0,0,0
260773,1,1,19,18,16,10,43,8,26,15,0,38
260774,1,1,0,0,0,0,0,0,0,0,0,0
260775,0,1,0,0,0,0,0,0,0,0,0,0
260775,1,1,0,0,0,0,0,0,0,0,0,0
260776,0,1,0,0,0,0,14,15,0,0,24,0
260776,1,1,0,0,0,0,0,0,0,0,0,0
260777,1,1,0,0,0,0,0,0,0,0,0,0
260778,0,1,14,14,14,14,14,14,14,14,14,14
260778,1,1,0,0,0,0,0,38,0,9,21,26
260779,0,1,0,0,0,0,0,8,0,0,0,0
260779,1,1,0,0,9,0,0,12,17,0,0,0
260780,1,1,10,16,3,12,20,16,0,4,13,27
260781,1,1,0,0,0,0,0,0,0,0,0,0
260781,2,1,0,0,0,0,0,0,0,0,0,0
260782,1,1,0,0,0,0,0,0,0,0,0,0
260782,2,1,0,0,0,0,0,0,0,0,0,0
260783,0,1,0,0,0,0,0,0,0,0,0,0
260783,1,1,0,0,33,7,0,0,0,35,22,0
260784,1,1,0,0,0,0,0,0,0,0,0,0
260785,0,1,0,0,0,0,0,0,0,0,0,0
260785,1,1,0,0,0,0,0,0,0,0,0,0
260786,0,1,0,11,38,0,0,13,0,24,18,20
260786,1,1,0,25,20,0,0,13,0,0,0,0
260788,1,1,0,0,0,0,0,0,0,0,0,0
260788,2,1,0,0,0,0,0,0,0,0,0,0
260788,3,1,0,0,0,0,0,0,0,0,0,0
260789,0,1,0,0,0,0,0,0,0,0,0,0
260789,1,1,0,0,0,0,0,0,0,0,0,0
260790,0,1,0,0,0,0,0,0,0,0,20,19
260790,1,1,6,6,6,6,6,6,6,6,6,6
260791,1,1,0,0,0,0,0,0,0,0,0,0
260791,2,1,0,0,0,0,0,0,0,0,0,0
260792,0,1,0,0,0,0,0,0,0,0,0,0
260792,1,1,0,0,0,0,0,17,0,7,7,0
260793,1,1,31,0,0,16,19,29,12,25,20,0
260794,0,1,0,0,0,0,0,0,0,0,0,0
260794,1,1,0,0,0,0,0,0,0,0,0,0
260795,1,1,2,2,2,2,2,2,2,2,2,2
260796,0,1,13,13,13,13,13,13,13,13,13,13
260796,1,1,0,0,5,17,21,0,0,7,0,6
260797,0,1,0,0,0,0,0,0,0,0,0,0
260797,1,1,0,0,0,0,0,0,0,0,0,0
260798,1,1,0,0,0,0,0,0,0,0,0,0
260798,2,1,0,0,0,0,0,0,0,0,0,0
260799,0,1,8,25,23,22,38,27,0,13,31,32
260799,0,2,6,12,26,14,16,4,21,3,33,35
260799,0,3,11,36,21,21,27,11,26,31,27,24
260799,1,1,0,0,0,0,0,0,0,0,0,0
260800,1,1,0,0,0,0,0,0,0,0,0,0
260801,1,1,24,24,24,24,24,24,24,24,24,24
260801,2,1,0,0,0,0,0,0,0,0,0,0
260802,1,1,0,0,0,0,0,0,0,0,0,0
260802,2,1,0,0,0,0,0,0,0,0,0,0
260803,1,1,18,18,18,18,18,18,18,18,18,18
260804,1,1,0,0,0,0,0,0,0,0,0,0
260804,2,1,0,0,0,0,0,0,0,0,0,0
260805,0,1,12,20,0,14,2,19,19,17,26,31
260805,1,1,0,0,0,0,0,0,0,0,0,0
260806,1,1,16,16,16,16,16,16,16,16,16,16
260807,1,1,26,26,26,26,26,26,26,26,26,26
260808,1,1,21,21,21,21,21,21,21,21,21,21
260809,0,1,0,0,0,0,0,0,0,0,16,0
260809,1,1,6,35,0,0,2,0,10,0,0,0
260810,0,1,0,0,0,0,0,0,0,0,0,0
260810,1,1,0,0,0,0,0,0,0,0,0,0
260811,1,1,0,0,0,0,0,0,0,0,0,0
260812,1,1,0,0,0,0,0,0,0,0,0,0
260812,2,1,0,0,0,0,0,0,0,0,0,9
260813,0,1,16,16,16,16,16,16,16,16,16,16
260813,1,1,12,12,12,12,12,12,12,12,12,12
260814,0,1,28,7,32,25,38,43,29,34,16,31
260814,1,1,0,0,0,0,0,0,0,0,0,0
260815,1,1,18,18,18,18,18,18,18,18,18,18
260816,1,1,0,0,0,0,0,0,0,0,0,0
260817,0,1,0,0,0,0,0,0,0,7,0,0
260817,1,1,0,0,0,0,0,0,0,0,0,0
260818,1,1,0,0,0,0,0,19,0,0,0,0
260819,1,1,8,8,8,8,8,8,8,8,8,8
260820,1,1,0,0,0,0,0,0,0,6,0,0
260821,0,1,0,0,0,0,0,17,27,0,0,0
260821,1,1,25,0,35,0,15,0,0,0,14,6
260822,1,1,0,0,0,0,0,0,0,0,0,0
260822,2,1,0,0,0,0,0,0,0,0,0,0
260823,1,1,17,17,17,17,17,17,17,17,17,17
260824,0,1,13,53,19,18,22,22,53,35,30,19
260824,1,1,0,0,0,0,0,0,0,0,0,0
260825,1,1,10,0,0,0,0,0,14,0,0,0
260825,2,1,0,0,0,0,0,0,0,0,0,0
260826,0,1,18,22,10,14,19,28,21,26,16,25
260826,1,1,0,0,0,0,0,0,0,0,0,0
260827,1,1,8,8,8,8,8,8,8,8,8,8
260828,1,1,0,0,0,0,0,0,0,0,18,0
260828,2,1,0,0,0,0,0,0,0,0,0,0
260829,1,1,0,0,0,0,0,0,0,0,0,0
260830,1,1,29,29,29,29,29,29,29,29,29,29
260831,1,1,35,35,35,35,35,35,35,35,35,35
260832,1,1,0,0,0,0,0,0,0,0,0,0
260832,2,1,0,0,0,0,0,0,0,0,0,0
260833,0,1,0,0,0,0,0,0,0,0,0,0
260833,1,1,0,0,0,0,0,0,0,0,0,0
260834,0,1,0,0,0,0,0,0,0,0,0,0
260834,1,1,0,0,0,0,0,0,0,0,0,0
260835,1,1,0,0,0,0,0,0,0,0,0,0
260836,1,1,15,15,15,15,15,15,15,15,15,15
260836,2,1,0,0,0,0,8,11,0,0,0,0
260837,1,1,0,0,0,0,0,0,0,0,0,0
260837,2,1,0,0,0,0,0,0,0,0,0,0
260837,3,1,0,0,0,0,0,0,0,0,0,0
260838,1,1,0,0,0,0,0,0,0,0,0,0
260839,1,1,0,0,6,0,0,0,0,0,0,0
260840,0,1,18,18,18,18,18,18,18,18,18,18
260840,1,1,0,0,0,0,0,0,0,0,0,0
260841,0,1,30,30,30,30,30,30,30,30,30,30
260841,1,1,19,13,19,0,18,11,0,13,6,10
260842,1,1,0,0,0,0,0,0,0,0,0,0
260842,2,1,0,0,0,0,0,0,0,0,0,0
260843,0,1,0,0,0,0,0,0,0,0,0,0
260843,1,1,0,0,0,0,0,0,0,0,0,0
260844,0,1,0,0,0,0,0,0,0,0,0,14
260844,1,1,0,0,0,0,0,15,0,0,0,0
260845,1,1,0,0,0,0,0,0,0,0,0,0
260845,2,1,0,0,0,0,0,0,0,0,0,0
260846,0,1,0,0,0,0,0,0,0,17,0,0
260846,1,1,0,0,0,0,0,0,0,0,0,0
260847,1,1,20,20,20,20,20,20,20,20,20,20
260848,1,1,0,0,0,0,0,0,0,0,0,0
260849,1,1,32,32,32,32,32,32,32,32,32,32
260849,2,1,0,0,0,0,0,0,0,0,0,0
260850,1,1,0,0,0,0,0,10,0,0,0,0
260850,2,1,1,1,1,1,1,1,1,1,1,1
260851,1,1,0,0,0,0,0,0,0,0,0,0
260851,2,1,0,0,0,0,0,0,0,0,0,0
260853,1,1,0,0,8,0,0,0,0,0,24,0
260854,1,1,15,15,15,15,15,15,15,15,15,15
260855,0,1,0,0,0,0,0,0,0,0,0,32
260855,1,1,0,0,0,0,0,0,0,0,0,0
260856,1,1,28,28,28,28,28,28,28,28,28,28
260857,1,1,0,0,16,0,15,0,38,0,14,0
260858,0,1,0,0,0,0,0,0,0,0,0,0
260858,1,1,0,0,0,0,0,0,0,0,0,0
260859,1,1,0,0,0,0,0,0,0,0,0,0
260860,0,1,15,13,16,18,35,23,23,15,29,15
260860,1,1,0,0,0,0,0,0,0,0,0,0
260861,1,1,0,0,0,0,0,0,0,0,0,0
260861,2,1,0,0,0,0,0,0,0,0,0,0
260861,3,1,0,0,0,0,0,0,0,0,0,0
260861,4,1,0,0,0,0,0,0,0,0,0,7
260862,1,1,7,7,7,7,7,7,7,7,7,7
260862,2,1,0,0,0,20,0,0,0,0,0,0
260863,1,1,0,0,0,0,0,0,0,0,0,0
260864,1,1,0,0,0,0,0,0,0,0,0,0
260865,1,1,0,0,0,0,0,0,0,0,0,0
260865,2,1,0,0,0,0,0,0,0,0,0,0
260866,1,1,11,11,11,11,11,11,11,11,11,11
260866,2,1,0,0,0,0,0,0,0,0,0,0
260866,3,1,0,0,0,0,0,0,0,0,0,0
260867,1,1,0,0,0,0,0,0,0,0,0,0
260867,2,1,0,0,0,0,0,0,0,0,0,0
260868,1,1,0,0,0,0,0,0,0,0,0,0
260868,2,1,0,0,0,0,0,0,0,0,0,0
260869,1,1,0,0,0,0,0,0,0,0,0,0
260870,1,1,0,0,0,0,0,0,0,0,0,0
260871,0,1,0,14,0,0,0,0,0,35,0,0
260871,1,1,0,0,0,0,0,0,0,0,0,0
260872,0,1,5,0,31,0,0,13,0,0,0,0
260872,1,1,0,0,0,0,0,0,0,15,0,0
260873,1,1,0,16,0,0,0,0,0,0,0,0
260873,2,1,0,0,0,0,0,0,0,4,0,0
260874,0,1,0,0,0,0,0,0,0,0,0,0
260874,1,1,0,0,0,0,0,0,0,0,0,0
260875,1,1,0,0,0,0,0,0,16,0,0,0
260875,2,1,0,0,0,0,0,0,0,0,0,0
260875,3,1,0,0,0,0,0,0,0,0,0,0
260876,1,1,0,0,0,0,0,0,0,0,0,0
260876,2,1,0,0,30,0,0,0,0,0,0,0
260877,1,1,0,0,0,0,0,0,0,0,0,0
260878,1,1,0,0,0,0,0,0,0,0,0,0
260879,0,1,0,0,0,29,0,0,0,0,0,0
260879,1,1,0,23,0,8,0,0,0,0,15,0
260880,1,1,0,0,0,0,0,0,0,0,0,0
260880,2,1,0,0,0,0,0,0,0,0,0,0
260881,0,1,0,0,0,0,0,0,0,0,0,0
260881,0,2,5,20,0,0,0,22,0,0,0,0
260881,1,1,0,0,0,0,0,0,0,0,0,0
260882,1,1,0,0,0,0,0,0,0,0,0,0
260882,2,1,0,0,0,0,0,0,0,0,0,0
260883,1,1,20,20,20,20,20,20,20,20,20,20
260884,1,1,0,0,0,0,0,0,0,0,0,0
260885,0,1,21,16,30,31,24,17,8,22,0,25
260885,1,1,14,0,17,0,0,16,0,0,0,0
260886,1,1,0,0,0,0,0,0,0,0,0,0
260887,0,1,0,0,0,0,0,0,0,0,0,0
260887,1,1,0,0,0,0,0,0,0,0,0,0
260888,1,1,0,0,0,0,0,0,0,0,0,0
260888,2,1,0,0,0,0,0,0,0,0,0,0
260889,1,1,14,14,14,14,14,14,14,14,14,14
260890,1,1,0,0,0,0,0,0,0,0,0,0
260891,1,1,0,0,0,0,0,0,0,0,0,0
260891,2,1,0,0,0,0,0,0,0,0,0,0
260892,1,1,0,0,0,0,0,0,0,0,0,0
260892,2,1,0,0,0,0,0,0,0,0,0,0
260892,3,1,0,0,22,21,11,0,0,0,0,26
260893,1,1,0,0,0,0,0,0,0,0,0,0
260894,1,1,0,11,0,0,0,0,0,0,0,0
260895,1,1,0,0,0,0,0,0,0,0,0,0
260895,2,1,0,0,0,0,0,0,0,0,0,0
260896,1,1,26,32,16,38,13,9,36,17,35,11
260897,1,1,4,4,4,4,4,4,4,4,4,4
260898,1,1,0,22,0,0,0,14,0,0,0,0
260898,2,1,0,0,0,0,0,0,0,0,0,0
260899,0,1,0,0,0,0,0,0,0,0,0,0
260899,1,1,0,0,0,0,0,0,0,0,0,0
260900,1,1,0,0,0,0,0,0,0,0,0,0
260900,2,1,0,0,0,0,0,0,0,0,0,0
260901,1,1,0,0,0,0,0,0,0,0,0,0
260901,2,1,0,0,0,0,0,0,0,0,0,0
260901,3,1,0,0,0,0,0,0,0,0,0,0
260902,1,1,0,0,0,0,0,0,0,0,0,0
260903,1,1,0,0,0,0,0,0,13,0,0,0
260903,2,1,0,0,10,0,0,0,0,0,0,0
260904,0,1,8,33,0,22,6,21,18,17,0,33
260904,1,1,10,10,10,10,10,10,10,10,10,10
260905,1,1,0,0,0,0,0,0,0,0,0,0
260905,2,1,0,0,0,0,0,0,0,0,0,0
260905,3,1,0,0,0,0,0,0,0,0,0,0
270001,1,1,0,0,0,0,0,0,0,0,0,0
270002,1,1,0,0,0,0,0,0,0,0,0,0
270002,2,1,0,4,0,9,0,0,0,0,0,0
270002,3,1,0,0,0,0,0,0,0,0,0,0
270003,1,1,0,0,0,0,0,0,0,0,0,0
270003,2,1,0,0,0,0,0,0,0,0,0,0
270003,3,1,0,0,0,0,0,0,0,0,0,0
270004,1,1,0,0,0,0,0,0,0,0,0,0
270005,1,1,0,0,0,0,0,0,0,0,0,0
270005,2,1,0,0,0,0,0,0,0,0,0,0
270007,1,1,4,4,4,4,4,4,4,4,4,4
270007,2,1,18,18,18,18,18,18,18,18,18,18
270008,1,1,0,0,0,0,0,0,0,0,0,0
270009,1,1,0,0,0,0,0,0,0,0,0,0
270010,1,1,0,0,0,0,0,0,0,0,0,0
270010,2,1,0,0,0,0,0,0,0,0,0,0
270011,1,1,0,0,0,0,0,0,0,0,0,0
270012,1,1,22,0,0,6,0,0,11,0,12,4
270012,2,1,0,0,0,0,0,0,0,0,0,0
270013,1,1,0,0,0,0,0,0,0,0,0,0
270013,2,1,0,0,0,0,0,0,0,0,0,0
270016,1,1,0,0,0,0,0,0,0,0,0,0
270017,1,1,0,0,0,0,0,0,0,0,0,0
270017,2,1,0,0,0,0,0,0,0,0,0,0
270017,3,1,0,0,0,0,0,0,0,0,0,0
270018,1,1,22,22,22,22,22,22,22,22,22,22
270019,1,1,0,0,0,0,0,0,0,0,0,0
270019,2,1,0,0,0,0,0,0,0,0,0,0
270020,1,1,0,0,0,0,0,0,0,0,0,0
270020,2,1,0,0,0,0,0,0,22,0,0,0
270021,1,1,0,0,0,0,0,0,0,0,0,0
270021,2,1,2,2,2,2,2,2,2,2,2,2
270022,1,1,0,0,0,0,0,0,0,0,0,0
270023,1,1,23,23,23,23,23,23,23,23,23,23
270024,1,1,0,0,0,0,0,0,0,0,0,43
270024,2,1,0,0,0,0,0,0,0,0,0,0
270025,1,1,0,0,0,0,0,0,0,0,0,0
270026,1,1,0,0,0,0,0,0,0,0,0,0
270026,2,1,0,0,0,0,0,0,0,0,0,0
270027,1,1,7,7,7,7,7,7,7,7,7,7
270028,1,1,21,21,21,21,21,21,21,21,21,21
270029,1,1,11,11,11,11,11,11,11,11,11,11
270030,1,1,0,0,0,0,0,0,0,0,0,0
270030,2,1,0,0,0,0,0,0,0,0,0,0
270031,1,1,0,0,0,0,0,0,0,0,0,0
270031,2,1,0,0,0,0,0,0,0,0,0,0
270031,4,1,0,0,0,0,0,0,0,0,0,0
270032,1,1,0,0,0,0,0,0,0,0,0,0
270032,2,1,0,0,0,0,0,0,0,0,0,0
270033,1,1,17,17,17,17,17,17,17,17,17,17
270033,2,1,29,29,29,29,29,29,29,29,29,29
270034,1,1,22,22,22,22,22,22,22,22,22,22
270035,1,1,30,30,30,30,30,30,30,30,30,30
270036,1,1,0,0,0,0,0,0,0,0,0,0
270036,2,1,0,0,0,0,0,0,0,0,0,0
270037,1,1,0,0,0,0,0,0,0,0,0,0
270037,2,1,0,0,0,15,0,0,0,0,0,0
270038,1,1,0,0,0,0,0,0,0,0,0,0
270038,2,1,19,0,0,12,0,0,0,0,0,18
270039,1,1,0,0,0,0,0,0,0,0,0,0
270039,2,1,0,0,0,0,0,0,0,0,0,0
270040,1,1,0,0,0,0,0,0,0,0,0,0
270041,1,1,0,0,0,0,0,0,0,0,0,0
270041,2,1,0,0,0,0,0,0,0,0,0,0
270042,1,1,0,0,0,0,0,0,0,0,0,0
270043,0,1,20,20,20,20,20,20,20,20,20,20
270043,1,1,0,0,0,0,0,0,0,0,0,0
270044,1,1,18,18,18,18,18,18,18,18,18,18
270045,1,1,22,22,22,22,22,22,22,22,22,22
270046,1,1,0,0,0,0,0,0,0,0,0,0
270047,1,1,0,0,0,0,0,0,0,0,0,0
270047,2,1,0,0,0,0,0,0,0,0,0,0
270048,1,1,19,19,19,19,19,19,19,19,19,19
270049,1,1,0,0,0,0,0,0,0,0,0,0
270049,2,1,0,0,0,0,0,0,0,0,0,0
270049,3,1,0,0,0,0,0,0,0,0,0,0
270050,1,1,20,20,20,20,20,20,20,20,20,20
270051,1,1,19,19,19,19,19,19,19,19,19,19
270051,2,1,0,0,0,0,0,0,0,0,0,0
270052,1,1,12,12,12,12,12,12,12,12,12,12
270052,2,1,0,0,0,0,0,0,0,0,0,0
270053,1,1,0,0,0,0,0,0,0,0,0,0
270054,0,1,0,0,0,0,0,0,0,0,0,0
270054,1,1,0,17,0,0,0,0,17,9,0,0
270055,1,1,0,0,0,0,0,0,0,0,0,0
270055,2,1,0,0,0,0,0,0,0,0,0,0
270056,1,1,0,0,0,25,0,0,0,0,0,0
270056,2,1,0,0,0,0,0,0,0,0,0,0
270057,0,1,0,0,0,0,0,0,0,0,0,0
270057,1,1,0,0,0,0,0,0,0,0,0,0
270058,1,1,0,0,0,0,0,0,0,0,0,0
270058,2,1,0,0,0,0,0,0,0,0,0,0
270059,0,1,26,26,26,26,26,26,26,26,26,26
270059,1,1,20,20,20,20,20,20,20,20,20,20
270060,1,1,13,13,13,13,13,13,13,13,13,13
270061,1,1,0,13,0,0,0,0,0,0,0,0
270062,1,1,0,8,0,0,0,0,0,0,0,0
270062,2,1,0,0,0,0,0,0,0,0,0,0
270063,1,1,0,0,0,0,0,0,0,0,0,0
270063,2,1,0,0,0,0,0,0,0,0,0,0
270064,1,1,0,0,0,0,0,0,0,0,0,0
270064,2,1,0,0,0,0,0,0,0,0,0,0
270065,1,1,0,0,0,0,0,0,0,0,0,0
270065,2,1,0,0,0,0,0,0,0,0,0,3
270065,3,1,0,0,0,0,0,0,0,0,0,0
270066,1,1,0,0,0,0,0,0,0,0,0,0
270066,2,1,0,0,0,0,6,0,0,0,0,0
270066,3,1,0,0,0,0,0,0,0,0,0,0
270067,0,1,0,0,0,0,0,0,0,0,0,0
270067,1,1,0,0,0,0,0,0,0,0,0,0
270068,1,1,0,0,0,0,0,0,0,0,0,0
270068,2,1,0,0,0,0,0,0,0,0,0,0
270069,1,1,29,29,29,29,29,29,29,29,29,29
270070,1,1,0,0,0,0,0,0,0,0,0,0
270071,1,1,0,0,0,0,0,0,0,0,0,0
270071,2,1,0,0,0,0,0,0,0,0,0,0
270072,1,1,0,0,0,0,0,0,0,0,0,0
270073,1,1,0,0,0,0,0,0,0,0,0,0
270074,1,1,0,0,0,0,0,0,0,0,0,0
270074,2,1,0,0,0,0,0,0,0,0,0,0
270075,1,1,0,0,0,0,0,0,0,0,0,0
270075,2,1,0,0,0,0,0,0,0,0,0,0
270076,1,1,0,17,0,0,0,0,0,0,0,0
270076,2,1,0,0,0,0,0,0,0,0,0,0
270077,1,1,0,0,0,0,0,0,0,0,0,0
270077,2,1,0,0,0,0,0,0,0,0,0,0
270078,1,1,0,0,0,0,0,0,0,6,0,0
270078,2,1,0,0,0,0,0,0,0,0,0,0
270079,1,1,0,0,0,0,0,0,0,0,0,0
270079,2,1,0,0,0,0,0,0,0,0,0,0
270080,1,1,0,0,0,0,0,0,0,0,0,0
270080,2,1,0,0,0,0,0,0,0,0,0,0
270082,1,1,0,0,0,0,0,0,0,0,0,0
270083,1,1,0,0,0,0,0,0,0,0,0,0
270083,2,1,0,0,0,0,0,0,0,0,0,0
270084,1,1,28,0,28,0,0,0,0,0,0,0
270084,2,1,0,0,0,0,0,0,0,0,0,0
270085,1,1,26,26,26,26,26,26,26,26,26,26
270086,1,1,0,0,0,0,0,0,0,0,0,0
270086,2,1,0,0,0,0,0,0,0,0,0,0
270087,0,1,0,0,0,0,0,0,0,0,0,0
270087,1,1,0,0,0,0,0,0,13,0,0,0
270088,1,1,0,0,0,0,0,0,0,0,0,0
270089,1,1,0,0,0,0,0,0,0,0,0,0
270090,1,1,0,0,0,0,0,0,0,0,0,0
270091,1,1,0,0,0,0,0,0,0,0,0,0
270092,1,1,0,0,0,10,0,0,0,0,0,0
270093,1,1,0,0,0,0,0,0,0,0,0,0
270093,2,1,0,0,0,0,0,0,0,0,0,0
270094,1,1,0,0,0,0,0,0,0,0,0,0
270094,2,1,0,0,0,0,0,0,0,0,0,0
270095,1,1,17,17,17,17,17,17,17,17,17,17
270096,1,1,0,0,0,0,0,0,0,0,0,0
270097,1,1,0,0,0,0,0,0,0,0,0,0
270098,1,1,0,0,0,0,0,0,0,0,0,0
270098,2,1,0,0,0,0,0,0,0,0,0,0
270099,0,1,0,0,0,0,0,0,0,0,0,0
270099,1,1,0,0,0,0,0,0,0,0,0,0
270100,1,1,14,14,14,14,14,14,14,14,14,14
270101,1,1,19,19,19,19,19,19,19,19,19,19
270101,2,1,0,0,0,0,0,0,0,0,0,0
270102,1,1,0,0,0,0,0,0,0,0,0,0
270102,2,1,0,0,0,0,0,0,0,0,0,0
270102,3,1,0,0,0,0,0,0,0,0,13,11
270103,1,1,0,0,0,0,0,0,0,0,0,0
270103,2,1,0,0,0,0,0,0,0,0,0,0
270104,1,1,0,0,0,14,14,0,0,0,0,0
270104,2,1,0,0,0,0,0,0,0,0,0,0
270105,1,1,0,0,0,0,0,0,0,0,0,0
270105,2,1,0,0,0,0,0,0,0,0,0,0
270106,1,1,0,0,0,0,0,0,10,0,0,0
270106,2,1,14,14,14,14,14,14,14,14,14,14
270107,1,1,0,0,0,0,0,0,0,0,0,0
270108,0,1,0,0,0,0,0,0,0,0,0,0
270108,1,1,0,0,0,0,0,0,0,0,0,0
270109,1,1,9,9,9,9,9,9,9,9,9,9
270110,1,1,0,0,0,0,0,0,0,0,0,0
270110,2,1,0,0,0,0,0,0,0,0,0,0
270111,1,1,0,0,0,0,0,0,0,0,0,0
270111,2,1,0,0,0,0,0,0,0,0,0,0
270112,1,1,0,0,0,0,0,0,0,0,0,0
270112,2,1,0,0,0,0,0,0,0,0,0,0
270113,1,1,0,0,0,0,0,0,0,0,0,0
270113,2,1,0,0,0,0,0,0,0,0,0,0
270114,1,1,34,34,34,34,34,34,34,34,34,34
270115,1,1,0,0,0,0,0,0,0,0,0,0
270115,2,1,26,26,26,26,26,26,26,26,26,26
270116,1,1,0,0,0,9,0,0,0,0,0,20
270116,2,1,0,0,0,0,0,0,0,0,0,0
270118,1,1,0,0,0,0,0,0,0,0,0,6
270118,2,1,26,26,26,26,26,26,26,26,26,26
270119,1,1,0,0,0,0,24,4,13,0,0,25
270120,1,1,0,0,0,0,0,0,0,0,0,0
270120,2,1,0,0,0,0,0,0,0,0,0,0
270122,1,1,17,17,17,17,17,17,17,17,17,17
270123,1,1,18,18,18,18,18,18,18,18,18,18
270124,1,1,0,0,0,0,0,0,0,0,8,0
270124,2,1,0,0,0,0,0,0,0,0,0,0
270124,3,1,0,0,0,0,0,0,0,0,0,0
270125,1,1,17,17,17,17,17,17,17,17,17,17
270127,1,1,0,0,0,0,0,0,0,0,0,0
270127,2,1,0,0,0,0,0,0,0,0,0,0
270127,3,1,0,0,0,0,0,0,0,0,0,0
270128,0,1,12,0,0,12,0,0,0,0,0,0
270128,1,1,9,13,0,10,0,0,7,0,0,0
270129,1,1,0,0,0,0,0,0,0,0,0,0
270130,1,1,0,0,0,0,0,0,0,0,0,0
270130,2,1,0,0,0,0,0,0,0,15,0,0
270131,1,1,0,0,0,0,0,0,0,0,0,0
270132,1,1,0,0,0,0,0,0,0,0,0,0
270132,2,1,0,0,0,0,0,0,0,0,0,0
270133,1,1,27,27,27,27,27,27,27,27,27,27
270134,1,1,16,16,16,16,16,16,16,16,16,16
270136,1,1,0,0,0,0,0,0,0,0,0,0
270136,2,1,0,0,0,0,0,0,0,0,0,0
270137,1,1,0,0,0,0,0,0,0,0,0,0
270137,2,1,0,0,0,0,0,0,0,0,0,0
270137,3,1,0,0,0,0,0,0,0,0,0,0
270138,1,1,0,0,0,0,0,0,0,0,0,0
270138,2,1,0,0,0,0,0,0,0,0,0,0
270138,3,1,0,0,0,0,0,0,0,0,0,0
270139,1,1,3,3,3,3,3,3,3,3,3,3
270139,2,1,32,32,32,32,32,32,32,32,32,32
270140,1,1,0,0,0,0,0,0,0,0,0,0
270141,1,1,0,0,0,0,0,0,0,0,0,0
270141,2,1,0,0,0,0,0,0,0,0,0,0
270143,1,1,0,0,0,0,0,0,0,0,0,0
270143,2,1,0,0,0,0,0,0,0,0,0,0
270144,1,1,0,0,0,0,0,0,0,0,0,0
270145,1,1,5,0,28,9,0,0,0,0,0,0
270145,2,1,0,0,0,0,0,0,0,0,0,0
270146,1,1,0,0,0,0,0,0,0,0,0,0
270146,2,1,0,0,0,0,0,0,0,0,0,0
270147,1,1,0,0,0,0,0,0,0,0,0,0
270147,2,1,1,1,1,1,1,1,1,1,1,1
270148,1,1,0,13,0,0,0,0,0,0,0,0