ST_CASE,VEH_NO,PER_NO,P1,P2,P3,P4,P5,P6,P7,P8,P9,P10
270148,2,1,21,19,20,21,18,9,0,5,13,10
270149,0,1,0,0,0,0,0,0,0,0,0,0
270149,1,1,13,24,9,0,0,0,0,0,7,0
270150,1,1,0,0,0,0,0,0,0,0,0,0
270151,1,1,0,0,0,0,0,0,0,0,11,0
270151,2,1,1,1,1,1,1,1,1,1,1,1
270152,1,1,0,0,0,0,0,0,0,0,0,0
270152,2,1,0,0,0,0,0,0,0,0,0,0
270153,1,1,0,0,0,0,0,0,0,0,0,0
270154,1,1,0,0,0,0,0,0,0,0,0,0
270154,2,1,0,0,0,0,0,0,0,0,0,0
270155,1,1,0,0,0,0,0,0,0,0,0,0
270155,2,1,0,0,0,0,0,0,0,0,0,0
270156,1,1,0,0,0,0,0,0,0,0,0,0
270157,0,1,37,37,37,37,37,37,37,37,37,37
270157,1,1,0,0,0,0,0,26,11,0,0,0
270157,2,1,0,0,0,0,0,0,5,22,0,0
270158,1,1,21,21,21,21,21,21,21,21,21,21
270159,1,1,18,18,18,18,18,18,18,18,18,18
270161,1,1,0,0,0,0,0,0,0,0,0,0
270161,2,1,0,0,0,0,0,0,0,0,0,0
270162,1,1,16,16,16,16,16,16,16,16,16,16
270163,1,1,0,0,0,0,0,0,0,0,0,0
270164,1,1,0,0,0,0,0,0,0,0,0,0
270165,1,1,0,0,0,0,0,0,0,0,0,0
270165,2,1,0,0,0,0,0,0,0,0,0,0
270166,1,1,0,0,0,0,0,0,0,0,0,0
270166,2,1,0,0,0,0,0,0,0,0,0,0
270167,1,1,0,0,0,0,0,0,0,0,0,0
270167,2,1,0,0,8,0,0,0,0,0,0,0
270168,1,1,0,0,0,0,0,0,0,0,0,0
270168,2,1,0,0,0,0,0,0,0,0,0,0
270169,1,1,0,0,0,0,0,0,0,0,0,0
270170,1,1,6,6,6,6,6,6,6,6,6,6
270171,1,1,0,0,0,0,8,17,0,0,0,0
270172,1,1,0,0,0,0,0,0,0,0,0,0
270173,1,1,7,7,7,7,7,7,7,7,7,7
270174,1,1,6,0,0,0,0,0,0,19,0,0
270174,2,1,0,0,0,0,0,0,0,0,0,0
270175,1,1,0,2,21,0,0,0,0,0,0,0
270176,1,1,0,0,0,0,0,0,0,0,0,0
270176,2,1,24,0,0,0,0,0,0,0,0,0
270177,1,1,16,16,16,16,16,16,16,16,16,16
270178,1,1,0,0,0,0,0,0,0,0,0,0
270178,2,1,0,11,0,0,0,0,0,0,0,0
270179,1,1,0,0,0,0,0,0,0,0,0,0
270179,2,1,0,0,0,0,0,0,0,0,0,0
270180,1,1,16,16,16,16,16,16,16,16,16,16
270181,1,1,0,0,0,0,0,0,28,8,0,0
270182,1,1,20,20,20,20,20,20,20,20,20,20
270183,1,1,0,0,0,0,0,0,0,0,0,0
270183,2,1,0,0,0,0,0,0,0,0,0,0
270183,3,1,0,0,0,0,0,0,0,0,0,0
270183,4,1,0,0,0,0,0,0,0,0,0,0
270184,1,1,0,0,0,0,0,0,0,0,0,0
270184,2,1,0,0,0,0,0,0,0,0,0,0
270184,3,1,0,0,0,0,0,0,0,0,0,0
270185,1,1,7,0,0,0,0,17,0,0,18,0
270185,2,1,0,0,0,0,0,0,0,0,0,0
270186,1,1,0,0,0,0,0,0,0,0,0,0
270186,2,1,0,0,0,0,0,0,0,0,0,0
270187,1,1,0,0,0,0,0,0,0,0,0,0
270187,2,1,0,0,0,0,0,0,0,0,0,0
270188,1,1,16,16,16,16,16,16,16,16,16,16
270189,1,1,0,0,0,0,0,0,0,0,0,0
270189,2,1,0,0,0,0,0,0,0,0,0,0
270189,3,1,0,0,0,0,0,0,0,0,0,0
270190,1,1,15,0,19,17,3,7,14,7,7,0
270191,1,1,0,0,0,0,0,0,0,0,0,0
270191,2,1,0,0,0,0,0,0,0,0,0,0
270192,1,1,20,20,20,20,20,20,20,20,20,20
270193,1,1,0,0,0,0,0,0,0,0,0,0
270193,2,1,0,0,0,0,0,0,0,0,0,0
270194,1,1,0,0,0,0,0,0,0,0,0,0
270194,2,1,0,0,0,0,0,0,0,0,0,0
270195,1,1,0,0,0,0,0,0,0,0,0,0
270196,1,1,0,0,0,0,0,0,0,0,0,0
270197,1,1,0,0,0,0,0,0,0,0,0,0
270197,2,1,6,6,6,6,6,6,6,6,6,6
270197,3,1,8,8,8,8,8,8,8,8,8,8
270198,1,1,0,0,0,0,0,0,0,0,0,0
270198,2,1,0,0,0,0,0,0,0,0,0,0
270199,1,1,19,19,19,19,19,19,19,19,19,19
270200,1,1,4,4,4,4,4,4,4,4,4,4
270201,1,1,22,22,22,22,22,22,22,22,22,22
270202,1,1,0,0,0,0,0,0,0,0,0,0
270202,2,1,0,0,0,0,0,0,0,0,0,0
270203,1,1,8,8,8,8,8,8,8,8,8,8
270204,0,1,0,0,0,0,0,0,0,0,0,0
270204,1,1,0,0,0,0,0,0,0,0,0,0
270205,1,1,5,7,26,8,18,19,20,30,15,12
270206,1,1,0,0,0,0,0,0,0,0,0,0
270207,0,1,31,31,31,31,31,31,31,31,31,31
270207,1,1,0,0,11,0,0,0,0,0,11,0
270208,1,1,0,0,0,0,0,0,12,0,0,0
270209,1,1,46,46,46,46,46,46,46,46,46,46
270209,2,1,0,0,0,0,0,0,0,8,0,0
270210,1,1,0,0,0,0,0,0,0,0,0,0
270211,0,1,0,0,0,0,0,0,0,0,0,0
270211,1,1,0,0,0,0,0,0,0,0,0,0
270212,1,1,0,0,0,0,0,0,0,0,0,0
270212,2,1,0,0,0,0,0,0,0,0,0,0
270212,3,1,0,0,0,0,0,0,0,0,0,0
270213,1,1,5,5,5,5,5,5,5,5,5,5
270213,2,1,0,0,0,0,0,0,0,0,0,0
270214,1,1,19,19,19,19,19,19,19,19,19,19
270215,0,1,0,0,0,0,0,0,0,0,0,0
270215,1,1,0,0,0,0,0,0,0,0,0,0
270216,1,1,13,13,13,13,13,13,13,13,13,13
270217,1,1,0,0,0,0,0,0,0,0,0,0
270217,2,1,0,0,0,0,0,0,0,0,0,0
270218,1,1,0,0,0,0,0,0,0,0,0,0
270219,1,1,0,0,0,0,30,0,12,0,20,0
270220,0,1,28,28,28,28,28,28,28,28,28,28
270220,1,1,0,0,0,0,0,0,0,0,0,0
270221,0,1,36,36,36,36,36,36,36,36,36,36
270221,1,1,0,0,0,0,0,0,0,0,0,0
270221,2,1,0,0,0,0,0,0,14,0,26,19
270222,1,1,20,20,20,20,20,20,20,20,20,20
270223,1,1,0,0,0,0,0,0,0,0,0,0
270223,2,1,13,13,13,13,13,13,13,13,13,13
270224,1,1,0,0,0,0,0,0,0,0,0,0
270224,2,1,0,0,0,0,0,0,0,0,0,0
270225,1,1,0,0,0,0,0,0,0,0,0,0
270226,1,1,0,0,0,0,0,0,0,0,0,0
270226,2,1,0,0,0,0,0,0,0,0,0,0
270227,1,1,0,0,0,0,0,0,0,0,0,0
270227,2,1,0,0,0,0,0,0,0,0,0,0
270228,1,1,23,23,23,23,23,23,23,23,23,23
270229,1,1,0,0,0,0,0,0,0,0,0,0
270229,2,1,0,0,0,0,0,0,0,0,0,0
270230,0,1,0,0,0,0,0,0,0,0,0,0
270230,1,1,0,10,0,0,0,0,5,0,17,0
270231,1,1,0,0,0,0,0,0,0,0,5,0
270231,2,1,0,3,0,0,0,0,0,0,0,0
270232,1,1,0,0,0,0,0,0,0,0,0,0
270232,2,1,0,0,0,0,0,0,0,0,0,0
270233,1,1,0,0,0,0,0,0,0,0,0,0
270233,2,1,0,0,0,0,0,0,0,0,0,0
270234,1,1,0,0,0,0,0,0,0,0,0,0
270234,2,1,0,0,0,0,0,0,0,0,0,0
270235,0,1,0,0,0,0,0,0,0,0,0,0
270235,1,1,0,5,0,0,0,0,0,0,0,0
270236,1,1,0,0,0,0,0,0,0,0,0,0
270237,2,1,0,0,0,0,0,0,0,0,0,0
270238,1,1,0,0,0,0,0,0,0,0,0,0
270239,1,1,10,10,10,10,10,10,10,10,10,10
270239,2,1,0,0,0,0,0,0,0,0,0,0
270240,0,1,0,0,0,0,0,0,0,0,0,0
270240,1,1,0,0,0,0,0,0,0,0,0,0
270241,1,1,0,0,0,0,0,0,0,0,0,0
270241,2,1,0,0,0,0,0,0,0,0,0,0
270242,1,1,0,0,0,0,0,0,0,0,0,0
270242,2,1,0,0,0,0,0,0,0,0,0,0
270243,1,1,27,27,27,27,27,27,27,27,27,27
270244,1,1,0,0,0,0,0,0,0,0,0,0
270244,2,1,0,0,0,0,0,0,0,0,0,0
270245,1,1,0,0,0,0,0,0,0,0,0,0
270246,1,1,0,12,8,16,0,20,24,25,9,0
270247,1,1,0,0,0,0,0,0,0,0,0,0
270247,2,1,0,0,0,0,0,0,0,0,0,0
270247,3,1,0,0,0,0,0,0,0,0,0,0
270247,4,1,0,0,0,0,0,0,0,0,0,0
270248,1,1,0,0,0,0,0,0,0,0,0,0
270248,2,1,0,0,0,0,0,0,0,0,0,0
270249,1,1,0,0,0,0,0,0,0,0,0,0
270249,2,1,0,0,0,0,0,0,0,0,0,0
270250,1,1,0,0,0,0,0,0,0,0,0,0
270250,2,1,0,0,0,0,0,0,0,31,0,0
270251,1,1,0,0,0,0,0,0,0,0,0,0
270251,2,1,11,11,11,11,11,11,11,11,11,11
270252,1,1,25,25,25,25,25,25,25,25,25,25
270252,2,1,0,0,0,0,0,0,0,0,0,0
270253,1,1,0,0,0,0,0,0,0,0,0,0
270254,1,1,31,31,31,31,31,31,31,31,31,31
270255,1,1,0,0,0,0,0,0,0,0,0,0
270255,2,1,0,0,0,0,0,0,0,0,0,0
270256,1,1,28,28,28,28,28,28,28,28,28,28
270257,0,1,0,0,0,0,0,0,0,0,0,0
270257,1,1,0,0,0,0,0,0,0,0,0,0
270258,1,1,0,0,0,5,0,0,0,0,0,0
270258,2,1,0,0,0,0,0,0,0,0,0,0
270259,1,1,0,0,0,0,0,0,0,0,0,0
270260,0,1,11,11,11,11,11,11,11,11,11,11
270260,1,1,0,0,0,0,0,0,0,0,0,0
270261,1,1,0,0,0,0,0,0,0,0,0,0
270261,2,1,0,0,0,0,0,0,0,0,0,0
270261,3,1,0,0,0,0,0,0,0,0,0,0
270261,4,1,0,0,0,0,0,0,0,0,0,0
270262,1,1,0,0,0,0,0,0,0,0,0,0
270262,2,1,0,0,0,0,0,0,0,0,0,0
270262,3,1,0,0,0,0,0,0,0,0,0,0
270262,4,1,0,0,0,0,0,0,0,0,0,0
270263,1,1,0,0,0,0,0,0,0,0,0,3
270264,1,1,0,0,0,0,0,0,0,0,0,0
270264,2,1,0,0,0,0,0,0,0,0,0,0
270265,1,1,0,0,0,0,0,0,0,0,0,0
270265,2,1,0,0,0,0,0,0,0,0,0,0
270266,1,1,16,16,16,16,16,16,16,16,16,16
270267,0,1,0,0,0,0,0,0,0,0,0,0
270267,1,1,0,0,0,0,0,0,0,0,0,0
270268,1,1,24,24,24,24,24,24,24,24,24,24
270268,2,1,3,3,3,3,3,3,3,3,3,3
270269,1,1,0,0,0,0,0,0,0,0,0,0
270269,2,1,0,0,0,0,0,0,0,0,0,0
270270,1,1,0,0,0,0,0,0,0,0,0,0
270270,2,1,0,0,0,0,0,0,0,0,0,0
270271,1,1,0,0,0,0,0,0,0,0,0,0
270271,2,1,0,0,0,0,0,0,0,0,0,0
270272,1,1,0,0,0,0,0,0,0,0,0,0
270273,1,1,0,0,0,0,0,0,0,0,0,0
270273,2,1,0,0,0,0,0,0,0,0,0,0
270273,3,1,0,0,0,0,0,0,0,0,0,0
270274,1,1,0,0,0,0,0,0,0,0,0,0
270274,2,1,0,0,0,0,0,0,0,0,0,0
270275,1,1,5,5,5,5,5,5,5,5,5,5
270276,0,1,13,13,13,13,13,13,13,13,13,13
270276,1,1,6,6,6,6,6,6,6,6,6,6
270277,0,1,0,0,0,0,0,0,0,0,0,0
270277,1,1,11,11,11,11,11,11,11,11,11,11
270278,1,1,0,0,0,0,0,0,0,0,0,0
270278,2,1,0,0,0,0,0,0,0,0,0,0
270279,1,1,0,0,0,0,0,0,0,0,0,0
270280,1,1,0,0,0,0,0,0,0,0,0,0
270281,1,1,0,0,0,0,25,0,0,21,0,40
270281,2,1,0,0,0,0,0,0,0,45,0,0
270282,1,1,0,0,0,0,0,0,0,0,0,0
270282,2,1,0,0,0,0,0,0,0,0,0,0
270283,0,1,0,0,0,0,0,0,0,0,0,0
270283,1,1,0,0,0,0,0,0,0,0,0,0
270284,1,1,15,15,15,15,15,15,15,15,15,15
270284,2,1,0,0,0,0,0,0,0,0,0,0
270285,1,1,0,0,0,0,0,0,0,0,0,0
270285,2,1,0,0,0,0,0,0,0,0,0,0
270286,1,1,17,17,17,17,17,17,17,17,17,17
270287,1,1,0,0,0,0,0,0,0,0,0,0
270288,0,1,0,0,0,0,0,0,0,0,0,0
270288,1,1,0,0,0,0,0,0,0,0,0,0
270289,1,1,0,0,0,0,0,0,0,0,0,0
270289,2,1,0,0,0,0,0,0,0,0,0,0
270289,3,1,0,0,0,0,0,0,0,0,0,0
270290,1,1,0,10,0,0,16,0,0,0,0,11
270291,1,1,19,19,19,19,19,19,19,19,19,19
270292,1,1,21,21,21,21,21,21,21,21,21,21
270293,1,1,0,0,0,0,0,0,0,0,0,0
270293,2,1,0,0,0,0,0,0,0,0,0,0
270294,0,1,0,0,0,0,0,0,0,0,0,0
270294,1,1,0,0,0,0,0,0,0,0,0,0
270295,1,1,0,0,0,0,0,0,0,0,0,0
270296,0,1,25,25,25,25,25,25,25,25,25,25
270296,1,1,0,0,0,0,0,0,0,3,0,0
270297,1,1,7,7,7,7,7,7,7,7,7,7
270298,0,1,1,1,1,1,1,1,1,1,1,1
270298,1,1,0,0,0,16,0,0,0,0,0,13
270299,0,1,23,23,23,23,23,23,23,23,23,23
270299,1,1,0,0,0,0,0,0,0,0,0,0
270300,1,1,0,0,0,0,0,0,0,0,0,0
270300,2,1,0,0,0,0,0,0,0,0,0,0
270301,1,1,0,0,0,0,0,0,0,0,0,0
270301,2,1,0,0,0,0,0,0,0,0,0,0
270302,1,1,0,0,0,0,0,0,0,0,0,0
270302,2,1,0,0,0,0,0,0,0,0,0,0
270303,0,1,0,0,0,13,0,6,0,0,0,0
270303,1,1,0,0,0,0,0,0,0,0,0,0
270304,1,1,18,18,18,18,18,18,18,18,18,18
270304,2,1,0,0,0,0,0,0,0,0,0,0
270304,3,1,0,0,0,0,0,0,0,0,0,0
270304,4,1,0,0,0,0,0,0,0,0,0,0
270305,1,1,0,0,0,0,0,0,0,0,0,0
270307,1,1,25,25,25,25,25,25,25,25,25,25
270308,1,1,17,17,17,17,17,17,17,17,17,17
270309,1,1,0,0,0,0,0,0,0,0,0,0
270309,2,1,0,0,0,0,0,0,0,0,0,0
270310,1,1,0,0,0,0,0,0,0,0,0,0
270311,1,1,12,12,12,12,12,12,12,12,12,12
270312,0,1,0,0,0,0,0,0,0,0,0,0
270312,1,1,0,0,0,0,0,0,0,0,0,0
270313,1,1,12,23,16,17,17,0,0,0,16,9
270314,1,1,0,20,0,0,0,0,25,0,29,0
270315,0,1,17,17,17,17,17,17,17,17,17,17
270315,1,1,0,0,0,0,0,0,0,2,0,0
270316,1,1,18,18,18,18,18,18,18,18,18,18
270317,1,1,1,1,1,1,1,1,1,1,1,1
270318,1,1,22,22,22,22,22,22,22,22,22,22
270318,2,1,5,5,5,5,5,5,5,5,5,5
270319,1,1,25,25,25,25,25,25,25,25,25,25
270320,0,1,2,2,2,2,2,2,2,2,2,2
270320,1,1,0,0,0,0,0,0,0,0,0,0
270321,1,1,0,0,0,0,0,0,0,0,0,0
270322,1,1,0,0,0,0,0,0,0,0,0,0
270323,1,1,0,0,0,0,0,0,0,0,0,0
270323,2,1,1,1,1,1,1,1,1,1,1,1
270324,0,1,6,6,6,6,6,6,6,6,6,6
270324,0,2,26,26,26,26,26,26,26,26,26,26
270324,1,1,0,0,0,0,0,0,0,0,0,0
270325,1,1,0,0,0,0,0,0,0,0,0,0
270325,2,1,0,0,0,0,0,0,0,0,0,0
270326,1,1,0,0,0,0,0,0,0,0,0,0
270327,1,1,0,0,0,0,0,0,0,0,0,0
270327,2,1,0,0,0,0,0,0,0,0,0,0
270328,1,1,25,25,25,25,25,25,25,25,25,25
270329,1,1,24,24,24,24,24,24,24,24,24,24
270329,2,1,0,0,0,0,0,0,0,0,0,0
270330,1,1,0,0,0,0,0,0,0,0,0,0
270331,0,1,0,0,0,0,0,0,0,0,0,0
270331,1,1,0,0,0,0,0,0,0,0,0,0
270332,1,1,20,20,20,20,20,20,20,20,20,20
270333,1,1,0,0,0,0,0,0,0,0,0,0
270333,2,1,0,0,0,0,0,0,0,0,0,0
270334,1,1,0,0,0,0,0,0,0,0,0,0
270334,2,1,0,0,0,0,0,0,0,0,0,0
270334,3,1,0,0,0,0,0,0,0,0,0,0
270335,1,1,0,0,0,0,0,0,0,0,0,0
270335,2,1,0,0,0,0,0,0,0,0,0,0
270336,1,1,19,19,19,19,19,19,19,19,19,19
270337,1,1,0,0,0,0,0,0,0,0,0,0
270339,1,1,0,0,0,0,0,0,0,0,0,0
270340,2,1,0,0,0,0,0,0,0,0,0,0
270341,1,1,23,23,23,23,23,23,23,23,23,23
270342,1,1,0,0,0,0,0,0,0,0,0,0
270342,2,1,9,9,9,9,9,9,9,9,9,9
270343,1,1,0,0,0,0,0,0,0,0,0,0
270343,2,1,0,0,0,0,0,0,0,0,0,0
270344,1,1,0,0,0,0,28,0,0,0,0,0
270344,2,1,0,0,0,0,0,0,0,0,0,0
270345,0,1,29,29,29,29,29,29,29,29,29,29
270345,1,1,0,0,0,0,0,0,0,0,0,0
270346,1,1,7,0,0,0,0,0,0,0,0,21
270347,3,1,0,0,0,0,0,0,0,0,0,0
270348,0,1,0,0,0,4,0,29,0,0,26,0
270348,1,1,0,0,0,0,0,0,0,0,0,0
270349,1,1,0,0,0,0,0,0,0,0,0,0
270349,2,1,0,0,0,0,0,0,0,0,0,0
270350,1,1,0,0,0,0,0,0,0,0,0,0
270351,1,1,0,0,0,0,0,0,0,0,0,0
270351,2,1,0,0,0,0,0,0,0,0,0,0
270352,1,1,0,0,0,0,0,0,0,0,0,0
270352,2,1,0,0,0,0,0,0,0,0,0,0
270353,1,1,0,0,0,0,0,0,0,0,0,0
270354,1,1,0,0,0,0,0,0,0,0,0,0
270355,1,1,0,0,0,0,0,0,0,0,0,0
270355,2,1,0,0,0,0,0,0,0,0,0,0
270355,3,1,0,0,0,0,0,0,0,0,0,0
270356,1,1,0,0,0,0,0,0,0,0,0,0
270358,1,1,0,0,0,0,0,0,0,0,0,0
270358,2,1,0,0,0,0,0,0,0,0,0,0
270359,1,1,0,0,0,0,0,0,0,0,0,0
270359,2,1,0,0,0,0,0,0,0,0,0,0
270360,2,1,0,0,0,0,0,0,0,0,0,0
270361,1,1,0,0,0,0,0,0,0,0,0,0
270361,2,1,0,0,0,0,0,0,0,0,0,0
270362,1,1,0,0,0,0,0,0,0,0,0,0
270362,2,1,0,0,0,0,0,0,0,0,0,0
270363,0,1,27,27,27,27,27,27,27,27,27,27
270363,1,1,0,0,0,0,0,0,14,0,0,0
270364,0,1,0,0,0,0,0,0,0,0,0,0
270364,1,1,0,0,0,0,0,0,0,0,0,0
270365,1,1,0,0,0,0,0,0,0,0,0,0
270365,2,1,0,0,0,0,0,0,0,0,0,0
270365,3,1,0,0,0,0,0,0,0,0,0,0
270366,1,1,6,6,6,6,6,6,6,6,6,6
270367,1,1,0,20,18,8,9,29,13,17,20,30
270368,1,1,0,0,0,0,0,0,0,0,0,0
270369,1,1,0,0,0,0,0,0,0,0,0,0
270370,1,1,0,0,28,0,0,0,12,15,0,0
280001,1,1,26,26,26,26,26,26,26,26,26,26
280002,1,1,13,0,0,0,25,18,13,0,0,0
280003,1,1,13,13,13,13,13,13,13,13,13,13
280004,1,1,0,0,0,0,0,0,0,0,0,0
280005,1,1,22,25,10,7,0,3,14,6,3,11
280006,1,1,0,0,0,0,0,0,0,0,0,0
280006,2,1,0,0,0,0,0,21,0,0,0,0
280007,1,1,0,28,0,0,0,0,0,0,18,0
280008,1,1,0,0,20,0,0,0,0,11,0,28
280009,1,1,17,13,0,14,13,0,23,0,11,23
280010,1,1,0,0,0,0,0,0,0,0,0,0
280011,1,1,0,18,29,37,33,4,0,0,22,0
280012,1,1,16,16,16,16,16,16,16,16,16,16
280013,1,1,0,0,0,0,0,0,0,0,0,0
280013,2,1,0,0,0,0,0,0,0,0,0,0
280014,0,1,13,0,21,0,0,0,23,6,19,21
280014,1,1,16,16,16,16,16,16,16,16,16,16
280015,1,1,16,16,16,16,16,16,16,16,16,16
280015,2,1,0,0,0,0,0,0,0,0,0,0
280016,0,1,7,0,0,35,0,0,0,0,16,0
280016,1,1,0,0,0,0,0,0,0,0,0,0
280017,1,1,13,13,13,13,13,13,13,13,13,13
280018,1,1,23,23,23,23,23,23,23,23,23,23
280019,1,1,10,10,10,10,10,10,10,10,10,10
280020,1,1,59,59,59,59,59,59,59,59,59,59
280021,1,1,7,7,7,7,7,7,7,7,7,7
280022,1,1,0,0,0,0,0,0,0,0,0,0
280022,2,1,0,0,0,0,0,0,0,0,0,0
280022,3,1,0,0,0,0,0,0,0,0,0,0
280023,1,1,0,0,0,0,0,0,0,0,0,0
280023,2,1,0,0,0,0,0,0,0,0,0,0
280024,1,1,12,12,12,12,12,12,12,12,12,12
280025,1,1,0,0,0,0,0,0,0,0,0,0
280025,2,1,1,1,1,1,1,1,1,1,1,1
280026,1,1,0,0,0,0,0,0,0,0,0,0
280027,1,1,10,15,9,14,0,17,24,0,27,26
280028,1,1,14,14,14,14,14,14,14,14,14,14
280028,2,1,0,0,0,0,0,0,0,0,0,0
280029,1,1,0,0,0,0,20,0,28,0,0,15
280030,0,1,22,22,22,22,22,22,22,22,22,22
280030,1,1,20,24,0,0,0,0,0,31,0,0
280031,1,1,0,0,0,0,0,0,0,0,0,0
280031,2,1,0,0,0,0,0,0,0,0,0,0
280031,3,1,0,0,0,0,0,0,0,0,0,0
280032,1,1,12,12,12,12,12,12,12,12,12,12
280032,2,1,16,16,16,16,16,16,16,16,16,16
280033,1,1,3,3,3,3,3,3,3,3,3,3
280034,1,1,0,0,0,0,0,0,0,0,0,0
280034,2,1,16,16,16,16,16,16,16,16,16,16
280035,1,1,0,0,0,0,0,0,0,0,0,0
280036,1,1,14,14,14,14,14,14,14,14,14,14
280037,1,1,0,0,0,0,9,0,0,0,28,9
280037,2,1,0,0,0,0,0,0,0,0,0,0
280038,1,1,22,22,22,22,22,22,22,22,22,22
280039,1,1,13,13,13,13,13,13,13,13,13,13
280040,1,1,19,19,19,19,19,19,19,19,19,19
280041,0,1,0,0,17,0,0,0,0,0,31,0
280041,1,1,0,0,0,0,0,0,0,0,0,0
280042,1,1,0,0,0,0,0,0,0,0,0,0
280042,2,1,0,0,0,0,0,0,0,0,0,0
280043,1,1,0,0,0,0,0,0,0,0,0,0
280043,2,1,0,0,0,0,0,0,0,0,0,0
280044,1,1,0,0,0,0,0,5,0,0,0,0
280045,0,1,24,0,0,13,22,13,0,0,0,0
280045,1,1,0,0,0,0,0,0,0,0,0,0
280046,1,1,0,0,16,12,5,0,0,0,0,15
280047,0,1,0,0,0,0,0,0,0,0,0,0
280047,1,1,0,0,0,0,0,0,0,0,0,0
280048,1,1,15,15,15,15,15,15,15,15,15,15
280049,1,1,0,0,0,0,0,0,0,0,0,0
280049,2,1,0,0,0,0,0,0,0,0,0,0
280049,3,1,0,0,0,0,0,0,0,0,0,0
280050,1,1,10,24,28,13,24,34,15,18,26,29
280051,1,1,0,0,0,7,0,0,0,0,0,0
280051,2,1,0,0,0,0,0,0,0,0,0,0
280052,1,1,27,27,27,27,27,27,27,27,27,27
280053,1,1,0,0,0,0,0,0,0,0,0,0
280053,2,1,0,0,0,0,0,0,0,0,4,0
280053,3,1,0,0,0,0,0,0,0,0,0,0
280054,1,1,19,19,19,19,19,19,19,19,19,19
280055,1,1,0,0,0,0,0,0,0,0,0,0
280055,2,1,0,0,0,0,0,3,0,0,0,8
280056,1,1,0,0,0,0,0,0,0,0,0,0
280057,1,1,14,14,14,14,14,14,14,14,14,14
280058,1,1,0,0,0,0,0,0,0,0,0,0
280058,2,1,0,0,0,0,0,0,0,0,0,0
280059,1,1,0,0,16,0,0,0,0,0,0,13
280060,0,1,17,17,0,0,18,0,22,15,0,30
280060,1,1,0,0,0,0,0,0,0,0,0,0
280061,1,1,0,0,0,0,0,0,0,0,0,0
280061,2,1,0,0,0,0,0,0,0,0,0,0
280062,1,1,0,0,0,0,0,0,0,0,0,0
280062,2,1,0,0,0,0,0,12,0,25,0,6
280063,1,1,0,0,0,0,0,0,0,0,0,0
280063,2,1,0,0,0,0,0,0,0,0,0,0
280064,0,1,22,3,0,39,0,19,17,0,0,8
280064,1,1,0,0,0,0,0,0,0,0,0,0
280065,1,1,0,0,0,0,0,0,0,0,0,0
280066,1,1,19,21,18,29,0,0,0,0,0,31
280067,1,1,0,17,0,0,0,0,0,0,14,0
280068,1,1,0,0,0,0,0,0,0,0,0,0
280068,2,1,0,0,0,0,0,0,0,0,0,0
280069,1,1,10,21,5,17,0,26,0,16,13,0
280070,1,1,0,0,0,0,0,0,0,0,0,0
280070,2,1,0,0,0,0,0,0,0,0,0,0
280071,1,1,0,0,0,0,0,21,0,0,0,0
280072,1,1,0,0,0,0,0,0,0,0,26,0
280072,2,1,0,0,0,0,0,0,5,0,0,0
280073,1,1,0,0,0,0,0,0,0,0,20,0
280074,1,1,0,6,0,14,0,0,0,0,0,0
280074,2,1,0,0,8,0,0,0,0,0,0,0
280075,1,1,20,20,20,20,20,20,20,20,20,20
280076,0,1,0,0,0,0,16,0,0,0,0,0
280076,1,1,14,14,14,14,14,14,14,14,14,14
280077,1,1,18,18,18,18,18,18,18,18,18,18
280077,2,1,19,19,19,19,19,19,19,19,19,19
280078,1,1,0,0,33,0,0,7,0,0,0,0
280078,2,1,6,0,0,0,16,0,0,0,0,0
280079,1,1,23,23,33,31,26,21,20,14,11,28
280080,1,1,26,26,26,26,26,26,26,26,26,26
280081,0,1,41,0,0,0,0,0,0,0,0,0
280081,1,1,16,16,16,16,16,16,16,16,16,16
280082,1,1,2,2,2,2,2,2,2,2,2,2
280083,1,1,0,0,0,0,0,0,0,0,0,0
280083,2,1,0,0,0,0,0,8,0,0,0,0
280084,1,1,13,13,13,13,13,13,13,13,13,13
280085,1,1,13,13,13,13,13,13,13,13,13,13
280086,1,1,0,0,0,0,0,0,0,15,0,0
280087,1,1,0,0,0,0,0,0,0,0,0,0
280087,2,1,0,0,0,0,0,0,0,0,0,0
280088,0,1,0,0,0,0,10,0,0,0,0,0
280088,1,1,0,0,0,0,0,0,0,0,0,0
280089,1,1,19,19,19,19,19,19,19,19,19,19
280090,1,1,0,0,0,0,0,0,0,0,0,0
280091,1,1,20,22,29,27,9,0,14,16,16,32
280092,1,1,18,18,18,18,18,18,18,18,18,18
280093,1,1,12,12,12,12,12,12,12,12,12,12
280094,1,1,0,18,0,22,20,0,20,0,33,0
280095,1,1,0,0,0,0,0,0,0,0,0,0
280095,2,1,0,0,0,0,0,38,0,0,0,0
280095,3,1,0,0,0,0,0,0,0,0,0,0