ST_CASE,VEH_NO,PER_NO,P1,P2,P3,P4,P5,P6,P7,P8,P9,P10
280095,4,1,0,0,0,0,0,0,0,0,0,0
280096,1,1,12,0,18,0,0,0,0,0,0,0
280097,0,1,0,0,0,0,0,0,0,0,0,0
280097,1,1,0,0,0,0,0,0,0,0,0,0
280098,0,1,0,0,0,0,0,0,0,0,0,0
280098,1,1,0,0,0,0,0,0,0,0,0,0
280099,1,1,0,9,13,9,0,0,13,0,0,0
280100,1,1,0,0,0,0,0,0,0,0,0,0
280100,2,1,18,18,18,18,18,18,18,18,18,18
280101,1,1,0,18,21,19,0,0,0,0,32,12
280102,1,1,11,11,11,11,11,11,11,11,11,11
280103,1,1,25,25,25,25,25,25,25,25,25,25
280104,0,1,31,24,7,0,13,32,13,39,0,14
280104,1,1,0,0,0,0,0,0,0,0,0,0
280105,1,1,0,0,0,0,0,0,0,0,0,0
280106,1,1,8,0,24,0,0,0,0,28,0,25
280107,1,1,0,12,0,0,22,0,0,0,0,0
280108,1,1,0,21,0,0,0,0,0,0,0,0
280108,2,1,0,0,0,0,0,0,0,0,0,0
280109,1,1,0,0,0,0,0,0,0,0,0,0
280110,1,1,0,0,0,0,0,0,0,0,0,0
280110,2,1,0,0,0,0,0,0,0,0,0,0
280111,1,1,14,14,14,14,14,14,14,14,14,14
280112,1,1,15,11,35,8,14,14,13,9,17,26
280113,1,1,0,0,0,0,0,0,0,0,0,0
280114,1,1,9,9,9,9,9,9,9,9,9,9
280115,1,1,0,0,0,0,0,0,0,0,0,0
280115,2,1,0,0,0,0,0,0,0,0,0,0
280116,1,1,0,0,0,0,0,0,0,0,0,0
280116,2,1,0,0,0,0,0,0,0,0,0,0
280117,1,1,0,0,0,0,0,0,0,0,0,0
280117,2,1,32,32,32,32,32,32,32,32,32,32
280118,1,1,0,0,0,0,0,0,6,0,0,0
280119,0,1,0,0,0,15,0,0,0,42,38,27
280119,1,1,0,0,0,0,0,0,0,0,0,0
280120,1,1,0,0,0,0,0,0,0,0,0,0
280121,1,1,0,0,0,0,0,0,0,0,0,0
280122,0,1,10,0,0,30,0,11,22,21,0,20
280122,1,1,0,0,0,0,5,22,0,9,2,11
280123,1,1,0,0,0,0,0,0,0,0,0,0
280123,2,1,0,0,0,0,0,0,0,0,0,0
280124,1,1,0,0,0,0,0,0,0,0,24,0
280124,2,1,0,0,0,0,0,0,0,0,0,0
280125,1,1,33,33,33,33,33,33,33,33,33,33
280125,2,1,0,0,0,0,0,0,0,0,0,0
280126,1,1,0,0,0,0,0,0,0,0,0,0
280127,1,1,0,0,0,0,0,0,0,0,0,0
280127,2,1,0,0,0,0,0,0,0,0,0,0
280128,1,1,3,8,12,0,9,0,11,13,8,12
280129,1,1,20,21,18,43,33,31,13,22,17,29
280130,1,1,0,0,0,0,0,0,0,0,0,0
280131,1,1,18,18,18,18,18,18,18,18,18,18
280132,0,1,23,23,23,23,23,23,23,23,23,23
280132,1,1,0,0,0,0,0,0,0,0,0,0
280132,2,1,27,0,0,0,0,0,0,0,0,0
280133,1,1,0,0,0,0,0,0,0,0,0,0
280134,1,1,0,0,0,0,0,0,0,0,0,0
280134,2,1,15,12,17,12,9,31,4,13,19,0
280135,1,1,0,23,0,0,19,0,0,13,39,23
280136,1,1,0,6,0,0,0,0,0,0,0,0
280136,2,1,0,0,0,0,0,0,0,0,0,0
280137,1,1,0,0,0,0,0,0,0,0,0,0
280137,2,1,0,0,0,0,0,0,0,0,0,0
280138,1,1,0,0,0,0,0,0,0,0,0,0
280139,1,1,16,0,0,0,12,0,0,0,0,0
280140,1,1,0,0,0,0,0,0,0,0,0,0
280140,2,1,0,0,0,0,0,0,0,0,0,0
280141,1,1,20,20,20,20,20,20,20,20,20,20
280142,1,1,0,0,0,0,0,0,0,0,0,0
280142,2,1,18,18,18,18,18,18,18,18,18,18
280143,1,1,16,16,16,16,16,16,16,16,16,16
280144,1,1,0,0,0,13,0,0,0,0,0,0
280144,2,1,0,0,0,0,0,0,0,0,0,0
280145,1,1,0,0,20,0,0,11,0,0,0,0
280145,2,1,12,12,12,12,12,12,12,12,12,12
280146,1,1,9,9,9,9,9,9,9,9,9,9
280147,1,1,0,0,0,0,0,0,0,0,0,0
280147,2,1,34,34,34,34,34,34,34,34,34,34
280148,1,1,41,23,20,27,35,0,27,13,27,0
280149,1,1,8,0,0,0,0,0,0,0,0,0
280149,2,1,0,0,0,0,0,0,0,0,0,0
280150,1,1,0,0,0,0,0,0,0,0,0,0
280150,2,1,0,0,0,0,11,9,26,12,0,0
280151,1,1,0,0,0,0,0,0,0,0,0,0
280152,1,1,0,0,0,0,0,0,0,0,0,0
280152,2,1,0,0,0,0,0,0,0,0,0,0
280153,1,1,8,10,0,0,16,21,0,0,27,12
280154,1,1,0,0,0,0,24,0,0,17,23,6
280155,1,1,0,0,0,0,0,0,0,0,0,0
280156,1,1,0,0,0,0,0,0,0,0,0,0
280157,1,1,0,0,0,0,0,0,0,0,0,0
280158,1,1,7,0,0,0,0,0,14,0,22,27
280159,1,1,0,0,0,0,0,0,0,0,0,0
280159,2,1,0,0,0,0,0,0,0,0,0,0
280160,1,1,0,0,0,0,0,0,0,0,0,0
280161,1,1,0,0,0,0,0,0,0,23,9,0
280162,1,1,0,0,0,0,0,0,0,0,3,0
280163,1,1,19,0,11,0,0,0,19,0,0,24
280163,2,1,0,0,0,0,0,0,0,0,0,0
280164,0,1,19,0,0,26,15,0,0,0,28,0
280164,1,1,0,0,0,0,0,0,0,0,0,0
280165,1,1,0,0,0,0,0,0,0,0,0,0
280166,1,1,0,0,0,0,0,0,0,0,0,0
280166,2,1,0,0,0,0,0,0,0,0,0,0
280167,1,1,19,19,19,19,19,19,19,19,19,19
280168,1,1,0,0,0,0,0,0,0,0,0,0
280169,1,1,0,0,0,10,0,0,0,0,0,0
280169,2,1,0,0,0,0,0,0,0,0,11,0
280170,1,1,0,0,0,0,0,9,0,0,0,0
280171,0,1,0,0,0,0,14,0,9,0,0,0
280171,1,1,0,0,0,0,0,0,0,0,0,0
280172,1,1,6,6,6,6,6,6,6,6,6,6
280172,2,1,0,0,0,0,0,0,0,0,0,0
280173,1,1,21,21,21,21,21,21,21,21,21,21
280174,1,1,14,16,8,10,12,19,16,0,19,31
280175,1,1,0,0,0,0,0,0,0,0,0,0
280175,2,1,0,12,19,1,0,0,0,0,0,0
280176,1,1,21,21,21,21,21,21,21,21,21,21
280177,1,1,0,0,0,0,0,0,0,0,0,0
280178,1,1,0,0,17,0,18,14,13,0,5,0
280178,2,1,0,12,0,0,0,8,0,0,0,25
280178,3,1,0,0,0,0,0,0,0,0,0,0
280179,1,1,11,5,30,0,13,0,34,8,13,0
280180,1,1,0,0,0,0,0,0,0,0,0,0
280180,2,1,0,0,0,0,0,0,0,0,0,0
280180,3,1,0,0,0,0,0,0,0,0,0,0
280180,4,1,0,0,10,0,0,0,0,0,0,0
280180,5,1,0,0,0,0,0,0,0,0,0,0
280181,1,1,0,0,0,0,0,0,0,0,0,0
280181,2,1,0,0,0,0,0,0,0,0,0,0
280182,1,1,0,22,0,0,0,0,0,0,0,0
280183,1,1,0,0,0,0,0,0,0,16,0,0
280183,2,1,23,23,23,23,23,23,23,23,23,23
280184,1,1,0,0,0,0,0,0,0,0,0,0
280185,1,1,11,0,0,0,0,0,0,5,0,10
280185,2,1,10,10,10,10,10,10,10,10,10,10
280186,1,1,28,0,17,0,0,0,0,0,20,0
280187,1,1,11,11,11,11,11,11,11,11,11,11
280188,1,1,14,31,20,9,17,10,9,2,19,0
280189,1,1,12,12,12,12,12,12,12,12,12,12
280190,0,1,0,0,0,0,0,0,0,0,0,5
280190,1,1,0,0,0,0,0,0,0,0,0,0
280191,1,1,0,0,0,0,0,0,0,0,0,0
280192,1,1,0,19,14,11,18,6,8,15,7,18
280192,2,1,0,0,0,0,0,0,0,0,0,0
280193,1,1,25,25,25,25,25,25,25,25,25,25
280194,1,1,0,17,0,0,0,13,28,18,0,0
280195,1,1,0,0,0,0,0,0,0,0,0,0
280195,2,1,0,0,0,0,0,0,0,0,0,0
280196,1,1,0,0,0,0,0,0,0,0,0,0
280196,2,1,0,0,0,0,0,0,0,0,0,0
280197,1,1,0,0,0,0,0,0,0,0,0,0
280198,1,1,0,0,0,0,0,0,0,0,0,0
280199,1,1,16,16,16,16,16,16,16,16,16,16
280199,2,1,0,23,0,0,0,0,19,0,0,0
280200,1,1,0,0,0,0,0,0,0,0,4,0
280201,1,1,0,0,0,0,0,0,0,0,0,0
280201,2,1,0,0,0,0,0,0,0,0,0,0
280201,3,1,0,0,0,0,0,0,0,0,0,0
280202,1,1,0,0,0,0,0,0,0,0,0,0
280202,2,1,0,0,0,0,0,0,0,0,0,0
280203,1,1,0,0,0,0,0,0,0,0,0,0
280203,2,1,0,0,0,0,0,0,0,0,0,0
280204,1,1,0,0,0,0,0,0,4,0,0,0
280205,1,1,0,0,0,0,0,0,0,0,0,0
280205,2,1,0,0,0,0,0,0,0,7,0,0
280206,1,1,0,0,0,0,0,0,0,0,0,0
280206,2,1,0,0,0,0,0,0,0,0,13,0
280207,1,1,27,27,27,27,27,27,27,27,27,27
280207,2,1,0,0,0,0,0,0,0,0,0,0
280208,1,1,0,0,0,0,0,0,29,0,0,0
280209,1,1,28,28,28,28,28,28,28,28,28,28
280210,1,1,0,21,24,0,0,0,0,17,0,0
280211,1,1,0,0,0,0,0,0,0,0,0,0
280211,2,1,0,0,0,0,0,0,0,0,0,0
280212,1,1,0,0,0,0,0,0,0,0,0,0
280212,2,1,0,0,0,0,0,0,0,19,0,0
280213,1,1,0,0,0,0,0,0,0,0,0,0
280213,2,1,0,0,0,0,0,0,0,0,0,0
280213,3,1,0,0,0,0,0,0,0,0,0,0
280213,4,1,0,0,0,0,0,0,0,0,0,0
280213,5,1,0,0,0,0,0,0,0,0,0,0
280213,6,1,0,0,0,0,0,0,0,0,0,0
280214,1,1,23,16,32,0,0,0,11,18,29,13
280216,1,1,12,12,12,12,12,12,12,12,12,12
280216,2,1,0,0,0,0,0,8,0,0,0,0
280217,1,1,0,0,0,0,0,0,0,0,20,18
280218,1,1,0,0,0,0,0,0,0,0,0,0
280219,1,1,0,0,0,0,0,0,0,0,0,0
280219,2,1,0,0,0,0,0,0,0,0,0,10
280220,1,1,0,8,20,14,9,5,0,0,20,13
280221,1,1,0,0,0,0,0,0,0,0,0,0
280222,1,1,0,0,0,0,0,0,8,0,0,0
280222,2,1,0,0,0,0,0,0,0,0,0,0
280223,1,1,26,26,26,26,26,26,26,26,26,26
280224,1,1,11,11,11,11,11,11,11,11,11,11
280225,1,1,0,0,0,0,0,0,0,0,0,0
280225,2,1,0,0,0,0,0,0,0,0,0,0
280226,1,1,21,0,7,0,19,0,29,0,0,16
280227,1,1,0,0,0,0,0,0,0,0,0,0
280227,2,1,0,0,0,0,0,0,0,0,0,0
280228,1,1,0,0,0,0,0,0,0,0,0,0
280228,2,1,0,0,0,0,0,0,0,0,0,0
280229,1,1,0,7,0,9,0,0,0,0,0,0
280229,2,1,0,0,0,0,0,0,0,0,0,0
280230,0,1,18,0,20,0,0,11,0,0,28,0
280230,1,1,0,0,0,0,0,0,0,0,0,0
280231,1,1,22,22,22,22,22,22,22,22,22,22
280232,1,1,19,12,0,0,0,18,43,0,0,0
280233,1,1,0,0,0,0,0,0,0,0,0,20
280233,2,1,0,0,0,0,0,0,0,0,0,0
280234,1,1,16,16,16,16,16,16,16,16,16,16
280235,1,1,0,0,0,0,0,0,0,0,0,0
280236,1,1,0,0,0,0,0,0,0,0,0,0
280236,2,1,0,0,0,0,0,0,0,0,0,0
280237,1,1,0,0,18,0,29,0,0,0,0,35
280238,1,1,0,0,0,0,0,0,0,0,0,0
280238,2,1,0,0,0,0,0,0,0,0,0,0
280238,3,1,0,11,0,0,0,0,0,0,0,0
280239,1,1,0,6,0,0,0,0,0,0,0,0
280240,1,1,25,27,16,18,31,0,16,0,0,0
280241,1,1,12,12,12,12,12,12,12,12,12,12
280241,2,1,0,0,0,0,0,0,0,0,0,0
280242,0,1,10,10,0,28,0,0,0,0,0,13
280242,1,1,0,7,0,0,0,0,0,0,0,0
280243,1,1,8,8,8,8,8,8,8,8,8,8
280244,0,1,0,0,0,0,33,0,0,0,0,0
280244,1,1,0,0,0,0,0,0,0,0,0,0
280245,1,1,0,0,0,0,0,0,0,0,0,0
280246,1,1,32,32,32,32,32,32,32,32,32,32
280247,1,1,0,0,0,0,0,0,0,0,0,0
280247,2,1,0,0,0,0,0,0,0,0,0,0
280248,1,1,0,0,0,0,0,0,0,3,0,0
280248,2,1,0,0,0,0,0,0,0,0,0,0
280249,1,1,0,0,0,0,0,0,0,0,0,0
280249,2,1,0,0,0,0,0,0,0,0,0,0
280249,3,1,0,0,0,0,0,0,0,0,0,0
280249,4,1,0,0,0,0,0,0,0,0,0,0
280250,1,1,25,19,28,0,0,0,0,31,0,13
280251,1,1,0,0,0,0,0,0,0,0,0,0
280251,2,1,15,0,0,0,0,0,0,0,0,0
280252,1,1,0,0,0,0,0,0,0,0,0,0
280252,2,1,0,0,0,0,0,0,0,0,5,0
280253,1,1,22,22,22,22,22,22,22,22,22,22
280254,1,1,0,0,0,10,0,0,17,0,0,0
280254,2,1,0,0,0,24,0,0,19,0,15,15
280255,1,1,0,0,0,0,0,0,0,0,0,0
280255,2,1,0,0,0,0,0,0,0,0,0,0
280256,1,1,0,0,16,0,0,0,0,0,11,0
280257,1,1,13,13,13,13,13,13,13,13,13,13
280258,1,1,0,0,0,0,0,0,0,0,16,0
280259,0,1,0,0,0,0,18,0,0,0,0,0
280259,1,1,0,0,0,18,0,0,0,0,0,0
280260,1,1,0,0,0,0,14,0,0,0,20,0
280261,1,1,17,18,23,0,16,17,21,9,21,25
280262,1,1,0,0,0,0,0,0,0,0,0,0
280263,1,1,14,14,14,14,14,14,14,14,14,14
280264,1,1,22,22,22,22,22,22,22,22,22,22
280265,1,1,0,0,0,0,0,0,0,0,0,0
280266,1,1,0,12,16,19,10,10,17,24,0,16
280267,1,1,13,13,13,13,13,13,13,13,13,13
280268,1,1,0,0,0,0,0,0,0,0,0,0
280268,2,1,10,10,10,10,10,10,10,10,10,10
280269,1,1,2,2,2,2,2,2,2,2,2,2
280270,1,1,14,14,14,14,14,14,14,14,14,14
280271,1,1,0,0,2,0,0,0,14,0,0,0
280272,1,1,17,17,17,17,17,17,17,17,17,17
280273,1,1,0,0,0,0,0,14,0,0,20,0
280274,1,1,0,0,29,0,0,0,0,0,0,0
280274,2,1,0,0,0,0,0,0,0,0,0,0
280275,1,1,0,0,0,0,0,0,0,0,0,0
280276,1,1,0,0,0,0,0,0,8,0,0,0
280277,1,1,0,0,0,0,0,0,0,11,0,0
280278,1,1,0,0,0,0,0,0,0,0,0,0
280278,2,1,0,0,0,0,0,0,0,0,0,0
280278,3,1,0,0,0,0,0,0,0,0,0,0
280279,1,1,11,11,11,11,11,11,11,11,11,11
280280,1,1,0,0,0,0,0,0,0,0,0,0
280281,1,1,0,0,0,0,0,0,0,0,0,0
280281,2,1,19,19,19,19,19,19,19,19,19,19
280282,1,1,1,1,1,1,1,1,1,1,1,1
280283,1,1,13,13,13,13,13,13,13,13,13,13
280283,2,1,0,0,0,0,0,0,0,0,0,0
280284,1,1,0,0,0,0,0,10,13,0,0,0
280285,0,1,0,0,0,0,0,0,0,0,0,0
280285,1,1,0,0,14,0,0,0,0,2,0,0
280286,1,1,0,0,0,7,0,12,0,10,0,0
280287,1,1,0,0,0,0,0,0,0,0,0,0
280287,2,1,0,0,0,0,0,0,0,0,0,0
280287,3,1,0,0,0,0,0,0,0,0,0,0
280288,1,1,0,0,0,0,0,0,0,0,0,0
280288,2,1,0,26,27,0,0,0,0,0,0,0
280289,0,1,0,0,22,0,0,13,0,0,0,0
280289,1,1,29,0,31,12,0,0,0,0,12,0
280290,1,1,0,0,0,0,0,0,0,0,0,0
280290,2,1,0,0,0,0,0,0,0,0,0,0
280291,1,1,0,0,0,0,0,0,0,0,0,0
280292,1,1,0,7,0,0,0,0,0,0,0,0
280293,1,1,20,0,8,0,0,0,0,27,0,18
280294,1,1,22,29,15,10,8,26,2,25,10,9
280294,2,1,24,0,38,0,25,0,0,0,0,0
280295,1,1,0,0,0,0,0,0,0,0,0,0
280295,2,1,0,0,0,0,0,0,0,0,0,0
280296,1,1,0,0,0,0,0,0,0,0,0,0
280296,2,1,0,0,0,0,0,0,0,0,0,0
280297,1,1,18,0,0,0,0,0,0,0,0,0
280297,2,1,0,0,0,0,0,0,0,0,0,0
280298,1,1,0,0,0,0,0,0,0,0,0,0
280299,1,1,0,0,0,0,0,0,0,0,0,0
280299,2,1,0,0,0,0,0,0,0,0,0,0
280299,3,1,0,0,0,0,0,0,0,0,0,0
280300,1,1,0,0,0,0,0,0,0,0,0,0
280300,2,1,0,0,0,0,0,0,0,0,0,0
280300,3,1,0,0,0,0,0,0,0,0,0,0
280301,1,1,0,0,0,0,0,0,0,0,0,0
280301,2,1,14,14,14,14,14,14,14,14,14,14
280302,1,1,11,11,11,11,11,11,11,11,11,11
280303,1,1,0,0,0,13,0,0,0,0,0,19
280304,1,1,11,0,0,18,0,0,26,0,0,0
280304,2,1,0,0,0,0,0,0,0,0,0,0
280305,1,1,0,0,0,0,0,0,0,0,0,0
280305,2,1,0,0,0,8,0,0,0,0,0,0
280306,1,1,19,19,19,19,19,19,19,19,19,19
280307,0,1,6,10,8,25,0,16,41,22,0,0
280307,1,1,0,0,0,0,0,0,0,0,0,0
280308,0,1,33,33,33,33,33,33,33,33,33,33
280308,1,1,5,5,5,5,5,5,5,5,5,5
280309,1,1,0,6,0,0,0,0,0,0,0,0
280309,2,1,0,0,0,0,0,0,0,0,0,0
280310,1,1,0,16,0,0,10,0,0,0,0,0
280310,2,1,0,0,0,0,0,0,0,0,0,0
280311,1,1,18,18,18,18,18,18,18,18,18,18
280312,1,1,0,0,0,0,0,0,0,0,0,0
280313,0,1,0,0,0,0,0,0,0,0,0,0
280314,1,1,8,8,8,8,8,8,8,8,8,8
280315,1,1,0,0,0,0,0,0,0,0,0,0
280316,1,1,17,17,17,17,17,17,17,17,17,17
280317,1,1,30,30,30,30,30,30,30,30,30,30
280318,1,1,10,0,8,20,0,0,0,2,0,0
280319,1,1,0,0,0,0,0,0,0,0,0,0
280320,1,1,15,0,0,26,0,14,0,0,0,0
280321,1,1,0,0,0,0,0,0,0,0,0,0
280322,1,1,11,11,11,11,11,11,11,11,11,11
280322,2,1,15,15,15,15,15,15,15,15,15,15
280323,0,1,20,0,20,0,0,0,15,0,0,0
280323,1,1,0,0,0,0,0,0,0,0,0,0
280324,1,1,0,0,0,0,0,0,0,0,0,0
280325,1,1,0,0,0,0,0,0,0,0,0,0
280325,2,1,0,0,0,0,0,0,0,0,0,0
280326,1,1,32,32,32,32,32,32,32,32,32,32
280327,1,1,14,14,14,14,14,14,14,14,14,14
280328,1,1,0,28,0,0,0,0,0,0,0,0
280329,1,1,0,0,0,0,0,0,0,0,0,0
280329,2,1,0,0,0,16,0,0,0,0,0,0
280330,1,1,0,0,14,0,0,7,0,0,14,0
280330,2,1,0,0,0,0,0,0,0,0,0,0
280331,0,1,0,4,26,0,0,0,6,0,36,0
280331,1,1,0,0,0,0,0,11,0,0,20,0
280332,1,1,0,0,24,0,20,0,0,0,0,0
280333,1,1,0,24,0,0,0,17,0,0,0,0
280334,1,1,2,2,2,2,2,2,2,2,2,2
280335,1,1,16,16,16,16,16,16,16,16,16,16
280336,0,1,0,0,0,0,0,0,0,0,0,0
280336,1,1,0,0,0,0,0,0,0,0,0,0
280337,1,1,11,0,0,0,0,2,0,0,0,0
280337,2,1,0,0,0,0,0,17,0,34,0,0
280338,1,1,0,0,0,0,0,0,0,0,0,0
280339,1,1,2,0,17,14,0,13,0,0,22,0
280340,1,1,0,0,0,0,0,0,0,0,0,0
280341,1,1,0,0,0,4,0,0,0,0,5,0
280342,1,1,22,22,22,22,22,22,22,22,22,22
280343,1,1,12,12,12,12,12,12,12,12,12,12
280344,1,1,0,0,0,0,0,0,0,0,12,0
280345,1,1,0,20,0,0,0,8,0,21,0,0
280346,1,1,0,20,0,37,0,0,0,6,14,0
280347,1,1,0,0,0,0,0,0,0,0,0,0
280347,2,1,0,0,0,0,10,0,9,0,0,0
280348,1,1,0,18,0,0,0,0,0,0,0,0
280349,1,1,0,0,27,0,0,16,0,0,0,0
280350,1,1,12,9,16,11,7,9,13,8,10,9
280351,1,1,0,0,0,0,0,0,0,0,0,0
280352,1,1,0,0,0,0,0,0,0,0,8,0
280353,1,1,0,0,0,0,0,0,14,0,0,0
280353,2,1,0,0,0,10,0,0,0,0,0,0
280353,3,1,0,0,0,0,0,0,0,0,0,0
280354,1,1,6,6,6,6,6,6,6,6,6,6
280355,0,1,46,38,0,15,26,0,16,0,18,26
280355,1,1,22,22,22,22,22,22,22,22,22,22
280356,1,1,0,8,0,22,0,0,0,0,0,0
280357,1,1,19,19,19,19,19,19,19,19,19,19
280358,1,1,21,21,21,21,21,21,21,21,21,21
280359,1,1,17,17,17,17,17,17,17,17,17,17
280360,1,1,0,0,0,10,0,0,0,6,0,38
280361,1,1,24,24,24,24,24,24,24,24,24,24
280362,1,1,0,0,0,0,0,0,0,0,0,0
280362,2,1,0,0,0,0,0,0,0,0,0,0
280362,3,1,0,0,0,0,0,0,0,0,0,0
280363,0,1,0,0,0,0,0,0,0,0,0,0
280363,1,1,0,0,0,7,0,0,0,0,0,0
280364,1,1,0,0,0,0,0,0,0,0,0,0
280365,1,1,0,0,0,18,0,15,0,0,0,0
280366,1,1,0,0,0,0,0,0,0,0,0,0
280367,1,1,7,7,7,7,7,7,7,7,7,7
280368,1,1,0,0,0,0,0,0,0,0,0,0
280369,1,1,0,7,0,0,0,0,0,0,0,0
280369,2,1,0,0,0,0,5,0,6,0,14,6
280370,1,1,9,21,10,0,0,18,22,0,0,13
280371,1,1,0,0,0,12,0,17,0,0,27,0
280372,1,1,11,8,8,27,8,0,24,17,0,32
280373,1,1,0,0,0,0,0,0,0,0,0,0
280373,2,1,0,0,0,0,0,0,0,0,0,0
280374,1,1,0,0,0,0,0,0,0,0,0,0
280375,1,1,0,0,0,0,0,0,0,0,0,0
280376,1,1,5,0,0,0,0,0,0,0,0,7
280377,1,1,0,0,10,0,0,0,0,0,0,0
280378,0,1,12,12,12,12,12,12,12,12,12,12
280378,0,2,0,0,0,0,0,0,0,0,0,0
280378,1,1,0,0,0,0,0,0,0,0,0,0
280379,1,1,0,0,0,0,0,0,0,0,0,0
280379,2,1,0,0,0,0,0,0,0,0,0,0
280380,1,1,21,21,21,21,21,21,21,21,21,21
280381,1,1,19,0,0,0,0,7,0,0,0,17
280381,2,1,0,0,0,0,0,0,0,0,0,0
280382,1,1,0,0,0,0,0,0,21,0,0,0
280383,1,1,0,0,0,0,15,0,0,0,0,0
280383,2,1,0,0,0,0,0,0,0,0,0,0
280384,1,1,0,11,0,0,7,0,0,3,0,0
280384,2,1,32,0,0,0,0,0,17,19,0,0
280385,1,1,0,0,0,0,0,0,0,0,0,0
280385,2,1,0,0,0,0,0,16,0,0,0,0
280386,1,1,25,25,25,25,25,25,25,25,25,25
280387,1,1,0,0,0,10,0,0,0,0,0,0
280388,1,1,0,0,0,0,0,0,0,0,0,0
280389,1,1,0,0,0,0,0,0,0,0,0,0
280390,1,1,0,0,0,0,0,0,0,0,0,0
280390,2,1,0,0,0,0,0,0,0,0,0,0
280391,1,1,2,0,0,0,0,0,0,0,0,0
280391,2,1,0,0,0,0,0,0,0,0,0,0
280392,1,1,0,0,0,0,0,0,0,20,0,0
280392,2,1,0,0,0,0,0,0,0,0,0,0
280393,1,1,33,33,33,33,33,33,33,33,33,33
280394,1,1,0,0,0,0,0,0,0,0,0,0
280395,1,1,0,0,0,0,0,8,0,0,0,0
280396,1,1,0,0,0,0,0,0,0,0,0,0
280397,1,1,0,0,0,0,0,0,0,0,0,0
280399,1,1,15,21,0,0,18,0,0,10,0,6
280399,2,1,0,0,0,0,0,0,0,0,19,0
280400,1,1,0,0,0,0,0,0,0,0,0,0
280400,2,1,0,0,0,18,0,15,0,0,0,0
280400,3,1,0,0,0,0,0,6,0,0,0,0
280401,1,1,19,0,0,0,0,0,14,0,20,0
280402,1,1,0,0,0,0,0,0,0,0,0,0
280403,1,1,13,14,0,33,23,25,9,24,8,11
280404,1,1,0,0,0,0,0,31,0,0,17,0
280404,2,1,0,0,0,13,0,0,0,0,0,0
280405,1,1,0,0,0,0,0,0,0,0,0,0
280405,2,1,0,0,0,0,0,0,0,0,0,0
280406,0,1,0,0,27,0,0,0,0,0,0,0
280406,1,1,0,0,0,0,0,0,0,0,0,0
280407,0,1,0,0,0,10,0,0,0,0,0,0
280407,1,1,0,0,0,0,0,0,0,0,0,0
280408,1,1,0,0,0,0,3,0,0,11,7,0
280408,2,1,0,0,0,0,0,0,0,20,0,0
280409,1,1,0,0,20,18,0,0,0,0,0,7
280409,2,1,10,10,10,10,10,10,10,10,10,10
280410,1,1,0,6,0,0,0,30,20,0,0,0
280411,1,1,33,33,33,33,33,33,33,33,33,33
280412,1,1,0,0,0,0,0,0,0,0,0,0
280412,2,1,0,0,0,0,0,0,0,0,0,0
280413,1,1,4,4,4,4,4,4,4,4,4,4
280413,2,1,0,7,0,0,0,26,4,0,0,0
280414,1,1,0,0,0,0,0,0,0,19,0,0
280414,2,1,0,0,0,0,0,0,0,0,0,0
280415,1,1,0,0,0,0,4,0,0,0,0,0
280415,2,1,0,0,0,16,0,0,0,0,0,0
280416,1,1,0,0,0,0,0,0,0,0,0,0
280416,2,1,0,0,0,0,0,0,0,0,0,0
280417,1,1,0,0,0,0,0,0,0,0,0,0
280418,1,1,0,0,0,0,0,21,0,0,17,0
280419,1,1,0,0,0,7,0,0,0,18,15,29
280420,1,1,0,0,0,0,0,0,0,0,0,0
280421,1,1,0,0,36,0,0,0,0,0,12,0
280422,1,1,11,11,11,11,11,11,11,11,11,11
280423,1,1,17,12,0,0,0,0,0,0,0,0
280424,1,1,0,17,0,0,10,0,0,0,0,0
280425,0,1,0,35,0,0,0,0,0,16,0,0
280425,1,1,0,0,0,0,0,0,0,0,0,0
280426,1,1,0,0,0,0,0,0,0,0,0,0
280426,2,1,0,7,0,0,0,0,0,0,6,0
280426,3,1,0,0,0,15,27,30,0,24,0,16
280427,1,1,0,0,0,0,0,3,0,0,0,0
280427,2,1,0,0,0,0,0,0,0,0,0,0
280427,3,1,0,0,0,0,0,0,0,0,22,0
280428,1,1,0,0,0,0,0,0,0,0,0,0
280429,1,1,0,0,0,0,0,0,0,0,0,0
280430,1,1,0,0,0,0,14,0,15,0,15,21
280431,1,1,0,0,0,0,0,0,0,0,0,0
280432,1,1,21,36,0,0,0,0,0,0,10,25
280432,2,1,0,0,0,0,0,0,0,0,0,0
280433,1,1,9,0,0,0,0,0,0,0,0,0
280434,1,1,0,0,0,0,0,0,0,0,0,0
280435,0,1,0,0,0,0,0,0,0,0,0,0
280435,1,1,0,0,0,0,0,0,0,0,0,0
280436,1,1,0,0,0,0,0,0,0,0,0,0
280436,2,1,0,0,0,0,0,0,0,0,0,0
280437,1,1,0,23,0,0,0,0,0,0,0,0