ST_CASE,VEH_NO,PER_NO,P1,P2,P3,P4,P5,P6,P7,P8,P9,P10
280438,1,1,0,0,0,0,0,0,0,0,0,0
280438,2,1,0,0,0,0,0,0,0,0,0,0
280439,1,1,11,11,11,11,11,11,11,11,11,11
280440,1,1,24,24,24,24,24,24,24,24,24,24
280441,1,1,0,0,0,0,0,0,0,0,0,0
280441,2,1,0,0,0,0,0,0,0,0,0,0
280442,1,1,0,0,0,0,0,0,0,0,0,0
280442,2,1,0,0,0,0,0,0,0,0,0,0
280443,0,1,27,0,0,0,0,0,0,0,0,0
280443,1,1,0,0,0,0,7,0,0,0,0,0
280444,0,1,0,0,12,0,0,0,0,0,0,0
280444,1,1,0,0,0,0,0,0,0,0,0,0
280445,0,1,0,0,0,0,0,0,0,0,0,0
280445,1,1,18,24,0,0,0,0,0,23,7,6
280446,1,1,0,33,0,0,0,14,0,46,0,3
280447,1,1,33,33,33,33,33,33,33,33,33,33
280447,2,1,0,0,0,0,0,0,7,0,0,0
280448,1,1,14,22,0,0,0,24,19,0,0,19
280449,1,1,0,0,0,0,0,0,0,0,0,0
280450,1,1,25,25,25,25,25,25,25,25,25,25
280451,1,1,22,22,10,14,0,25,19,0,14,22
280452,1,1,0,0,0,0,11,0,17,16,22,0
280453,1,1,0,0,0,0,0,0,0,0,0,0
280453,2,1,0,0,0,0,0,0,0,0,0,0
280454,1,1,0,0,25,26,17,26,0,17,20,25
280455,1,1,0,16,0,0,0,7,0,0,0,0
280456,1,1,20,20,20,20,20,20,20,20,20,20
280457,1,1,17,17,17,17,17,17,17,17,17,17
280458,1,1,0,0,0,10,0,0,0,0,24,0
280459,1,1,0,0,0,0,0,0,0,0,0,0
280460,1,1,18,0,0,0,0,26,24,11,0,13
280461,1,1,0,0,0,0,0,0,0,0,0,0
280461,2,1,0,0,0,0,0,0,0,0,0,0
280462,1,1,9,0,0,13,0,11,0,0,0,0
280463,1,1,0,0,0,0,0,0,0,0,0,0
280464,1,1,31,0,0,25,19,0,16,0,0,15
280465,1,1,0,0,17,0,10,0,0,0,0,0
280465,2,1,0,0,0,0,0,0,0,0,0,0
280466,0,1,0,20,0,0,0,0,0,0,15,0
280466,1,1,0,0,0,0,0,0,0,0,0,0
280467,1,1,0,0,0,0,0,0,0,8,0,0
280467,2,1,0,0,0,0,0,0,0,0,0,0
280468,1,1,1,1,1,1,1,1,1,1,1,1
280469,1,1,12,12,12,12,12,12,12,12,12,12
280470,1,1,8,8,8,8,8,8,8,8,8,8
280470,2,1,0,0,0,0,0,0,0,0,0,0
280471,1,1,0,29,10,13,10,0,14,22,11,14
280471,2,1,0,0,0,0,0,0,0,0,0,0
280471,3,1,0,0,0,0,0,0,4,0,0,0
280472,1,1,0,0,0,0,0,0,0,0,0,0
280473,1,1,1,1,1,1,1,1,1,1,1,1
280474,1,1,0,0,0,0,0,0,16,0,0,18
280474,2,1,0,5,0,0,0,0,0,0,0,0
280475,1,1,0,18,0,0,0,0,0,0,0,0
280476,1,1,15,11,0,0,0,0,0,0,0,0
280477,0,1,12,0,16,0,33,0,0,0,23,19
280477,1,1,0,0,0,0,0,0,0,0,0,0
280478,0,1,0,0,0,0,0,0,0,0,0,0
280478,1,1,0,0,0,0,0,0,0,0,0,0
280478,2,1,0,0,12,0,0,17,32,0,0,8
280478,3,1,0,0,34,0,0,0,0,9,8,0
280479,1,1,26,14,20,15,19,16,18,14,19,18
280479,2,1,28,0,16,24,21,11,7,30,9,14
280480,1,1,11,15,0,0,0,0,0,34,19,0
280481,1,1,18,18,18,18,18,18,18,18,18,18
280481,2,1,0,0,0,0,0,5,0,0,0,0
280481,3,1,0,0,0,0,36,0,12,0,0,0
280481,4,1,0,0,0,0,16,0,0,0,0,14
280482,1,1,17,0,0,0,0,0,0,0,0,0
280482,2,1,14,14,14,14,14,14,14,14,14,14
280483,1,1,22,22,22,22,22,22,22,22,22,22
280484,1,1,0,0,0,0,0,0,0,0,0,0
280484,2,1,0,0,0,0,0,0,0,0,0,10
280485,1,1,0,0,0,0,0,0,0,0,0,0
280485,2,1,0,16,0,0,0,0,0,0,0,0
280486,1,1,0,0,0,0,0,0,0,0,0,0
280487,1,1,19,0,0,0,0,0,0,0,0,0
280487,2,1,0,0,0,0,0,0,0,0,0,0
280488,1,1,17,17,17,17,17,17,17,17,17,17
280489,1,1,17,0,0,0,0,0,0,0,0,0
280490,1,1,0,0,16,0,0,0,0,0,0,0
280491,1,1,8,0,0,0,0,15,0,0,0,0
280491,2,1,21,0,0,0,0,0,0,0,12,0
280492,1,1,0,0,0,21,35,0,0,0,0,0
280492,2,1,0,0,0,0,0,0,0,0,0,0
280492,3,1,0,0,0,0,0,0,0,0,0,0
280493,1,1,17,17,9,6,14,19,9,0,19,0
280494,1,1,16,15,13,0,0,0,8,12,0,4
280495,0,1,22,22,22,22,22,22,22,22,22,22
280495,1,1,8,0,0,0,0,0,0,0,21,0
280496,1,1,0,0,0,0,0,0,0,0,0,0
280497,1,1,0,0,0,0,0,0,0,0,0,0
280498,1,1,0,0,0,0,0,0,0,0,0,0
280499,1,1,22,22,22,22,22,22,22,22,22,22
280500,1,1,0,28,19,0,0,6,0,0,0,10
280501,1,1,8,0,0,0,0,26,0,0,0,0
280501,2,1,0,0,0,0,0,0,0,0,0,0
280502,1,1,0,10,18,0,0,0,0,0,0,15
280503,0,1,0,4,0,0,0,12,7,26,11,23
280503,1,1,0,0,0,0,0,0,0,14,0,20
280504,1,1,13,13,13,13,13,13,13,13,13,13
280505,1,1,0,0,0,0,0,0,22,0,0,0
280506,1,1,0,0,0,0,0,0,0,0,0,0
280507,1,1,0,0,0,0,0,0,0,0,0,0
280508,1,1,29,29,29,29,29,29,29,29,29,29
280509,1,1,26,26,26,26,26,26,26,26,26,26
280510,1,1,9,9,9,9,9,9,9,9,9,9
280511,1,1,0,0,0,0,0,0,0,0,0,0
280512,1,1,0,0,0,0,0,0,0,0,0,0
280512,2,1,0,0,0,0,0,0,0,0,0,0
280513,1,1,0,0,0,0,0,0,5,15,0,0
280514,1,1,0,0,0,0,0,0,0,0,0,0
280514,2,1,0,0,0,0,0,0,0,0,0,0
280515,1,1,20,20,20,20,20,20,20,20,20,20
280516,1,1,0,24,0,20,13,0,33,22,13,0
280517,1,1,0,0,0,0,0,0,0,0,0,9
280517,2,1,0,0,0,0,0,0,0,0,0,0
280518,1,1,30,0,3,0,14,27,13,0,0,0
280519,0,1,0,0,0,0,0,0,0,0,0,0
280519,1,1,0,2,0,0,0,0,0,0,0,0
280520,1,1,22,22,22,22,22,22,22,22,22,22
280521,1,1,0,0,0,0,0,0,0,0,8,0
280521,2,1,0,0,0,0,0,0,0,0,0,0
280522,1,1,0,32,0,32,7,0,0,19,8,15
280523,1,1,14,14,14,14,14,14,14,14,14,14
280524,1,1,0,16,25,21,7,0,21,5,13,0
280525,1,1,14,12,31,0,0,28,7,0,0,0
280526,1,1,0,0,0,0,0,0,0,0,0,0
280527,1,1,0,7,0,0,0,0,0,0,0,0
280527,2,1,6,0,0,0,0,0,49,27,0,0
280527,3,1,0,0,0,0,0,0,0,0,0,0
280528,1,1,9,0,0,0,0,0,0,25,23,0
280529,1,1,0,0,0,0,0,0,0,0,0,0
280530,1,1,0,0,0,0,0,0,0,0,0,0
280530,2,1,0,0,0,0,0,0,0,0,0,0
280531,1,1,0,0,0,0,0,0,0,0,0,0
280531,2,1,0,0,0,0,0,0,0,0,0,0
280531,3,1,0,0,0,0,0,0,0,0,0,0
280532,1,1,0,18,0,33,0,29,0,0,0,14
280533,1,1,10,10,10,10,10,10,10,10,10,10
280533,2,1,0,0,0,0,0,0,0,0,0,0
280534,1,1,0,0,0,0,0,0,0,0,0,0
280534,2,1,0,0,0,0,0,0,0,0,0,0
280535,0,1,5,0,16,25,5,0,20,0,0,21
280535,1,1,0,0,0,0,0,0,0,0,3,0
280536,1,1,0,0,0,0,0,0,0,0,0,0
280536,2,1,0,0,0,0,0,0,0,0,0,0
280536,3,1,0,0,0,0,0,0,0,0,0,0
280537,1,1,0,0,0,0,0,0,0,0,0,0
280537,2,1,0,0,0,0,0,0,0,0,0,0
280538,0,1,0,0,10,0,0,0,17,0,0,13
280538,1,1,0,0,0,0,0,4,0,17,0,0
280539,1,1,0,0,0,0,0,0,0,0,11,0
280540,0,1,0,0,0,0,0,0,0,0,0,0
280540,1,1,0,0,0,0,0,0,0,0,0,0
280541,0,1,0,0,0,22,0,0,0,0,0,0
280541,1,1,0,0,0,0,0,0,0,0,0,0
280541,2,1,0,16,0,0,0,0,0,0,0,0
280541,3,1,0,0,0,0,0,0,0,0,0,0
280542,1,1,9,9,9,9,9,9,9,9,9,9
280543,0,1,16,16,16,16,16,16,16,16,16,16
280543,1,1,0,0,0,26,0,0,0,22,0,16
280545,1,1,0,0,0,0,0,0,0,0,0,0
280545,2,1,0,0,0,0,0,0,0,0,0,0
280545,3,1,0,0,0,0,0,0,0,0,0,0
280545,4,1,28,0,0,3,0,14,23,7,14,12
280546,1,1,0,0,0,0,0,0,0,0,0,0
280546,2,1,0,0,0,0,0,0,0,0,0,0
280547,1,1,27,19,0,0,0,0,0,0,0,0
280548,1,1,0,0,0,0,0,0,0,0,0,0
280548,2,1,0,0,0,0,0,0,0,0,0,0
280549,0,1,0,0,0,0,0,0,0,0,0,0
280549,1,1,0,0,0,0,0,0,0,0,0,0
280550,1,1,0,0,0,0,0,0,0,0,0,0
280551,1,1,21,21,21,21,21,21,21,21,21,21
280552,1,1,0,0,11,0,0,0,0,0,0,0
280553,1,1,0,0,0,0,0,0,0,0,0,0
280554,1,1,0,0,0,0,0,0,0,20,0,0
280555,1,1,6,15,24,13,20,33,17,18,21,33
280556,0,1,0,0,14,8,0,0,0,0,0,14
280556,1,1,16,0,4,17,0,0,0,0,26,0
280557,0,1,13,0,0,0,2,0,0,14,22,0
280557,1,1,0,0,0,0,0,0,0,0,0,0
280557,2,1,0,0,0,0,0,0,0,0,0,0
280558,0,1,8,0,0,0,11,15,17,0,0,30
280558,0,2,0,0,0,0,0,30,0,4,0,0
280558,1,1,0,18,0,0,0,0,0,0,0,0
280558,2,1,5,0,0,0,21,6,0,0,0,0
280559,1,1,0,0,0,0,0,0,0,0,0,0
280560,1,1,0,8,0,0,5,12,0,18,7,26
280561,1,1,9,0,0,0,18,13,0,0,0,0
290001,1,1,16,16,16,16,16,16,16,16,16,16
290002,1,1,33,33,33,33,33,33,33,33,33,33
290003,0,1,0,0,0,0,0,0,0,0,0,0
290003,1,1,0,0,0,0,0,0,0,0,0,0
290003,2,1,0,0,0,0,0,0,0,0,0,0
290004,0,1,5,0,8,0,12,0,0,0,0,0
290004,1,1,0,0,0,0,0,0,0,0,0,0
290004,2,1,0,0,0,0,0,0,0,0,0,0
290005,1,1,0,0,0,0,0,0,0,0,0,0
290005,2,1,0,0,0,0,0,0,0,0,0,0
290006,1,1,0,0,0,0,0,0,0,0,0,0
290007,0,1,0,0,0,0,0,0,0,0,0,0
290007,1,1,0,0,0,0,0,0,0,0,0,0
290008,1,1,0,0,0,0,0,0,0,0,0,0
290008,2,1,0,0,0,0,0,0,0,0,0,0
290009,0,1,0,0,0,0,0,0,0,0,0,0
290009,1,1,1,1,1,1,1,1,1,1,1,1
290010,1,1,0,0,0,0,0,0,0,0,0,0
290010,2,1,0,0,0,0,0,0,0,0,0,0
290011,1,1,0,0,0,0,0,0,0,0,0,0
290011,2,1,0,0,0,0,0,0,0,0,0,0
290012,1,1,0,0,16,0,0,0,0,0,0,0
290013,1,1,15,15,15,15,15,15,15,15,15,15
290014,1,1,0,0,0,0,16,0,0,0,0,0
290014,2,1,0,0,0,6,0,0,0,0,0,0
290015,1,1,0,26,7,0,0,0,0,5,20,0
290016,1,1,16,16,16,16,16,16,16,16,16,16
290017,1,1,0,0,0,0,0,0,0,0,0,0
290018,1,1,6,6,6,6,6,6,6,6,6,6
290019,1,1,9,9,9,9,9,9,9,9,9,9
290020,1,1,0,0,0,0,0,0,0,0,0,0
290021,1,1,12,12,12,12,12,12,12,12,12,12
290022,1,1,15,15,15,15,15,15,15,15,15,15
290023,1,1,0,0,0,0,0,0,0,0,0,0
290024,0,1,0,0,0,0,0,0,0,0,0,0
290024,1,1,0,0,0,0,0,0,0,0,0,0
290025,1,1,0,0,0,0,0,0,0,0,0,0
290026,1,1,0,0,0,0,0,0,0,0,0,0
290026,2,1,10,10,10,10,10,10,10,10,10,10
290027,1,1,13,13,13,13,13,13,13,13,13,13
290028,1,1,0,0,0,0,0,0,0,0,0,0
290028,2,1,0,0,0,0,0,0,0,0,0,0
290029,1,1,0,0,0,0,0,0,0,0,0,0
290029,2,1,0,0,0,0,0,0,0,0,0,0
290030,1,1,0,0,0,0,0,0,0,0,0,0
290030,2,1,0,0,0,0,0,0,0,0,0,0
290031,1,1,0,0,0,0,0,0,0,0,0,0
290032,1,1,0,0,0,0,0,0,0,0,0,0
290033,1,1,7,7,7,7,7,7,7,7,7,7
290034,1,1,20,20,20,20,20,20,20,20,20,20
290035,1,1,9,9,9,9,9,9,9,9,9,9
290036,1,1,20,8,18,15,31,12,25,9,17,16
290037,0,1,0,10,0,0,0,0,7,0,0,0
290037,2,1,0,0,0,0,0,0,0,0,0,0
290038,1,1,8,0,0,0,0,12,0,0,0,0
290039,1,1,0,0,0,0,0,0,0,0,0,0
290039,2,1,0,0,0,0,0,0,0,0,0,0
290040,1,1,0,0,0,0,0,0,0,0,0,0
290041,1,1,0,0,0,0,0,0,0,0,0,0
290042,1,1,15,15,15,15,15,15,15,15,15,15
290042,2,1,0,0,0,0,0,8,0,0,0,0
290042,3,1,0,0,0,0,0,0,0,0,0,0
290043,1,1,0,0,0,0,0,0,0,0,0,0
290043,2,1,0,0,0,0,0,0,0,0,0,0
290044,1,1,0,0,0,0,0,0,0,0,0,0
290044,2,1,0,0,0,0,0,0,0,0,0,0
290045,1,1,0,0,11,0,0,0,0,0,0,0
290045,2,1,0,0,0,0,0,0,0,0,0,0
290046,1,1,0,0,0,0,0,0,0,0,0,0
290046,2,1,0,0,0,0,0,0,0,0,0,0
290047,1,1,21,4,16,0,14,11,18,19,12,0
290047,2,1,13,8,2,4,6,3,38,24,3,0
290048,1,1,10,10,10,10,10,10,10,10,10,10
290049,1,1,0,0,0,0,0,0,0,0,0,0
290050,1,1,0,0,0,0,0,0,0,0,0,0
290051,1,1,27,27,27,27,27,27,27,27,27,27
290051,2,1,0,0,0,0,0,0,0,0,0,0
290052,0,1,0,8,0,0,0,21,0,0,0,0
290052,1,1,0,0,0,0,0,0,0,0,0,0
290053,1,1,0,0,0,0,0,0,0,0,0,0
290054,1,1,1,1,1,1,1,1,1,1,1,1
290055,1,1,0,0,0,0,0,0,0,0,0,0
290056,1,1,0,0,0,0,0,0,0,0,0,0
290056,2,1,0,0,0,0,0,0,0,0,0,0
290057,1,1,0,0,0,0,0,0,0,0,0,0
290058,1,1,8,8,8,8,8,8,8,8,8,8
290059,0,1,16,16,16,16,16,16,16,16,16,16
290059,1,1,0,0,0,0,0,0,0,0,0,0
290060,1,1,38,0,33,9,0,24,29,0,10,13
290061,1,1,0,0,0,0,0,0,0,0,0,0
290063,0,1,0,0,0,0,0,0,0,0,0,0
290063,1,1,0,0,0,0,0,0,0,0,0,0
290064,1,1,0,0,0,0,0,0,0,0,0,0
290064,2,1,0,0,0,0,0,0,0,0,0,0
290065,0,1,26,26,26,26,26,26,26,26,26,26
290065,1,1,0,0,0,0,0,0,0,0,0,0
290066,1,1,0,0,0,0,0,0,0,0,0,0
290067,1,1,0,0,0,0,0,0,0,0,0,0
290068,1,1,0,0,5,0,0,0,0,0,0,0
290069,1,1,18,18,18,18,18,18,18,18,18,18
290069,2,1,0,21,0,0,0,0,0,0,0,0
290070,1,1,0,0,0,0,0,0,0,0,0,0
290071,1,1,16,16,16,16,16,16,16,16,16,16
290072,1,1,0,0,0,0,0,0,0,0,0,0
290072,2,1,0,0,0,0,0,0,0,0,0,0
290072,3,1,0,0,0,0,0,0,0,0,0,0
290073,1,1,0,0,0,0,0,0,0,0,0,0
290073,2,1,0,0,0,0,0,0,0,0,0,0
290074,1,1,0,0,0,0,0,0,0,0,0,0
290075,1,1,0,0,0,0,0,0,0,0,0,0
290075,2,1,17,17,17,17,17,17,17,17,17,17
290076,1,1,0,0,0,0,0,0,0,0,0,0
290076,2,1,0,0,0,0,0,0,0,0,0,0
290077,0,1,0,0,0,0,0,0,0,0,0,0
290077,1,1,0,0,0,0,0,0,0,0,0,0
290078,0,1,33,33,33,33,33,33,33,33,33,33
290078,1,1,0,0,0,0,0,0,0,0,0,0
290079,1,1,25,25,25,25,25,25,25,25,25,25
290079,2,1,0,0,0,0,0,0,0,0,0,0
290080,1,1,0,0,0,0,0,0,0,0,0,0
290081,1,1,0,0,0,0,0,0,0,0,0,0
290081,2,1,0,0,0,0,0,0,0,0,0,0
290082,1,1,0,0,0,0,0,0,0,0,0,0
290082,2,1,0,0,0,0,0,0,0,0,0,0
290083,1,1,0,0,0,0,0,0,0,0,0,0
290084,1,1,0,0,0,0,0,0,0,0,0,0
290084,2,1,0,0,0,0,0,0,0,0,0,0
290085,1,1,0,0,0,0,0,0,0,0,0,0
290086,1,1,0,0,0,0,0,10,0,0,18,0
290088,1,1,0,0,0,0,0,0,0,0,0,0
290089,1,1,8,8,8,8,8,8,8,8,8,8
290090,1,1,0,0,0,0,0,0,0,0,0,0
290090,2,1,0,0,0,0,0,0,0,0,0,0
290090,3,1,0,0,0,0,0,0,0,0,0,0
290091,1,1,14,14,14,14,14,14,14,14,14,14
290092,0,1,24,24,24,24,24,24,24,24,24,24
290092,1,1,0,0,0,0,0,0,0,0,0,0
290093,1,1,0,0,0,0,0,0,0,0,0,0
290093,2,1,0,0,0,0,0,0,0,0,0,0
290094,1,1,11,11,11,11,11,11,11,11,11,11
290094,2,1,2,2,2,2,2,2,2,2,2,2
290095,1,1,20,20,20,20,20,20,20,20,20,20
290096,1,1,0,0,0,0,0,0,0,0,0,0
290096,2,1,0,0,0,0,0,0,0,0,0,0
290097,1,1,6,6,6,6,6,6,6,6,6,6
290098,1,1,0,0,0,0,0,0,0,0,0,0
290099,1,1,0,0,0,0,0,0,0,0,0,0
290099,2,1,0,0,0,0,0,0,0,0,0,0
290100,0,1,24,24,24,24,24,24,24,24,24,24
290100,1,1,0,0,0,0,0,0,0,0,0,0
290101,1,1,8,8,8,8,8,8,8,8,8,8
290102,0,1,0,0,0,12,0,18,0,0,34,0
290102,1,1,0,0,0,0,0,0,0,0,0,0
290103,1,1,0,0,0,0,0,0,0,0,0,0
290103,2,1,0,0,0,0,0,0,0,0,0,0
290104,1,1,0,0,0,0,0,0,0,0,0,0
290104,2,1,0,0,0,0,0,0,0,0,8,0
290104,3,1,0,0,0,0,0,0,0,0,0,0
290105,1,1,0,0,0,0,0,0,0,0,0,0
290105,2,1,0,0,0,0,0,0,0,0,0,0
290106,1,1,0,0,0,0,0,0,0,0,0,0
290106,2,1,0,0,0,0,0,0,0,0,0,0
290107,1,1,0,0,0,0,0,0,0,0,0,0
290108,1,1,0,0,0,0,0,0,0,0,0,0
290108,2,1,0,0,0,0,0,0,0,0,0,0
290108,3,1,0,0,0,0,0,0,0,0,0,0
290108,4,1,0,0,0,0,0,0,0,0,0,0
290108,5,1,0,0,0,0,0,0,0,0,0,0
290109,1,1,11,11,11,11,11,11,11,11,11,11
290110,1,1,0,0,0,0,0,0,0,0,0,0
290110,2,1,0,0,0,0,0,0,0,0,0,0
290111,0,1,0,26,0,0,0,0,0,0,0,0
290111,1,1,0,0,0,0,0,0,0,0,0,0
290111,2,1,0,0,0,0,0,0,0,0,0,0
290113,1,1,0,0,0,0,0,0,0,0,0,0
290115,0,1,0,0,0,0,0,0,0,0,0,0
290115,1,1,0,0,0,0,0,0,0,0,0,0
290116,1,1,0,0,0,0,0,0,0,0,0,0
290117,1,1,0,0,0,0,0,0,0,0,0,0
290118,1,1,0,0,0,0,0,0,0,0,0,0
290119,1,1,0,0,0,0,0,0,0,0,0,0
290119,2,1,0,0,0,0,0,0,0,0,0,0
290120,1,1,0,0,0,11,0,3,0,0,21,0
290121,0,1,0,0,0,0,0,0,0,0,0,0
290121,1,1,0,0,0,0,0,0,0,0,0,0
290122,1,1,0,0,13,10,41,0,13,15,8,0
290122,2,1,0,11,0,0,0,0,0,0,0,0
290123,1,1,26,0,0,0,0,0,0,0,0,0
290124,1,1,16,0,0,5,0,0,0,32,23,0
290124,2,1,0,0,0,0,0,0,0,16,0,14
290125,1,1,15,20,22,21,17,27,0,23,12,14
290126,1,1,39,39,39,39,39,39,39,39,39,39
290127,1,1,0,0,0,0,0,0,0,0,0,0
290127,2,1,0,0,0,0,0,0,0,0,0,0
290128,1,1,0,0,0,0,0,0,0,0,0,0
290128,2,1,0,0,0,0,0,0,0,0,0,0
290128,3,1,0,0,0,0,0,0,0,0,0,0
290129,1,1,0,0,0,0,0,0,0,0,0,0
290130,1,1,0,20,9,13,23,34,11,0,0,26
290131,1,1,7,0,0,0,19,0,8,0,0,0
290131,2,1,0,0,0,0,0,0,0,0,0,0
290132,1,1,0,0,0,0,0,0,0,0,0,0
290132,2,1,0,0,0,0,0,0,0,0,0,0
290133,1,1,0,0,0,0,0,0,0,0,0,0
290133,2,1,0,0,0,0,0,0,0,0,0,0
290134,1,1,0,0,0,0,0,0,0,0,0,0
290135,0,1,0,0,0,0,0,0,0,0,0,0
290135,0,2,0,0,0,0,0,0,0,0,0,0
290135,1,1,0,0,0,0,0,0,0,0,0,0
290136,1,1,0,0,0,0,0,0,0,0,0,0
290137,1,1,23,23,23,23,23,23,23,23,23,23
290138,1,1,0,0,0,0,0,0,0,0,0,0
290139,1,1,0,0,0,0,0,0,0,0,0,0
290139,2,1,0,0,0,0,0,0,0,0,0,0
290139,3,1,0,0,0,4,0,22,0,0,0,0
290140,1,1,1,1,1,1,1,1,1,1,1,1
290140,2,1,0,0,0,0,0,0,0,0,0,0
290140,3,1,0,0,0,0,0,0,0,0,0,0
290140,4,1,0,0,0,0,0,0,0,0,11,4
290141,1,1,10,10,10,10,10,10,10,10,10,10
290143,1,1,25,25,25,25,25,25,25,25,25,25
290144,1,1,0,0,0,0,0,0,0,0,0,0
290144,2,1,0,0,0,0,0,0,0,0,0,0
290145,1,1,0,0,0,0,0,0,0,0,0,0
290146,1,1,12,12,12,12,12,12,12,12,12,12
290147,1,1,0,0,0,0,0,0,0,0,0,0
290148,1,1,0,0,0,0,0,0,0,0,0,0
290148,2,1,0,0,0,0,0,0,0,0,0,0
290150,1,1,19,19,19,19,19,19,19,19,19,19
290151,1,1,0,0,0,0,0,0,0,0,0,0
290151,2,1,0,0,0,0,0,0,0,0,0,0
290152,1,1,0,0,0,0,0,0,0,0,0,0
290153,0,1,18,18,18,18,18,18,18,18,18,18
290153,1,1,0,0,0,0,0,0,0,0,0,0
290154,1,1,0,0,0,0,0,0,0,0,0,0
290154,2,1,0,0,0,0,0,0,0,0,0,0
290155,1,1,13,13,13,13,13,13,13,13,13,13
290156,1,1,0,6,0,0,0,0,0,13,0,0
290156,2,1,0,0,0,0,0,0,0,0,0,0
290157,1,1,12,12,12,12,12,12,12,12,12,12
290158,0,1,0,0,15,0,0,0,15,10,0,0
290158,1,1,0,0,0,0,0,0,0,0,0,0
290159,1,1,0,0,0,0,0,0,0,0,0,0
290160,1,1,0,0,0,0,0,0,0,0,0,0
290161,1,1,0,0,0,0,0,0,0,0,0,0
290162,1,1,0,0,0,0,0,0,0,0,0,0
290162,2,1,0,0,0,0,0,0,0,0,0,0
290163,1,1,0,0,0,0,0,0,0,0,0,0
290164,1,1,0,0,0,0,0,0,0,0,0,0
290164,2,1,0,0,0,0,0,0,0,0,0,0
290165,1,1,0,0,0,0,0,0,0,0,0,0
290166,1,1,16,16,16,16,16,16,16,16,16,16
290167,1,1,0,0,0,0,0,0,0,0,0,0
290168,1,1,0,0,0,32,0,0,0,0,0,0
290168,2,1,0,0,0,0,0,0,0,0,0,0
290168,3,1,0,0,0,0,0,0,0,0,0,0
290168,4,1,24,0,0,0,0,0,0,0,0,0
290169,1,1,0,0,0,0,0,0,0,0,0,0
290169,2,1,0,0,0,0,0,0,0,0,0,0
290170,1,1,0,0,0,0,0,0,0,0,0,0
290170,2,1,0,0,0,0,0,0,0,0,0,0
290171,1,1,21,21,21,21,21,21,21,21,21,21
290171,2,1,0,0,0,0,0,0,0,0,0,0
290172,1,1,21,21,21,21,21,21,21,21,21,21
290173,1,1,18,0,0,0,6,0,0,0,0,0
290173,2,1,0,0,19,0,0,0,0,0,0,17
290174,1,1,0,0,0,0,0,0,0,0,0,0
290175,1,1,0,0,0,0,0,0,0,0,0,0
290176,1,1,14,14,14,14,14,14,14,14,14,14
290177,1,1,0,0,0,0,0,0,0,0,0,0
290177,2,1,0,0,0,0,0,0,0,0,0,0
290178,0,1,0,0,0,0,0,0,0,0,0,0
290178,1,1,0,0,0,0,0,0,0,0,0,0
290179,1,1,14,14,14,14,14,14,14,14,14,14
290180,1,1,0,0,0,0,0,0,0,0,0,0
290180,2,1,0,15,0,0,0,0,0,29,16,0
290181,0,1,22,22,22,22,22,22,22,22,22,22
290181,1,1,7,7,7,7,7,7,7,7,7,7
290182,0,1,0,0,0,0,0,0,0,0,0,0
290182,1,1,0,0,0,0,0,0,0,0,0,0
290183,1,1,0,0,0,0,0,0,11,14,0,0
290184,1,1,18,18,18,18,18,18,18,18,18,18
290184,2,1,0,0,0,0,0,0,0,0,0,0
290185,1,1,0,0,0,0,0,0,0,0,0,0
290185,2,1,0,0,0,0,0,0,0,0,0,0
290186,1,1,11,0,0,0,0,0,0,0,0,0
290186,2,1,0,0,0,0,16,0,0,0,0,26
290187,1,1,0,0,0,0,0,0,0,0,0,0
290187,2,1,0,0,0,0,0,0,0,0,0,0
290188,1,1,0,0,0,0,0,0,0,0,0,0
290188,2,1,0,4,0,0,0,0,0,0,0,0
290189,1,1,0,0,16,14,21,0,0,0,0,15
290190,1,1,0,0,0,0,0,0,0,0,0,0
290190,2,1,0,0,0,0,0,0,0,0,0,0
290191,1,1,0,0,0,0,0,0,0,0,0,0
290191,2,1,0,0,0,0,0,0,0,0,0,0
290192,1,1,0,0,0,0,0,0,0,0,0,0
290192,2,1,0,0,0,0,0,0,0,0,0,0
290193,1,1,0,0,0,0,0,0,0,0,0,0
290194,1,1,21,21,21,21,21,21,21,21,21,21
290196,1,1,0,0,0,0,0,0,0,0,0,0
290197,0,1,0,0,0,0,0,0,0,0,0,0
290197,1,1,0,0,0,0,0,0,0,0,0,0
290198,0,1,0,0,0,0,0,0,0,0,0,0
290198,1,1,0,0,0,0,0,0,0,0,0,0
290200,1,1,27,27,27,27,27,27,27,27,27,27
290202,1,1,0,0,0,0,0,0,0,0,0,0
290202,2,1,0,0,0,0,0,0,0,0,0,0
290203,1,1,0,0,0,0,0,0,0,0,0,0
290204,0,1,12,0,0,0,0,0,17,0,0,0
290204,1,1,0,0,0,0,0,0,0,0,0,0
290205,1,1,0,0,0,0,0,0,0,0,0,0
290205,2,1,0,0,0,0,0,0,0,0,0,0
290206,1,1,0,0,0,0,0,0,0,0,0,0
290207,1,1,20,20,20,20,20,20,20,20,20,20
290208,1,1,23,23,23,23,23,23,23,23,23,23
290209,1,1,0,0,2,12,0,0,0,0,0,0
290210,1,1,0,0,0,0,0,0,0,0,0,0