ST_CASE,VEH_NO,PER_NO,P1,P2,P3,P4,P5,P6,P7,P8,P9,P10
290210,2,1,19,19,19,19,19,19,19,19,19,19
290211,1,1,24,24,24,24,24,24,24,24,24,24
290212,1,1,0,0,0,0,0,0,0,0,0,0
290213,0,1,0,0,0,0,0,0,0,0,0,19
290213,1,1,0,0,0,0,0,0,0,0,0,0
290214,1,1,33,33,33,33,33,33,33,33,33,33
290214,2,1,0,0,0,0,0,0,0,0,0,0
290215,1,1,0,0,0,0,0,0,0,0,0,0
290216,1,1,0,0,0,0,0,0,0,0,0,0
290216,2,1,0,0,0,0,0,0,0,0,0,0
290217,1,1,4,4,4,4,4,4,4,4,4,4
290218,1,1,0,0,0,0,0,0,0,0,0,0
290218,2,1,43,43,43,43,43,43,43,43,43,43
290219,1,1,0,15,9,0,0,14,0,0,20,0
290220,1,1,0,0,0,0,0,0,0,0,0,0
290220,2,1,0,0,0,0,0,0,0,0,0,0
290221,1,1,0,0,0,0,0,0,0,0,0,0
290222,1,1,19,19,19,19,19,19,19,19,19,19
290223,1,1,49,49,49,49,49,49,49,49,49,49
290224,1,1,0,0,0,0,0,0,0,0,0,0
290224,2,1,0,0,0,0,0,0,0,0,0,0
290225,1,1,0,0,0,0,0,0,0,0,0,0
290225,2,1,0,0,0,0,0,0,0,0,0,0
290227,1,1,0,0,0,0,0,0,0,0,0,0
290227,2,1,0,0,0,0,0,0,0,0,7,0
290227,3,1,0,0,0,0,0,0,0,0,0,0
290228,1,1,22,22,22,22,22,22,22,22,22,22
290229,0,1,8,14,32,5,5,28,28,29,6,0
290229,1,1,0,0,0,0,0,0,0,0,0,0
290230,1,1,0,0,0,0,0,0,0,0,0,0
290230,2,1,0,0,0,0,0,0,0,0,0,0
290231,1,1,0,0,0,0,0,0,0,0,0,0
290232,1,1,18,18,18,18,18,18,18,18,18,18
290233,1,1,18,18,18,18,18,18,18,18,18,18
290234,1,1,0,0,0,0,0,0,0,0,0,0
290235,1,1,0,0,0,0,0,0,0,0,0,0
290235,2,1,0,0,0,17,0,0,0,0,0,0
290236,1,1,20,20,20,20,20,20,20,20,20,20
290237,1,1,0,0,0,0,0,0,0,0,0,0
290237,2,1,0,0,0,0,0,0,0,0,0,0
290238,1,1,0,0,0,0,0,0,0,0,0,0
290239,1,1,0,0,0,0,0,0,0,0,0,0
290240,1,1,0,0,0,0,0,0,0,0,0,0
290241,1,1,11,11,11,11,11,11,11,11,11,11
290242,1,1,0,0,0,0,0,0,0,0,0,0
290242,2,1,0,0,0,0,0,0,0,0,0,0
290243,1,1,0,0,0,0,0,0,0,0,0,0
290244,0,1,0,0,0,0,0,0,0,0,0,0
290244,1,1,0,0,0,0,0,0,0,0,0,0
290245,1,1,10,10,10,10,10,10,10,10,10,10
290246,1,1,7,7,7,7,7,7,7,7,7,7
290247,1,1,0,0,0,0,0,0,0,0,0,0
290247,2,1,0,0,0,0,0,0,0,0,0,0
290248,1,1,1,1,1,1,1,1,1,1,1,1
290249,1,1,0,0,9,0,0,0,0,0,0,0
290249,2,1,0,0,0,0,0,0,0,16,0,0
290249,3,1,0,0,0,0,0,0,0,0,0,0
290250,1,1,17,17,17,17,17,17,17,17,17,17
290251,1,1,0,0,0,0,0,0,0,0,0,0
290251,2,1,0,0,0,0,0,0,0,0,0,0
290252,1,1,0,0,0,0,0,0,0,0,0,0
290253,1,1,0,0,0,0,0,0,0,0,0,0
290253,2,1,34,34,34,34,34,34,34,34,34,34
290254,1,1,0,0,0,0,0,0,0,0,0,0
290254,2,1,0,0,0,0,0,0,0,0,0,0
290255,1,1,0,0,0,0,0,0,0,0,0,0
290256,1,1,0,0,0,0,0,0,0,0,0,0
290256,2,1,0,0,0,0,0,0,0,0,0,0
290257,1,1,0,0,0,0,0,0,0,0,0,0
290258,1,1,0,0,0,0,0,0,0,0,0,0
290258,2,1,0,0,0,0,0,0,0,0,0,0
290258,3,1,0,0,0,0,0,0,0,0,0,0
290258,4,1,0,0,0,0,0,0,0,0,0,0
290259,1,1,0,0,0,0,0,0,0,0,0,0
290259,2,1,0,0,0,0,0,0,0,0,0,0
290260,1,1,0,0,0,0,0,0,0,0,0,0
290261,1,1,0,0,0,0,0,0,0,0,0,0
290262,1,1,0,0,0,0,0,0,0,0,0,0
290263,1,1,0,0,0,0,0,0,0,0,0,0
290263,2,1,0,0,0,0,0,0,0,0,0,0
290264,1,1,0,0,0,0,0,0,0,0,0,0
290264,2,1,0,0,0,0,0,0,0,0,0,0
290265,1,1,0,0,0,0,0,0,0,0,0,0
290266,1,1,28,28,28,28,28,28,28,28,28,28
290267,1,1,0,0,0,0,0,0,0,0,0,0
290267,2,1,0,0,0,0,0,0,0,0,0,0
290267,3,1,0,0,0,0,0,0,0,0,0,0
290268,1,1,11,11,11,11,11,11,11,11,11,11
290269,1,1,22,22,22,22,22,22,22,22,22,22
290270,1,1,0,0,0,0,0,0,0,0,0,0
290272,1,1,28,28,28,28,28,28,28,28,28,28
290273,1,1,0,0,0,0,0,0,0,0,0,0
290273,2,1,0,0,0,0,0,0,0,14,0,0
290274,1,1,1,1,1,1,1,1,1,1,1,1
290274,2,1,0,24,0,0,0,0,0,0,0,0
290275,1,1,0,0,0,0,0,0,0,0,0,0
290275,2,1,0,0,0,0,0,0,0,0,0,0
290276,1,1,0,0,0,0,0,0,0,0,0,0
290277,1,1,0,0,0,0,0,0,0,0,0,0
290278,1,1,20,20,20,20,20,20,20,20,20,20
290278,2,1,0,0,0,18,0,0,0,0,0,0
290279,1,1,0,0,0,0,0,0,0,0,0,0
290279,2,1,0,0,0,20,0,0,0,0,0,0
290280,1,1,0,0,0,0,0,0,0,0,0,0
290280,2,1,0,0,0,0,0,0,0,0,0,0
290281,1,1,0,0,0,0,0,0,0,38,0,0
290282,1,1,0,0,0,0,0,0,0,0,0,0
290282,2,1,0,0,0,0,0,0,0,0,0,0
290283,0,1,0,0,0,0,0,0,0,0,0,0
290283,1,1,0,0,0,0,0,0,0,0,0,0
290283,2,1,0,0,0,0,0,0,0,0,0,0
290284,1,1,21,21,21,21,21,21,21,21,21,21
290285,1,1,0,0,0,0,0,0,0,0,0,0
290285,2,1,0,0,0,0,0,0,0,0,0,0
290286,1,1,0,0,0,0,0,0,0,0,0,0
290286,2,1,0,0,0,0,0,0,0,0,0,0
290287,1,1,17,17,17,17,17,17,17,17,17,17
290288,1,1,24,24,24,24,24,24,24,24,24,24
290288,2,1,0,0,0,0,0,0,0,0,0,0
290289,1,1,1,1,1,1,1,1,1,1,1,1
290291,1,1,0,0,0,0,0,0,0,0,0,0
290292,1,1,21,21,21,21,21,21,21,21,21,21
290293,1,1,10,10,10,10,10,10,10,10,10,10
290293,2,1,11,11,11,11,11,11,11,11,11,11
290294,1,1,0,0,0,0,0,0,0,0,0,0
290295,1,1,0,0,0,0,0,0,0,0,0,0
290296,1,1,14,14,14,14,14,14,14,14,14,14
290297,1,1,16,0,0,0,0,0,0,0,0,0
290297,2,1,0,0,0,0,0,0,0,0,0,0
290298,1,1,0,0,0,0,0,0,0,0,0,0
290298,2,1,0,0,0,0,0,0,0,0,0,0
290299,1,1,0,0,0,0,0,0,0,0,0,0
290299,2,1,0,0,0,0,0,0,0,0,0,0
290300,1,1,0,0,0,0,0,0,0,0,0,0
290300,2,1,0,0,0,0,0,0,0,0,0,0
290301,1,1,0,0,0,0,0,0,0,0,0,0
290302,1,1,23,23,23,23,23,23,23,23,23,23
290303,1,1,0,0,0,0,0,0,0,0,0,0
290303,2,1,0,0,0,0,0,0,0,0,0,0
290303,3,1,0,0,0,0,0,0,0,0,0,0
290304,1,1,0,0,0,0,0,0,0,0,0,0
290304,2,1,0,0,0,0,0,0,0,0,0,0
290305,1,1,32,32,32,32,32,32,32,32,32,32
290305,2,1,0,0,0,0,0,0,0,0,0,0
290306,1,1,0,0,0,0,0,0,0,0,0,0
290307,0,1,0,0,0,0,0,0,0,0,0,0
290307,0,2,0,0,0,15,0,0,0,0,0,21
290307,1,1,0,0,9,0,0,0,0,0,0,24
290308,1,1,0,0,0,0,0,0,0,0,0,0
290308,2,1,0,0,0,0,0,0,0,0,0,0
290309,1,1,27,27,27,27,27,27,27,27,27,27
290310,1,1,10,10,10,10,10,10,10,10,10,10
290311,1,1,0,0,0,0,0,0,0,0,0,0
290312,1,1,0,0,0,0,0,0,0,0,0,0
290313,1,1,0,0,0,0,0,0,0,0,0,0
290313,2,1,0,0,0,0,0,0,0,0,0,0
290314,1,1,10,10,10,10,10,10,10,10,10,10
290315,1,1,0,0,0,0,0,0,0,0,0,0
290316,1,1,0,0,0,0,0,0,0,0,0,0
290316,2,1,0,0,0,0,0,0,0,0,0,0
290317,1,1,15,15,15,15,15,15,15,15,15,15
290318,1,1,45,45,45,45,45,45,45,45,45,45
290319,1,1,8,8,8,8,8,8,8,8,8,8
290319,2,1,0,0,0,0,0,0,0,0,0,0
290320,1,1,19,19,19,19,19,19,19,19,19,19
290321,1,1,0,0,0,0,0,0,0,0,0,0
290322,1,1,0,0,0,0,0,0,0,0,0,0
290322,2,1,0,0,0,0,0,0,0,0,0,0
290322,3,1,0,0,0,0,0,0,0,0,0,0
290323,1,1,17,10,11,0,0,25,40,0,49,0
290324,1,1,0,0,0,0,0,0,0,0,0,0
290324,2,1,15,0,0,0,0,0,0,0,0,0
290325,1,1,0,0,0,0,0,0,0,0,0,0
290325,2,1,0,0,0,0,0,0,0,0,0,0
290326,0,1,0,0,0,0,0,0,0,0,0,0
290326,1,1,0,0,0,0,0,0,0,0,0,0
290327,1,1,12,12,12,12,12,12,12,12,12,12
290328,1,1,0,0,0,0,0,0,0,0,0,0
290328,2,1,21,21,21,21,21,21,21,21,21,21
290329,0,1,0,0,0,0,0,0,0,0,0,0
290329,1,1,0,0,0,0,0,0,0,0,0,0
290330,1,1,17,17,17,17,17,17,17,17,17,17
290331,1,1,7,7,7,7,7,7,7,7,7,7
290332,1,1,1,1,1,1,1,1,1,1,1,1
290332,2,1,0,0,0,0,0,0,0,0,0,0
290333,1,1,0,0,0,0,0,0,0,0,0,0
290335,1,1,0,0,0,0,0,0,0,0,0,0
290335,2,1,0,0,0,0,0,0,0,0,0,0
290336,1,1,0,0,0,0,0,0,0,0,0,0
290336,2,1,0,0,0,0,0,0,0,0,0,0
290337,1,1,17,17,17,17,17,17,17,17,17,17
290338,1,1,0,0,0,0,0,0,0,0,0,0
290340,0,1,0,0,19,0,0,0,0,0,0,0
290340,1,1,0,0,0,0,0,0,0,0,0,0
290340,2,1,0,0,0,0,0,0,0,0,0,0
290341,1,1,0,0,0,0,0,0,0,0,0,0
290342,1,1,27,27,27,27,27,27,27,27,27,27
290343,1,1,30,30,30,30,30,30,30,30,30,30
290344,1,1,18,18,18,18,18,18,18,18,18,18
290345,1,1,5,0,0,0,0,0,0,0,0,0
290346,1,1,0,0,0,0,0,0,0,0,0,0
290347,1,1,0,0,0,0,0,0,0,0,0,0
290348,1,1,0,0,0,0,0,0,0,0,0,0
290349,1,1,22,22,22,22,22,22,22,22,22,22
290351,1,1,14,16,10,22,18,12,3,3,20,0
290352,1,1,0,0,0,0,0,0,0,0,0,0
290353,1,1,0,0,0,0,0,0,0,0,0,0
290354,1,1,24,24,24,24,24,24,24,24,24,24
290355,1,1,0,0,0,0,0,0,0,0,0,0
290356,1,1,0,0,0,0,0,0,0,0,0,0
290357,0,1,0,0,0,0,0,0,0,0,0,0
290357,1,1,0,0,0,0,0,0,0,0,0,0
290358,0,1,0,0,0,0,0,0,0,0,0,0
290358,1,1,0,0,0,0,0,0,0,0,0,0
290359,1,1,11,11,11,11,11,11,11,11,11,11
290360,1,1,11,11,11,11,11,11,11,11,11,11
290361,1,1,0,0,0,0,0,0,0,0,0,0
290361,2,1,0,0,0,0,0,0,0,0,0,0
290362,1,1,0,0,5,8,28,25,0,23,13,17
290363,1,1,0,0,0,0,0,0,0,0,0,0
290364,1,1,26,26,26,26,26,26,26,26,26,26
290365,1,1,0,0,0,0,30,0,30,26,0,30
290365,2,1,0,0,0,0,0,0,0,0,0,0
290366,1,1,0,0,0,0,0,0,0,0,0,0
290366,2,1,0,0,0,0,0,0,0,0,0,0
290367,1,1,0,0,0,0,0,0,0,0,0,0
290367,2,1,0,0,0,0,0,0,0,0,0,0
290368,1,1,0,0,0,0,0,0,0,0,0,0
290368,2,1,0,0,0,0,0,0,0,0,0,0
290368,3,1,0,0,0,0,0,0,0,0,0,0
290368,4,1,0,0,0,0,0,0,0,0,0,0
290368,5,1,0,0,0,0,0,0,0,0,0,0
290369,0,1,0,0,0,0,0,0,0,0,0,0
290369,1,1,0,0,0,0,0,0,0,0,0,0
290370,1,1,7,7,7,7,7,7,7,7,7,7
290370,2,1,0,0,0,0,0,0,0,0,0,0
290371,1,1,0,0,0,0,0,0,0,0,0,0
290372,1,1,18,18,18,18,18,18,18,18,18,18
290373,1,1,0,0,0,0,0,0,0,0,0,0
290373,2,1,0,0,0,0,0,0,0,0,0,0
290374,1,1,10,10,10,10,10,10,10,10,10,10
290375,1,1,0,0,0,0,0,0,0,0,0,0
290375,2,1,0,0,0,0,0,0,0,0,0,0
290376,1,1,0,0,0,0,0,0,0,0,0,0
290376,2,1,0,0,0,0,0,0,0,0,0,0
290376,3,1,0,0,0,0,0,0,0,0,0,0
290377,1,1,15,15,15,15,15,15,15,15,15,15
290379,1,1,0,0,0,0,0,0,0,0,0,0
290380,1,1,18,18,18,18,18,18,18,18,18,18
290380,2,1,0,0,0,0,0,0,0,0,0,0
290381,1,1,4,4,4,4,4,4,4,4,4,4
290382,1,1,0,0,0,0,0,0,0,0,0,0
290382,2,1,0,0,0,0,0,0,0,16,0,0
290383,1,1,0,0,0,0,0,0,0,0,0,0
290384,1,1,0,0,0,0,0,0,0,0,0,0
290384,2,1,0,0,0,0,0,0,0,12,0,0
290385,1,1,0,0,0,0,0,0,0,0,0,0
290386,1,1,0,0,0,0,0,0,0,0,0,0
290387,1,1,25,25,25,25,25,25,25,25,25,25
290388,1,1,0,0,0,0,0,0,0,0,0,0
290388,3,1,0,0,0,0,0,0,0,0,0,0
290389,1,1,0,0,0,0,0,0,0,0,0,0
290389,2,1,0,0,0,0,0,0,0,0,0,0
290390,0,1,23,23,23,23,23,23,23,23,23,23
290390,1,1,17,0,0,0,0,0,0,0,0,0
290391,1,1,0,0,0,0,0,0,0,0,0,0
290392,1,1,0,0,0,0,0,0,0,0,0,0
290392,2,1,0,0,0,0,0,0,0,0,0,0
290393,1,1,19,19,19,19,19,19,19,19,19,19
290394,1,1,0,0,0,0,0,0,0,0,0,0
290394,2,1,2,2,2,2,2,2,2,2,2,2
290395,1,1,1,1,1,1,1,1,1,1,1,1
290395,2,1,0,0,0,0,0,0,0,0,0,0
290396,1,1,0,0,0,0,0,0,0,0,0,0
290396,2,1,0,0,0,0,0,0,0,0,0,0
290397,1,1,23,0,0,0,0,0,0,0,0,11
290397,2,1,0,0,0,0,0,0,0,0,0,0
290398,1,1,11,11,11,11,11,11,11,11,11,11
290399,0,1,27,27,27,27,27,27,27,27,27,27
290399,1,1,0,0,0,0,0,0,0,0,0,0
290400,1,1,24,24,24,24,24,24,24,24,24,24
290401,1,1,0,0,0,0,0,0,0,0,0,0
290402,1,1,9,0,0,0,0,3,0,22,0,0
290402,2,1,0,0,0,0,0,0,0,0,0,0
290403,1,1,0,0,0,0,0,0,0,0,0,0
290403,2,1,0,0,0,0,0,0,0,0,0,0
290403,3,1,0,0,0,0,0,0,0,18,0,0
290403,4,1,0,0,0,0,0,0,0,0,0,0
290404,1,1,0,0,0,0,10,0,21,0,0,0
290404,2,1,0,0,0,0,0,0,0,0,0,0
290405,1,1,0,0,0,0,0,0,0,0,0,0
290406,1,1,11,11,11,11,11,11,11,11,11,11
290407,1,1,0,0,0,0,0,0,0,0,0,0
290408,1,1,0,0,0,0,0,0,0,0,0,0
290409,1,1,0,0,0,0,0,0,0,0,0,0
290410,1,1,0,0,0,0,0,0,0,0,0,0
290410,2,1,0,0,0,0,0,0,0,0,0,0
290411,1,1,19,19,19,19,19,19,19,19,19,19
290412,1,1,0,0,0,0,0,0,0,0,0,0
290413,1,1,16,16,16,16,16,16,16,16,16,16
290414,1,1,5,5,5,5,5,5,5,5,5,5
290414,2,1,20,20,20,20,20,20,20,20,20,20
290415,1,1,0,0,0,0,0,0,0,0,0,0
290416,1,1,0,0,0,0,0,0,0,0,0,0
290416,2,1,0,0,0,0,0,0,0,0,0,0
290417,1,1,0,0,0,0,0,0,0,0,0,0
290418,1,1,16,14,24,9,18,17,20,24,24,24
290419,1,1,25,25,25,25,25,25,25,25,25,25
290419,2,1,0,0,0,9,0,0,0,0,0,0
290420,1,1,0,0,0,0,0,0,0,0,0,0
290420,2,1,0,0,0,0,7,0,0,0,0,0
290421,0,1,0,0,0,0,0,0,0,0,0,0
290421,1,1,15,15,15,15,15,15,15,15,15,15
290422,1,1,0,0,0,0,0,0,0,0,0,0
290422,2,1,0,0,0,0,0,0,0,0,0,0
290423,1,1,22,22,22,22,22,22,22,22,22,22
290423,2,1,0,0,0,0,0,0,0,0,0,0
290424,1,1,1,1,1,1,1,1,1,1,1,1
290425,1,1,11,11,11,11,11,11,11,11,11,11
290426,0,1,43,43,43,43,43,43,43,43,43,43
290426,1,1,0,0,0,0,0,0,0,0,0,0
290427,1,1,0,0,0,0,0,0,0,0,0,0
290428,1,1,0,9,0,0,0,0,10,0,0,0
290429,1,1,21,13,11,15,15,7,25,7,14,11
290430,1,1,8,8,0,10,26,22,6,6,14,17
290431,1,1,0,0,0,0,0,0,0,0,0,0
290431,2,1,0,0,0,0,0,0,0,0,0,0
290431,3,1,0,0,0,0,0,0,0,0,0,0
290432,1,1,0,6,18,23,0,15,13,12,16,18
290433,1,1,0,0,0,0,0,0,0,0,0,0
290433,2,1,0,0,0,0,0,0,0,0,0,0
290434,1,1,24,24,24,24,24,24,24,24,24,24
290435,1,1,0,0,0,0,0,0,0,0,0,0
290435,2,1,0,0,0,0,0,0,0,0,0,0
290436,1,1,0,0,0,0,0,0,0,0,0,0
290437,1,1,0,0,0,0,0,0,0,0,0,0
290437,2,1,0,0,0,0,0,0,0,0,0,0
290438,1,1,21,21,21,21,21,21,21,21,21,21
290439,1,1,0,0,0,0,0,0,0,0,0,0
290439,2,1,0,0,0,0,0,0,0,0,0,0
290440,1,1,5,5,5,5,5,5,5,5,5,5
290441,1,1,3,3,3,3,3,3,3,3,3,3
290442,1,1,0,0,0,0,0,0,0,0,0,0
290443,1,1,2,2,2,2,2,2,2,2,2,2
290444,1,1,35,35,35,35,35,35,35,35,35,35
290445,1,1,0,0,0,0,0,0,0,0,0,0
290446,1,1,10,10,10,10,10,10,10,10,10,10
290446,2,1,0,0,0,0,0,0,0,0,0,0
290447,1,1,13,13,13,13,13,13,13,13,13,13
290448,1,1,12,12,12,12,12,12,12,12,12,12
290449,1,1,0,0,0,0,0,0,0,0,0,0
290450,1,1,0,11,0,0,0,0,0,0,0,0
290450,2,1,0,0,0,0,0,0,0,0,0,0
290451,1,1,13,13,13,13,13,13,13,13,13,13
290452,0,1,0,0,0,0,0,0,0,0,0,0
290452,1,1,0,0,0,0,0,0,0,0,0,0
290453,1,1,0,0,0,0,0,0,0,0,0,0
290453,2,1,0,0,0,0,0,0,0,0,0,0
290454,1,1,6,6,6,6,6,6,6,6,6,6
290454,2,1,10,10,10,10,10,10,10,10,10,10
290455,1,1,0,0,0,0,0,0,0,0,0,0
290455,2,1,0,0,0,0,0,0,0,0,0,0
290456,0,1,53,53,53,53,53,53,53,53,53,53
290456,1,1,0,0,0,0,0,0,0,0,0,0
290457,1,1,13,13,13,13,13,13,13,13,13,13
290458,1,1,0,0,0,0,0,0,0,0,0,0
290459,0,1,21,21,21,21,21,21,21,21,21,21
290459,1,1,16,19,0,0,20,9,0,9,0,17
290460,0,1,22,22,22,22,22,22,22,22,22,22
290460,1,1,0,0,0,0,0,0,0,0,0,0
290460,3,1,34,0,9,0,4,0,0,26,14,0
290460,4,1,0,0,0,0,0,0,0,0,0,0
290460,5,1,0,0,0,7,0,0,0,0,0,0
290461,1,1,20,20,20,20,20,20,20,20,20,20
290462,1,1,0,0,0,0,0,0,0,0,0,0
290462,2,1,0,0,0,0,0,0,0,0,0,0
290463,1,1,6,6,6,6,6,6,6,6,6,6
290463,2,1,0,0,0,0,0,0,0,0,0,0
290464,0,1,10,10,10,10,10,10,10,10,10,10
290464,1,1,0,17,0,0,0,0,0,0,0,0
290465,1,1,0,0,0,0,0,0,0,0,0,0
290466,1,1,0,0,0,0,0,0,0,0,10,11
290466,2,1,0,0,0,0,0,0,0,0,0,0
290466,3,1,0,0,0,0,0,0,0,0,0,0
290467,1,1,19,19,19,19,19,19,19,19,19,19
290468,1,1,0,0,0,0,0,0,0,0,0,0
290469,1,1,0,0,0,0,0,0,0,0,0,0
290470,1,1,0,0,0,0,0,0,0,0,0,0
290470,2,1,0,0,0,0,0,0,0,0,0,0
290471,1,1,0,0,0,0,0,0,0,0,0,0
290472,1,1,0,0,0,0,0,0,0,0,0,0
290473,1,1,10,13,17,13,10,9,26,7,4,12
290474,1,1,17,17,17,17,17,17,17,17,17,17
290475,1,1,0,0,0,0,0,0,0,0,0,0
290475,2,1,0,0,0,0,0,0,0,0,0,0
290476,1,1,0,0,0,0,0,0,0,0,0,0
290476,2,1,0,0,0,0,0,0,0,0,0,0
290477,1,1,0,0,0,0,0,0,0,0,0,0
290478,0,1,16,16,16,16,16,16,16,16,16,16
290478,1,1,0,0,0,0,0,0,0,0,0,0
290479,1,1,0,0,0,0,0,0,0,0,0,0
290479,2,1,0,0,0,0,0,0,0,0,0,0
290480,1,1,0,0,0,0,0,0,0,0,0,0
290481,1,1,26,20,12,0,31,0,0,0,0,17
290482,1,1,0,0,0,0,0,0,0,0,0,0
290482,2,1,0,0,0,0,0,0,0,0,0,0
290483,1,1,0,0,0,0,26,0,0,0,0,0
290484,1,1,0,0,0,0,0,0,0,0,0,0
290485,1,1,0,0,0,0,0,0,0,0,0,0
290485,2,1,0,0,0,0,0,0,0,0,0,0
290486,1,1,0,0,0,0,0,0,0,0,0,0
290486,2,1,0,0,0,0,0,0,0,0,0,0
290487,1,1,5,5,5,5,5,5,5,5,5,5
290487,2,1,0,0,0,0,0,0,0,0,0,0
290487,3,1,0,0,0,0,0,0,0,0,0,0
290488,1,1,0,0,0,0,0,0,0,0,0,0
290488,2,1,0,0,0,0,0,0,6,0,0,0
290489,1,1,21,21,21,21,21,21,21,21,21,21
290490,1,1,0,0,0,0,0,0,0,0,0,0
290491,1,1,0,0,0,0,0,0,0,0,0,0
290491,2,1,0,0,0,0,0,0,0,0,0,0
290492,1,1,0,0,0,0,0,0,0,0,0,0
290492,2,1,19,19,19,19,19,19,19,19,19,19
290492,3,1,0,0,0,0,0,0,0,0,0,0
290493,1,1,27,27,27,27,27,27,27,27,27,27
290494,1,1,19,19,19,19,19,19,19,19,19,19
290495,1,1,20,20,20,20,20,20,20,20,20,20
290496,1,1,0,0,0,0,0,0,0,0,0,0
290497,1,1,14,16,16,24,21,25,5,4,19,9
290499,1,1,0,0,16,25,0,12,0,21,0,34
290499,2,1,0,0,0,0,0,0,0,0,0,0
290500,1,1,0,0,0,0,0,0,0,0,0,0
290500,2,1,0,0,0,0,0,0,0,0,0,0
290501,1,1,9,9,9,9,9,9,9,9,9,9
290502,1,1,20,20,20,20,20,20,20,20,20,20
290503,0,1,0,0,0,0,0,0,0,0,0,0
290503,1,1,0,0,0,0,0,0,0,0,0,0
290504,1,1,0,0,0,0,0,0,0,0,0,0
290504,2,1,0,0,0,0,0,0,0,0,0,0
290505,1,1,13,13,13,13,13,13,13,13,13,13
290506,1,1,0,0,0,0,0,0,0,0,0,0
290507,1,1,0,0,0,0,0,0,0,0,0,0
290507,2,1,0,0,0,0,0,0,0,0,0,0
290508,1,1,25,22,31,26,33,0,30,15,28,26
290509,1,1,0,0,0,0,0,0,0,0,0,0
290509,2,1,0,0,0,0,0,0,0,0,0,0
290510,1,1,10,10,10,10,10,10,10,10,10,10
290511,1,1,0,0,0,0,0,0,0,0,0,0
290511,2,1,0,0,0,0,0,0,0,0,0,0
290512,1,1,0,0,0,0,0,0,0,0,0,0
290513,1,1,11,11,11,11,11,11,11,11,11,11
290514,1,1,0,0,0,0,0,0,0,11,0,0
290514,2,1,17,17,17,17,17,17,17,17,17,17
290515,1,1,7,7,7,7,7,7,7,7,7,7
290516,1,1,0,18,0,23,19,10,18,39,22,11
290517,0,1,0,0,0,0,0,0,0,0,0,0
290517,1,1,0,0,0,0,0,0,0,0,0,0
290518,0,1,0,0,0,0,0,0,0,0,0,0
290518,1,1,0,0,34,14,18,0,0,22,0,27
290519,1,1,14,14,14,14,14,14,14,14,14,14
290520,1,1,24,24,24,24,24,24,24,24,24,24
290521,0,1,28,28,28,28,28,28,28,28,28,28
290521,1,1,0,0,0,0,0,0,0,0,0,0
290522,1,1,0,0,0,0,0,0,0,0,0,0
290523,1,1,14,14,14,14,14,14,14,14,14,14
290524,1,1,0,0,0,0,0,0,0,0,0,0
290524,2,1,0,0,0,0,0,0,0,0,0,0
290525,1,1,0,0,0,0,0,0,0,0,0,0
290526,1,1,20,20,20,20,20,20,20,20,20,20
290527,1,1,15,15,15,15,15,15,15,15,15,15
290528,1,1,0,0,0,0,0,0,0,0,0,0
290529,1,1,28,28,28,28,28,28,28,28,28,28
290530,1,1,0,0,0,0,0,0,0,0,0,0
290531,1,1,0,0,0,0,0,0,0,0,0,0
290531,2,1,0,0,0,0,0,0,0,0,0,0
290532,1,1,0,0,0,0,0,32,0,0,0,0
290533,1,1,1,1,1,1,1,1,1,1,1,1
290533,2,1,0,0,0,0,0,0,0,0,0,0
290534,1,1,0,0,0,0,0,0,0,0,0,0
290534,2,1,4,4,4,4,4,4,4,4,4,4
290535,0,1,39,39,39,39,39,39,39,39,39,39
290535,1,1,0,0,0,0,0,0,0,0,0,0
290536,1,1,0,0,0,0,0,0,0,0,0,0
290536,2,1,0,0,0,0,0,0,0,0,0,0
290537,1,1,0,0,0,0,0,0,0,0,0,0
290538,1,1,23,16,15,12,17,20,11,0,22,0
290539,1,1,0,0,0,0,0,0,0,0,0,0
290539,2,1,0,0,0,0,0,0,0,0,0,0
290539,3,1,0,0,0,0,0,0,0,0,0,0
290539,4,1,0,0,0,0,0,0,0,0,0,0
290540,0,1,29,29,29,29,29,29,29,29,29,29
290540,1,1,23,18,0,0,0,0,0,0,0,2
290541,0,1,0,0,0,0,0,0,0,0,0,0
290541,1,1,0,0,0,0,0,0,0,0,0,0
290542,0,1,0,0,0,0,0,0,0,0,0,0
290543,1,1,0,0,0,0,0,24,0,0,0,0
290543,2,1,0,0,0,0,0,0,0,0,0,0
290544,1,1,19,19,19,19,19,19,19,19,19,19
290544,2,1,0,0,0,0,0,0,0,0,0,0
290545,1,1,0,0,0,0,0,0,0,0,0,0
290546,1,1,0,0,0,0,0,0,0,0,0,0
290547,1,1,38,38,38,38,38,38,38,38,38,38