ST_CASE,VEH_NO,PER_NO,P1,P2,P3,P4,P5,P6,P7,P8,P9,P10
290548,1,1,20,20,20,20,20,20,20,20,20,20
290549,0,1,21,21,21,21,21,21,21,21,21,21
290549,1,1,0,0,0,0,0,0,0,0,0,0
290550,1,1,0,0,0,0,0,0,0,0,0,0
290550,2,1,0,0,0,0,0,0,0,0,0,0
290551,1,1,15,15,15,15,15,15,15,15,15,15
290552,0,1,25,20,17,14,19,0,18,0,19,18
290552,1,1,0,0,0,0,0,0,0,0,0,0
290553,1,1,0,0,0,0,0,0,0,0,0,0
290554,1,1,11,11,11,11,11,11,11,11,11,11
290554,2,1,0,0,0,0,0,0,0,0,0,0
290555,1,1,0,0,0,0,0,0,0,0,0,0
290555,2,1,0,0,0,0,0,0,0,0,0,0
290556,1,1,21,21,21,21,21,21,21,21,21,21
290558,1,1,23,23,23,23,23,23,23,23,23,23
290559,1,1,14,14,14,14,14,14,14,14,14,14
290560,1,1,18,18,18,18,18,18,18,18,18,18
290561,1,1,0,0,0,0,0,0,0,0,0,0
290561,2,1,0,0,0,0,0,0,0,0,0,0
290561,3,1,0,0,0,0,0,0,0,0,0,0
290562,1,1,8,8,8,8,8,8,8,8,8,8
290564,0,1,27,27,27,27,27,27,27,27,27,27
290564,1,1,0,8,0,12,22,7,0,0,0,0
290564,2,1,0,0,0,13,0,0,0,0,0,0
290565,1,1,0,0,0,0,0,0,0,0,0,0
290566,1,1,0,0,0,0,0,0,0,0,0,0
290566,2,1,0,0,0,0,0,0,0,0,0,0
290567,1,1,0,0,0,0,0,0,0,0,0,0
290567,2,1,0,0,0,0,0,0,0,0,0,0
290568,0,1,0,3,0,0,28,24,0,0,31,3
290568,1,1,14,14,14,14,14,14,14,14,14,14
290569,1,1,0,0,0,0,0,0,0,0,0,0
290570,1,1,0,0,0,0,0,0,0,0,0,0
290571,1,1,17,0,0,0,0,0,0,0,0,0
290571,2,1,13,13,13,13,13,13,13,13,13,13
290573,1,1,0,0,0,0,0,10,0,0,0,0
290574,1,1,0,0,0,0,0,0,0,0,0,0
290575,1,1,17,17,17,17,17,17,17,17,17,17
290576,0,1,0,0,0,0,0,0,0,0,0,0
290576,1,1,0,0,0,0,0,0,0,0,0,0
290577,1,1,16,31,0,25,0,0,30,0,18,20
290578,1,1,10,10,10,10,10,10,10,10,10,10
290578,2,1,0,0,0,0,0,0,0,0,0,0
290579,1,1,17,17,17,17,17,17,17,17,17,17
290580,1,1,0,0,0,0,0,0,0,0,0,0
290580,2,1,0,0,0,0,0,0,0,0,0,0
290581,1,1,0,0,0,0,0,0,0,0,0,0
290581,2,1,0,0,0,0,0,0,0,0,0,0
290582,1,1,0,0,0,0,0,0,0,0,0,0
290582,2,1,0,0,0,0,0,0,0,0,0,0
290583,1,1,0,0,0,0,0,0,0,0,0,0
290583,2,1,0,0,0,0,0,0,0,0,0,0
290584,1,1,0,0,0,0,0,0,0,0,0,0
290585,1,1,0,0,0,0,0,0,0,0,0,0
290585,2,1,0,0,0,0,0,0,0,0,0,0
290586,1,1,0,0,0,0,0,0,0,0,0,0
290587,1,1,0,0,0,0,0,0,0,0,0,0
290587,2,1,0,0,0,0,0,0,0,0,0,0
290587,3,1,0,0,0,0,0,0,0,0,0,0
290587,4,1,0,0,0,0,20,0,0,0,0,0
290587,5,1,0,0,0,0,0,0,0,0,0,0
290587,6,1,0,0,0,0,0,0,0,0,19,0
290588,1,1,3,3,3,3,3,3,3,3,3,3
290589,1,1,16,16,16,16,16,16,16,16,16,16
290590,1,1,17,17,17,17,17,17,17,17,17,17
290591,1,1,0,0,0,0,0,0,0,0,0,0
290592,1,1,0,0,0,0,0,0,0,0,0,0
290593,1,1,0,0,0,11,0,26,0,21,43,0
290594,1,1,0,0,0,0,0,0,0,0,0,0
290595,1,1,0,0,0,0,0,0,0,0,0,0
290596,1,1,17,17,17,17,17,17,17,17,17,17
290596,2,1,0,0,0,0,0,0,0,0,0,0
290597,1,1,11,11,11,11,11,11,11,11,11,11
290597,2,1,0,0,0,0,0,0,0,0,0,0
290597,3,1,0,0,0,0,0,0,0,0,0,0
290598,1,1,0,0,0,0,0,0,0,0,0,0
290600,1,1,0,0,0,0,0,0,0,0,0,0
290601,1,1,0,0,0,0,0,0,0,0,0,0
290602,1,1,0,0,0,0,0,0,24,0,0,0
290602,2,1,0,0,0,0,0,0,19,0,14,0
290602,3,1,0,0,0,0,0,0,0,0,0,0
290602,4,1,0,0,0,0,0,0,0,0,0,0
290603,1,1,17,17,17,17,17,17,17,17,17,17
290604,0,1,0,0,0,0,0,0,0,0,0,0
290604,1,1,0,0,0,0,0,0,0,0,0,0
290605,1,1,0,0,0,0,0,0,0,0,0,0
290605,2,1,0,0,0,0,0,0,0,0,0,0
290606,1,1,35,35,35,35,35,35,35,35,35,35
290607,1,1,0,0,0,0,0,0,0,0,0,0
290607,2,1,0,0,0,0,0,0,0,0,0,0
290608,1,1,17,17,17,17,17,17,17,17,17,17
290609,1,1,19,19,19,19,19,19,19,19,19,19
290610,1,1,0,0,0,0,0,0,0,0,0,0
290610,2,1,0,0,0,0,0,0,0,0,0,0
290611,1,1,0,0,0,0,0,0,0,0,0,0
290611,2,1,0,0,0,0,0,0,0,0,0,0
290612,1,1,19,19,19,19,19,19,19,19,19,19
290612,2,1,0,0,0,0,0,0,0,0,0,0
290613,1,1,0,0,0,0,0,0,0,0,0,0
290613,2,1,0,0,0,0,0,0,0,0,0,0
290614,1,1,0,0,0,0,0,0,0,0,0,0
290614,2,1,0,0,0,0,0,0,0,0,0,0
290615,1,1,0,0,0,0,0,0,0,0,0,0
290615,2,1,0,0,0,0,0,0,0,0,0,0
290616,1,1,10,10,10,10,10,10,10,10,10,10
290616,2,1,0,0,0,0,0,0,0,0,0,0
290617,1,1,21,21,21,21,21,21,21,21,21,21
290619,1,1,10,10,10,10,10,10,10,10,10,10
290620,1,1,0,0,0,0,0,0,0,0,0,0
290621,1,1,26,26,26,26,26,26,26,26,26,26
290622,1,1,0,0,0,0,0,0,0,0,0,0
290622,2,1,0,0,0,0,0,0,0,0,0,0
290623,1,1,28,28,28,28,28,28,28,28,28,28
290623,2,1,0,0,0,0,0,0,0,0,0,0
290624,1,1,0,0,0,0,0,0,0,0,0,0
290624,2,1,0,0,0,0,0,0,0,0,0,0
290625,1,1,1,1,1,1,1,1,1,1,1,1
290626,1,1,0,0,0,0,0,0,0,0,0,0
290627,1,1,0,0,0,0,8,0,0,0,0,0
290627,2,1,0,0,0,0,0,0,0,0,0,0
290629,1,1,21,21,21,21,21,21,21,21,21,21
290630,1,1,0,0,0,0,0,0,0,0,0,0
290630,2,1,18,0,0,0,0,0,0,0,0,0
290631,0,1,1,1,1,1,1,1,1,1,1,1
290631,1,1,20,0,0,0,8,0,0,0,0,0
290632,1,1,0,0,0,0,0,0,0,0,0,0
290632,2,1,0,0,0,0,0,0,0,0,0,0
290632,3,1,0,0,0,7,0,0,0,0,0,2
290633,1,1,33,33,33,33,33,33,33,33,33,33
290634,1,1,5,0,13,23,18,16,5,18,0,10
290635,1,1,0,0,0,0,0,0,0,0,0,0
290636,1,1,0,0,0,0,0,0,0,0,0,0
290636,2,1,0,0,0,0,20,0,0,0,0,0
290637,1,1,19,19,19,19,19,19,19,19,19,19
290638,1,1,0,20,0,6,18,36,0,0,5,0
290639,1,1,0,0,0,0,0,0,0,0,0,0
290640,1,1,4,4,4,4,4,4,4,4,4,4
290640,2,1,13,13,13,13,13,13,13,13,13,13
290641,1,1,0,0,0,0,0,0,0,0,0,0
290642,1,1,29,29,29,29,29,29,29,29,29,29
290643,1,1,18,18,18,18,18,18,18,18,18,18
290643,2,1,0,0,11,0,2,0,0,0,0,0
290644,1,1,0,0,0,0,0,0,0,0,0,0
290645,0,1,0,0,0,0,0,0,0,0,0,0
290645,1,1,0,0,0,0,0,0,0,0,0,0
290646,1,1,14,14,14,14,14,14,14,14,14,14
290647,0,1,19,19,19,19,19,19,19,19,19,19
290647,1,1,0,0,0,0,0,0,0,0,0,0
290648,1,1,18,18,18,18,18,18,18,18,18,18
290648,2,1,0,0,0,0,0,0,0,0,0,0
290649,1,1,0,0,0,0,0,0,0,0,0,0
290650,0,1,0,0,0,0,0,0,0,0,0,0
290650,1,1,0,0,12,0,0,0,0,0,0,0
290651,0,1,0,0,7,0,0,0,0,0,0,0
290651,1,1,0,0,0,0,0,0,0,0,22,0
290652,1,1,0,0,0,0,0,0,0,0,0,0
290653,1,1,0,0,0,0,0,0,0,0,0,0
290654,1,1,0,0,0,0,0,0,0,0,0,0
290654,2,1,0,0,0,0,0,0,0,0,0,0
290655,1,1,0,0,0,0,0,0,0,0,0,0
290656,1,1,20,20,20,20,20,20,20,20,20,20
290657,1,1,29,29,29,29,29,29,29,29,29,29
290658,0,1,10,10,10,10,10,10,10,10,10,10
290658,1,1,0,0,0,0,0,0,0,0,0,0
290659,1,1,14,14,14,14,14,14,14,14,14,14
290659,2,1,0,0,0,0,0,0,0,0,0,0
290660,1,1,0,0,0,0,0,0,0,0,0,0
290661,1,1,0,0,0,0,0,0,0,0,0,0
290662,1,1,0,0,0,0,0,0,0,0,0,0
290662,2,1,0,0,0,0,0,0,0,0,0,0
290663,1,1,0,0,0,0,0,0,0,0,0,0
290663,2,1,0,0,0,0,0,0,0,0,0,0
290663,3,1,0,0,0,0,0,0,0,0,0,0
290663,4,1,0,0,0,0,0,0,0,0,0,0
290664,1,1,0,0,0,0,0,0,0,0,0,0
290664,2,1,0,0,0,0,0,0,0,0,0,0
290665,0,1,30,0,0,0,0,0,0,0,0,0
290665,0,2,34,0,0,22,0,20,37,0,37,22
290665,1,1,0,0,0,0,0,0,0,0,0,0
290666,1,1,0,0,0,0,0,0,0,0,0,0
290666,2,1,0,0,0,0,12,11,0,0,0,0
290666,3,1,0,0,0,0,0,0,0,0,0,0
290666,4,1,15,15,15,15,15,15,15,15,15,15
290666,5,1,0,0,12,0,0,0,0,0,0,0
290666,6,1,0,0,0,0,0,0,0,0,0,0
290666,7,1,0,0,0,0,0,0,0,0,0,0
290667,1,1,0,0,0,0,0,0,0,0,0,0
290668,0,1,0,0,0,0,0,0,0,0,0,0
290668,1,1,0,0,0,0,0,0,0,0,0,0
290670,1,1,22,13,16,17,7,17,0,14,7,6
290670,2,1,7,7,7,7,7,7,7,7,7,7
290671,1,1,37,0,10,0,26,0,21,0,8,0
290672,1,1,0,0,0,0,0,0,0,0,0,0
290672,2,1,0,0,0,0,0,0,0,0,0,0
290672,3,1,0,0,0,0,0,0,0,0,0,0
290673,0,1,19,19,19,19,19,19,19,19,19,19
290673,1,1,0,0,0,0,0,0,0,0,0,0
290674,1,1,0,0,0,0,0,0,0,0,0,0
290674,2,1,0,0,0,0,0,0,0,0,0,0
290675,1,1,0,0,0,0,0,0,0,0,0,0
290675,2,1,0,0,0,0,0,0,0,0,0,0
290676,1,1,0,0,0,0,0,0,0,0,2,0
290677,1,1,26,26,26,26,26,26,26,26,26,26
290678,1,1,0,0,0,0,0,0,0,0,0,0
290679,1,1,0,0,0,0,0,0,15,0,0,0
290680,0,1,13,13,13,13,13,13,13,13,13,13
290681,1,1,0,0,0,0,0,0,0,0,0,0
290681,2,1,0,0,0,0,0,0,0,0,0,0
290682,1,1,0,0,0,0,0,0,0,0,0,0
290682,2,1,0,0,0,0,0,0,0,0,0,0
290683,1,1,0,0,0,0,0,0,0,0,0,0
290684,1,1,23,23,23,23,23,23,23,23,23,23
290684,2,1,0,0,0,0,0,0,0,0,0,0
290685,0,1,23,23,23,23,23,23,23,23,23,23
290685,1,1,0,20,31,0,0,0,0,0,9,11
290686,1,1,0,0,0,0,0,0,0,0,0,0
290687,0,1,20,20,20,20,20,20,20,20,20,20
290687,1,1,0,0,0,0,0,0,0,0,0,0
290688,1,1,0,0,0,0,0,0,0,0,0,0
290688,2,1,0,0,0,0,0,0,0,0,0,0
290689,1,1,0,0,0,0,0,0,0,0,0,0
290690,1,1,3,3,3,3,3,3,3,3,3,3
290691,1,1,12,6,34,24,0,16,13,0,18,0
290692,0,1,0,0,0,0,0,0,0,0,0,0
290692,1,1,0,0,0,0,0,0,0,0,0,0
290693,1,1,0,0,0,0,0,0,0,0,0,0
290693,2,1,0,0,0,0,26,0,0,0,0,0
290693,3,1,0,0,0,0,0,0,0,0,0,0
290693,4,1,0,0,0,6,15,0,0,0,0,0
290694,0,1,15,0,19,0,9,0,0,22,16,0
290694,1,1,0,0,0,0,0,0,0,0,0,0
290695,1,1,14,14,14,14,14,14,14,14,14,14
290695,2,1,0,0,0,0,0,0,0,0,0,0
290696,1,1,0,0,0,0,0,0,0,0,0,0
290696,2,1,0,0,0,0,0,0,0,0,0,0
290697,1,1,17,17,17,17,17,17,17,17,17,17
290698,1,1,0,0,0,0,0,0,0,0,0,0
290698,2,1,0,11,12,0,0,0,0,0,0,0
290699,1,1,0,0,0,0,0,0,0,0,0,0
290699,2,1,0,0,0,0,0,0,0,0,0,0
290699,3,1,0,0,0,0,0,0,0,0,0,0
290700,1,1,0,0,0,0,0,0,0,0,0,0
290700,2,1,0,0,0,0,0,0,0,0,0,0
290701,0,1,33,16,29,21,24,18,35,9,16,14
290701,1,1,0,0,0,0,0,0,0,0,0,0
290702,1,1,0,0,0,0,0,0,0,0,0,0
290703,0,1,0,0,0,0,0,0,0,0,0,0
290703,1,1,0,0,0,0,0,0,0,0,0,0
290704,0,1,0,0,0,0,0,0,0,0,0,0
290704,1,1,0,0,0,0,0,0,0,11,34,18
290704,2,1,0,0,0,0,0,0,0,0,0,0
290705,1,1,0,0,0,0,0,0,0,0,0,0
290706,1,1,0,0,0,0,0,0,0,0,0,0
290707,1,1,0,0,0,0,0,0,0,0,0,0
300001,1,1,0,0,0,0,0,0,0,0,0,0
300002,0,1,0,0,0,0,0,0,0,0,0,0
300002,1,1,0,0,0,0,0,0,0,0,0,0
300003,1,1,0,0,0,0,0,0,0,0,0,0
300003,2,1,0,0,0,0,0,0,0,0,0,0
300003,3,1,0,0,0,0,0,0,0,0,0,0
300004,1,1,0,0,0,0,0,0,0,0,0,0
300004,2,1,0,0,0,0,0,0,0,0,0,0
300005,1,1,0,0,0,0,0,0,0,0,0,0
300005,2,1,0,0,0,0,0,0,0,0,0,0
300005,3,1,0,0,0,0,0,0,0,0,0,0
300006,1,1,13,13,13,13,13,13,13,13,13,13
300007,1,1,0,0,0,0,0,0,0,0,0,0
300008,1,1,0,0,0,0,0,0,0,0,0,0
300008,2,1,0,0,0,0,0,0,0,0,0,0
300009,1,1,0,0,0,0,14,0,0,0,0,0
300010,1,1,18,18,18,18,18,18,18,18,18,18
300011,1,1,0,0,0,0,0,0,0,0,0,0
300011,2,1,0,0,0,0,0,0,0,0,0,0
300012,1,1,13,13,13,13,13,13,13,13,13,13
300013,0,1,19,19,19,19,19,19,19,19,19,19
300013,1,1,19,19,19,19,19,19,19,19,19,19
300014,1,1,0,0,0,0,0,0,0,0,0,0
300015,0,1,29,29,29,29,29,29,29,29,29,29
300015,1,1,0,0,0,0,0,0,0,0,0,0
300016,1,1,10,10,10,10,10,10,10,10,10,10
300016,2,1,0,0,0,0,0,0,0,0,0,0
300017,1,1,17,17,17,17,17,17,17,17,17,17
300018,0,1,0,0,0,0,0,0,0,0,0,0
300018,1,1,0,0,0,0,0,0,0,0,0,0
300019,0,1,13,13,13,13,13,13,13,13,13,13
300019,1,1,27,0,0,16,7,18,23,18,20,13
300020,1,1,0,0,0,0,0,0,0,0,0,0
300020,2,1,0,0,0,0,0,0,0,0,0,0
300021,1,1,28,28,28,28,28,28,28,28,28,28
300021,2,1,0,0,0,0,0,0,0,0,0,0
300022,1,1,0,0,0,0,0,0,0,0,0,0
300023,1,1,17,17,17,17,17,17,17,17,17,17
300024,1,1,5,5,5,5,5,5,5,5,5,5
300025,0,1,23,23,23,23,23,23,23,23,23,23
300025,1,1,0,27,0,0,0,0,0,14,0,0
300026,1,1,0,0,0,0,0,0,0,0,0,0
300026,2,1,0,0,0,0,0,0,0,0,0,0
300027,1,1,0,0,0,0,0,0,0,0,0,0
300028,1,1,27,27,27,27,27,27,27,27,27,27
300029,1,1,0,0,0,0,0,0,0,0,0,0
300029,2,1,0,0,0,0,0,0,0,0,0,0
300030,1,1,35,35,35,35,35,35,35,35,35,35
300031,1,1,16,16,16,16,16,16,16,16,16,16
300032,1,1,13,13,13,13,13,13,13,13,13,13
300033,1,1,0,0,0,0,0,0,0,0,0,0
300034,1,1,0,0,0,0,0,0,0,0,0,0
300035,1,1,23,23,23,23,23,23,23,23,23,23
300036,0,1,0,0,0,0,0,0,0,0,0,0
300036,1,1,12,12,12,12,12,12,12,12,12,12
300037,1,1,15,15,15,15,15,15,15,15,15,15
300038,1,1,19,19,19,19,19,19,19,19,19,19
300039,1,1,17,17,17,17,17,17,17,17,17,17
300040,1,1,0,0,0,0,0,0,0,0,0,0
300041,1,1,0,0,0,0,0,0,0,0,0,0
300041,2,1,0,0,0,0,0,0,0,0,0,0
300042,1,1,0,0,0,0,0,0,0,0,0,0
300043,0,1,0,0,0,0,0,0,0,0,0,0
300043,0,2,0,0,0,0,0,0,0,0,0,0
300043,1,1,0,0,0,0,0,0,0,0,0,0
300044,1,1,13,13,13,13,13,13,13,13,13,13
300045,1,1,0,0,0,0,0,0,0,0,0,0
300046,1,1,19,19,19,19,19,19,19,19,19,19
300047,1,1,4,4,4,4,4,4,4,4,4,4
300048,1,1,19,19,19,19,19,19,19,19,19,19
300049,1,1,0,0,0,0,0,0,0,0,0,0
300049,2,1,0,0,0,0,0,0,0,0,0,0
300050,1,1,3,3,3,3,3,3,3,3,3,3
300051,1,1,25,25,25,25,25,25,25,25,25,25
300052,1,2,0,0,0,0,0,0,0,0,0,0
300053,1,1,0,0,0,0,0,0,0,0,0,0
300053,2,1,0,0,0,0,0,0,0,0,0,0
300054,1,1,30,30,30,30,30,30,30,30,30,30
300055,1,1,21,21,21,21,21,21,21,21,21,21
300055,2,1,0,0,0,0,0,0,0,0,0,0
300056,1,1,0,0,0,0,0,0,0,0,0,0
300056,2,1,0,0,0,0,0,0,0,0,0,0
300057,1,1,0,0,0,0,0,0,0,0,0,0
300058,1,1,13,13,13,13,13,13,13,13,13,13
300059,1,1,0,0,0,0,0,0,0,0,0,0
300059,2,1,0,0,0,0,0,0,0,0,0,0
300060,1,1,9,9,9,9,9,9,9,9,9,9
300060,2,1,0,0,0,0,0,0,0,0,0,0
300061,1,1,0,0,0,0,0,0,0,0,0,0
300061,2,1,0,0,0,0,0,0,0,0,0,0
300062,1,1,0,0,0,0,0,0,0,0,0,0
300063,1,1,0,0,0,0,0,0,0,0,0,0
300063,2,1,0,0,0,0,0,0,0,0,0,0
300064,1,1,0,0,0,0,0,0,0,0,0,0
300065,1,1,20,20,20,20,20,20,20,20,20,20
300066,0,1,13,0,0,0,0,0,0,0,0,0
300066,0,2,0,13,0,0,0,0,0,0,15,0
300066,1,1,26,26,26,26,26,26,26,26,26,26
300067,1,1,0,0,0,0,0,0,0,0,0,0
300067,2,1,0,0,0,0,0,0,0,0,0,0
300068,1,1,0,0,0,0,0,0,0,0,0,0
300068,2,1,0,0,0,0,0,0,0,0,0,0
300069,1,1,23,23,23,23,23,23,23,23,23,23
300070,1,1,0,0,0,0,0,0,0,0,0,0
300070,2,1,0,0,0,0,0,0,0,0,0,0
300070,3,1,0,0,0,0,0,0,0,0,0,0
300071,1,1,19,19,19,19,19,19,19,19,19,19
300072,1,1,0,0,0,0,0,0,0,0,0,0
300073,1,1,26,26,26,26,26,26,26,26,26,26
300074,1,1,0,0,0,0,0,0,0,0,0,0
300074,2,1,0,0,0,0,0,0,0,0,0,0
300075,1,1,14,14,14,14,14,14,14,14,14,14
300076,1,1,0,0,0,0,0,0,0,0,0,0
300077,1,1,14,14,14,14,14,14,14,14,14,14
300078,1,1,17,17,17,17,17,17,17,17,17,17
300079,1,1,0,0,0,0,0,0,0,0,0,0
300080,1,1,11,16,18,28,2,19,15,17,11,20
300081,1,1,16,38,19,13,34,17,28,10,12,20
300082,1,1,0,0,0,0,0,0,0,0,0,0
300082,2,1,0,0,0,0,0,0,0,0,0,0
300083,1,1,0,0,0,0,0,0,0,0,0,0
300083,2,1,0,0,0,0,0,0,0,0,0,0
300084,1,1,19,19,19,19,19,19,19,19,19,19
300085,1,1,23,23,23,23,23,23,23,23,23,23
300085,2,1,0,0,0,0,0,0,0,0,0,0
300086,1,1,0,0,0,0,0,0,0,0,0,0
300088,1,1,11,11,11,11,11,11,11,11,11,11
300089,1,1,0,0,0,0,0,0,0,0,0,0
300089,2,1,0,0,0,0,0,0,0,0,0,0
300090,1,1,0,0,0,0,0,0,0,0,0,0
300090,2,1,0,0,0,0,0,0,0,0,0,0
300091,1,1,0,0,0,0,0,0,0,0,0,0
300092,1,1,0,0,0,0,0,0,0,0,0,0
300093,1,1,0,0,0,0,0,0,0,0,0,0
300094,1,1,0,0,0,0,0,0,0,0,0,0
300095,1,1,0,0,0,0,0,0,0,0,0,0
300096,1,1,0,0,0,0,0,0,0,0,0,0
300097,1,1,0,0,0,0,0,0,0,0,0,0
300098,1,1,0,0,0,0,0,0,0,0,0,0
300098,2,1,0,0,0,0,0,0,0,0,0,0
300099,1,1,0,0,0,0,0,0,0,0,0,0
300100,1,1,14,14,14,14,14,14,14,14,14,14
300101,1,1,17,17,17,17,17,17,17,17,17,17
300102,1,1,0,0,0,0,0,0,0,0,0,0
300102,2,1,0,0,0,0,0,0,0,0,0,0
300103,1,1,15,15,15,15,15,15,15,15,15,15
300104,1,1,0,0,0,0,0,0,0,0,0,0
300104,2,1,0,0,0,0,0,0,0,0,0,0
300105,1,1,10,9,25,0,0,0,0,0,0,0
300106,1,1,22,22,22,22,22,22,22,22,22,22
300106,2,1,0,0,0,0,0,0,0,0,0,0
300107,1,1,18,18,18,18,18,18,18,18,18,18
300108,1,1,0,0,0,0,0,0,0,0,0,0
300108,2,1,0,0,0,0,0,0,0,0,0,0
300109,1,1,24,24,24,24,24,24,24,24,24,24
300110,1,1,9,9,9,9,9,9,9,9,9,9
300111,1,1,0,0,0,0,0,0,0,0,0,0
300111,2,1,1,1,1,1,1,1,1,1,1,1
300112,1,1,0,0,0,0,0,0,0,0,0,0
300112,2,1,0,0,0,0,0,0,0,0,0,0
300113,1,1,23,23,23,23,23,23,23,23,23,23
300114,1,1,0,0,0,0,0,0,0,0,0,0
300114,2,1,2,2,2,2,2,2,2,2,2,2
300115,1,1,2,2,2,2,2,2,2,2,2,2
300116,1,1,0,0,0,0,0,0,0,0,0,0
300117,1,1,30,17,11,33,29,0,0,0,18,0
300118,1,1,0,0,0,0,0,0,0,0,0,0
300118,2,1,0,0,0,0,0,0,0,0,0,0
300119,1,1,0,0,0,0,0,0,0,0,0,0
300119,2,1,0,0,0,0,0,0,0,0,0,0
300120,1,1,0,0,0,0,0,0,0,0,0,0
300121,1,1,24,24,24,24,24,24,24,24,24,24
300121,2,1,22,22,22,22,22,22,22,22,22,22
300122,1,1,0,0,0,0,0,0,0,0,0,0
300123,1,1,0,0,0,0,0,0,0,0,0,11
300124,0,1,42,23,15,34,24,31,6,7,3,16
300124,0,2,11,12,29,5,15,0,16,17,18,19
300124,0,3,12,20,35,12,22,20,8,13,23,29
300124,1,1,9,9,9,9,9,9,9,9,9,9
300125,1,1,0,0,0,0,0,0,0,0,0,0
300126,1,1,0,0,0,0,0,0,0,0,0,0
300126,2,1,0,0,0,0,0,0,0,0,0,0
300127,1,1,0,0,0,0,0,0,0,0,0,0
300128,1,1,0,13,0,15,0,9,0,0,17,26
300129,1,1,20,20,20,20,20,20,20,20,20,20
300130,1,1,0,0,0,0,0,0,0,0,0,0
300130,2,1,0,0,0,0,0,0,0,0,0,0
300131,0,1,0,0,0,0,0,0,0,0,0,0
300131,1,1,0,0,0,0,0,0,0,0,0,0
300132,1,1,25,25,25,25,25,25,25,25,25,25
300133,1,1,0,0,0,0,0,0,0,0,0,0
300134,1,1,0,0,0,0,0,12,0,0,0,0
300135,1,1,0,0,0,0,0,0,0,0,0,0
300136,1,1,3,3,3,3,3,3,3,3,3,3
300136,2,1,0,0,0,0,0,0,0,0,0,0
300137,1,1,14,14,14,14,14,14,14,14,14,14
300138,1,1,0,0,0,0,0,0,0,0,0,0
300138,2,1,0,0,0,0,0,0,0,0,0,0
300139,1,1,0,0,0,0,0,0,0,0,0,0
300140,1,1,36,36,36,36,36,36,36,36,36,36
300141,1,1,23,23,23,23,23,23,23,23,23,23
300142,1,1,0,0,0,32,8,18,4,0,0,5
300143,0,1,0,0,0,0,0,0,0,0,0,0
300143,1,1,31,31,31,31,31,31,31,31,31,31
300144,1,1,10,10,10,10,10,10,10,10,10,10
300145,0,1,0,0,0,0,0,0,0,0,0,0
300145,1,1,0,0,0,0,0,0,0,0,0,0
300146,1,1,15,15,15,15,15,15,15,15,15,15
300147,1,1,10,10,10,10,10,10,10,10,10,10
300148,0,1,26,26,26,26,26,26,26,26,26,26
300148,1,1,15,29,0,29,10,14,13,11,21,9
300149,0,1,0,0,0,0,0,0,0,0,0,0
300149,1,1,0,0,0,0,0,0,0,0,0,0
300149,2,1,0,0,0,0,0,0,0,0,0,0
300150,1,1,20,20,20,20,20,20,20,20,20,20
300151,1,1,0,0,0,0,0,0,0,0,0,0
300152,1,1,0,0,0,0,0,0,0,0,0,0
300153,1,1,0,0,0,0,0,0,0,0,0,0
300153,2,1,0,0,0,6,5,0,0,0,0,0
300154,1,1,16,16,16,16,16,16,16,16,16,16
300155,1,1,0,0,0,0,0,0,0,0,0,0
300156,1,1,16,16,16,16,16,16,16,16,16,16
300157,1,1,8,8,8,8,8,8,8,8,8,8
300157,2,1,11,11,11,11,11,11,11,11,11,11
300158,1,1,0,0,0,0,0,0,0,12,0,0
300158,2,1,0,0,0,0,0,0,0,0,0,0
300159,1,1,0,0,0,7,12,0,0,0,0,0
300160,1,1,16,16,16,16,16,16,16,16,16,16
300161,1,1,0,0,0,0,0,0,0,0,0,0
300162,1,1,35,35,35,35,35,35,35,35,35,35
300163,1,1,17,17,17,17,17,17,17,17,17,17
300164,1,1,22,22,22,22,22,22,22,22,22,22
300164,2,1,0,0,0,0,0,0,0,0,0,0
300165,1,1,0,0,0,0,0,0,0,0,0,0
300166,1,1,0,0,0,0,0,0,0,0,0,0
300166,2,1,0,0,0,0,0,0,0,0,0,0
300167,0,1,0,0,0,0,0,0,0,0,0,0
300167,1,1,0,0,0,0,8,0,0,0,0,0
300167,2,1,0,0,0,0,0,0,0,0,0,0
300168,1,1,9,9,9,9,9,9,9,9,9,9
300169,1,1,0,0,0,0,0,0,0,0,0,0
300169,2,1,0,0,0,0,0,0,0,0,0,0
300170,1,1,0,0,0,0,0,0,0,0,0,0
300171,1,1,0,0,0,0,0,0,0,0,0,0