ST_CASE,VEH_NO,PER_NO,P1,P2,P3,P4,P5,P6,P7,P8,P9,P10
300171,2,1,0,0,0,0,0,0,0,0,0,0
300172,1,1,31,31,31,31,31,31,31,31,31,31
300173,0,1,0,0,0,0,0,0,0,0,0,0
300173,1,1,0,0,0,0,0,0,0,0,0,0
300174,0,1,25,55,19,4,30,31,30,6,19,28
300174,1,1,0,0,0,0,0,0,0,0,0,0
300175,1,1,7,7,7,7,7,7,7,7,7,7
300176,1,1,9,9,9,9,9,9,9,9,9,9
300177,0,1,23,23,23,23,23,23,23,23,23,23
300177,1,1,2,2,2,2,2,2,2,2,2,2
300178,1,1,0,0,0,0,0,0,0,0,0,0
300179,1,1,0,0,0,0,0,0,0,0,0,0
300180,0,1,0,0,0,0,0,0,0,0,0,0
300180,1,1,0,0,0,0,0,0,0,0,0,0
300181,1,1,0,0,0,0,0,0,13,0,0,0
300181,2,1,0,0,0,0,0,0,0,0,0,0
300182,1,1,9,9,9,9,9,9,9,9,9,9
300183,1,1,23,23,23,23,23,23,23,23,23,23
300184,1,1,0,0,0,0,0,0,0,0,0,0
300184,2,1,0,0,0,0,0,0,0,0,0,0
300185,1,1,16,16,16,16,16,16,16,16,16,16
300186,1,1,0,18,0,0,18,0,0,0,0,23
300187,1,1,15,15,15,15,15,15,15,15,15,15
300188,0,1,30,30,30,30,30,30,30,30,30,30
300188,1,1,0,0,0,0,0,0,0,0,0,0
300189,1,1,0,0,0,0,0,0,0,0,0,0
300189,2,1,0,0,0,0,0,0,0,0,0,0
300190,1,1,0,0,0,0,0,0,0,0,0,0
300190,2,1,0,0,0,0,0,0,0,0,0,0
300191,1,1,0,0,0,0,0,0,0,0,0,0
300192,1,1,0,0,0,0,0,0,0,0,0,0
300192,2,1,0,0,0,0,0,0,0,0,0,0
300193,1,1,0,0,0,0,0,0,0,0,0,0
300193,2,1,0,0,0,0,0,0,0,0,0,0
300194,1,1,19,0,33,22,17,0,34,0,0,11
300195,1,1,25,25,25,25,25,25,25,25,25,25
300195,2,1,0,0,0,0,0,0,0,0,0,0
300196,1,1,0,0,0,0,0,0,0,0,0,0
300197,1,1,0,0,0,0,0,0,0,0,0,0
300198,0,1,0,24,24,0,26,0,0,0,0,0
300198,1,1,0,0,0,0,0,0,0,0,0,0
300199,0,1,0,0,0,0,0,0,0,0,0,0
300199,0,2,0,0,0,0,0,0,0,0,0,0
300199,0,3,0,2,0,0,0,0,0,0,0,0
300199,1,1,0,0,0,0,0,0,0,0,0,0
300200,0,1,0,0,0,0,0,0,0,0,0,0
300200,1,1,0,0,0,0,0,0,0,0,0,0
300201,1,1,0,0,0,0,0,0,0,0,0,0
300201,2,1,0,0,0,0,0,0,0,0,0,0
300202,1,1,21,0,0,0,0,0,0,0,0,0
300203,1,1,0,0,0,0,0,0,0,0,0,0
300204,1,1,0,0,0,0,18,0,0,20,0,0
310001,1,1,0,0,0,0,0,0,0,0,0,0
310002,1,1,0,0,0,0,0,0,0,0,0,0
310002,2,1,0,0,0,0,0,0,0,0,0,0
310003,1,1,0,0,0,0,0,0,0,0,0,0
310003,2,1,0,0,0,0,0,0,0,0,0,0
310003,3,1,0,0,0,0,0,0,0,0,0,0
310004,1,1,0,0,0,0,0,0,0,0,0,0
310004,2,1,0,0,0,0,0,0,0,0,0,0
310005,1,1,0,0,0,0,0,0,0,0,0,0
310005,2,1,0,0,0,0,0,0,0,0,0,0
310006,1,1,0,0,0,0,0,0,0,0,0,0
310006,2,1,0,0,0,0,0,0,0,0,0,0
310007,1,1,11,11,11,11,11,11,11,11,11,11
310008,1,1,19,19,19,19,19,19,19,19,19,19
310009,1,1,0,0,0,0,0,0,0,0,0,0
310009,2,1,0,0,0,0,0,0,0,0,0,0
310010,1,1,7,7,7,7,7,7,7,7,7,7
310011,1,1,14,14,14,14,14,14,14,14,14,14
310012,1,1,7,7,7,7,7,7,7,7,7,7
310012,2,1,0,0,0,0,0,0,0,0,0,0
310013,1,1,13,13,13,13,13,13,13,13,13,13
310014,1,1,17,17,17,17,17,17,17,17,17,17
310015,0,1,0,0,0,0,0,0,0,0,0,0
310015,1,1,0,0,0,0,0,0,0,0,0,0
310016,1,1,0,0,0,0,0,0,0,0,0,0
310017,1,1,23,23,23,23,23,23,23,23,23,23
310018,1,1,0,0,0,0,0,0,0,0,0,0
310019,1,1,1,1,1,1,1,1,1,1,1,1
310020,1,1,0,0,0,0,0,0,0,0,0,0
310021,1,1,0,0,0,0,0,0,0,0,0,0
310022,1,1,0,0,0,0,0,0,0,0,0,13
310023,1,1,27,27,27,27,27,27,27,27,27,27
310024,1,1,0,0,0,0,0,0,0,0,0,0
310024,2,1,0,0,0,0,0,0,0,0,0,0
310025,1,1,0,0,0,0,0,0,0,0,0,0
310025,2,1,0,0,0,0,0,0,0,0,0,0
310026,1,1,0,0,0,0,0,0,0,0,0,0
310026,2,1,0,0,0,0,0,0,0,0,0,0
310027,0,1,0,0,0,0,0,0,0,0,0,0
310027,1,1,0,0,0,0,12,0,14,17,0,0
310028,1,1,21,21,21,21,21,21,21,21,21,21
310029,1,1,0,0,0,0,0,0,0,0,0,0
310029,2,1,0,0,0,0,0,0,0,0,0,0
310030,1,1,0,0,0,0,0,0,0,0,0,0
310030,2,1,0,0,0,0,0,0,0,0,0,0
310031,0,1,0,0,0,0,0,0,0,0,0,0
310031,1,1,0,0,0,0,0,0,0,0,0,0
310032,1,1,0,0,0,0,0,0,0,0,0,0
310032,2,1,0,0,0,0,0,0,0,0,0,0
310033,1,1,0,0,0,0,10,0,0,0,0,0
310034,1,1,0,0,0,0,0,0,0,0,0,0
310035,1,1,6,6,6,6,6,6,6,6,6,6
310036,0,1,38,38,38,38,38,38,38,38,38,38
310036,1,1,0,0,0,0,0,0,0,0,0,0
310037,1,1,0,0,0,0,0,0,0,0,0,0
310038,1,1,0,0,0,0,0,0,0,0,0,0
310039,1,1,0,0,0,0,0,0,0,0,0,0
310039,2,1,0,0,0,0,0,0,0,0,0,13
310040,1,1,0,0,0,0,0,0,0,0,0,0
310041,1,1,9,9,9,9,9,9,9,9,9,9
310042,1,1,0,0,0,0,0,0,0,0,0,0
310043,1,1,9,9,9,9,9,9,9,9,9,9
310044,1,1,0,0,0,0,0,0,0,0,0,0
310045,1,1,0,0,0,0,0,0,0,0,0,0
310046,1,1,0,0,0,0,0,0,0,0,0,0
310046,2,1,0,0,0,0,0,0,0,0,0,0
310047,1,1,0,0,0,0,0,0,0,0,0,0
310048,1,1,0,0,0,0,0,0,0,0,0,0
310048,2,1,0,0,0,0,0,0,0,0,0,0
310048,3,1,0,0,0,0,0,0,0,0,0,0
310049,1,1,0,0,0,0,0,0,0,0,0,0
310050,1,1,0,0,0,0,0,0,0,0,0,0
310050,2,1,0,0,0,0,0,0,0,0,0,0
310051,1,1,13,13,13,13,13,13,13,13,13,13
310051,2,1,0,0,0,0,0,0,0,0,0,0
310052,1,1,18,18,18,18,18,18,18,18,18,18
310053,1,1,0,0,0,5,0,0,0,24,0,0
310053,2,1,0,0,0,0,0,20,0,0,0,0
310054,1,1,0,0,0,0,0,0,0,0,0,0
310055,1,1,10,10,10,10,10,10,10,10,10,10
310055,2,1,0,0,0,0,0,0,0,0,0,0
310056,1,1,0,0,0,0,0,0,0,0,0,0
310057,1,1,0,0,0,0,0,0,0,0,0,0
310057,2,1,0,0,0,0,0,0,0,0,0,0
310058,1,1,0,0,0,0,0,0,0,0,0,0
310059,1,1,0,0,0,0,0,0,0,0,0,0
310059,2,1,7,7,7,7,7,7,7,7,7,7
310060,1,1,0,0,0,0,0,0,0,0,0,0
310061,1,1,0,0,0,0,0,0,0,0,0,0
310062,1,1,0,0,0,0,0,0,0,0,0,0
310062,2,1,0,0,0,0,0,0,0,0,0,0
310063,0,1,11,11,11,11,11,11,11,11,11,11
310063,0,2,24,24,24,24,24,24,24,24,24,24
310063,1,1,0,0,0,0,0,0,0,0,0,0
310064,1,1,0,0,0,0,5,7,0,0,0,0
310065,1,1,0,0,0,0,0,0,0,0,0,0
310066,1,1,0,0,0,0,0,0,0,0,0,0
310067,1,1,0,0,0,0,0,0,0,0,0,0
310068,1,1,0,0,0,0,0,0,0,0,0,0
310068,2,1,0,0,0,0,0,0,0,0,0,0
310068,3,1,0,0,0,0,0,0,0,0,0,0
310068,4,1,0,0,0,0,0,0,0,0,0,0
310069,1,1,0,0,0,0,0,0,0,0,0,0
310069,2,1,0,0,0,0,0,0,0,0,0,0
310070,0,1,18,18,18,18,18,18,18,18,18,18
310070,1,1,0,0,0,0,0,0,0,0,0,0
310071,1,1,0,0,0,0,0,0,0,0,0,0
310071,2,1,0,0,0,0,0,0,0,0,0,0
310072,1,1,0,0,16,5,0,0,0,0,0,16
310073,1,1,17,17,17,17,17,17,17,17,17,17
310074,1,1,25,25,25,25,25,25,25,25,25,25
310075,1,1,0,0,0,0,0,0,0,0,0,0
310076,1,1,26,26,26,26,26,26,26,26,26,26
310077,1,1,0,0,0,0,0,0,0,0,0,0
310077,2,1,0,0,0,0,0,0,0,0,0,0
310078,1,1,11,15,39,20,14,17,17,10,6,10
310079,1,2,0,0,0,0,24,0,0,0,23,23
310080,1,1,0,0,0,0,0,0,0,0,0,0
310080,2,1,0,0,0,0,0,0,0,0,0,0
310081,1,1,0,0,0,0,0,0,0,0,0,0
310081,2,1,0,0,0,0,0,0,0,0,0,0
310082,1,1,0,0,0,0,0,0,0,0,0,0
310083,1,1,16,9,0,24,0,0,0,0,20,0
310084,1,1,17,17,17,17,17,17,17,17,17,17
310084,2,1,39,0,0,0,0,0,0,0,0,0
310085,1,1,0,0,0,0,0,0,0,0,0,0
310085,2,1,0,0,0,0,0,0,0,0,0,0
310086,1,1,0,0,0,0,0,0,0,0,0,0
310086,2,1,0,0,0,0,0,0,0,0,0,0
310086,3,1,0,0,0,0,0,0,0,0,0,0
310087,1,1,0,0,0,0,0,0,0,0,0,0
310087,2,1,0,0,0,0,0,0,0,0,0,0
310087,3,1,0,0,0,0,0,0,0,0,0,0
310087,4,1,0,0,0,0,0,0,0,0,0,0
310088,1,1,0,0,0,0,0,0,0,0,0,0
310088,2,1,0,0,0,0,0,0,0,0,0,0
310089,1,2,0,0,12,0,0,0,0,0,0,0
310090,1,1,0,0,0,0,0,0,0,0,0,0
310090,2,1,0,0,0,0,0,0,0,0,0,0
310091,1,1,0,0,0,0,0,0,0,0,0,0
310091,2,1,0,0,0,0,0,0,0,0,0,0
310092,1,1,0,0,0,0,0,0,0,0,0,0
310093,1,1,0,23,15,0,18,23,33,23,5,18
310094,1,1,0,0,0,0,0,0,0,0,0,0
310094,2,1,0,0,0,0,0,0,0,0,0,0
310095,1,1,0,0,0,0,0,0,0,0,0,0
310096,1,1,20,0,15,0,18,27,0,10,0,0
310097,0,1,0,0,0,0,0,0,0,0,0,0
310097,1,1,0,0,0,0,0,0,0,0,0,0
310098,1,1,0,0,0,0,0,0,0,0,0,0
310098,2,1,0,0,0,0,0,0,0,0,0,0
310099,1,1,0,0,0,0,0,0,0,0,0,0
310100,1,1,18,18,18,18,18,18,18,18,18,18
310101,1,1,18,18,18,18,18,18,18,18,18,18
310102,1,1,0,0,0,0,0,0,0,0,0,0
310102,2,1,0,0,0,0,0,0,0,0,0,0
310103,1,1,0,0,0,0,0,0,0,0,0,0
310103,2,1,0,0,0,0,0,0,0,0,0,0
310104,1,1,11,11,11,11,11,11,11,11,11,11
310104,2,1,0,0,0,0,0,0,0,0,0,0
310105,1,1,21,21,21,21,21,21,21,21,21,21
310105,2,1,0,0,0,0,0,0,0,0,0,0
310106,1,1,31,31,31,31,31,31,31,31,31,31
310107,1,1,19,0,0,0,0,0,0,0,27,0
310107,2,1,0,0,0,0,0,0,0,0,0,0
310107,3,1,0,0,0,0,0,0,0,0,0,0
310108,1,1,0,0,0,0,0,0,0,0,0,0
310108,2,1,0,0,0,0,0,0,0,0,0,0
310109,1,1,0,0,0,0,0,0,0,0,0,0
310110,1,1,0,0,0,0,0,0,0,0,0,0
310111,1,1,24,24,24,24,24,24,24,24,24,24
310112,1,1,16,16,16,16,16,16,16,16,16,16
310113,1,1,23,23,23,23,23,23,23,23,23,23
310114,1,1,17,17,17,17,17,17,17,17,17,17
310115,1,1,0,0,0,0,0,0,0,0,0,0
310115,2,1,0,0,0,0,0,0,0,0,0,0
310116,1,1,0,0,0,0,0,0,0,0,0,0
310116,2,1,0,0,0,0,0,0,0,0,0,0
310116,3,1,0,0,0,0,0,0,0,0,0,0
310117,1,1,0,0,0,0,0,0,0,0,0,0
310118,1,1,0,0,0,0,0,0,0,0,0,0
310118,2,1,0,0,0,0,0,0,0,0,0,0
310119,1,1,0,0,0,0,0,0,0,0,0,0
310120,1,1,0,0,0,0,0,0,0,0,0,0
310120,2,1,33,33,33,33,33,33,33,33,33,33
310121,1,1,0,0,0,0,0,0,0,0,0,0
310122,1,1,0,0,0,0,0,0,0,0,0,0
310122,2,1,0,0,0,0,0,0,0,0,0,0
310123,1,1,20,20,20,20,20,20,20,20,20,20
310124,1,1,0,0,0,0,0,0,0,0,0,0
310125,1,1,0,0,0,0,0,0,0,0,0,0
310125,2,1,0,0,0,0,0,0,0,0,0,0
310126,0,1,35,35,35,35,35,35,35,35,35,35
310126,1,1,0,4,14,0,0,0,0,0,0,13
310127,1,1,18,18,18,18,18,18,18,18,18,18
310127,2,1,0,0,0,0,0,0,0,0,0,0
310128,1,1,5,5,5,5,5,5,5,5,5,5
310129,1,1,0,0,0,0,0,0,0,0,0,0
310129,2,1,0,0,0,0,0,0,0,0,0,0
310130,1,1,0,0,0,0,0,0,0,0,0,0
310130,2,1,1,1,1,1,1,1,1,1,1,1
310131,1,1,0,0,0,0,0,0,0,0,0,0
310131,2,1,0,0,0,0,0,0,0,27,0,0
310132,1,1,16,16,16,16,16,16,16,16,16,16
310133,0,1,0,0,0,0,0,0,0,0,0,0
310133,1,1,0,0,0,0,0,0,0,0,0,0
310134,1,1,22,22,22,22,22,22,22,22,22,22
310135,1,1,0,0,0,0,0,0,0,0,0,0
310135,2,1,0,0,0,0,0,0,0,0,0,0
310136,1,1,20,20,20,20,20,20,20,20,20,20
310137,1,1,0,0,0,0,0,0,0,0,0,0
310137,2,1,0,0,0,0,0,0,0,0,0,0
310138,1,1,17,17,17,17,17,17,17,17,17,17
310139,1,1,0,0,0,0,0,0,0,0,0,0
310139,2,1,0,0,0,0,0,0,0,0,0,0
310140,1,1,15,15,15,15,15,15,15,15,15,15
310141,1,1,17,17,17,17,17,17,17,17,17,17
310142,1,1,19,19,19,19,19,19,19,19,19,19
310143,1,1,11,11,11,11,11,11,11,11,11,11
310143,2,1,0,0,0,0,0,0,0,0,0,0
310144,1,1,27,27,27,27,27,27,27,27,27,27
310144,2,1,5,5,5,5,5,5,5,5,5,5
310145,1,1,0,0,0,0,0,0,0,0,0,0
310145,2,1,0,0,0,0,0,0,0,0,0,0
310145,3,1,0,0,0,0,0,0,0,0,0,0
310146,0,1,22,58,24,30,0,0,0,30,24,0
310146,1,1,0,0,0,0,0,0,0,0,0,0
310147,1,1,0,0,0,0,0,0,0,0,0,0
310147,2,1,0,0,0,0,0,0,0,0,0,0
310148,1,1,0,0,0,0,0,0,0,0,0,0
310149,1,1,0,0,0,0,0,0,0,0,0,0
310150,1,1,0,0,0,0,0,0,0,0,0,0
310151,1,1,28,28,28,28,28,28,28,28,28,28
310152,1,1,0,0,0,0,0,0,0,0,0,0
310152,2,1,0,0,0,0,0,0,0,0,0,0
310153,1,1,0,0,0,0,0,0,0,0,0,0
310153,2,1,0,0,0,0,0,0,0,0,0,0
310154,1,1,0,0,0,0,0,0,21,0,0,0
310155,1,1,0,0,0,0,0,0,0,0,0,0
310155,2,1,0,0,0,0,0,0,0,0,0,0
310156,1,1,2,2,2,2,2,2,2,2,2,2
310156,2,1,0,0,0,0,0,0,0,0,0,0
310157,0,1,0,0,0,0,0,0,0,0,0,0
310157,1,1,0,0,0,0,0,0,0,0,0,0
310158,1,1,0,26,0,22,38,9,11,0,0,31
310158,2,1,0,0,0,0,0,0,0,0,0,0
310159,1,1,0,0,0,0,0,0,0,0,0,0
310159,2,1,1,1,1,1,1,1,1,1,1,1
310160,0,1,0,0,0,0,0,0,0,0,0,0
310160,1,1,0,0,0,0,0,0,0,0,0,0
310161,1,1,0,0,0,0,0,0,0,0,0,0
310161,2,1,0,0,0,0,0,0,0,0,0,0
310162,1,1,0,0,0,0,0,0,0,0,0,0
310162,2,1,0,0,0,0,0,0,0,0,0,0
310163,1,1,15,15,15,15,15,15,15,15,15,15
310163,2,1,0,0,0,0,0,0,0,0,0,0
310164,1,1,0,0,0,0,0,0,0,0,0,0
310165,1,1,9,9,9,9,9,9,9,9,9,9
310166,1,1,0,0,0,0,0,0,0,0,0,0
310167,1,1,0,0,0,0,0,0,0,0,0,0
310168,1,1,16,16,16,16,16,16,16,16,16,16
310169,1,1,12,12,12,12,12,12,12,12,12,12
310170,1,1,0,0,0,0,0,0,0,0,0,0
310170,2,1,0,0,0,0,0,0,0,0,0,0
310170,3,1,0,0,0,0,0,0,0,0,0,0
310171,1,1,0,0,0,0,0,0,0,0,0,0
310172,1,3,0,5,0,7,13,11,0,31,20,0
310173,1,1,32,9,12,24,20,23,6,28,28,29
310174,0,1,0,0,0,0,0,0,0,0,6,0
310174,1,1,0,0,0,0,0,0,0,0,0,0
310175,1,1,21,21,21,21,21,21,21,21,21,21
310176,1,1,0,0,0,0,0,0,0,0,0,0
310176,2,1,8,8,8,8,8,8,8,8,8,8
310177,1,1,0,0,0,0,0,0,0,0,0,0
310177,2,1,0,0,0,0,0,0,0,0,0,0
310178,1,1,0,0,0,0,0,0,0,0,0,0
310179,1,1,0,0,0,0,0,0,0,0,0,0
310179,2,1,26,26,26,26,26,26,26,26,26,26
310180,1,1,0,0,0,0,0,0,0,0,0,0
310181,1,1,10,34,11,23,16,8,26,16,8,10
310181,2,1,0,0,0,0,0,0,0,0,0,0
310182,1,1,0,0,0,0,0,0,0,0,0,0
310183,0,1,0,35,15,35,19,4,0,15,22,0
310184,1,1,0,0,0,0,0,0,0,0,0,0
310184,2,1,0,0,0,0,0,0,0,0,0,0
310185,1,1,0,0,0,0,0,0,0,0,0,0
310186,1,1,37,29,22,18,18,22,18,21,16,21
310187,1,1,0,0,0,0,0,0,0,0,0,0
310188,1,1,23,23,23,23,23,23,23,23,23,23
310189,1,1,0,0,0,0,35,0,0,0,0,0
310189,2,1,0,0,0,0,0,0,0,0,0,0
310189,3,1,0,0,0,0,0,0,0,0,0,0
310190,1,1,30,30,0,0,0,0,0,0,0,0
320001,0,1,0,0,0,0,0,0,0,0,0,0
320001,0,2,0,0,0,11,0,0,0,0,0,0
320001,1,1,17,17,17,17,17,17,17,17,17,17
320002,0,1,34,34,34,34,34,34,34,34,34,34
320002,1,1,0,0,0,0,0,0,0,8,0,0
320003,1,1,0,0,0,0,0,0,0,0,0,0
320003,2,1,0,0,0,0,0,0,0,0,0,0
320004,1,1,0,0,0,0,0,0,0,0,0,0
320005,1,1,24,24,24,24,24,24,24,24,24,24
320005,2,1,0,0,0,0,0,0,0,0,0,0
320006,1,1,0,0,0,0,0,0,0,0,0,0
320006,2,1,0,0,0,0,0,0,0,0,0,0
320007,0,1,0,0,0,0,0,0,0,0,0,0
320007,1,1,0,0,0,0,0,0,0,0,0,0
320008,1,1,0,0,0,0,0,0,0,0,0,0
320008,2,1,0,0,0,8,0,0,0,0,0,0
320009,1,1,0,0,0,0,0,0,0,0,0,0
320010,1,1,0,0,0,0,0,0,0,0,0,0
320010,2,1,0,0,0,0,10,0,0,0,0,0
320011,1,1,0,0,0,0,0,0,0,0,0,0
320011,2,1,0,0,0,0,0,0,0,0,0,0
320012,1,1,0,0,0,0,0,0,0,0,0,0
320012,2,1,0,0,0,0,0,0,0,0,0,0
320012,3,1,0,0,0,0,0,0,0,10,0,0
320013,1,1,15,15,15,15,15,15,15,15,15,15
320014,1,1,0,0,0,0,0,0,0,0,0,0
320015,1,1,0,0,0,0,0,0,0,0,0,0
320015,2,1,0,0,0,44,0,0,0,0,0,0
320016,1,1,32,32,32,32,32,32,32,32,32,32
320017,1,1,0,0,0,0,0,0,0,0,0,0
320017,2,1,0,0,0,0,0,0,0,0,0,0
320018,1,1,17,17,17,17,17,17,17,17,17,17
320019,1,1,0,0,0,0,0,0,0,0,0,0
320019,2,1,0,0,0,0,0,0,0,0,0,0
320019,3,1,0,0,0,0,0,0,14,0,0,0
320020,1,1,0,0,0,0,0,0,0,0,0,0
320020,2,1,0,0,0,0,0,0,0,0,0,0
320021,0,1,0,0,0,0,0,0,0,0,0,0
320021,1,1,0,0,0,0,0,0,0,0,0,0
320022,1,1,0,0,0,0,0,0,0,0,0,0
320023,0,1,0,0,0,0,0,0,0,0,0,0
320023,1,1,0,0,0,0,0,0,0,0,0,0
320024,1,1,4,4,4,4,4,4,4,4,4,4
320024,2,1,0,0,0,0,0,0,0,0,0,0
320024,3,1,0,0,0,0,0,0,0,0,0,0
320025,0,1,0,0,0,0,7,0,0,0,0,0
320025,0,2,0,0,0,0,0,0,0,0,0,0
320025,1,1,0,0,0,0,0,0,0,0,0,0
320026,0,1,0,0,0,0,0,0,0,0,0,0
320026,1,1,0,0,0,0,0,0,0,0,0,0
320027,1,1,32,32,32,32,32,32,32,32,32,32
320028,1,1,9,9,9,9,9,9,9,9,9,9
320028,2,1,0,0,0,0,0,0,0,0,0,0
320029,0,1,0,0,0,0,0,0,0,0,0,0
320029,1,1,0,0,0,0,0,0,0,0,0,0
320030,1,1,15,15,15,15,15,15,15,15,15,15
320031,1,1,0,0,0,0,0,0,0,0,0,0
320031,2,1,0,0,0,0,0,0,0,0,0,0
320032,1,1,2,2,2,2,2,2,2,2,2,2
320032,2,1,0,0,0,0,0,0,0,0,0,0
320033,1,1,0,0,0,0,0,0,0,0,0,0
320033,2,1,0,0,0,0,0,0,0,0,0,0
320034,1,1,0,0,0,0,0,0,0,0,0,0
320035,0,1,31,31,31,31,31,31,31,31,31,31
320035,1,1,0,0,0,0,0,0,0,0,0,0
320036,1,1,0,0,0,0,0,0,0,0,0,0
320037,1,1,19,19,19,19,19,19,19,19,19,19
320037,2,1,0,0,0,0,0,0,0,0,0,0
320038,1,1,27,27,27,27,27,27,27,27,27,27
320038,2,1,0,0,0,0,0,0,0,0,0,0
320039,1,1,16,16,16,16,16,16,16,16,16,16
320040,1,1,21,21,21,21,21,21,21,21,21,21
320040,2,1,0,0,0,0,0,0,0,0,0,0
320041,1,1,11,22,12,0,17,0,0,0,17,0
320041,2,1,0,0,0,0,0,0,0,0,0,0
320042,1,1,0,0,0,0,0,0,0,0,0,0
320042,2,1,0,0,0,0,0,0,0,0,0,0
320043,1,1,0,0,0,0,0,0,0,0,0,0
320044,0,1,0,0,0,0,0,0,0,0,0,0
320044,1,1,0,0,0,0,0,0,0,0,0,0
320045,1,1,24,24,24,24,24,24,24,24,24,24
320045,2,1,0,0,0,0,7,0,0,0,0,0
320046,1,1,26,26,26,26,26,26,26,26,26,26
320047,0,1,0,0,0,0,0,0,0,0,0,0
320047,1,1,0,0,0,0,0,0,0,0,0,0
320048,1,1,20,20,20,20,20,20,20,20,20,20
320049,0,1,0,0,0,0,0,0,0,0,0,0
320049,1,1,0,0,0,0,21,0,0,0,0,10
320050,1,1,19,19,19,19,19,19,19,19,19,19
320051,1,1,19,19,19,19,19,19,19,19,19,19
320052,1,1,20,20,20,20,20,20,20,20,20,20
320052,2,1,0,0,0,0,0,0,0,0,0,0
320052,3,1,0,0,0,0,0,0,0,0,0,0
320053,1,1,9,9,9,9,9,9,9,9,9,9
320053,2,1,0,0,0,0,0,0,0,0,0,0
320054,1,1,11,11,11,11,11,11,11,11,11,11
320054,2,1,0,0,0,0,0,0,0,0,0,0
320055,0,1,36,36,36,36,36,36,36,36,36,36
320055,1,1,0,0,0,0,0,0,0,0,0,0
320056,1,1,0,0,0,0,0,0,0,0,0,0
320057,0,1,0,0,0,0,0,0,0,0,0,0
320057,1,1,25,25,25,25,25,25,25,25,25,25
320058,1,1,0,0,0,0,0,0,0,0,0,0
320058,2,1,0,0,0,0,0,0,0,0,0,0
320059,0,1,0,0,0,0,0,0,0,0,0,0
320059,1,1,0,0,0,0,0,0,0,0,0,0
320060,1,1,0,0,0,0,0,0,0,0,0,0
320061,1,1,35,35,35,35,35,35,35,35,35,35
320062,0,1,37,37,37,37,37,37,37,37,37,37
320062,1,1,0,0,18,19,0,31,22,0,17,25
320063,0,1,0,0,0,0,0,0,0,0,0,0
320063,1,1,0,0,0,0,0,0,0,0,0,0
320064,1,1,0,0,0,0,0,0,0,0,0,0
320064,2,1,0,0,0,0,0,0,0,0,0,0
320065,1,1,0,0,0,0,0,0,0,0,0,0
320065,2,1,0,0,0,0,0,0,0,0,0,0
320066,1,1,0,0,0,0,0,0,0,0,0,0
320066,2,1,0,0,0,0,0,0,0,0,0,0
320067,0,1,0,0,0,0,0,0,0,0,0,0
320067,1,1,0,0,0,0,0,0,0,0,0,0
320068,0,1,42,42,42,42,42,42,42,42,42,42
320068,1,1,0,0,0,0,0,0,17,0,0,0
320069,0,1,0,0,0,0,0,0,0,0,0,0
320069,1,1,0,0,0,0,0,0,19,0,0,0
320070,1,1,30,30,30,30,30,30,30,30,30,30
320071,1,1,20,20,20,20,20,20,20,20,20,20
320072,1,1,25,25,25,25,25,25,25,25,25,25
320073,1,1,0,0,0,0,0,0,0,0,0,0
320073,2,1,0,0,0,0,0,0,0,0,0,0
320074,1,1,20,20,20,20,20,20,20,20,20,20
320074,2,1,2,2,2,2,2,2,2,2,2,2
320075,1,1,0,0,0,0,7,0,0,0,0,0
320076,1,1,23,23,23,23,23,23,23,23,23,23
320076,2,1,0,0,0,0,0,0,0,0,0,0
320076,3,1,0,0,0,0,0,0,14,0,0,0
320077,1,1,0,0,0,0,0,0,0,0,0,0
320077,2,1,0,0,0,0,0,0,0,0,0,0
320078,1,1,23,23,23,23,23,23,23,23,23,23
320079,1,1,0,0,0,0,0,0,0,0,0,0
320080,1,1,0,0,0,0,0,0,0,0,0,0
320080,2,1,0,0,0,0,0,0,0,0,0,0
320081,1,1,0,0,0,0,0,0,0,0,0,0
320081,2,1,7,7,7,7,7,7,7,7,7,7
320082,1,1,0,0,0,0,0,0,0,0,0,0
320082,2,1,0,0,0,0,0,0,0,0,0,0
320082,3,1,0,0,0,0,0,0,0,0,0,0
320083,1,1,0,0,0,0,0,0,0,0,0,0
320083,2,1,12,12,12,12,12,12,12,12,12,12
320084,1,1,1,1,1,1,1,1,1,1,1,1
320085,0,1,0,0,0,0,0,0,0,0,0,0
320085,1,1,0,0,0,0,0,0,0,0,0,0
320086,1,1,22,22,22,22,22,22,22,22,22,22
320087,1,1,0,0,0,0,0,0,0,0,0,0
320087,3,1,0,0,0,0,0,0,0,0,0,0
320088,1,1,0,0,0,0,0,0,0,0,0,0
320089,0,1,0,0,0,0,0,0,0,0,0,0
320089,1,1,0,0,0,0,0,0,0,0,0,0
320090,1,1,0,0,0,0,0,0,0,0,0,0
320090,2,1,0,0,0,0,0,0,0,0,0,0
320090,3,1,0,0,0,0,0,0,0,0,0,0
320090,4,1,0,0,0,0,0,0,0,0,0,0
320091,0,1,20,20,20,20,20,20,20,20,20,20
320091,1,1,0,0,0,6,0,11,14,0,0,0