ST_CASE,VEH_NO,PER_NO,P1,P2,P3,P4,P5,P6,P7,P8,P9,P10
320092,1,1,0,11,0,0,0,0,0,0,0,0
320092,2,1,0,0,0,0,0,0,0,10,0,0
320093,1,1,0,0,0,0,0,0,6,0,0,0
320094,1,1,3,3,3,3,3,3,3,3,3,3
320095,1,1,0,0,0,0,0,0,0,0,0,0
320096,0,1,0,0,0,0,0,0,0,0,0,0
320096,1,1,0,0,0,0,0,0,0,0,0,0
320096,2,1,0,0,0,0,0,0,0,0,0,0
320096,3,1,0,0,0,0,0,0,0,0,0,0
320097,0,1,0,0,0,0,0,0,0,0,0,0
320097,1,1,0,0,0,0,0,0,0,0,0,0
320098,1,1,0,0,0,0,0,0,0,0,0,0
320098,3,1,0,0,0,0,0,0,0,0,0,0
320099,0,1,29,29,29,29,29,29,29,29,29,29
320099,1,1,0,0,0,0,0,0,0,0,0,0
320100,1,1,0,0,0,0,0,0,0,0,0,0
320101,1,1,20,20,20,20,20,20,20,20,20,20
320101,2,1,0,31,0,0,0,0,0,0,0,0
320102,0,1,0,0,0,0,0,0,0,0,0,0
320102,1,1,0,0,19,0,0,0,0,0,0,0
320103,1,1,17,17,17,17,17,17,17,17,17,17
320104,0,1,0,0,0,0,0,0,0,0,0,0
320104,1,1,0,0,0,0,0,11,8,0,0,0
320105,1,1,0,0,0,0,0,0,0,0,0,0
320105,2,1,0,0,0,0,0,0,0,13,0,0
320106,0,1,0,0,0,0,0,0,0,0,0,0
320106,1,1,0,0,0,0,0,0,18,0,0,12
320107,1,1,0,22,23,9,10,21,8,6,18,18
320107,2,1,9,9,9,9,9,9,9,9,9,9
320108,1,1,23,23,23,23,23,23,23,23,23,23
320108,2,1,0,12,0,0,0,0,0,0,0,0
320109,0,1,0,12,29,0,0,0,0,0,0,15
320109,1,1,0,7,0,0,0,0,0,0,0,0
320110,1,1,0,0,0,0,5,0,0,0,0,0
320110,2,1,0,0,0,0,0,0,0,0,0,0
320111,0,1,0,0,0,0,21,0,0,0,0,0
320111,1,1,0,0,0,0,0,0,0,0,0,0
320112,1,1,0,0,0,0,0,0,0,0,0,0
320113,1,1,0,0,0,0,0,0,0,0,0,0
320113,2,1,0,0,0,0,0,0,0,0,0,0
320114,1,1,16,16,16,16,16,16,16,16,16,16
320114,2,1,0,0,0,0,0,0,0,0,0,0
320115,0,1,0,0,0,0,0,0,0,0,0,0
320115,1,1,0,0,0,0,0,0,0,0,0,0
320116,0,1,0,0,0,0,0,0,0,0,0,0
320116,1,1,0,0,0,0,0,0,0,0,0,0
320117,1,1,16,16,16,16,16,16,16,16,16,16
320117,2,1,0,0,0,0,0,0,0,0,0,0
320118,0,1,0,0,0,0,0,0,0,0,0,0
320118,1,1,0,0,0,0,0,0,0,0,0,0
320119,1,1,0,0,0,0,0,0,0,0,0,0
320120,1,1,16,16,16,16,16,16,16,16,16,16
320121,1,1,18,18,18,18,18,18,18,18,18,18
320121,2,1,0,0,0,0,0,0,0,0,0,0
320122,1,1,0,0,0,0,0,0,0,0,0,0
320122,2,1,0,0,0,0,0,0,0,0,0,0
320122,3,1,0,0,0,0,0,0,0,0,0,0
320122,4,1,0,0,0,0,0,0,0,0,0,0
320122,5,1,0,0,0,0,0,0,0,0,0,0
320122,6,1,0,0,0,0,0,0,0,0,0,0
320122,7,1,0,0,0,0,0,0,0,0,0,0
320122,8,1,0,0,0,0,0,0,0,0,0,0
320122,9,1,0,0,0,0,0,0,0,0,0,0
320122,10,1,0,0,0,0,0,0,0,0,0,0
320122,11,1,0,0,0,0,0,0,0,0,0,0
320122,12,1,30,0,9,0,0,0,0,0,0,0
320122,13,1,0,0,0,0,0,0,0,0,0,0
320122,14,1,0,0,0,0,0,0,0,0,0,0
320122,15,1,0,0,0,0,0,0,0,0,0,0
320123,0,1,0,0,0,0,0,0,0,0,0,0
320123,1,1,0,0,16,0,0,0,0,0,0,0
320124,1,1,0,0,0,0,0,0,0,0,0,0
320125,1,1,0,0,0,0,0,0,0,0,0,0
320126,1,1,18,18,18,18,18,18,18,18,18,18
320127,1,1,0,0,0,0,0,0,0,0,0,0
320128,1,1,0,0,0,0,0,0,0,0,0,0
320128,2,1,0,0,0,0,0,0,0,0,0,0
320129,0,1,26,26,26,26,26,26,26,26,26,26
320129,1,1,9,14,3,0,8,7,21,21,0,8
320130,1,1,27,27,27,27,27,27,27,27,27,27
320130,2,1,0,0,0,0,0,0,0,0,0,0
320131,1,1,0,0,0,0,0,0,0,0,0,0
320131,2,1,0,0,0,0,0,0,0,0,0,0
320131,3,1,0,0,0,0,0,0,0,0,0,0
320132,1,1,19,19,19,19,19,19,19,19,19,19
320132,2,1,0,0,0,0,0,0,0,0,12,0
320133,1,1,0,0,0,0,0,0,0,0,0,0
320133,2,1,0,0,0,0,0,0,0,0,0,0
320134,1,1,4,4,4,4,4,4,4,4,4,4
320134,2,1,0,0,0,0,0,0,0,0,0,0
320135,1,1,0,0,0,0,0,0,0,0,0,0
320135,2,1,0,0,0,0,0,0,0,0,0,0
320136,1,1,0,0,0,0,0,0,0,0,0,0
320136,2,1,0,0,0,0,0,0,0,0,0,0
320137,1,1,0,0,0,0,0,0,0,0,0,0
320137,2,1,8,8,8,8,8,8,8,8,8,8
320138,1,1,15,15,15,15,15,15,15,15,15,15
320139,0,1,29,29,29,29,29,29,29,29,29,29
320139,1,1,0,0,0,0,0,0,7,0,9,20
320140,1,1,0,0,0,0,0,0,0,0,0,0
320141,0,1,0,0,0,0,0,0,0,0,0,0
320141,1,1,0,0,0,0,0,0,0,0,0,0
320142,1,1,12,14,32,0,0,31,11,10,22,13
320143,1,1,8,8,8,8,8,8,8,8,8,8
320143,2,1,0,0,0,0,0,0,0,0,0,0
320144,0,1,0,0,0,0,0,0,0,0,0,0
320144,1,1,0,0,0,0,0,0,0,0,0,0
320145,0,1,0,0,0,0,0,0,0,0,0,0
320145,1,1,0,0,0,0,0,0,0,0,0,0
320146,0,1,21,21,21,21,21,21,21,21,21,21
320146,1,1,0,0,0,0,18,0,0,0,0,0
320147,0,1,0,0,0,0,0,0,0,0,0,0
320147,1,1,0,0,0,0,0,0,0,0,0,0
320148,0,1,0,0,0,0,0,0,0,0,0,0
320148,1,1,0,0,0,0,0,0,0,0,0,0
320149,1,1,0,0,0,0,0,0,0,0,0,0
320149,2,1,0,0,0,0,0,0,0,0,0,0
320150,0,1,34,34,34,34,34,34,34,34,34,34
320150,1,1,0,10,0,0,0,11,0,0,0,0
320151,1,1,19,19,19,19,19,19,19,19,19,19
320152,0,1,20,20,20,20,20,20,20,20,20,20
320152,1,1,0,0,0,0,18,0,0,0,0,0
320153,1,1,10,10,10,10,10,10,10,10,10,10
320154,1,1,3,3,3,3,3,3,3,3,3,3
320154,2,1,8,8,8,8,8,8,8,8,8,8
320155,1,1,0,0,0,0,0,0,0,0,0,0
320155,2,1,0,0,0,0,0,0,0,0,0,0
320156,1,1,0,0,0,0,0,0,0,0,0,0
320156,2,1,0,0,0,0,0,0,0,0,0,0
320157,1,1,0,0,0,0,0,0,0,0,0,0
320157,2,1,0,0,0,0,8,0,0,0,0,0
320157,3,1,0,0,0,0,7,0,0,0,0,0
320158,0,1,22,22,22,22,22,22,22,22,22,22
320158,1,1,0,0,0,0,0,0,0,0,0,0
320158,2,1,0,0,0,0,0,0,0,0,0,0
320158,3,1,0,0,9,0,0,0,0,0,0,0
320159,1,1,0,0,0,0,0,0,0,0,0,0
320159,2,1,0,0,0,0,0,0,0,0,14,0
320160,1,1,22,22,22,22,22,22,22,22,22,22
320161,1,1,0,0,0,0,0,0,0,0,0,0
320161,2,1,0,0,0,0,0,0,0,0,0,0
320162,1,1,28,28,28,28,28,28,28,28,28,28
320163,1,1,27,27,27,27,27,27,27,27,27,27
320163,2,1,0,0,0,0,0,0,0,0,0,0
320164,1,1,0,0,0,0,0,0,0,0,0,0
320165,1,1,0,0,0,0,0,17,0,0,0,0
320165,2,1,0,0,0,0,0,0,0,0,0,0
320166,1,1,9,9,9,9,9,9,9,9,9,9
320167,1,1,0,0,0,0,0,0,0,0,0,0
320167,2,1,0,0,0,0,0,0,0,0,0,0
320168,1,1,0,0,0,0,0,0,0,0,0,0
320169,0,1,0,0,0,0,0,0,0,0,0,0
320169,1,1,0,0,0,0,0,15,0,0,0,0
320170,1,1,0,0,0,0,0,0,0,0,0,0
320170,2,1,0,0,0,0,0,0,0,0,0,0
320171,1,1,23,23,23,23,23,23,23,23,23,23
320172,1,1,0,0,0,0,0,0,0,0,0,0
320173,1,1,0,0,0,0,0,0,0,0,0,0
320174,1,1,0,0,0,0,0,0,0,0,0,0
320174,2,1,0,0,0,0,0,0,0,0,0,0
320175,0,1,25,25,25,25,25,25,25,25,25,25
320175,1,1,0,0,0,0,0,0,0,0,5,0
320176,1,1,0,0,0,0,0,0,0,0,0,0
320177,1,1,0,0,0,0,0,0,0,0,0,0
320177,2,1,0,0,0,0,0,0,0,0,0,0
320178,1,1,0,0,0,0,0,0,0,0,0,0
320179,1,1,0,0,0,0,0,0,0,0,0,0
320180,1,1,12,12,12,12,12,12,12,12,12,12
320180,2,1,0,0,0,0,0,0,0,0,0,0
320181,1,1,0,0,0,0,0,0,0,0,0,0
320182,1,1,0,0,0,0,13,0,0,0,0,0
320182,2,1,0,0,0,0,0,0,0,0,0,0
320183,1,1,0,0,0,0,0,0,0,0,0,0
320184,0,1,0,0,0,0,0,0,0,0,0,0
320184,1,1,0,0,0,0,0,0,0,0,0,0
320185,1,1,12,12,12,12,12,12,12,12,12,12
320185,2,1,11,11,11,11,11,11,11,11,11,11
320186,0,1,37,37,37,37,37,37,37,37,37,37
320186,1,1,0,0,0,0,0,0,0,0,0,0
320187,0,1,4,4,4,4,4,4,4,4,4,4
320187,1,1,0,22,0,0,0,0,0,0,0,25
320188,0,1,27,27,27,27,27,27,27,27,27,27
320188,1,1,0,0,0,0,0,0,0,0,0,36
320188,2,1,0,0,0,0,0,0,0,0,0,0
320189,1,1,0,0,0,0,0,0,0,0,0,0
320189,2,1,0,0,0,0,0,0,0,0,0,0
320190,0,1,25,25,25,25,25,25,25,25,25,25
320190,1,1,0,0,0,0,0,0,0,0,0,0
320190,2,1,9,0,0,21,0,0,17,0,10,0
320191,0,1,0,16,15,0,0,0,0,0,0,0
320191,1,1,0,0,0,0,0,0,0,0,0,0
320192,1,1,0,0,0,0,0,0,0,0,0,0
320192,2,1,0,0,0,0,0,0,0,0,0,0
320192,3,1,17,17,17,17,17,17,17,17,17,17
320193,1,1,6,6,6,6,6,6,6,6,6,6
320193,2,1,0,0,0,0,0,0,0,0,0,0
320194,1,1,0,0,0,0,0,0,0,0,0,0
320194,2,1,0,0,0,0,0,0,0,0,0,0
320195,1,1,0,0,0,7,0,0,0,0,0,0
320195,2,1,0,0,0,0,0,0,0,0,0,0
320196,1,1,0,0,7,0,0,0,0,0,0,0
320196,2,1,0,0,0,0,0,0,0,0,0,0
320197,1,1,0,0,0,0,0,0,0,0,0,0
320197,2,1,0,0,0,0,0,0,0,0,0,0
320198,0,1,20,20,20,20,20,20,20,20,20,20
320198,1,1,0,0,0,0,0,0,0,0,0,0
320199,1,1,0,0,0,0,0,0,0,0,0,0
320199,2,1,0,0,0,0,0,0,0,0,0,0
320199,3,1,0,0,0,0,0,0,0,0,0,0
320200,1,1,0,0,0,0,0,0,0,0,0,0
320200,2,1,0,7,0,0,0,0,0,0,0,0
320200,3,1,6,0,0,0,0,0,0,4,4,0
320201,1,1,8,8,8,8,8,8,8,8,8,8
320202,1,1,0,0,0,0,0,0,0,0,0,0
320203,0,1,0,0,0,0,0,0,0,0,0,0
320203,0,2,0,0,0,0,0,0,0,0,0,0
320203,0,3,0,0,0,0,0,0,0,0,0,0
320203,0,4,0,0,0,0,0,0,0,0,0,0
320203,1,1,0,0,0,0,0,0,0,0,0,0
320204,1,1,12,12,12,12,12,12,12,12,12,12
320204,2,1,0,0,0,5,0,0,0,0,0,0
320204,3,1,0,0,0,0,0,0,0,0,0,0
320205,1,1,0,0,0,0,0,0,0,0,0,0
320205,2,1,0,0,0,0,0,0,0,0,0,0
320206,0,1,0,0,0,0,0,0,0,0,0,0
320206,1,1,0,0,0,0,0,0,3,0,0,0
320207,1,1,0,0,0,0,0,0,0,0,0,0
320208,1,1,0,0,0,0,0,0,0,0,0,0
320209,1,1,0,0,0,0,0,0,0,0,0,0
320210,0,1,15,15,15,15,15,15,15,15,15,15
320210,1,1,18,0,0,0,0,0,0,0,0,0
320211,0,1,0,0,0,0,0,0,0,0,0,0
320211,1,1,0,0,0,0,0,0,0,0,0,0
320212,0,1,0,0,0,0,0,0,0,0,0,0
320212,1,1,0,0,0,0,0,12,0,20,0,22
320213,1,1,36,36,36,36,36,36,36,36,36,36
320214,0,1,0,0,0,0,0,0,0,0,0,0
320214,0,2,0,0,0,0,0,0,0,0,0,0
320214,0,3,0,0,0,0,0,0,0,0,0,0
320214,1,1,0,0,18,0,0,0,0,0,0,0
320215,0,1,29,29,29,29,29,29,29,29,29,29
320215,0,2,22,38,20,0,0,0,0,9,0,0
320215,1,1,0,0,0,0,0,0,0,0,0,0
320216,1,1,3,3,3,3,3,3,3,3,3,3
320216,2,1,0,0,0,0,0,0,0,0,0,0
320217,1,1,0,0,0,0,0,0,0,0,0,0
320217,2,1,0,0,0,0,0,0,0,0,0,0
320218,0,1,0,0,0,0,0,0,0,0,0,0
320218,1,1,0,0,0,0,0,0,0,0,0,0
320219,1,1,0,0,0,0,0,0,0,0,0,0
320219,2,1,11,11,11,11,11,11,11,11,11,11
320220,0,1,13,13,13,13,13,13,13,13,13,13
320220,1,1,0,0,0,0,0,0,0,0,0,0
320221,0,1,0,0,0,0,0,0,0,0,0,0
320221,1,1,0,0,0,0,0,0,0,0,0,0
320222,0,1,24,24,24,24,24,24,24,24,24,24
320222,1,1,21,0,0,0,0,0,0,0,0,0
320223,1,1,29,29,29,29,29,29,29,29,29,29
320224,0,1,10,10,10,10,10,10,10,10,10,10
320224,1,1,0,0,0,0,0,0,0,0,0,0
320225,1,1,0,0,0,0,0,0,0,0,0,0
320225,2,1,16,0,0,0,15,0,0,0,14,0
320226,0,1,0,0,0,0,0,0,0,0,0,0
320226,1,1,0,0,0,0,0,0,0,0,0,0
320227,1,1,29,29,29,29,29,29,29,29,29,29
320228,1,1,19,19,19,19,19,19,19,19,19,19
320228,2,1,0,0,0,0,0,0,0,0,0,0
320229,0,1,0,0,0,0,0,0,0,0,0,0
320229,1,1,0,0,0,0,0,0,0,0,0,0
320230,1,1,26,0,0,12,0,0,0,0,0,0
320231,1,1,0,4,0,0,11,0,0,0,0,0
320231,2,1,13,13,13,13,13,13,13,13,13,13
320232,1,1,20,20,20,20,20,20,20,20,20,20
320233,1,1,0,0,0,0,0,0,0,0,0,0
320233,2,1,0,0,0,0,0,0,0,0,0,0
320234,0,1,0,0,0,0,0,0,0,0,0,0
320234,1,1,0,0,0,0,0,0,0,0,0,0
320235,1,1,0,0,0,0,0,0,0,9,0,0
320235,2,1,0,0,0,0,0,0,0,0,0,0
320236,0,1,11,11,11,11,11,11,11,11,11,11
320236,1,1,5,0,12,0,7,0,19,0,0,0
320237,1,1,0,0,0,0,0,0,0,0,0,0
320237,2,1,0,0,0,0,0,0,0,0,0,0
320238,0,1,0,0,0,0,0,0,0,0,0,0
320238,1,1,0,0,0,0,0,0,0,0,0,0
320239,1,1,14,14,14,14,14,14,14,14,14,14
320240,0,1,29,29,29,29,29,29,29,29,29,29
320240,1,1,0,0,0,0,0,0,0,0,0,0
320241,0,1,24,24,24,24,24,24,24,24,24,24
320241,1,1,8,0,0,0,18,0,0,0,20,0
320242,0,1,0,0,0,0,0,0,0,0,0,0
320242,1,1,0,0,18,0,0,0,0,0,23,0
320243,1,1,0,0,0,0,0,0,0,0,0,0
320243,2,1,0,0,0,0,0,0,0,0,0,0
320243,3,1,0,0,0,0,0,0,0,0,0,0
320243,4,1,7,0,0,0,0,0,0,0,0,8
320243,5,1,0,0,11,0,0,0,0,10,0,0
320243,6,1,0,23,0,8,0,0,0,0,0,0
320244,1,1,31,31,31,31,31,31,31,31,31,31
320244,2,1,0,0,0,0,0,0,0,0,0,0
320245,1,1,0,0,0,0,0,0,0,0,0,0
320245,2,1,0,0,0,0,0,0,0,0,0,0
320245,3,1,0,0,0,0,0,0,0,0,0,0
330001,1,1,11,11,11,11,11,11,11,11,11,11
330002,1,1,15,15,15,15,15,15,15,15,15,15
330003,1,1,0,0,0,0,0,0,0,0,0,0
330003,2,1,0,0,0,0,0,0,0,0,0,0
330004,1,1,0,0,0,0,0,0,0,0,0,0
330004,2,1,0,0,0,0,0,0,0,0,0,0
330005,1,1,0,0,0,0,0,0,0,0,0,0
330005,2,1,0,0,0,0,0,0,0,0,0,0
330006,1,1,0,0,0,0,0,0,0,0,0,0
330006,2,1,0,0,0,0,0,0,0,0,0,0
330007,1,1,8,8,8,8,8,8,8,8,8,8
330007,2,1,0,0,0,0,0,0,0,0,0,0
330008,1,1,17,17,17,17,17,17,17,17,17,17
330009,1,1,0,0,0,0,0,0,0,0,0,0
330010,1,1,19,19,19,19,19,19,19,19,19,19
330011,1,1,10,13,0,0,0,0,0,0,0,0
330012,1,1,0,0,0,0,0,0,0,0,0,0
330012,2,1,0,0,0,0,0,0,0,0,0,0
330013,1,1,0,0,0,0,0,0,0,0,0,0
330013,2,1,0,0,0,0,0,0,0,0,0,0
330014,1,1,0,0,0,0,0,0,0,0,0,0
330014,2,1,0,0,0,0,0,0,0,0,0,0
330015,1,1,0,29,11,0,20,0,15,0,0,12
330016,1,1,10,10,10,10,10,10,10,10,10,10
330017,1,1,0,0,0,0,0,0,0,0,0,0
330018,1,1,19,19,19,19,19,19,19,19,19,19
330019,1,1,0,0,0,0,0,0,0,0,0,0
330020,1,1,23,23,23,23,23,23,23,23,23,23
330020,2,1,0,0,0,0,0,0,0,0,0,0
330021,1,1,19,19,19,19,19,19,19,19,19,19
330021,2,1,0,0,0,0,0,0,0,0,0,0
330022,1,1,20,20,20,20,20,20,20,20,20,20
330023,1,1,0,0,0,0,0,0,0,0,0,0
330024,0,1,0,0,0,0,0,0,0,0,0,0
330024,0,2,0,0,0,0,0,0,0,0,0,0
330024,1,1,0,0,0,0,0,0,0,0,0,0
330025,1,1,6,6,6,6,6,6,6,6,6,6
330026,1,1,0,0,0,0,0,0,0,0,0,0
330026,2,1,0,0,0,0,0,0,0,0,0,0
330027,1,1,17,17,17,17,17,17,17,17,17,17
330028,1,1,0,0,0,0,0,0,0,0,0,0
330028,2,1,0,0,0,0,0,5,0,4,0,0
330029,1,1,0,0,0,0,0,0,0,0,0,0
330029,2,1,0,0,0,0,0,0,0,0,0,0
330030,1,1,20,20,20,20,20,20,20,20,20,20
330031,0,1,0,0,0,0,0,0,0,0,0,0
330031,1,1,0,0,0,0,0,0,0,0,0,0
330032,1,1,0,0,0,0,0,0,0,0,0,0
330033,1,1,0,0,0,0,0,0,0,0,0,0
330034,0,1,0,0,0,0,0,0,0,0,0,0
330034,0,2,22,0,0,0,0,0,0,0,10,0
330034,1,1,0,0,0,0,0,0,0,0,0,0
330034,2,1,14,0,0,0,16,0,0,20,0,0
330035,1,1,0,0,0,0,12,0,3,0,0,0
330035,2,1,0,16,14,0,4,0,0,0,10,0
330036,0,1,39,39,39,39,39,39,39,39,39,39
330036,1,1,0,0,0,0,0,0,0,0,0,0
330037,1,1,12,12,12,12,12,12,12,12,12,12
330037,2,1,0,0,0,0,0,0,0,0,0,15
330038,1,1,19,19,19,19,19,19,19,19,19,19
330039,1,1,22,22,22,22,22,22,22,22,22,22
330039,2,1,0,0,0,0,0,0,17,6,0,0
330040,1,1,0,0,0,0,0,0,0,0,0,0
330041,1,1,0,0,0,0,0,0,0,0,0,0
330042,1,1,0,0,0,0,0,0,0,0,0,0
330043,1,1,0,0,0,0,0,0,0,0,0,0
330044,1,1,0,41,0,0,20,8,15,16,3,6
330045,1,1,0,0,0,0,0,0,0,0,0,0
330045,2,1,0,0,0,0,0,0,0,0,0,0
330046,1,1,0,0,0,0,0,0,0,0,0,0
330047,0,1,19,0,0,0,16,7,0,20,0,0
330047,0,2,0,14,18,0,0,0,0,0,0,0
330047,1,1,26,26,26,26,26,26,26,26,26,26
330048,1,1,0,0,0,0,0,0,0,0,0,0
330048,2,1,0,0,0,0,0,0,0,0,0,0
330049,1,1,26,26,26,26,26,26,26,26,26,26
330050,1,1,0,0,0,0,0,0,0,0,0,0
330051,1,1,32,32,32,32,32,32,32,32,32,32
330052,1,1,0,0,0,0,0,0,0,0,0,0
330053,1,1,28,28,28,28,28,28,28,28,28,28
330054,1,1,16,16,16,16,16,16,16,16,16,16
330054,2,1,0,0,0,0,0,0,0,0,0,0
330055,1,1,14,14,14,14,14,14,14,14,14,14
330056,1,1,0,0,0,0,0,0,0,0,0,0
330057,1,1,21,21,21,21,21,21,21,21,21,21
330058,1,1,18,6,0,0,0,0,0,0,26,6
330058,2,1,0,0,0,0,0,0,0,0,0,0
330058,3,1,0,0,0,0,0,0,0,0,0,0
330059,1,1,0,0,0,12,0,0,0,0,0,0
330059,2,1,0,0,0,0,0,0,0,0,0,0
330060,1,1,7,7,7,7,7,7,7,7,7,7
330061,1,1,27,27,27,27,27,27,27,27,27,27
330062,1,1,27,27,27,27,27,27,27,27,27,27
330063,1,1,0,0,0,0,0,0,0,0,0,0
330063,2,1,0,0,0,0,0,0,0,0,0,0
330064,1,1,5,5,5,5,5,5,5,5,5,5
330065,1,1,0,0,0,0,0,0,0,0,0,0
330066,1,1,28,28,28,28,28,28,28,28,28,28
330067,1,1,0,0,0,0,0,0,0,0,0,0
330068,0,1,0,0,0,0,0,0,0,0,0,0
330068,1,1,0,0,0,0,0,0,0,0,0,0
330069,1,1,0,0,0,0,0,0,0,0,0,0
330069,2,1,0,0,0,0,0,0,0,0,0,0
330070,1,1,15,15,15,15,15,15,15,15,15,15
330070,2,1,0,0,0,0,0,0,0,0,0,0
330071,1,1,0,0,0,0,0,0,0,0,0,0
330072,1,1,7,7,7,7,7,7,7,7,7,7
330073,1,1,0,0,0,0,0,0,0,0,0,0
330074,1,1,6,6,6,6,6,6,6,6,6,6
330075,1,1,0,0,0,0,0,0,0,0,0,0
330075,2,1,22,0,0,0,0,0,0,0,0,0
330075,3,1,0,0,0,0,0,0,0,0,0,0
330076,1,1,0,0,0,0,0,0,0,0,0,0
330076,2,1,1,1,1,1,1,1,1,1,1,1
330077,0,1,3,3,3,3,3,3,3,3,3,3
330077,1,1,0,0,0,0,0,0,0,0,0,0
330078,1,1,0,0,0,0,0,0,0,0,0,0
330079,0,1,0,0,0,0,0,0,0,0,0,0
330079,0,2,0,0,0,0,0,0,0,0,0,0
330079,1,1,0,0,0,0,0,0,0,0,0,0
330080,1,1,0,0,0,0,0,0,0,0,0,0
330080,2,1,0,0,0,0,0,0,0,0,0,0
330081,1,1,0,0,0,0,0,0,0,0,0,0
330082,1,1,0,0,0,0,0,0,0,0,0,0
330083,1,1,0,0,0,0,0,0,0,0,0,0
330084,1,1,18,18,18,18,18,18,18,18,18,18
330085,1,1,0,0,0,0,0,0,0,0,0,0
330086,1,1,20,20,20,20,20,20,20,20,20,20
330087,1,1,0,0,0,0,0,0,0,0,0,0
330088,1,1,0,0,0,0,0,0,0,0,0,0
330088,2,1,11,11,11,11,11,11,11,11,11,11
330089,1,1,0,0,0,0,0,0,0,0,0,0
330089,2,1,0,0,0,0,0,0,0,0,0,0
330090,0,1,0,0,0,0,0,0,0,0,0,0
330090,1,1,13,13,13,13,13,13,13,13,13,13
330091,1,1,0,0,0,0,0,0,0,0,0,0
330092,0,1,0,0,0,0,0,0,0,0,0,0
330092,1,1,0,0,0,0,0,0,0,0,0,0
330093,0,1,0,0,0,0,0,0,0,0,0,0
330093,1,1,0,0,0,0,0,0,0,0,0,0
330094,1,1,0,0,0,0,0,0,0,0,0,0
330094,2,1,0,0,0,0,0,0,0,0,0,0
330095,1,1,0,0,0,0,0,0,0,0,0,0
330096,1,1,21,21,21,21,21,21,21,21,21,21
330097,1,1,23,23,23,23,23,23,23,23,23,23
330098,0,1,20,20,20,20,20,20,20,20,20,20
330098,1,1,18,18,18,18,18,18,18,18,18,18
330099,1,1,0,0,0,0,0,0,0,0,0,0
330099,2,1,0,12,0,17,0,0,0,18,0,10
330100,1,1,19,19,19,19,19,19,19,19,19,19
330101,1,1,14,14,14,14,14,14,14,14,14,14
330102,1,1,11,11,11,11,11,11,11,11,11,11
330103,1,1,0,0,0,0,0,0,0,0,0,0
330104,1,1,0,0,0,17,0,0,0,0,0,0
330105,1,1,22,22,22,22,22,22,22,22,22,22
330106,1,1,0,0,0,0,0,0,0,0,0,0
330106,2,1,0,0,0,0,0,0,0,0,0,0
330107,0,1,0,0,0,0,0,0,0,0,0,0
330107,1,1,0,0,0,0,0,0,0,0,0,0
330108,1,1,34,34,34,34,34,34,34,34,34,34
330108,2,1,0,0,0,0,0,0,0,0,0,0
330109,1,1,0,0,0,0,0,0,0,0,0,0
330110,1,1,0,0,0,0,0,0,0,0,0,0
330111,1,1,10,10,10,10,10,10,10,10,10,10
330112,1,1,0,0,0,0,0,0,0,0,0,0
330112,2,1,0,0,0,0,0,0,0,0,0,0
330113,1,1,0,0,0,0,0,0,0,0,0,0
330113,2,1,0,0,0,0,0,0,0,0,0,0
330114,0,1,17,17,17,17,17,17,17,17,17,17
330114,1,1,0,5,0,0,13,9,6,0,0,0
330115,0,1,0,0,0,0,0,0,0,0,0,0
330115,1,1,0,0,0,0,0,0,0,0,0,0
330116,1,1,0,0,0,0,0,0,0,0,0,0
330116,2,1,0,0,0,0,0,0,0,0,0,0
330117,1,1,0,0,0,0,0,0,0,0,0,0
330118,1,1,0,0,0,0,0,0,0,0,0,0
330118,2,1,0,0,0,0,0,0,0,0,0,0
330119,1,1,0,0,0,0,0,0,0,0,0,0
330119,2,1,0,0,0,0,0,0,0,0,0,0
330119,3,1,0,0,0,0,0,0,0,0,0,0
330120,1,1,0,15,0,0,0,0,0,0,14,25
330121,0,1,0,0,0,0,0,0,0,0,0,0
330121,1,1,0,0,0,0,0,0,0,0,0,0
330122,1,1,0,0,0,0,0,0,0,0,0,0
330122,2,1,0,0,0,0,0,0,0,0,0,0
330123,1,1,0,0,0,0,0,0,0,0,0,0
330123,2,1,9,0,0,0,0,0,0,0,0,0
330124,1,1,0,0,0,0,0,0,0,0,0,0
340001,0,1,22,22,22,22,22,22,22,22,22,22
340001,1,1,0,0,0,0,0,0,0,0,0,0
340002,1,1,0,0,0,0,0,0,0,0,0,0
340002,2,1,0,0,0,7,0,0,0,0,0,0
340003,1,1,0,0,0,0,0,0,0,0,0,0
340004,1,1,0,0,0,0,0,0,0,0,0,0
340004,2,1,0,0,0,0,0,0,0,0,0,0
340005,1,1,31,31,31,31,31,31,31,31,31,31
340006,0,1,0,0,0,0,0,0,0,0,0,0
340006,1,1,0,0,0,0,0,11,0,0,0,0
340008,1,1,16,15,0,22,30,28,13,0,0,0
340009,1,1,0,0,0,0,0,0,0,0,0,0
340009,2,1,0,0,0,0,0,0,0,0,0,0
340010,0,1,0,0,0,0,0,0,0,0,0,0
340010,1,1,0,0,0,0,0,0,0,0,0,0
340011,1,1,0,0,0,0,0,0,0,0,0,0