ST_CASE,VEH_NO,PER_NO,P1,P2,P3,P4,P5,P6,P7,P8,P9,P10
340011,2,1,0,0,16,0,0,0,0,0,0,6
340012,1,1,0,0,0,0,0,0,0,0,0,0
340013,1,1,0,0,0,0,0,0,0,0,0,0
340014,1,1,0,0,0,0,0,0,0,0,0,0
340015,1,1,13,13,13,13,13,13,13,13,13,13
340016,0,1,0,0,0,0,0,0,0,0,0,0
340016,1,1,0,0,0,9,0,0,20,0,0,4
340017,0,1,0,0,0,0,0,0,0,0,0,0
340017,1,1,0,0,0,0,0,15,0,0,0,0
340018,0,1,0,0,0,0,0,0,0,0,0,0
340018,1,1,0,0,0,0,9,11,0,13,0,0
340019,1,1,0,0,0,0,0,0,0,0,0,0
340020,0,1,0,0,0,0,0,0,0,0,0,0
340020,1,1,0,0,0,0,0,0,0,0,0,0
340021,0,1,31,31,31,31,31,31,31,31,31,31
340021,1,1,1,1,1,1,1,1,1,1,1,1
340022,1,1,1,1,1,1,1,1,1,1,1,1
340023,1,1,0,0,0,0,0,0,0,0,0,0
340024,1,1,0,0,0,0,0,0,0,0,0,0
340024,2,1,0,0,0,0,0,0,0,0,0,0
340025,0,1,0,0,0,0,0,0,0,0,0,0
340025,1,1,0,0,0,0,0,0,0,0,0,0
340026,1,1,14,14,14,14,14,14,14,14,14,14
340026,2,1,0,0,0,0,0,0,0,0,0,0
340027,0,1,0,0,7,0,0,0,0,0,0,14
340027,1,1,23,0,4,0,19,0,0,0,0,14
340028,0,1,0,0,0,0,0,0,0,0,0,0
340028,1,1,0,0,0,0,0,0,3,0,0,0
340029,0,1,0,0,0,0,0,0,0,0,0,0
340029,1,1,0,0,0,0,0,0,0,0,0,0
340030,1,1,0,0,0,0,0,0,0,0,0,0
340031,0,1,41,41,41,41,41,41,41,41,41,41
340031,1,1,0,0,0,0,0,0,0,0,0,0
340032,0,1,0,0,0,0,0,0,0,0,0,0
340032,1,1,0,0,0,0,0,0,0,0,0,0
340033,1,1,0,0,0,0,0,0,0,0,0,0
340033,2,1,0,0,0,0,0,0,10,0,0,0
340034,1,1,10,0,0,0,0,0,0,0,0,0
340034,2,1,6,0,0,0,0,0,0,0,0,0
340035,0,1,20,20,20,20,20,20,20,20,20,20
340035,1,1,0,0,0,0,0,0,0,0,0,0
340036,1,1,0,0,0,0,0,0,0,0,0,0
340037,1,1,0,0,0,0,0,0,0,0,0,0
340038,0,1,0,0,0,0,0,0,0,0,0,0
340038,1,1,0,0,25,0,20,18,16,0,0,0
340039,1,1,17,17,17,17,17,17,17,17,17,17
340040,1,1,8,0,0,0,0,0,0,0,0,0
340041,1,1,24,24,24,24,24,24,24,24,24,24
340042,1,1,0,0,44,0,0,11,0,0,0,0
340042,2,1,18,11,19,8,19,0,7,18,11,0
340043,0,1,0,0,0,0,0,0,0,0,0,0
340043,1,1,0,0,0,0,0,0,0,0,0,0
340044,0,1,28,28,28,28,28,28,28,28,28,28
340044,1,1,0,0,0,0,0,0,0,0,0,0
340045,1,1,0,0,0,0,0,0,0,0,0,0
340046,1,1,0,0,0,0,0,0,0,0,0,0
340046,2,1,0,0,0,0,0,0,0,0,0,0
340047,0,1,21,21,21,21,21,21,21,21,21,21
340047,1,1,0,14,0,0,8,0,21,0,0,0
340047,2,1,0,0,0,0,0,0,12,0,0,0
340048,1,1,0,0,0,0,0,0,0,0,0,0
340048,2,1,10,10,10,10,10,10,10,10,10,10
340049,1,1,16,16,16,16,16,16,16,16,16,16
340049,2,1,27,0,0,0,0,0,27,0,0,0
340050,0,1,9,9,9,9,9,9,9,9,9,9
340050,1,1,0,0,0,0,0,10,0,0,9,0
340051,1,1,5,5,5,5,5,5,5,5,5,5
340052,1,1,0,0,0,0,0,0,0,0,0,0
340054,0,1,25,25,25,25,25,25,25,25,25,25
340054,1,1,0,0,0,0,0,0,0,0,0,0
340055,0,1,0,0,0,0,0,0,0,0,0,0
340055,1,1,0,5,0,7,22,0,25,0,0,11
340056,0,1,0,0,0,0,0,0,0,0,0,0
340056,1,1,0,0,0,0,0,0,0,0,0,0
340057,0,1,0,0,0,0,0,0,0,0,0,0
340057,1,1,0,0,0,0,0,0,0,0,0,0
340058,0,1,0,0,0,0,0,0,0,0,0,0
340058,1,1,0,0,0,0,0,0,0,0,0,0
340059,1,1,12,12,12,12,12,12,12,12,12,12
340060,1,1,0,0,0,0,0,0,0,0,0,0
340061,0,1,0,0,0,0,0,0,0,0,0,0
340061,1,1,0,7,0,0,33,0,0,0,0,12
340062,1,1,24,24,24,24,24,24,24,24,24,24
340063,0,1,39,39,39,39,39,39,39,39,39,39
340063,1,1,0,0,0,0,0,0,0,0,0,0
340064,0,1,0,0,0,0,0,0,0,0,0,0
340064,1,1,0,0,0,0,0,0,0,0,0,0
340065,0,1,19,0,14,27,0,8,0,0,0,0
340065,1,1,0,0,0,0,0,0,0,0,0,0
340066,0,1,0,28,11,0,0,0,0,0,0,22
340066,1,1,0,0,0,0,0,0,0,0,0,0
340067,1,1,22,0,0,0,0,0,0,0,0,0
340067,2,1,0,19,0,0,0,0,0,0,0,0
340068,1,1,11,0,0,0,0,11,0,13,25,17
340069,0,1,0,0,0,0,0,0,0,0,0,0
340069,1,1,0,0,0,0,0,0,0,0,0,0
340070,1,1,0,0,0,0,0,0,0,0,0,0
340070,2,1,0,0,0,0,0,0,0,0,0,0
340071,1,1,0,0,0,0,0,0,0,0,0,0
340071,2,1,0,0,0,0,0,0,0,0,0,0
340072,1,1,0,0,0,0,0,0,0,0,0,0
340072,2,1,0,0,0,0,9,0,0,0,0,0
340072,3,1,0,0,0,0,0,0,0,0,0,0
340072,4,1,20,0,0,0,0,0,0,0,0,0
340073,1,1,22,22,22,22,22,22,22,22,22,22
340074,1,1,0,0,0,0,0,0,0,0,0,0
340074,2,1,0,0,0,0,0,0,0,0,0,0
340074,3,1,0,0,0,0,0,0,0,0,0,0
340075,1,1,0,0,0,0,0,13,0,0,0,0
340075,2,1,0,0,0,0,0,0,0,0,0,0
340076,1,1,0,0,0,0,0,0,0,0,0,0
340076,2,1,0,0,0,0,0,0,0,0,0,0
340077,0,1,24,24,24,24,24,24,24,24,24,24
340077,1,1,0,0,0,0,0,0,0,0,0,0
340078,1,1,0,0,0,0,0,0,0,0,0,0
340079,1,1,0,0,0,0,0,0,0,0,0,0
340081,0,1,0,0,0,0,0,0,0,0,0,0
340081,1,1,0,0,0,0,0,0,0,0,0,0
340082,1,1,0,0,0,0,0,0,0,0,0,0
340082,2,1,0,0,0,0,0,0,0,0,0,0
340082,3,1,0,0,0,0,0,0,0,0,0,0
340083,0,1,24,28,29,0,25,12,15,21,16,18
340083,1,1,0,0,0,47,0,0,0,0,3,0
340084,1,1,3,0,0,0,0,0,10,0,0,0
340084,2,1,0,0,0,0,0,0,0,0,0,0
340085,1,1,0,19,0,0,13,0,0,0,0,0
340085,2,1,0,5,0,0,0,0,0,0,0,0
340085,3,1,0,0,0,0,0,16,0,0,0,0
340086,1,1,0,0,0,0,0,0,0,0,0,0
340086,2,1,0,0,17,0,0,0,23,6,0,6
340087,0,1,12,12,12,12,12,12,12,12,12,12
340087,1,1,14,14,14,14,14,14,14,14,14,14
340088,1,1,37,37,37,37,37,37,37,37,37,37
340089,1,1,16,16,16,16,16,16,16,16,16,16
340090,0,1,0,0,0,0,0,0,0,0,0,0
340090,1,1,0,0,0,0,0,0,0,0,0,0
340091,0,1,0,0,0,0,0,0,0,0,0,0
340091,1,1,0,0,0,0,0,20,9,0,0,7
340092,1,1,0,0,0,0,0,0,0,0,0,0
340092,2,1,0,0,0,0,0,0,0,0,0,0
340093,1,1,9,9,13,0,19,14,0,0,34,0
340094,0,1,2,2,2,2,2,2,2,2,2,2
340094,1,1,0,34,11,0,16,0,0,0,0,13
340095,0,1,0,0,0,0,0,0,0,0,0,0
340095,1,1,0,14,0,20,0,0,0,0,11,12
340096,1,1,0,0,0,0,0,0,0,0,0,0
340096,2,1,0,16,0,0,0,7,0,0,0,6
340096,3,1,0,8,7,0,17,0,12,4,4,19
340097,1,1,0,0,0,0,18,5,0,0,0,0
340098,0,1,0,0,0,0,0,0,0,0,0,0
340098,1,1,0,0,0,0,0,0,19,0,0,0
340099,1,1,0,0,0,0,0,0,0,0,0,0
340099,2,1,0,21,0,0,0,8,0,0,0,0
340100,0,1,0,0,0,0,0,0,0,0,0,0
340100,1,1,0,0,0,0,0,0,0,0,0,0
340101,1,1,0,0,0,17,0,0,0,20,0,0
340101,2,1,0,0,0,0,0,0,0,0,0,0
340102,1,1,1,1,1,1,1,1,1,1,1,1
340102,2,1,7,0,0,0,0,0,16,0,0,0
340103,1,1,28,28,28,28,28,28,28,28,28,28
340104,1,1,0,0,0,0,0,0,8,0,0,0
340104,2,1,14,14,14,14,14,14,14,14,14,14
340105,0,1,0,0,0,0,0,0,0,0,0,0
340105,1,1,0,0,0,0,19,9,13,10,0,19
340106,1,1,14,14,14,14,14,14,14,14,14,14
340106,2,1,0,0,0,0,0,0,0,0,0,0
340107,0,1,0,0,0,0,0,0,0,0,0,0
340107,1,1,0,0,0,0,0,0,0,0,0,0
340108,1,1,0,0,0,0,0,0,0,0,0,0
340108,2,1,0,0,0,0,0,0,0,0,0,0
340108,3,1,0,0,4,0,0,0,0,0,0,0
340108,4,1,0,0,0,0,0,0,0,0,0,0
340109,0,1,19,19,19,19,19,19,19,19,19,19
340109,1,1,28,22,0,0,0,0,0,0,0,13
340110,1,1,0,0,0,0,18,0,0,0,0,24
340110,2,1,0,0,0,0,0,0,0,0,0,0
340110,3,1,0,0,0,0,0,0,0,0,0,0
340111,1,1,0,0,22,0,0,0,0,0,0,0
340112,0,1,0,0,0,0,0,0,0,0,0,0
340112,1,1,0,0,0,0,0,0,0,0,0,0
340113,0,1,0,0,0,0,0,0,0,0,0,0
340113,1,1,20,0,0,0,0,0,0,0,0,0
340114,1,1,12,12,12,12,12,12,12,12,12,12
340115,0,1,14,14,14,14,14,14,14,14,14,14
340115,1,1,0,0,0,0,0,0,0,0,0,0
340116,0,1,10,10,10,10,10,10,10,10,10,10
340116,1,1,0,0,0,0,0,0,0,0,0,0
340117,0,1,37,37,37,37,37,37,37,37,37,37
340117,1,1,14,0,0,23,0,0,18,6,20,0
340117,2,1,0,0,0,21,0,0,0,0,0,14
340118,0,1,14,14,14,14,14,14,14,14,14,14
340118,1,1,0,0,0,0,0,0,0,0,0,0
340119,1,1,0,0,0,0,0,0,0,0,0,0
340119,2,1,1,1,1,1,1,1,1,1,1,1
340120,0,1,0,0,0,0,0,0,0,0,0,0
340120,1,1,0,22,8,0,0,43,0,0,0,0
340121,0,1,0,0,0,0,0,0,0,0,0,0
340121,1,1,20,20,20,20,20,20,20,20,20,20
340121,2,1,0,0,0,0,0,0,0,0,0,0
340122,0,1,21,21,21,21,21,21,21,21,21,21
340122,1,1,7,0,0,0,36,0,21,0,0,0
340123,1,1,0,0,0,0,0,0,0,0,0,0
340124,1,1,19,19,19,19,19,19,19,19,19,19
340125,1,1,0,0,0,0,0,0,0,0,0,0
340125,2,1,0,0,0,0,13,0,0,0,0,0
340126,1,1,0,0,0,0,0,0,0,0,0,0
340126,2,1,0,0,0,0,0,0,0,17,0,0
340126,3,1,13,24,0,0,0,0,0,0,0,0
340127,1,1,0,0,0,0,0,0,0,0,0,0
340127,2,1,0,0,0,0,0,0,0,0,0,0
340128,1,1,0,0,0,0,0,0,0,0,0,0
340129,1,1,18,18,18,18,18,18,18,18,18,18
340131,1,1,0,0,0,0,0,0,0,0,0,0
340132,0,1,0,0,0,0,0,0,0,0,0,0
340132,1,1,8,20,0,0,7,0,0,0,9,0
340133,1,1,21,21,21,21,21,21,21,21,21,21
340134,0,1,21,21,21,21,21,21,21,21,21,21
340134,1,1,0,0,0,0,0,0,0,0,0,0
340135,0,1,0,0,0,0,0,0,0,0,0,0
340135,1,1,0,0,0,0,0,0,0,0,5,0
340136,1,1,17,17,17,17,17,17,17,17,17,17
340137,0,1,14,14,14,14,14,14,14,14,14,14
340137,1,1,2,0,0,0,0,0,0,0,0,0
340138,1,1,26,0,0,0,0,0,0,41,0,12
340139,0,1,0,0,0,0,0,0,0,0,0,0
340139,1,1,22,22,22,22,22,22,22,22,22,22
340140,1,1,0,0,0,0,0,0,0,0,0,0
340140,2,1,0,0,0,0,0,0,0,0,0,0
340141,1,1,30,30,30,30,30,30,30,30,30,30
340142,1,1,0,0,0,0,0,0,0,0,0,0
340142,2,1,0,0,0,0,0,0,0,0,0,0
340143,1,1,15,15,15,15,15,15,15,15,15,15
340144,1,1,0,0,0,0,0,0,0,0,0,0
340145,1,1,0,0,0,0,0,0,0,0,0,0
340145,2,1,0,0,0,0,0,0,0,0,0,0
340146,1,1,0,0,0,0,0,0,0,0,0,0
340146,2,1,0,0,0,0,0,0,0,0,0,0
340147,0,1,32,32,32,32,32,32,32,32,32,32
340147,1,1,0,0,0,0,15,0,0,0,29,35
340149,1,1,0,0,0,0,0,0,0,0,0,0
340149,2,1,0,0,0,0,0,0,0,0,0,0
340150,1,1,0,0,0,0,0,0,0,0,0,0
340150,2,1,0,0,0,0,0,17,0,0,0,0
340151,1,1,0,0,0,0,0,0,0,0,0,0
340151,2,1,0,0,7,15,0,0,17,13,0,23
340152,1,1,0,14,0,4,0,0,23,0,0,8
340153,1,1,0,0,0,0,0,0,0,0,0,0
340154,1,1,0,0,0,0,0,0,0,0,0,0
340154,2,1,1,1,1,1,1,1,1,1,1,1
340155,1,1,7,7,7,7,7,7,7,7,7,7
340156,1,1,0,0,0,0,0,0,0,0,0,0
340157,1,1,19,19,19,19,19,19,19,19,19,19
340157,2,1,0,21,0,0,0,0,0,0,0,21
340158,1,1,0,0,0,0,0,0,0,0,0,0
340159,0,1,0,0,0,0,0,0,0,0,0,0
340159,1,1,0,0,2,0,0,0,0,10,0,0
340160,1,1,0,0,0,0,0,0,0,0,0,0
340161,1,1,0,0,0,0,13,0,0,16,26,0
340161,2,1,0,0,0,0,5,0,0,0,0,0
340162,1,1,0,0,0,0,0,0,0,0,0,0
340162,2,1,0,0,0,0,0,0,0,0,0,0
340163,0,1,0,0,0,0,0,0,0,0,0,0
340163,1,1,2,2,2,2,2,2,2,2,2,2
340165,1,1,0,0,0,0,25,0,0,0,0,9
340165,2,1,2,2,2,2,2,2,2,2,2,2
340166,1,1,0,15,0,19,5,0,0,0,27,0
340166,2,1,0,0,0,0,0,0,0,0,0,0
340167,1,1,8,8,8,8,8,8,8,8,8,8
340168,0,1,24,24,24,24,24,24,24,24,24,24
340168,1,1,8,15,0,0,7,0,0,0,10,0
340169,1,1,23,23,23,23,23,23,23,23,23,23
340170,1,1,0,0,0,0,0,0,0,0,0,0
340170,2,1,0,0,0,0,0,0,0,18,0,0
340170,3,1,0,0,0,0,0,0,0,23,0,17
340170,4,1,0,0,0,0,0,0,0,0,0,0
340171,1,1,0,0,0,0,0,0,0,0,0,0
340171,2,1,3,3,3,3,3,3,3,3,3,3
340172,1,1,0,0,0,20,0,0,0,10,0,6
340172,2,1,0,0,0,0,0,0,0,0,0,0
340172,3,1,0,0,0,10,0,0,0,0,0,0
340173,1,1,0,0,0,0,0,0,0,0,0,0
340174,0,1,0,0,0,0,21,0,0,0,0,0
340174,1,1,0,0,0,0,0,0,0,0,0,0
340174,2,1,0,0,0,0,0,0,9,0,0,0
340174,3,1,0,0,0,0,0,0,0,0,0,0
340175,1,1,0,0,0,0,0,0,0,0,0,0
340175,2,1,0,0,0,0,0,0,0,0,0,0
340176,1,1,0,0,0,0,0,0,0,0,0,0
340176,2,1,0,0,0,0,0,0,0,0,0,0
340178,1,1,0,0,0,0,0,0,0,0,0,0
340179,0,1,30,30,30,30,30,30,30,30,30,30
340179,1,1,0,0,0,0,0,0,0,0,0,0
340179,2,1,0,0,0,26,0,13,0,8,0,0
340180,1,1,23,23,23,23,23,23,23,23,23,23
340181,1,1,0,0,0,0,0,0,0,0,0,0
340181,2,1,0,0,0,0,0,0,0,0,0,0
340182,1,1,12,0,0,0,0,0,0,13,10,0
340183,1,1,0,0,0,0,0,0,0,0,0,0
340184,1,1,0,12,0,0,0,0,10,0,0,0
340184,2,1,31,31,31,31,31,31,31,31,31,31
340185,1,1,29,29,29,29,29,29,29,29,29,29
340185,2,1,0,0,0,0,0,0,0,0,0,0
340185,3,1,17,0,0,0,0,0,0,0,0,0
340186,1,1,19,19,19,19,19,19,19,19,19,19
340187,1,1,0,0,0,0,0,0,0,0,0,0
340187,2,1,0,0,0,0,0,0,0,0,0,0
340188,1,1,0,0,0,0,0,0,0,0,0,0
340188,2,1,0,0,0,19,0,0,0,0,0,0
340189,1,1,0,0,0,0,0,0,0,0,0,0
340190,0,1,0,0,0,0,0,0,0,0,0,0
340190,1,1,19,0,0,0,0,0,0,0,32,14
340191,1,1,0,0,0,0,0,0,0,0,0,0
340191,2,1,0,0,0,0,0,0,0,0,0,0
340192,1,1,0,0,0,0,0,0,0,0,0,0
340193,1,1,0,0,0,0,0,0,0,0,0,0
340194,1,1,0,0,0,0,0,0,0,0,0,0
340194,2,1,0,0,0,0,0,0,0,0,0,0
340195,1,1,15,15,15,15,15,15,15,15,15,15
340196,0,1,0,0,0,0,0,0,0,0,0,0
340196,1,1,8,8,8,8,8,8,8,8,8,8
340197,1,1,8,0,0,0,0,0,0,0,0,0
340197,2,1,0,0,0,0,0,0,0,0,0,0
340198,1,1,0,0,0,0,0,0,0,0,0,0
340199,1,1,0,0,0,0,0,0,0,0,0,0
340200,1,1,5,5,5,5,5,5,5,5,5,5
340201,1,1,0,0,0,0,0,0,0,0,0,0
340201,2,1,0,0,0,0,0,0,0,0,0,0
340201,3,1,0,0,0,0,0,0,0,0,0,0
340202,1,1,0,0,0,0,0,0,0,0,0,0
340203,1,1,0,0,15,0,7,0,28,0,0,0
340203,2,1,3,3,3,3,3,3,3,3,3,3
340204,1,1,0,0,0,0,0,0,0,0,0,0
340204,2,1,0,0,0,0,0,0,0,0,0,0
340205,1,1,0,0,0,0,0,0,0,0,0,0
340205,2,1,0,0,0,0,0,13,0,0,0,0
340206,0,1,0,0,0,0,0,0,0,0,0,0
340206,1,1,0,0,0,0,0,0,0,0,0,0
340207,1,1,0,0,0,0,0,0,0,0,0,0
340207,2,1,0,0,0,0,0,0,0,0,0,0
340208,0,1,24,24,24,24,24,24,24,24,24,24
340208,1,1,0,0,0,0,0,0,0,0,0,0
340209,1,1,15,15,15,15,15,15,15,15,15,15
340209,2,1,18,18,18,18,18,18,18,18,18,18
340210,1,1,28,28,28,28,28,28,28,28,28,28
340211,1,1,0,0,0,0,0,0,0,0,0,0
340211,2,1,0,0,0,0,0,0,0,0,0,0
340212,0,1,0,0,0,0,0,0,0,0,0,0
340212,1,1,0,0,0,14,12,0,9,0,12,15
340212,2,1,0,16,0,0,0,0,10,0,0,0
340213,1,1,0,0,0,0,0,0,0,0,0,0
340214,0,1,10,10,10,10,10,10,10,10,10,10
340214,1,1,0,6,5,0,0,0,0,0,0,0
340215,1,1,0,12,0,6,0,0,5,17,0,0
340215,2,1,0,2,0,0,0,8,0,0,0,0
340216,1,1,0,0,0,0,0,0,0,0,0,0
340217,0,1,0,0,0,0,0,0,0,0,0,0
340217,1,1,0,2,0,0,3,0,0,0,0,0
340218,1,1,0,0,0,0,0,0,0,0,0,0
340219,1,1,14,14,14,14,14,14,14,14,14,14
340220,0,1,14,14,14,14,14,14,14,14,14,14
340220,1,1,0,0,0,0,0,0,0,0,0,0
340221,1,1,8,8,8,8,8,8,8,8,8,8
340221,2,1,0,0,25,0,0,16,19,0,8,0
340222,0,1,22,22,22,22,22,22,22,22,22,22
340222,1,1,0,0,0,0,0,0,0,0,0,0
340223,1,1,0,0,0,0,0,0,0,0,0,0
340223,2,1,0,0,0,0,0,0,0,0,0,0
340225,1,1,16,16,16,16,16,16,16,16,16,16
340226,0,1,0,13,0,0,0,0,10,0,0,7
340226,1,1,0,0,0,0,0,26,21,9,0,18
340226,2,1,0,0,0,0,0,0,0,10,15,0
340227,1,1,0,0,0,0,0,0,0,0,0,0
340227,2,1,0,0,0,0,0,0,13,0,0,0
340228,1,1,0,0,0,0,0,0,0,0,0,4
340228,2,1,0,13,18,15,0,8,5,0,0,0
340228,3,1,0,7,0,6,0,8,3,4,0,0
340228,4,1,0,0,5,12,4,22,0,25,9,0
340229,1,1,0,0,0,0,0,0,0,0,0,0
340230,0,1,0,23,2,0,18,0,0,0,0,0
340230,1,1,11,11,11,11,11,11,11,11,11,11
340231,1,1,0,0,0,0,0,0,0,0,0,0
340231,2,1,16,0,0,0,0,0,0,0,0,0
340233,1,1,0,0,0,0,0,0,0,0,0,0
340233,2,1,0,0,0,0,0,0,0,0,0,0
340234,1,1,0,0,0,0,0,0,0,0,0,0
340234,2,1,0,0,0,0,0,0,0,0,0,18
340235,0,1,17,17,17,17,17,17,17,17,17,17
340235,1,1,17,17,17,17,17,17,17,17,17,17
340236,1,1,8,8,8,8,8,8,8,8,8,8
340237,1,1,34,34,34,34,34,34,34,34,34,34
340237,2,1,0,0,0,0,0,0,0,0,0,0
340237,3,1,0,0,0,0,32,0,0,0,0,0
340237,4,1,0,10,0,0,0,0,0,0,0,0
340238,1,1,0,0,0,0,0,0,0,0,0,0
340238,2,1,0,0,0,12,0,0,0,0,0,5
340239,1,1,0,0,0,0,0,0,0,0,0,0
340239,2,1,0,0,0,0,0,0,0,0,0,0
340240,1,1,9,9,9,9,9,9,9,9,9,9
340241,1,1,0,0,0,0,0,0,0,0,0,0
340241,2,1,0,0,0,0,0,0,0,0,0,0
340242,1,1,14,14,14,14,14,14,14,14,14,14
340243,1,1,0,0,0,0,0,0,0,0,0,0
340244,1,1,0,0,0,0,0,0,0,0,0,0
340245,1,1,28,28,28,28,28,28,28,28,28,28
340246,1,1,25,21,0,11,14,17,18,0,0,0
340247,1,1,0,0,0,0,0,0,0,0,0,0
340247,2,1,0,0,0,27,0,0,0,0,0,8
340248,0,1,11,11,11,11,11,11,11,11,11,11
340248,1,1,0,0,0,0,0,0,0,0,0,0
340249,1,1,16,16,16,16,16,16,16,16,16,16
340250,1,1,22,14,26,15,23,15,37,9,12,0
340250,2,1,0,0,9,0,15,15,19,9,3,0
340251,1,1,0,0,0,0,0,0,0,0,0,0
340252,1,1,0,0,0,0,0,0,0,0,0,0
340253,1,1,0,0,0,0,0,0,0,0,0,0
340253,2,1,0,0,0,0,0,0,0,0,0,0
340254,1,1,0,0,0,0,0,0,4,0,0,0
340254,2,1,0,0,0,0,0,0,0,0,0,0
340255,1,1,0,0,0,0,0,0,0,0,0,0
340255,2,1,0,0,0,0,0,0,0,0,0,0
340256,1,1,0,0,0,0,0,0,0,0,0,0
340256,2,1,0,0,0,0,0,0,0,0,0,0
340257,1,1,0,0,0,0,0,0,0,0,0,0
340257,2,1,18,18,18,18,18,18,18,18,18,18
340258,1,1,0,0,0,0,0,0,0,0,0,0
340259,1,1,15,7,0,26,0,0,0,0,9,9
340260,1,1,0,0,0,0,0,0,0,0,0,0
340261,0,1,0,0,0,0,0,0,0,0,0,0
340261,1,1,0,0,0,0,0,0,0,0,0,0
340262,1,1,0,0,8,0,0,0,0,0,0,0
340263,1,1,19,19,19,19,19,19,19,19,19,19
340263,2,1,0,21,15,0,0,9,0,0,0,0
340264,1,1,0,0,0,0,0,0,0,0,0,0
340265,1,1,0,0,0,0,0,0,0,0,0,0
340266,0,1,0,0,0,0,0,0,0,0,0,0
340266,1,1,0,0,0,0,0,0,0,0,0,0
340267,1,1,0,0,0,0,0,0,0,0,0,0
340268,1,1,0,0,0,0,0,0,0,0,0,0
340269,1,1,1,1,1,1,1,1,1,1,1,1
340270,1,1,0,0,0,0,0,0,0,0,0,0
340271,1,1,15,15,15,15,15,15,15,15,15,15
340272,1,1,0,0,0,0,0,0,0,0,0,0
340273,1,1,18,18,18,18,18,18,18,18,18,18
340273,2,1,9,8,32,16,0,0,0,3,17,0
340274,0,1,9,9,9,9,9,9,9,9,9,9
340274,1,1,0,0,0,0,0,0,0,0,0,18
340275,1,1,0,0,0,0,0,0,0,0,0,0
340275,2,1,0,0,0,0,0,0,0,0,0,0
340276,1,1,22,22,22,22,22,22,22,22,22,22
340277,0,1,0,0,0,0,0,0,0,0,0,0
340277,0,2,0,0,0,0,0,0,0,0,0,0
340277,1,1,0,0,0,0,0,0,0,0,0,0
340278,0,1,0,0,0,0,0,0,0,0,0,0
340278,1,1,0,0,0,0,0,0,0,0,0,0
340279,1,1,0,0,0,0,0,0,0,0,0,0
340279,2,1,0,0,0,0,0,0,0,0,0,12
340280,1,1,0,0,8,14,0,0,0,0,10,0
340280,2,1,26,0,0,0,0,0,0,0,0,0
340281,1,1,11,11,11,11,11,11,11,11,11,11
340282,1,1,20,0,0,0,0,0,0,14,0,0
340282,2,1,0,0,0,0,0,0,0,0,0,0
340283,1,1,0,0,0,0,0,0,0,0,0,0
340283,2,1,11,11,11,11,11,11,11,11,11,11
340284,1,1,0,9,0,0,0,0,0,9,15,0
340284,2,1,14,0,0,0,12,0,0,0,0,0
340284,3,1,0,0,0,0,0,0,0,0,0,0
340284,4,1,0,0,0,0,0,0,0,0,0,14
340285,1,1,0,0,0,0,0,0,0,0,0,0
340286,1,1,0,0,0,0,0,0,0,0,0,0
340286,2,1,0,0,0,0,0,0,0,0,0,0
340287,1,1,0,0,0,0,0,0,0,0,0,0
340287,2,1,0,4,0,0,0,0,0,0,0,0
340288,0,1,0,0,0,0,0,0,0,0,0,0
340288,1,1,16,20,0,7,0,0,0,0,0,0
340289,1,1,29,29,29,29,29,29,29,29,29,29
340290,1,1,4,4,4,4,4,4,4,4,4,4
340291,0,1,0,0,0,21,0,0,0,15,13,0
340291,1,1,0,11,0,0,0,0,0,0,15,0
340292,1,1,0,0,0,0,0,0,0,0,0,0
340292,2,1,0,0,0,0,0,0,0,7,0,0
340293,1,1,0,0,0,0,0,0,0,0,0,0
340294,0,1,3,3,3,3,3,3,3,3,3,3
340294,1,1,0,0,0,0,0,0,0,0,0,0
340295,0,1,0,0,0,0,0,0,0,0,0,0
340295,1,1,19,19,19,19,19,19,19,19,19,19
340296,1,1,0,0,0,0,0,0,0,11,19,0
340296,2,1,0,0,0,0,0,0,0,0,0,0
340297,1,1,13,13,13,13,13,13,13,13,13,13
340298,1,1,17,17,17,17,17,17,17,17,17,17
340299,1,1,0,14,0,0,0,0,0,0,0,9
340299,2,1,0,0,0,0,0,0,0,0,0,0
340300,1,1,0,0,0,0,0,0,0,0,0,0
340301,1,1,0,0,0,0,0,0,0,0,0,0
340301,2,1,0,0,0,0,0,0,0,0,0,0
340302,1,1,62,62,62,62,62,62,62,62,62,62
340303,1,1,0,0,0,0,0,0,0,0,0,0
340304,1,1,0,0,0,0,0,0,0,0,0,0
340304,2,1,0,0,0,0,0,0,0,0,0,0
340305,0,1,0,0,0,0,0,0,0,0,0,0
340305,1,1,0,0,0,0,0,0,0,0,0,0
340306,1,1,0,0,0,0,0,0,0,0,0,0
340307,1,1,13,13,13,13,13,13,13,13,13,13
340307,2,1,0,0,12,17,0,0,0,0,0,0
340307,3,1,11,0,0,0,0,8,11,5,0,0
340308,1,1,0,0,0,0,0,0,0,0,0,0
340309,0,1,0,0,0,22,16,0,18,0,0,0