ST_CASE,VEH_NO,PER_NO,P1,P2,P3,P4,P5,P6,P7,P8,P9,P10
360384,1,1,22,22,22,22,22,22,22,22,22,22
360385,1,1,0,0,0,0,0,0,0,0,0,0
360385,2,1,0,0,0,0,0,0,0,14,0,0
360386,1,1,0,0,0,0,0,0,0,0,0,0
360387,0,1,0,0,0,0,0,0,0,0,0,0
360387,1,1,0,0,0,0,7,0,0,0,0,0
360388,0,1,0,0,0,0,0,0,0,0,0,0
360388,0,2,0,0,0,0,0,0,0,0,0,0
360388,1,1,0,0,0,0,8,19,0,0,0,0
360389,1,1,0,0,0,0,0,0,0,0,0,0
360389,2,1,0,0,0,25,0,0,0,0,0,4
360390,0,1,0,0,0,0,0,0,0,0,0,0
360390,1,1,0,0,0,13,0,0,0,0,0,15
360391,1,1,0,0,0,0,0,0,0,0,0,0
360391,2,1,0,0,0,0,0,0,0,0,0,0
360392,1,1,0,0,0,0,0,0,0,0,0,0
360392,2,1,0,0,0,0,0,8,0,0,0,0
360393,0,1,0,0,0,0,0,0,0,0,0,0
360393,1,1,0,0,0,11,0,0,0,0,0,0
360394,0,1,0,0,0,0,0,0,0,0,0,0
360395,1,1,8,8,2,9,0,10,0,14,11,7
360395,2,1,0,27,14,0,0,4,0,0,0,10
360396,0,1,17,17,17,17,17,17,17,17,17,17
360396,1,1,0,7,0,16,0,0,0,0,0,0
360397,1,1,3,13,0,0,0,0,0,0,0,6
360398,1,1,16,16,16,16,16,16,16,16,16,16
360399,1,1,19,10,17,19,21,8,0,12,10,13
360399,2,1,0,0,0,0,0,0,0,0,0,0
360400,1,1,0,0,0,0,0,0,0,0,0,0
360400,2,1,0,0,0,14,4,0,0,0,0,0
360401,1,1,0,0,0,0,0,0,0,13,0,0
360401,2,1,0,19,0,0,0,0,0,0,4,0
360402,0,1,7,7,7,7,7,7,7,7,7,7
360402,1,1,0,0,0,0,0,0,0,0,0,0
360403,1,1,0,0,0,0,0,0,0,0,0,0
360403,2,1,0,15,0,0,0,0,0,0,0,8
360403,3,1,0,0,0,0,0,0,15,0,0,14
360404,1,1,7,25,7,13,4,8,9,0,0,11
360405,1,1,0,0,0,0,0,0,0,0,0,0
360406,1,1,27,27,27,27,27,27,27,27,27,27
360407,1,1,0,0,0,0,0,0,0,0,0,0
360407,2,1,0,0,0,0,0,0,0,0,0,0
360408,0,1,0,0,0,0,0,0,0,0,0,0
360408,1,1,16,0,0,11,0,0,7,0,0,0
360409,0,1,2,2,2,2,2,2,2,2,2,2
360409,1,1,0,0,12,10,24,4,0,0,0,29
360410,1,1,11,11,11,11,11,11,11,11,11,11
360411,0,1,0,0,0,0,0,0,0,0,0,0
360411,0,2,0,0,0,0,0,0,0,0,0,0
360411,1,1,3,0,0,0,0,0,0,0,0,0
360411,2,1,0,0,0,0,0,16,0,15,0,0
360412,0,1,16,29,0,13,0,0,0,0,6,0
360412,1,1,0,0,15,12,0,23,0,0,16,0
360413,1,1,6,18,26,9,18,11,14,12,10,6
360414,1,1,4,4,4,4,4,4,4,4,4,4
360414,2,1,0,0,0,0,0,5,0,0,0,0
360415,0,1,0,0,0,0,0,0,0,0,0,0
360415,1,1,0,0,0,0,0,0,0,0,0,0
360416,0,1,20,20,20,20,20,20,20,20,20,20
360416,1,1,0,4,18,0,24,0,26,8,7,5
360416,2,1,5,20,0,23,7,24,13,0,0,0
360417,0,1,0,0,0,0,0,0,0,0,0,0
360417,1,1,13,20,9,22,0,0,0,0,0,0
360418,1,1,38,0,18,0,35,0,13,0,18,0
360419,1,1,0,0,0,0,0,0,0,0,0,0
360419,2,1,0,0,0,0,0,7,0,0,0,13
360420,1,1,0,0,0,0,0,0,0,0,0,0
360420,2,1,6,4,0,0,0,0,0,0,0,0
360421,1,1,0,0,0,0,0,0,0,0,0,0
360421,2,1,0,0,0,9,0,0,0,6,0,0
360422,1,1,12,9,13,0,0,0,0,0,0,0
360423,1,1,0,0,0,0,0,0,0,0,0,0
360423,2,1,0,8,16,0,16,0,10,0,0,0
360424,1,1,0,0,0,0,0,0,0,0,0,0
360425,1,1,6,18,10,20,15,18,0,22,0,0
360426,1,1,0,0,0,0,0,0,0,0,0,0
360427,1,1,0,0,0,0,0,0,0,17,0,0
360427,2,1,0,0,0,0,0,0,0,0,0,0
360428,1,1,0,0,0,0,0,0,0,0,0,0
360428,2,1,0,0,0,0,0,0,0,0,0,0
360429,1,1,12,0,0,0,0,0,0,0,23,0
360430,1,1,0,0,0,0,0,0,0,0,0,0
360431,1,1,0,0,0,7,0,17,0,0,0,0
360431,2,1,0,0,0,0,0,0,0,0,0,8
360431,3,1,0,0,0,0,0,0,0,0,11,0
360432,1,1,11,11,11,11,11,11,11,11,11,11
360433,1,1,0,0,0,0,0,0,0,0,0,0
360434,1,1,0,0,0,0,0,0,0,0,0,0
360435,1,1,0,0,0,18,0,0,0,0,11,0
360435,2,1,0,0,0,0,0,0,0,0,0,0
360436,1,1,0,0,0,0,0,0,0,0,0,0
360437,1,1,0,0,0,0,0,0,0,0,0,6
360437,2,1,0,0,0,0,0,0,0,0,0,0
360438,1,1,22,9,35,0,27,11,0,16,0,0
360439,1,1,0,0,0,0,0,0,0,0,0,0
360439,2,1,0,0,0,0,0,0,0,0,0,0
360440,1,1,0,0,0,12,27,0,0,0,0,0
360440,2,1,0,0,0,0,0,0,0,0,0,0
360441,1,1,0,0,0,0,0,0,0,0,0,0
360442,1,1,0,0,0,0,0,0,0,0,0,0
360443,1,1,0,0,0,0,0,0,0,0,0,0
360444,1,1,16,16,16,16,16,16,16,16,16,16
360445,1,1,19,19,19,19,19,19,19,19,19,19
360446,1,1,15,0,8,0,15,7,0,0,0,0
360446,2,1,0,0,0,0,0,0,0,0,0,0
360447,1,1,18,18,18,18,18,18,18,18,18,18
360448,1,1,0,0,0,3,0,0,0,0,0,0
360448,2,1,0,0,0,0,0,0,0,0,0,0
360449,1,1,0,0,0,0,0,0,0,0,0,0
360449,2,1,0,0,0,0,0,0,0,0,0,15
360450,0,1,0,0,0,0,0,0,0,0,0,0
360450,1,1,0,18,0,0,27,0,31,0,0,16
360451,0,1,14,0,9,0,0,0,0,0,0,0
360451,1,1,0,0,0,0,0,0,0,0,0,0
360452,0,1,0,0,0,0,0,0,0,0,0,0
360452,1,1,0,0,0,0,0,0,0,0,0,30
360453,0,1,0,0,0,0,0,0,0,0,0,0
360453,1,1,16,32,0,4,27,0,0,0,20,0
360454,1,1,18,18,18,18,18,18,18,18,18,18
360455,1,1,0,0,0,0,0,0,0,0,0,0
360456,1,1,0,0,0,0,0,0,0,0,0,0
360456,2,1,0,0,0,0,0,0,0,0,0,0
360456,3,1,0,0,0,0,0,0,0,0,0,0
360457,1,1,0,0,0,0,0,0,0,0,0,0
360457,2,1,0,0,0,0,0,0,0,9,0,12
360458,0,1,0,0,0,0,0,0,0,0,0,0
360458,1,1,0,0,0,0,0,0,0,0,10,0
360459,0,1,0,0,0,0,0,0,0,0,0,0
360459,1,1,0,0,19,4,0,0,0,0,0,0
360460,1,1,17,19,4,25,34,37,36,16,18,24
360461,1,1,19,0,33,21,0,36,23,0,20,34
360462,1,1,0,0,0,0,0,0,0,0,0,0
360462,2,1,0,0,0,0,0,0,0,0,0,0
360463,1,1,0,0,0,0,0,0,0,0,0,0
360464,1,1,4,4,4,4,4,4,4,4,4,4
360465,1,1,0,0,0,0,0,0,0,0,0,0
360465,2,1,0,3,0,0,0,0,0,0,0,0
360466,1,1,0,0,0,0,0,0,0,0,0,0
360467,0,1,7,7,7,7,7,7,7,7,7,7
360467,1,1,0,0,0,0,0,0,2,0,0,7
360468,1,1,0,0,0,0,0,0,0,0,0,0
360469,1,1,0,0,0,0,0,0,0,0,0,0
360470,0,1,0,0,0,0,0,0,0,0,0,0
360470,1,1,0,0,0,0,0,0,0,0,0,0
360471,1,1,22,8,0,0,0,0,0,0,0,27
360471,2,1,0,0,0,0,0,0,0,0,0,0
360472,1,1,0,0,40,0,0,0,11,0,0,0
360473,1,1,0,0,0,0,0,0,0,0,0,0
360473,2,1,0,0,0,10,0,0,0,0,0,0
360473,3,1,0,0,0,0,0,0,0,0,0,0
360474,1,1,0,0,0,0,0,0,0,0,0,0
360475,0,1,17,17,17,17,17,17,17,17,17,17
360475,1,1,11,12,0,0,10,10,14,0,9,0
360476,0,1,17,17,17,17,17,17,17,17,17,17
360476,1,1,0,0,0,0,0,0,21,0,0,0
360477,1,1,23,0,7,18,0,0,6,7,16,11
360478,1,1,0,0,0,0,0,0,0,0,0,0
360478,2,1,0,0,0,0,0,0,0,0,0,0
360479,1,1,4,10,6,0,0,0,0,20,0,0
360479,2,1,0,0,0,0,0,0,0,0,0,0
360480,1,1,0,0,0,0,0,0,0,0,0,0
360481,1,1,0,0,0,0,0,0,0,0,0,0
360481,2,1,0,0,0,0,0,0,0,23,21,0
360482,1,1,0,0,0,0,0,0,0,0,0,0
360482,2,1,0,0,0,0,0,0,0,17,0,0
360483,0,1,0,0,0,0,0,0,0,0,0,0
360483,1,1,0,5,0,0,0,0,0,0,0,0
360484,1,1,0,0,0,0,0,0,0,0,0,0
360484,2,1,0,0,0,0,0,13,0,0,0,0
360485,1,1,2,2,2,2,2,2,2,2,2,2
360486,0,1,0,0,0,0,0,0,0,0,0,0
360486,1,1,0,0,0,0,0,0,0,0,0,0
360487,1,1,15,15,15,15,15,15,15,15,15,15
360488,0,1,0,0,0,0,0,0,0,0,0,0
360488,1,1,0,0,0,0,0,0,0,0,0,0
360489,1,1,0,19,41,0,0,13,0,0,10,14
360489,2,1,9,0,0,0,0,0,0,0,0,0
360490,1,1,1,1,1,1,1,1,1,1,1,1
360491,1,1,14,14,14,14,14,14,14,14,14,14
360492,1,1,11,11,11,11,11,11,11,11,11,11
360493,1,1,7,6,21,0,0,0,22,20,0,24
360493,2,1,0,0,0,0,0,0,0,0,0,0
360494,1,1,14,0,0,0,0,0,0,0,0,0
360494,2,1,0,18,0,0,24,0,0,0,0,0
360495,1,1,0,0,0,0,0,0,0,0,0,0
360496,1,1,0,0,0,0,0,0,0,0,0,0
360496,2,1,0,0,0,0,4,0,0,0,0,0
360496,3,1,0,0,0,0,0,0,0,0,21,0
360496,4,1,0,0,0,0,0,0,0,0,0,0
360496,5,1,0,0,0,0,0,0,0,0,0,0
360497,0,1,0,0,0,0,0,0,0,0,0,0
360497,1,1,0,15,25,0,16,0,0,0,0,0
360498,1,1,0,0,0,0,0,0,0,0,0,0
360499,1,1,0,0,0,0,0,0,0,0,0,0
360500,0,1,0,0,0,0,0,0,0,0,0,0
360500,1,1,0,0,0,0,0,0,0,0,0,0
360501,0,1,0,0,0,0,0,0,0,0,0,0
360501,1,1,0,52,17,0,0,20,0,4,0,8
360503,0,1,0,0,0,0,0,0,0,0,0,0
360503,1,1,0,0,0,11,0,0,0,16,0,14
360504,0,1,0,0,0,0,0,0,0,0,0,0
360504,1,1,0,0,0,0,0,0,0,0,0,0
360505,1,1,25,25,25,25,25,25,25,25,25,25
360506,1,1,0,0,0,0,0,0,0,0,0,0
360506,2,1,0,0,0,0,0,0,0,0,0,0
360507,1,1,0,0,0,0,0,0,0,0,0,0
360508,1,1,0,0,0,0,0,0,0,14,0,0
360508,2,1,0,0,0,0,0,0,0,0,0,0
360509,1,1,0,0,0,0,0,0,0,0,0,0
360510,1,1,0,0,0,0,0,0,0,0,0,0
360511,1,1,0,0,0,0,0,0,0,0,0,0
360512,1,1,9,9,9,9,9,9,9,9,9,9
360513,0,1,14,14,14,14,14,14,14,14,14,14
360513,1,1,0,0,0,0,6,0,18,7,10,0
360514,0,1,0,0,0,0,0,0,0,0,0,0
360514,1,1,0,0,0,0,0,0,0,0,5,0
360515,0,1,0,0,0,0,0,0,0,0,0,0
360515,1,1,0,0,0,0,0,0,0,0,0,0
360516,1,1,0,0,0,0,0,0,0,0,0,0
360517,0,1,0,0,0,0,0,0,0,0,0,0
360517,1,1,0,20,0,0,30,0,0,0,16,0
360518,0,1,26,26,26,26,26,26,26,26,26,26
360518,1,1,0,20,0,16,0,0,0,25,0,0
360518,2,1,0,0,24,0,22,14,0,40,0,0
360519,0,1,0,0,0,0,0,0,0,0,0,0
360519,1,1,0,0,7,0,0,0,0,0,0,0
360520,1,1,0,0,19,0,0,32,0,0,0,0
360520,2,1,0,0,0,0,0,0,0,0,0,0
360521,1,1,0,0,10,0,0,0,11,0,12,20
360522,1,1,0,0,0,0,0,0,0,0,0,0
360522,2,1,0,0,0,0,0,0,0,0,13,0
360523,1,1,0,12,0,0,0,20,0,0,0,9
360524,0,1,0,0,0,0,0,0,0,0,0,0
360524,1,1,0,0,0,0,0,3,0,0,0,0
360525,0,1,0,0,0,0,0,0,0,0,0,0
360525,0,2,0,0,0,0,0,0,0,0,0,0
360525,0,3,18,23,26,0,0,0,0,6,0,28
360525,1,1,0,7,0,0,0,0,0,12,0,6
360526,0,1,27,27,27,27,27,27,27,27,27,27
360526,1,1,0,0,0,0,0,0,0,0,0,0
360527,1,1,0,14,0,0,0,3,0,0,0,0
360528,1,1,24,15,0,0,17,0,17,0,39,9
360529,0,1,0,0,0,0,0,0,0,0,0,0
360529,1,1,0,0,0,0,0,0,0,0,0,0
360530,1,1,19,19,19,19,19,19,19,19,19,19
360530,2,1,0,13,0,0,0,0,0,0,0,0
360531,1,1,0,0,0,0,0,0,0,0,0,0
360532,1,1,0,0,0,0,0,0,11,0,0,22
360533,0,1,0,0,0,0,0,0,0,0,0,0
360533,1,1,0,13,0,0,11,0,0,0,0,0
360534,1,1,0,0,0,0,0,0,0,0,0,0
360534,2,1,0,0,0,0,0,0,0,0,0,0
360534,3,1,0,0,0,0,0,0,0,0,0,0
360535,1,1,0,0,0,0,0,0,0,0,0,0
360535,2,1,0,0,0,0,0,0,0,0,0,0
360536,1,1,13,13,13,13,13,13,13,13,13,13
360537,0,1,0,0,0,0,0,0,0,0,0,0
360537,1,1,0,0,0,0,0,7,0,0,0,0
360538,1,1,0,0,0,0,0,0,0,0,0,0
360539,1,1,0,0,0,0,0,0,0,0,0,0
360539,2,1,0,0,0,0,14,0,0,6,0,0
360540,1,1,25,25,25,25,25,25,25,25,25,25
360541,1,1,0,0,0,0,0,0,0,0,0,0
360541,2,1,7,0,0,0,0,0,0,0,0,0
360542,1,1,0,0,0,0,0,0,0,0,0,0
360543,1,1,0,0,0,0,0,0,0,0,8,15
360543,2,1,0,0,0,0,0,0,0,0,0,0
360544,1,1,13,13,13,13,13,13,13,13,13,13
360544,2,1,10,0,0,0,0,0,0,23,0,0
360545,1,1,16,16,16,16,16,16,16,16,16,16
360545,2,1,0,17,0,0,0,31,0,0,0,0
360546,1,1,0,0,0,0,0,0,0,0,0,0
360547,1,1,0,0,0,0,0,0,0,18,0,0
360547,2,1,22,26,0,0,0,0,0,0,0,0
360548,1,1,9,9,9,9,9,9,9,9,9,9
360548,2,1,0,0,0,0,0,0,0,0,0,0
360549,1,1,26,26,26,26,26,26,26,26,26,26
360550,1,1,18,18,18,18,18,18,18,18,18,18
360551,1,1,0,0,0,0,0,0,0,0,0,0
360552,1,1,7,0,0,0,0,0,0,0,13,7
360553,1,1,18,27,24,18,18,20,8,14,35,26
360554,1,1,0,0,0,0,0,0,0,0,0,0
360555,1,1,0,0,0,0,0,0,0,14,0,0
360555,2,1,0,0,0,0,0,0,0,0,0,0
360555,3,1,17,31,0,0,0,7,11,6,0,16
360556,1,1,14,14,14,14,14,14,14,14,14,14
360557,0,1,0,0,0,0,0,0,0,0,0,0
360557,1,1,0,7,0,0,0,0,17,0,0,12
360558,0,1,0,0,0,0,0,0,0,0,0,0
360558,1,1,0,2,0,0,0,0,0,0,0,0
360559,1,1,0,0,0,18,0,0,16,0,0,5
360559,2,1,0,0,0,0,0,0,0,0,0,0
360560,1,1,0,0,0,0,0,0,0,0,0,0
360560,2,1,4,0,8,11,0,0,0,0,0,0
360561,1,1,2,2,2,2,2,2,2,2,2,2
360562,1,1,6,6,6,6,6,6,6,6,6,6
360562,2,1,0,0,0,0,0,0,0,0,0,0
360562,3,1,7,13,0,0,0,0,0,13,7,0
360563,1,1,0,0,0,0,0,0,0,0,0,0
360564,0,1,0,0,0,0,0,0,0,0,0,0
360564,1,1,13,0,0,25,19,0,0,4,0,0
360565,1,1,0,0,0,0,0,0,0,0,0,0
360565,2,1,9,0,0,0,0,0,0,0,0,0
360566,1,1,20,20,20,20,20,20,20,20,20,20
360567,1,1,0,0,0,0,0,0,0,19,0,23
360567,2,1,9,6,17,0,27,13,0,5,0,0
360568,1,1,0,0,0,0,0,0,0,0,0,0
360568,2,1,0,0,0,0,11,0,0,0,0,0
360569,1,1,0,0,0,0,0,0,0,0,0,0
360570,0,1,0,0,0,0,0,0,0,0,0,0
360570,1,1,0,0,0,0,18,0,0,0,0,11
360571,1,1,0,0,15,18,15,0,0,0,0,0
360571,2,1,0,0,18,0,0,0,0,0,0,0
360572,1,1,0,0,0,0,0,0,0,0,0,21
360572,2,1,0,0,0,0,0,0,0,0,0,0
360572,3,1,0,0,0,0,0,0,0,0,0,0
360573,1,1,0,0,22,4,0,0,0,0,0,0
360573,2,1,0,0,0,0,0,0,0,0,0,0
360574,0,1,24,25,0,0,3,4,0,0,42,15
360574,1,1,0,0,0,0,0,0,0,0,0,0
360575,1,1,0,0,0,0,0,0,0,0,9,0
360575,2,1,0,11,17,5,0,0,0,0,0,0
360576,1,1,0,0,0,0,0,0,0,0,0,0
360576,2,1,0,14,0,0,0,0,0,0,0,0
360577,1,1,22,0,0,0,0,0,0,0,0,14
360577,2,1,0,0,0,0,0,0,0,0,0,0
360578,0,1,0,0,0,0,0,0,0,0,0,0
360578,1,1,0,0,0,0,0,0,0,0,0,0
360579,1,1,0,0,11,0,0,0,0,10,12,0
360580,1,1,0,15,0,0,14,15,24,4,19,0
360581,1,1,0,0,0,7,0,0,0,0,0,0
360582,0,1,0,0,0,0,0,0,0,0,0,0
360582,1,1,0,0,0,0,0,0,0,0,0,0
360583,1,1,0,0,0,0,0,0,0,0,0,0
360583,2,1,0,19,0,0,0,0,0,0,0,0
360583,3,1,0,0,0,0,0,0,0,0,0,0
360584,1,1,0,0,0,0,0,0,0,0,0,0
360584,2,1,0,0,0,0,0,0,0,0,0,0
360585,0,1,21,21,21,21,21,21,21,21,21,21
360585,1,1,15,0,0,22,0,0,0,0,12,12
360586,1,1,0,0,0,0,0,0,0,0,0,0
360586,2,1,2,2,2,2,2,2,2,2,2,2
360587,1,1,0,18,0,0,10,0,0,0,0,0
360588,1,1,0,0,0,0,0,0,0,0,0,0
360589,1,1,16,0,0,0,0,0,0,0,0,0
360589,2,1,0,0,8,0,0,3,0,0,0,0
360589,3,1,0,0,0,0,0,0,0,0,0,0
360590,1,1,12,12,12,12,12,12,12,12,12,12
360591,1,1,0,8,0,0,0,0,0,0,0,0
360591,2,1,0,0,0,0,0,0,0,0,0,0
360592,0,1,12,12,12,12,12,12,12,12,12,12
360592,1,1,0,8,16,26,0,14,25,0,13,13
360593,1,1,0,0,0,0,0,0,0,0,0,0
360594,1,1,0,0,0,0,0,0,0,0,0,13
360594,2,1,0,0,0,0,0,0,0,0,0,0
360595,1,1,0,0,0,0,0,0,0,0,0,0
360595,2,1,0,0,23,0,0,0,18,0,0,0
360596,0,1,0,0,0,0,0,0,0,0,0,0
360596,1,1,0,0,0,0,0,0,0,0,0,0
360597,1,1,0,0,17,6,12,0,0,0,5,0
360597,2,1,0,9,0,0,0,0,0,0,13,0
360598,0,1,0,0,0,0,0,0,0,0,0,0
360598,1,1,0,0,0,5,0,0,0,12,0,0
360599,1,1,14,14,14,14,14,14,14,14,14,14
360600,1,1,0,17,21,0,0,17,25,0,12,12
360601,0,1,16,0,0,17,0,0,0,0,0,0
360601,1,1,0,0,0,0,0,0,0,0,0,0
360602,1,1,0,0,0,0,0,0,0,0,0,0
360603,1,1,0,0,0,0,0,0,0,0,0,0
360603,2,1,6,11,14,11,5,3,0,0,7,0
360604,1,1,0,0,0,0,0,0,0,0,0,0
360605,1,1,0,0,15,0,0,0,0,0,0,0
360605,2,1,0,0,0,0,0,0,0,0,0,0
360606,1,1,2,2,2,2,2,2,2,2,2,2
360607,0,1,0,0,0,0,0,0,0,0,0,0
360607,1,1,0,0,0,20,10,0,0,0,13,0
360608,1,1,11,11,11,11,11,11,11,11,11,11
360608,2,1,0,0,0,13,0,0,0,16,0,10
360609,0,1,26,26,26,26,26,26,26,26,26,26
360609,1,1,4,0,5,0,10,24,16,0,10,0
360610,1,1,0,0,0,0,0,0,0,0,0,0
360611,1,1,0,0,0,0,0,0,0,0,0,0
360611,2,1,0,0,0,0,0,0,0,0,24,0
360612,1,1,0,17,0,0,0,12,0,0,0,0
360612,2,1,0,0,18,9,0,0,0,0,0,0
360612,3,1,0,0,0,0,10,0,0,0,0,0
360613,1,1,0,0,0,0,0,0,0,0,0,0
360614,0,1,0,0,0,0,0,0,0,0,0,0
360614,1,1,0,19,15,7,13,0,0,23,6,0
360615,1,1,15,15,15,15,15,15,15,15,15,15
360616,1,1,0,0,0,0,0,0,0,0,0,0
360617,1,1,0,0,0,0,0,0,0,0,0,0
360617,2,1,14,0,10,0,0,0,0,0,0,0
360617,3,1,21,0,22,22,23,0,0,0,0,19
360617,4,1,0,0,0,0,0,12,0,0,0,0
360617,5,1,0,0,0,14,19,0,0,0,0,0
360618,0,1,0,0,0,0,0,0,0,0,0,0
360618,1,1,10,21,8,13,0,16,10,0,15,27
360619,1,1,28,28,28,28,28,28,28,28,28,28
360620,1,1,23,23,23,23,23,23,23,23,23,23
360621,1,1,15,15,15,15,15,15,15,15,15,15
360622,1,1,14,5,17,0,20,19,0,16,18,0
360622,2,1,0,0,0,0,0,0,0,0,0,0
360623,0,1,9,9,9,9,9,9,9,9,9,9
360623,1,1,20,0,0,0,0,24,0,0,0,0
360624,1,1,0,0,0,0,0,0,0,0,0,0
360624,2,1,0,0,0,0,0,0,0,0,0,0
360625,0,1,0,0,0,0,0,0,0,0,0,0
360625,1,1,9,2,8,21,13,0,10,13,0,0
360626,1,1,0,0,0,0,0,0,0,0,0,0
360626,2,1,0,0,0,0,14,0,0,0,0,0
360627,1,1,0,0,0,0,0,0,0,0,0,0
360628,0,1,0,0,0,0,0,0,0,0,0,0
360628,1,1,0,0,0,20,9,0,0,2,0,0
360629,1,1,0,0,0,10,0,0,0,0,0,4
360630,1,1,13,13,13,13,13,13,13,13,13,13
360631,1,1,0,0,0,0,0,4,0,0,0,0
360631,2,1,0,0,0,0,0,0,0,0,0,0
360632,0,1,0,0,0,0,0,0,0,0,0,0
360632,0,2,8,0,0,0,0,0,0,0,0,29
360632,1,1,7,0,0,8,0,16,12,0,7,5
360633,1,1,0,0,0,0,0,0,0,0,0,0
360634,1,1,0,0,0,0,0,0,0,0,0,0
360634,2,1,0,0,0,0,0,0,5,0,0,4
360634,3,1,0,0,0,0,0,0,2,10,0,11
360635,1,1,10,0,0,0,0,0,0,11,0,0
360635,2,1,0,0,0,0,0,0,0,24,0,0
360636,0,1,0,0,0,0,0,0,0,0,0,0
360636,1,1,0,32,0,8,13,0,18,0,13,8
360637,0,1,7,7,7,7,7,7,7,7,7,7
360637,1,1,4,11,21,10,5,9,19,18,13,20
360638,1,1,0,0,0,0,0,0,0,0,0,0
360638,2,1,2,2,2,2,2,2,2,2,2,2
360639,0,1,31,18,0,0,0,10,31,23,0,0
360639,1,1,0,4,0,0,0,0,0,11,13,0
360640,1,1,0,0,12,0,0,0,0,0,0,0
360640,2,1,0,0,0,0,0,0,0,0,0,0
360640,3,1,0,18,0,0,5,0,0,19,0,8
360641,0,1,0,0,0,0,0,0,0,0,0,0
360641,1,1,0,0,0,0,0,0,0,0,0,0
360642,0,1,0,0,0,0,0,0,0,0,0,0
360642,1,1,0,0,0,0,0,0,0,0,0,0
360643,0,1,0,0,0,0,0,0,0,0,0,0
360643,1,1,0,0,0,0,0,0,0,0,0,0
360643,2,1,0,0,0,0,0,0,0,0,0,0
360644,1,1,0,0,0,0,0,0,0,0,0,0
360644,2,1,0,0,0,0,8,0,0,0,0,0
360645,1,1,0,0,0,0,8,0,0,0,0,0
360646,1,1,0,0,0,0,0,0,27,0,0,0
360646,2,1,0,0,0,0,0,0,0,0,0,0
360647,1,1,40,40,40,40,40,40,40,40,40,40
360647,2,1,0,0,0,3,0,0,0,0,0,0
360647,3,1,0,0,0,0,0,14,31,0,16,0
360648,0,1,10,10,10,10,10,10,10,10,10,10
360648,1,1,0,0,12,20,15,9,0,0,0,0
360649,1,1,0,0,0,0,0,0,0,0,0,0
360650,0,1,0,0,0,0,0,0,0,0,0,0
360650,1,1,6,17,5,15,16,10,7,7,8,5
360651,1,1,27,27,27,27,27,27,27,27,27,27
360652,1,1,14,14,14,14,14,14,14,14,14,14
360653,1,1,13,6,6,7,7,25,9,17,24,8
360654,1,1,13,20,13,10,6,12,16,22,18,12
360655,1,1,0,0,0,0,0,0,0,0,0,0
360656,0,1,18,18,18,18,18,18,18,18,18,18
360656,1,1,0,10,0,0,9,0,0,7,0,0
360657,1,1,0,0,0,0,0,0,0,0,0,0
360657,2,1,0,0,0,0,13,0,0,0,7,0
360658,1,1,32,32,32,32,32,32,32,32,32,32
360659,1,1,0,0,0,0,0,0,0,0,0,0
360660,1,1,0,0,0,0,0,0,0,0,0,0
360660,2,1,11,11,11,11,11,11,11,11,11,11
360661,1,1,0,0,0,0,0,0,0,0,0,0
360662,1,1,0,0,0,0,0,0,0,0,0,0
360663,0,1,0,0,0,0,0,0,0,0,0,0
360663,1,1,0,12,0,11,3,0,19,0,0,0
360664,1,1,0,0,0,0,0,0,0,0,0,0
360665,0,1,32,32,32,32,32,32,32,32,32,32
360665,1,1,0,0,0,14,0,0,0,0,0,16
360666,1,1,5,5,5,5,5,5,5,5,5,5
360667,0,1,29,29,29,29,29,29,29,29,29,29
360667,1,1,0,0,27,14,33,0,0,21,3,0
360668,0,1,19,19,19,19,19,19,19,19,19,19
360668,1,1,0,18,0,13,0,24,0,0,0,59
360669,1,1,16,25,9,0,6,11,27,11,0,21
360670,1,1,0,0,0,0,0,0,10,0,0,0
360670,2,1,0,0,0,0,0,0,0,0,0,0
360671,1,1,0,22,0,0,0,0,0,0,0,0
360671,2,1,0,0,0,0,0,0,0,0,0,0
360672,0,1,0,0,0,0,0,0,0,0,0,0
360672,1,1,0,0,0,0,0,0,0,0,0,0
360673,1,1,0,6,0,0,0,0,0,30,0,0
360673,3,1,0,43,0,0,0,0,0,0,0,0
360674,1,1,12,9,17,4,3,10,24,11,11,11
360675,1,1,0,0,0,0,0,0,0,0,29,0
360675,2,1,12,0,13,24,15,19,22,16,11,19
360676,1,1,17,17,17,17,17,17,17,17,17,17
360677,1,1,0,0,0,9,0,0,0,0,0,0
360677,2,1,0,0,0,0,0,0,0,0,0,0
360678,1,1,0,25,0,0,29,0,0,12,0,0
360678,2,1,18,0,0,15,13,0,15,2,24,0
360679,1,1,0,0,0,0,0,0,0,0,0,0
360679,2,1,0,0,0,0,0,0,0,0,0,0
360680,1,1,0,0,0,0,0,0,0,0,0,0
360680,2,1,0,0,0,0,0,0,0,0,0,0
360681,1,1,0,0,0,0,0,0,0,0,0,0
360682,1,1,20,20,20,20,20,20,20,20,20,20
360683,1,1,0,0,0,0,0,0,0,0,0,0
360683,2,1,0,0,12,0,0,0,0,0,0,0
360684,1,1,0,0,0,0,0,0,0,0,0,0
360685,1,1,0,0,0,0,0,0,0,0,0,0