ST_CASE,VEH_NO,PER_NO,P1,P2,P3,P4,P5,P6,P7,P8,P9,P10
370441,0,1,29,29,29,29,29,29,29,29,29,29
370441,1,1,0,7,0,0,0,0,0,23,12,6
370442,1,1,9,9,9,9,9,9,9,9,9,9
370443,1,1,0,0,0,0,0,0,0,0,0,0
370444,0,1,0,0,0,0,0,0,0,0,0,0
370444,1,1,0,0,0,0,0,0,0,0,0,0
370445,1,1,8,8,8,8,8,8,8,8,8,8
370445,2,1,0,0,0,0,0,0,0,0,0,0
370446,1,1,0,0,0,0,0,0,0,0,0,0
370447,1,1,0,0,0,0,0,0,0,0,0,0
370448,1,1,0,0,0,0,0,0,0,0,0,0
370448,2,1,0,0,0,0,0,0,0,0,0,0
370449,0,1,0,0,0,0,0,0,0,0,0,0
370449,1,1,0,0,0,0,0,0,12,0,0,0
370450,0,1,0,0,0,0,0,0,0,0,0,0
370450,1,1,0,0,0,0,0,0,0,0,0,0
370451,1,1,0,0,0,0,0,0,0,0,0,0
370452,1,1,19,19,19,19,19,19,19,19,19,19
370453,1,1,0,0,0,0,0,0,0,0,0,0
370454,1,1,17,17,17,17,17,17,17,17,17,17
370455,1,1,0,0,0,0,0,0,0,0,0,0
370456,1,1,4,4,4,4,4,4,4,4,4,4
370457,1,1,14,14,14,14,14,14,14,14,14,14
370457,2,1,0,0,0,0,0,0,0,0,0,0
370458,1,1,0,0,0,0,0,0,0,0,0,0
370458,2,1,0,0,0,0,0,0,0,0,0,0
370459,1,1,14,14,14,14,14,14,14,14,14,14
370460,1,1,0,0,0,0,0,0,0,0,0,0
370461,1,1,21,21,21,21,21,21,21,21,21,21
370462,0,1,0,0,0,0,0,0,0,0,0,0
370462,1,1,0,0,0,0,0,0,0,0,0,0
370463,0,1,21,21,21,21,21,21,21,21,21,21
370463,1,1,0,0,0,0,0,0,0,0,0,0
370464,1,1,0,0,20,14,16,26,0,15,3,38
370465,0,1,0,0,0,0,0,0,0,0,0,0
370465,1,1,0,0,0,0,0,0,0,0,0,0
370466,1,1,22,22,22,22,22,22,22,22,22,22
370467,1,1,11,11,11,11,11,11,11,11,11,11
370467,2,1,0,0,0,0,0,0,0,0,0,0
370468,1,1,0,2,0,0,0,0,0,0,0,0
370468,2,1,0,0,0,0,0,0,0,0,0,0
370469,1,1,0,0,0,0,0,0,0,0,0,0
370470,1,1,0,8,0,0,0,0,0,0,0,0
370470,2,1,0,0,0,0,0,0,0,0,0,0
370471,1,1,11,11,11,11,11,11,11,11,11,11
370472,1,1,14,14,14,14,14,14,14,14,14,14
370473,1,1,0,0,0,0,0,0,0,0,0,0
370474,1,1,0,0,0,0,0,0,0,0,0,0
370475,1,1,0,0,0,0,0,0,0,0,0,0
370476,1,1,15,15,15,15,15,15,15,15,15,15
370477,1,1,0,0,0,0,0,0,0,0,0,0
370478,1,1,0,0,0,0,0,0,0,0,0,0
370478,2,1,0,0,0,0,0,0,0,0,0,0
370479,0,1,0,0,0,0,0,0,0,0,0,0
370479,1,1,0,0,0,0,0,0,0,0,0,0
370480,1,1,18,18,18,18,18,18,18,18,18,18
370481,1,1,0,0,0,0,0,0,0,0,0,0
370481,2,1,0,0,0,0,0,0,0,0,0,0
370482,1,1,9,0,5,19,21,0,14,18,12,7
370482,2,1,0,0,0,0,0,0,0,0,0,0
370483,1,1,0,0,0,0,0,0,0,0,0,0
370484,1,1,0,0,0,0,0,0,0,0,0,0
370484,2,1,0,0,0,0,0,0,0,0,0,0
370485,1,1,0,0,0,0,0,0,0,0,0,0
370485,2,1,0,0,0,0,0,0,0,0,0,0
370486,1,1,0,0,0,0,0,0,0,0,0,0
370487,1,1,0,0,0,0,0,0,0,0,0,0
370487,2,1,0,0,0,0,5,0,0,0,0,0
370488,1,1,16,16,16,16,16,16,16,16,16,16
370489,1,1,0,0,0,0,0,0,0,0,0,0
370490,1,1,0,0,0,0,0,0,0,0,0,0
370491,0,1,0,0,0,0,0,0,21,29,0,0
370491,1,1,0,0,0,0,0,0,0,0,0,0
370492,1,1,0,0,0,0,0,0,0,0,0,0
370492,2,1,12,0,32,0,0,0,0,0,0,0
370493,1,1,0,0,0,0,0,0,0,0,0,0
370493,2,1,0,0,0,0,0,0,0,0,0,0
370494,1,1,0,0,0,0,0,0,0,0,0,0
370494,2,1,0,0,0,0,0,0,0,0,0,0
370495,1,1,0,0,0,0,0,0,0,0,0,0
370495,2,1,0,0,0,0,0,0,0,0,0,0
370496,1,1,0,0,0,0,0,0,0,0,0,0
370497,1,1,0,0,0,0,0,0,0,0,0,0
370497,2,1,0,0,0,0,0,0,0,0,0,0
370498,0,1,29,29,29,29,29,29,29,29,29,29
370498,1,1,0,0,12,0,0,0,0,0,0,0
370498,2,1,0,0,0,0,0,0,0,0,0,0
370499,1,1,12,12,12,12,12,12,12,12,12,12
370500,0,1,17,17,17,17,17,17,17,17,17,17
370500,1,1,0,0,15,0,0,0,0,0,0,0
370501,1,1,9,14,14,0,10,10,21,10,6,23
370501,2,1,0,0,0,0,0,0,0,0,0,0
370501,3,1,0,0,0,0,0,0,0,0,0,0
370502,1,1,36,36,36,36,36,36,36,36,36,36
370503,1,1,12,0,0,0,0,0,0,0,0,0
370504,0,1,0,0,0,0,0,0,0,0,0,0
370504,1,1,14,4,0,22,0,8,0,0,0,11
370505,1,1,0,0,0,0,0,0,0,0,0,0
370506,1,1,0,0,0,0,0,0,0,0,0,0
370506,2,1,0,0,0,0,0,0,0,0,0,0
370507,1,1,0,0,0,0,0,0,0,0,0,0
370507,2,1,0,0,0,0,0,0,0,0,0,0
370508,1,1,26,26,26,26,26,26,26,26,26,26
370509,1,1,0,0,0,0,0,0,0,0,0,0
370510,0,1,0,0,0,0,0,0,0,0,0,0
370510,1,1,0,0,13,7,0,0,0,0,0,7
370511,1,1,0,0,0,0,0,0,0,0,0,0
370512,0,1,21,16,9,23,8,27,17,28,16,6
370512,1,1,0,0,0,0,0,0,0,0,0,0
370513,1,1,18,18,18,18,18,18,18,18,18,18
370513,2,1,12,12,12,12,12,12,12,12,12,12
370514,0,1,10,10,10,10,10,10,10,10,10,10
370514,1,1,26,0,0,0,0,0,0,0,0,0
370515,1,1,13,13,13,13,13,13,13,13,13,13
370515,2,1,0,0,0,0,0,0,0,0,0,0
370515,3,1,0,0,0,0,0,0,0,0,0,0
370516,1,1,0,0,0,0,0,0,0,0,0,0
370517,1,1,0,0,0,0,0,0,0,0,0,0
370518,1,1,17,17,17,17,17,17,17,17,17,17
370519,1,1,23,23,23,23,23,23,23,23,23,23
370520,1,1,31,31,31,31,31,31,31,31,31,31
370521,1,1,10,10,10,10,10,10,10,10,10,10
370522,1,1,0,0,0,0,0,14,0,0,0,0
370522,2,1,0,0,0,0,0,0,0,0,0,0
370523,1,1,0,0,0,0,0,22,0,0,0,0
370524,0,1,0,0,0,0,0,0,0,0,0,0
370524,1,1,0,0,0,0,0,0,0,13,0,0
370525,1,1,16,16,16,16,16,16,16,16,16,16
370526,1,1,14,14,14,14,14,14,14,14,14,14
370527,1,1,0,0,0,0,0,0,0,0,0,0
370528,1,1,0,0,0,0,0,0,0,0,0,0
370529,1,1,11,11,11,11,11,11,11,11,11,11
370529,2,1,0,0,0,0,0,0,0,0,0,0
370530,1,1,0,0,0,0,0,18,0,0,0,0
370530,2,1,16,16,16,16,16,16,16,16,16,16
370531,0,1,27,27,27,27,27,27,27,27,27,27
370531,1,1,10,23,0,0,11,0,0,0,0,12
370533,1,1,0,0,0,0,0,0,0,0,0,0
370533,2,1,0,0,0,0,0,0,0,0,0,0
370534,1,1,10,10,10,10,10,10,10,10,10,10
370535,1,1,5,5,5,5,5,5,5,5,5,5
370535,2,1,0,0,0,0,0,0,0,0,0,0
370535,3,1,0,0,0,0,0,0,0,0,0,0
370536,1,1,0,39,0,0,0,0,33,18,0,0
370537,1,1,0,0,0,0,0,0,0,0,0,0
370537,2,1,0,0,0,0,0,0,0,0,0,0
370538,0,1,0,0,0,0,0,0,0,0,0,0
370538,1,1,0,0,0,0,0,0,0,0,0,0
370539,1,1,0,0,0,0,9,17,0,0,0,0
370539,2,1,10,0,0,0,0,0,0,0,0,0
370540,1,1,0,0,0,0,0,0,0,0,0,0
370540,2,1,0,0,0,0,0,0,0,0,0,0
370540,3,1,0,0,0,0,0,0,0,0,0,0
370540,4,1,0,0,0,0,0,0,0,0,0,0
370541,1,1,0,0,0,0,0,0,0,0,0,0
370541,2,1,0,0,0,0,0,0,0,0,0,0
370542,1,1,0,0,0,0,0,0,0,0,0,0
370543,1,1,0,0,0,0,0,0,0,0,0,0
370543,2,1,0,0,0,0,0,0,0,0,0,0
370544,1,1,0,0,0,0,0,0,0,0,0,0
370545,1,1,0,0,0,0,0,0,0,0,0,0
370545,2,1,0,0,0,0,0,0,0,0,0,0
370546,1,1,0,0,0,0,0,0,0,0,0,0
370546,2,1,0,0,0,0,0,0,0,0,0,0
370547,1,1,28,28,28,28,28,28,28,28,28,28
370548,1,1,19,19,19,19,19,19,19,19,19,19
370549,1,1,0,23,0,0,0,0,0,10,0,20
370549,2,1,10,0,0,0,0,0,0,16,0,0
370549,3,1,9,9,9,9,9,9,9,9,9,9
370550,1,1,0,0,0,0,0,0,0,0,0,0
370550,2,1,0,0,0,0,0,0,0,0,0,0
370551,1,1,0,0,0,0,0,0,0,0,0,0
370552,1,1,0,0,0,0,0,0,0,0,0,0
370552,2,1,9,0,0,0,0,0,0,0,0,22
370553,0,1,0,0,0,0,0,0,0,0,0,0
370553,1,1,0,0,0,15,0,0,0,0,0,0
370554,1,1,0,0,0,0,0,0,0,0,0,16
370554,2,1,0,0,0,0,0,0,0,0,0,0
370555,1,1,0,0,0,0,0,0,0,0,0,0
370556,1,1,0,0,0,0,0,0,0,0,0,0
370557,1,1,0,0,0,0,0,16,0,0,0,0
370557,2,1,0,0,0,0,0,0,0,0,0,0
370558,0,1,33,33,33,33,33,33,33,33,33,33
370558,1,1,22,0,0,10,0,0,28,35,35,18
370559,1,1,0,0,38,0,0,0,0,0,0,0
370560,1,1,0,0,0,0,0,0,0,0,0,0
370561,1,1,7,21,13,17,10,12,14,25,11,8
370562,1,1,0,0,0,0,0,0,0,0,0,0
370563,1,1,0,0,0,0,0,0,0,0,0,0
370563,2,1,20,0,0,0,0,10,0,0,0,0
370564,1,1,0,0,0,0,0,0,0,0,0,0
370564,2,1,0,0,0,0,0,0,18,0,0,0
370565,1,1,0,0,0,0,0,0,0,0,0,0
370565,2,1,0,0,0,0,0,0,0,0,0,0
370566,0,1,0,0,0,0,0,0,0,0,0,0
370566,1,1,12,12,12,12,12,12,12,12,12,12
370567,1,1,19,19,19,19,19,19,19,19,19,19
370568,1,1,5,5,5,5,5,5,5,5,5,5
370568,2,1,0,0,0,0,0,0,0,0,0,0
370569,1,1,0,0,0,0,0,0,0,0,0,0
370570,1,1,0,0,0,0,0,0,0,0,0,0
370570,2,1,0,0,0,0,0,0,0,0,0,0
370571,0,1,16,16,16,16,16,16,16,16,16,16
370571,1,1,0,0,0,0,0,18,0,0,0,0
370572,0,1,29,29,29,29,29,29,29,29,29,29
370572,1,1,0,0,0,0,0,0,0,0,0,0
370573,1,1,0,0,0,0,0,0,0,0,0,0
370574,0,1,26,26,26,26,26,26,26,26,26,26
370574,1,1,0,0,7,0,0,0,0,0,0,0
370575,1,1,18,18,18,18,18,18,18,18,18,18
370576,1,1,0,0,0,0,0,0,0,0,0,0
370576,2,1,8,0,0,0,0,0,0,0,0,0
370577,1,1,0,0,0,0,0,0,0,0,14,0
370578,1,1,0,0,0,0,0,0,0,0,0,0
370578,2,1,0,0,0,0,0,0,0,0,0,0
370579,1,1,0,0,0,0,0,0,0,0,0,0
370580,1,1,0,0,0,0,0,0,0,0,0,0
370580,2,1,0,0,0,0,0,0,0,0,0,0
370581,1,1,12,2,20,20,5,21,12,12,7,11
370582,1,1,0,0,0,0,0,0,0,0,0,0
370582,2,1,0,0,0,0,0,0,0,0,0,0
370583,1,1,14,14,14,14,14,14,14,14,14,14
370583,2,1,0,0,0,0,0,0,0,0,0,0
370584,1,1,0,0,0,0,0,0,0,0,0,0
370584,2,1,0,0,0,0,0,0,0,0,0,0
370585,1,1,0,0,0,0,0,0,0,0,0,0
370586,1,1,0,0,0,0,23,0,0,0,0,0
370587,1,1,0,0,0,0,0,0,0,0,0,0
370587,2,1,5,0,0,0,0,17,0,25,12,0
370588,1,1,0,0,0,0,0,0,0,0,0,0
370589,1,1,13,13,13,13,13,13,13,13,13,13
370590,1,1,18,18,18,18,18,18,18,18,18,18
370590,2,1,0,0,0,0,0,0,0,0,0,0
370591,1,1,0,0,0,0,0,0,0,0,0,0
370592,1,1,8,8,8,8,8,8,8,8,8,8
370592,2,1,0,0,0,0,0,0,0,0,0,0
370592,3,1,0,0,0,0,0,0,0,0,0,0
370593,1,1,15,15,15,15,15,15,15,15,15,15
370594,1,1,19,19,19,19,19,19,19,19,19,19
370594,2,1,0,0,0,0,0,0,0,0,0,0
370595,1,1,0,0,0,0,0,0,0,0,0,0
370595,2,1,0,0,0,0,0,0,0,0,0,0
370596,1,1,0,0,0,0,0,0,0,0,0,0
370597,1,1,0,0,0,0,0,0,0,0,0,0
370597,2,1,0,0,0,0,0,0,21,0,0,0
370598,0,1,0,0,0,0,0,0,0,0,0,0
370598,0,2,0,0,0,0,0,0,0,0,0,0
370598,1,1,0,0,0,0,0,0,0,0,0,0
370599,1,1,12,12,12,12,12,12,12,12,12,12
370600,0,1,26,26,26,26,26,26,26,26,26,26
370600,1,1,0,0,0,0,0,0,0,0,0,0
370601,1,1,0,0,0,0,0,0,0,0,0,0
370602,1,1,0,0,0,0,0,0,0,0,0,0
370602,2,1,0,0,0,0,0,0,0,0,0,0
370603,1,1,0,0,0,0,0,0,0,0,0,0
370603,2,1,0,0,0,0,0,0,0,0,0,0
370604,1,1,0,0,0,0,0,0,0,0,0,0
370604,2,1,13,0,0,0,0,0,0,0,0,0
370605,1,1,0,0,0,0,0,0,0,0,0,0
370606,1,1,20,20,20,20,20,20,20,20,20,20
370607,1,1,0,0,0,0,0,0,0,0,15,0
370607,2,1,0,0,0,0,0,0,0,0,0,0
370608,1,1,0,0,0,0,0,0,0,0,0,0
370608,2,1,0,0,0,0,0,0,0,0,0,0
370609,1,1,0,0,0,0,0,0,0,0,0,0
370609,2,1,0,0,0,0,0,0,0,0,0,0
370610,0,1,9,9,9,9,9,9,9,9,9,9
370610,1,1,21,0,0,0,0,0,0,0,0,0
370611,1,1,0,0,0,0,0,0,0,0,0,0
370611,2,1,0,0,0,0,0,0,0,0,0,0
370612,1,1,0,0,0,6,0,0,0,0,0,0
370612,2,1,0,0,0,0,0,0,0,0,0,0
370613,1,1,0,0,0,0,0,0,0,0,0,0
370614,1,1,0,0,0,0,0,0,0,0,0,0
370614,2,1,0,0,0,0,0,0,0,0,0,0
370615,1,1,0,0,0,0,0,0,0,0,0,0
370615,2,1,0,0,0,0,0,0,0,0,0,0
370616,1,1,0,0,0,0,0,0,0,0,0,0
370617,1,1,6,0,0,0,0,0,0,0,0,14
370618,1,1,0,0,0,0,0,0,0,0,0,0
370618,2,1,0,0,0,0,0,0,0,0,0,0
370619,0,1,0,0,0,0,0,0,0,0,0,0
370619,1,1,0,0,0,0,0,0,0,0,0,0
370620,1,1,0,0,0,0,0,0,0,18,0,0
370620,2,1,27,27,27,27,27,27,27,27,27,27
370621,1,1,0,0,0,0,0,0,0,0,0,0
370621,2,1,0,0,0,0,0,0,0,0,0,0
370621,3,1,0,0,0,0,0,0,0,0,0,0
370622,1,1,0,0,0,0,0,0,0,0,0,0
370622,2,1,0,0,0,0,0,0,0,0,0,0
370622,3,1,0,0,0,0,0,0,0,0,0,0
370623,1,1,0,0,0,0,0,0,0,0,0,0
370623,2,1,0,0,0,0,0,0,0,0,0,0
370624,1,1,0,0,0,0,0,0,0,0,0,0
370624,2,1,0,0,0,0,0,0,0,0,0,0
370625,1,1,0,0,0,0,0,0,0,0,0,0
370627,1,1,0,0,27,0,0,10,0,33,12,23
370628,1,1,2,2,2,2,2,2,2,2,2,2
370628,2,1,9,9,9,9,9,9,9,9,9,9
370629,0,1,0,0,0,0,0,0,0,0,0,0
370629,0,2,0,0,0,7,0,15,0,0,0,0
370629,1,1,24,24,24,24,24,24,24,24,24,24
370630,1,1,2,0,0,0,0,0,13,0,0,0
370630,2,1,0,18,0,0,0,0,0,0,0,0
370631,0,1,4,4,4,4,4,4,4,4,4,4
370631,1,1,0,5,0,0,6,0,0,0,20,0
370632,1,1,19,19,19,19,19,19,19,19,19,19
370632,2,1,0,0,0,0,0,0,0,0,0,0
370633,1,1,17,17,17,17,17,17,17,17,17,17
370634,1,1,0,0,0,0,0,0,0,0,0,0
370634,2,1,0,0,0,0,0,0,0,0,0,0
370634,3,1,0,0,0,0,0,0,0,0,0,0
370635,1,1,35,19,14,0,0,0,39,30,10,0
370636,1,1,0,0,0,0,0,0,0,0,0,0
370637,1,1,25,25,25,25,25,25,25,25,25,25
370638,1,1,0,0,0,0,0,0,0,0,0,0
370638,2,1,0,0,0,0,0,0,0,4,0,0
370639,1,1,25,25,25,25,25,25,25,25,25,25
370639,2,1,0,0,0,0,0,0,0,0,0,0
370640,1,1,0,0,0,0,0,0,0,0,0,0
370640,2,1,18,18,14,23,19,20,11,10,13,9
370641,0,1,0,0,0,0,0,0,0,0,0,0
370641,1,1,0,0,0,0,0,0,0,0,0,0
370642,1,1,0,0,0,0,0,0,0,0,0,0
370643,1,1,0,0,0,0,0,0,0,0,0,0
370644,1,1,25,25,25,25,25,25,25,25,25,25
370645,1,1,0,0,0,0,0,0,0,0,0,0
370646,1,1,0,16,0,0,0,0,0,0,15,0
370647,1,1,32,32,32,32,32,32,32,32,32,32
370648,1,1,0,0,0,0,0,0,0,0,0,0
370648,2,1,4,0,0,0,0,0,0,0,0,0
370648,3,1,0,0,0,0,0,0,0,16,0,0
370649,1,1,28,28,28,28,28,28,28,28,28,28
370650,1,1,21,21,21,21,21,21,21,21,21,21
370651,1,1,0,0,0,0,0,0,0,0,0,0
370652,0,1,16,0,14,0,21,0,0,8,9,0
370652,1,1,0,0,0,0,0,0,2,0,0,0
370653,1,1,0,0,0,0,0,0,0,0,0,0
370654,1,1,0,0,0,0,0,12,0,0,0,0
370655,0,1,23,23,23,23,23,23,23,23,23,23
370655,1,1,0,0,0,0,0,0,0,0,0,0
370656,1,1,0,0,0,0,0,0,0,0,0,0
370656,2,1,29,29,29,29,29,29,29,29,29,29
370657,1,1,0,0,0,0,0,0,0,0,0,0
370658,1,1,0,0,0,0,0,0,0,0,0,0
370659,1,1,0,0,0,0,0,0,0,0,0,0
370660,0,1,0,0,0,0,0,0,0,0,0,0
370660,1,1,0,0,0,0,0,0,0,0,0,0
370661,1,1,0,0,0,0,0,0,0,28,0,0
370661,2,1,0,0,0,0,0,0,0,0,0,0
370662,0,1,28,28,28,28,28,28,28,28,28,28
370662,1,1,0,0,0,14,0,0,11,0,0,0
370663,0,1,37,37,37,37,37,37,37,37,37,37
370663,1,1,10,23,0,12,0,17,0,0,0,0
370664,1,1,19,19,19,19,19,19,19,19,19,19
370664,2,1,0,0,15,0,16,0,0,0,0,0
370665,1,1,0,0,0,0,0,0,0,0,0,0
370665,2,1,0,0,0,0,0,0,0,0,0,0
370666,1,1,0,0,0,0,0,0,0,0,0,0
370667,1,1,2,2,2,2,2,2,2,2,2,2
370667,2,1,0,0,0,0,0,0,0,0,0,0
370668,1,1,19,19,19,19,19,19,19,19,19,19
370668,2,1,0,0,0,0,0,0,0,0,0,0
370669,0,1,21,21,21,21,21,21,21,21,21,21
370669,1,1,0,0,0,0,0,25,0,0,0,9
370670,1,1,20,20,20,20,20,20,20,20,20,20
370671,1,1,0,0,0,0,0,0,0,0,0,0
370671,2,1,0,0,0,0,0,0,0,0,0,0
370672,0,1,0,0,0,26,0,0,0,0,0,0
370672,0,2,0,0,0,0,0,0,0,0,0,0
370672,1,1,0,0,0,0,0,0,0,0,0,0
370673,1,1,0,0,0,4,0,0,0,0,0,0
370674,1,1,8,0,8,0,0,7,0,7,0,12
370675,1,1,0,0,0,0,0,0,13,0,0,0
370675,2,1,0,0,0,0,0,0,0,0,0,0
370676,1,1,0,0,0,0,0,0,12,0,0,0
370676,2,1,0,0,0,0,0,0,0,0,0,0
370677,1,1,0,0,15,0,0,0,0,0,15,0
370677,2,1,0,0,0,0,0,0,0,0,0,0
370677,3,1,0,0,25,0,0,0,0,0,0,0
370678,1,1,0,0,0,0,0,0,0,0,0,0
370678,2,1,0,0,0,0,0,0,0,0,0,0
370679,1,1,0,0,0,0,0,0,0,0,0,0
370680,1,1,0,0,0,0,0,0,0,0,0,0
370681,1,1,0,0,0,0,0,0,0,0,0,0
370682,1,1,0,0,0,0,0,0,0,0,0,0
370683,1,1,0,0,0,0,0,0,0,0,13,0
370684,1,1,0,0,0,0,0,0,0,0,0,0
370685,1,1,0,0,0,0,0,0,0,0,0,0
370685,2,1,0,0,0,0,0,0,0,0,0,0
370685,3,1,0,0,0,0,0,0,0,0,0,0
370686,1,1,0,0,0,0,0,0,0,0,0,0
370686,2,1,0,0,0,0,0,0,0,0,0,0
370687,1,1,0,0,0,0,0,0,0,0,0,20
370688,1,1,0,0,0,5,0,0,0,0,0,0
370688,2,1,0,0,0,0,0,0,0,0,0,0
370689,1,1,0,0,0,0,0,0,0,0,0,0
370690,1,1,0,0,0,0,0,0,0,0,0,0
370690,2,1,0,0,0,0,0,0,0,0,0,0
370691,1,1,0,0,0,0,0,0,0,0,0,0
370691,2,1,0,0,0,0,0,0,0,0,0,0
370692,1,1,0,0,0,0,0,0,0,0,0,0
370692,2,1,0,0,0,0,0,0,0,0,0,0
370693,1,1,7,7,7,7,7,7,7,7,7,7
370694,1,1,0,0,0,0,0,0,0,0,0,0
370695,1,1,0,0,0,0,0,0,0,21,0,0
370695,2,1,0,0,8,0,0,0,0,0,0,0
370696,1,1,0,0,0,0,0,0,0,0,0,0
370696,2,1,0,0,0,0,0,0,0,0,0,17
370697,1,1,0,0,0,0,0,0,0,0,0,0
370697,2,1,26,0,0,0,0,0,0,0,0,0
370698,1,1,0,0,0,0,0,0,0,0,0,0
370699,0,1,0,27,0,0,0,0,0,0,13,0
370699,1,1,0,0,0,0,0,0,0,0,24,0
370699,2,1,0,0,0,0,0,0,0,0,0,0
370700,1,1,33,33,33,33,33,33,33,33,33,33
370701,1,1,6,6,6,6,6,6,6,6,6,6
370702,1,1,0,0,0,0,0,0,0,0,0,0
370702,2,1,0,3,0,0,0,0,0,0,0,0
370703,1,1,0,16,13,15,8,7,8,11,6,0
370703,2,1,0,0,0,0,0,0,0,0,0,0
370704,0,1,0,0,0,0,0,0,0,0,0,0
370704,1,1,0,0,0,0,0,0,0,0,0,0
370705,1,1,0,0,0,0,0,0,0,0,0,0
370706,1,1,0,0,0,0,0,0,0,0,0,0
370706,2,1,0,0,0,0,0,0,0,0,0,0
370707,1,1,0,0,0,0,0,0,0,0,0,0
370707,2,1,0,0,0,0,0,0,0,0,0,0
370707,3,1,0,0,0,0,0,0,0,0,0,0
370708,0,1,0,0,0,0,0,0,0,0,0,0
370708,1,1,0,0,5,0,0,0,0,0,0,0
370709,0,1,11,11,11,11,11,11,11,11,11,11
370709,1,1,0,0,0,0,18,0,0,0,0,17
370710,1,1,9,9,9,9,9,9,9,9,9,9
370711,1,1,0,0,0,0,0,0,0,0,0,0
370711,2,1,0,0,0,0,0,0,0,0,0,0
370712,0,1,0,0,0,0,0,0,0,0,0,0
370712,1,1,0,2,0,0,0,0,0,0,0,0
370713,1,1,0,0,0,0,0,0,0,0,0,0
370713,2,1,0,0,0,0,0,0,0,0,0,0
370714,1,1,16,16,16,16,16,16,16,16,16,16
370715,1,1,0,0,0,0,0,0,0,0,0,0
370715,2,1,0,0,0,0,0,0,0,0,0,0
370715,3,1,0,0,0,0,0,0,0,0,0,0
370716,1,1,9,0,0,0,0,0,0,0,0,0
370716,2,1,0,0,0,0,0,0,17,0,0,0
370717,0,1,27,27,27,27,27,27,27,27,27,27
370717,1,1,0,0,0,0,0,0,0,0,0,0
370718,0,1,22,22,22,22,22,22,22,22,22,22
370718,1,1,14,14,14,14,14,14,14,14,14,14
370719,0,1,0,0,0,0,0,0,0,0,0,0
370719,0,2,0,0,0,0,0,0,11,0,0,0
370719,1,1,0,0,0,0,0,0,0,0,0,0
370720,1,1,0,0,0,0,0,0,0,0,0,0
370720,2,1,0,0,0,0,0,0,0,0,0,0
370721,1,1,0,0,0,0,0,0,0,0,0,4
370722,1,1,0,0,0,0,7,0,0,0,0,0
370723,1,1,0,0,0,0,0,0,0,0,0,0
370724,1,1,0,0,0,0,0,0,0,0,0,0
370724,2,1,0,0,0,0,0,0,0,0,0,0
370725,1,1,13,13,13,13,13,13,13,13,13,13
370726,1,1,24,24,24,24,24,24,24,24,24,24
370727,1,1,14,14,14,14,14,14,14,14,14,14
370727,2,1,0,0,0,0,0,0,0,0,0,0
370727,3,1,0,0,0,0,0,0,0,0,0,0
370728,1,1,0,0,0,0,0,0,0,0,0,0
370728,2,1,0,0,0,0,0,0,0,0,0,0
370729,0,1,0,0,0,0,0,0,0,0,0,0
370729,1,1,0,5,5,11,0,6,15,0,15,0
370730,1,1,0,0,0,0,0,0,0,0,0,0
370731,1,1,22,22,22,22,22,22,22,22,22,22
370732,1,1,0,0,0,0,0,0,0,0,0,0
370732,2,1,0,0,0,0,0,0,0,0,0,0
370733,1,1,0,0,0,0,0,0,0,0,0,0
370733,2,1,0,0,0,0,0,0,0,0,0,0
370733,3,1,0,0,0,0,0,0,0,0,0,0
370734,0,1,31,31,31,31,31,31,31,31,31,31
370734,1,1,0,0,0,0,0,0,0,0,0,0
370735,1,1,0,0,0,0,0,0,0,0,0,0
370736,1,1,0,0,0,0,0,0,0,0,0,0
370736,2,1,0,0,0,0,16,0,0,0,0,0
370737,1,1,34,34,34,34,34,34,34,34,34,34
370738,1,1,0,0,0,0,0,0,0,0,0,0
370738,2,1,0,0,0,16,0,0,0,0,0,8
370739,1,1,0,0,0,0,0,6,0,0,0,0
370739,2,1,0,0,0,0,0,0,0,0,0,0
370740,0,1,10,10,10,10,10,10,10,10,10,10
370740,1,1,0,0,0,0,0,0,0,0,0,0
370741,1,1,0,0,0,0,0,0,0,0,0,0
370742,1,1,14,14,14,14,14,14,14,14,14,14
370743,1,1,7,7,7,7,7,7,7,7,7,7
370743,2,1,0,0,0,0,0,0,0,0,0,0
370744,1,1,0,0,0,0,0,31,0,0,0,0
370744,2,1,0,0,0,0,25,0,0,0,0,32
370745,1,1,0,0,10,0,33,0,0,0,0,0
370746,0,1,0,0,0,0,0,0,0,0,0,0
370746,1,1,0,0,0,0,0,0,0,0,0,0
370747,1,1,14,13,9,16,13,16,13,10,8,7
370748,1,1,0,0,0,0,0,0,0,0,0,0
370749,0,1,0,0,0,0,0,0,0,0,0,0
370749,1,1,0,0,0,0,0,0,0,0,0,0
370750,1,1,0,10,0,0,0,0,0,0,0,0
370750,2,1,33,33,33,33,33,33,33,33,33,33
370751,1,1,0,0,0,0,0,0,0,0,0,0
370751,2,1,0,0,0,0,0,0,0,0,0,0
370751,3,1,0,0,0,0,0,0,0,0,0,0
370752,1,1,38,38,38,38,38,38,38,38,38,38
370753,1,1,16,0,9,0,0,0,6,0,0,0