ST_CASE,VEH_NO,PER_NO,P1,P2,P3,P4,P5,P6,P7,P8,P9,P10
370754,1,1,0,0,0,0,0,0,0,0,0,0
370754,2,1,0,0,0,0,0,0,0,0,0,0
370755,1,1,14,14,14,14,14,14,14,14,14,14
370756,1,1,0,0,0,0,0,0,0,0,0,0
370756,2,1,0,0,0,0,0,0,0,0,0,0
370757,1,1,25,25,25,25,25,25,25,25,25,25
370758,1,1,0,0,0,0,0,0,0,0,0,0
370758,2,1,0,0,0,0,0,0,0,0,0,0
370758,3,1,4,0,0,0,0,0,0,0,0,0
370758,4,1,0,0,0,0,0,0,0,0,0,0
370759,1,1,0,0,0,0,0,0,0,0,0,0
370760,1,1,0,0,0,0,0,0,0,0,0,0
370761,0,1,14,14,14,14,14,14,14,14,14,14
370761,1,1,0,10,0,0,0,0,0,0,0,0
370762,1,1,0,0,0,0,0,0,0,0,0,0
370763,1,1,0,0,0,0,0,0,0,0,0,0
370763,2,1,0,0,0,0,0,0,0,0,0,0
370764,0,1,0,0,0,0,0,0,0,0,0,0
370764,1,1,0,0,0,0,0,0,0,0,0,0
370765,1,1,0,0,0,0,0,0,0,0,0,0
370765,2,1,0,0,0,0,0,0,0,29,0,41
370766,1,1,0,0,0,0,0,0,0,0,0,0
370766,2,1,0,0,0,0,0,0,0,0,0,0
370767,1,1,0,0,0,0,0,0,0,0,0,0
370767,2,1,0,0,0,0,0,0,0,0,0,0
370768,1,1,0,10,0,0,0,0,0,0,0,0
370769,1,1,0,0,0,0,0,0,0,0,0,0
370769,2,1,0,0,0,0,0,0,0,0,0,0
370770,1,1,0,0,0,0,0,0,0,0,0,0
370770,2,1,0,0,0,0,0,0,0,6,0,0
370771,0,1,5,5,5,5,5,5,5,5,5,5
370771,1,1,0,0,0,0,0,0,12,0,0,0
370772,1,1,0,0,0,0,0,0,0,0,0,0
370772,2,1,0,0,0,0,0,0,0,0,0,0
370773,1,1,0,0,0,0,0,0,0,0,0,0
370774,1,1,0,0,0,0,0,0,0,0,0,0
370774,2,1,0,0,0,0,0,0,0,0,0,0
370775,1,1,0,0,0,0,0,0,0,0,0,0
370775,2,1,0,0,0,0,0,0,0,0,0,0
370775,3,1,0,15,0,0,0,19,0,27,9,0
370776,0,1,0,0,0,0,0,0,0,0,0,0
370776,1,1,0,0,0,0,0,0,0,0,0,0
370777,0,1,35,23,27,10,25,24,12,35,48,30
370777,1,1,32,0,0,0,0,24,9,23,19,0
370778,1,1,7,7,7,7,7,7,7,7,7,7
370779,1,1,12,12,12,12,12,12,12,12,12,12
370780,1,1,0,0,0,0,0,0,0,0,0,0
370780,2,1,0,0,0,0,0,0,0,2,0,0
370781,1,1,0,0,0,0,0,0,0,0,0,0
370781,2,1,0,0,0,0,0,0,0,0,0,0
370781,3,1,0,0,0,0,0,0,0,9,0,0
370782,1,1,0,0,0,0,0,0,0,0,0,0
370783,1,1,6,6,6,6,6,6,6,6,6,6
370784,1,1,14,14,14,14,14,14,14,14,14,14
370785,1,1,0,0,0,0,0,0,0,0,0,0
370785,2,1,0,0,0,0,0,0,0,0,0,0
370786,1,1,0,0,0,0,0,0,0,0,0,0
370786,2,1,0,0,0,0,0,0,25,0,0,0
370787,0,1,34,34,34,34,34,34,34,34,34,34
370787,1,1,0,0,0,0,0,0,0,0,0,0
370788,1,1,0,0,0,0,0,0,0,0,0,0
370788,2,1,0,0,0,0,0,20,0,11,0,0
370789,1,1,0,0,0,0,0,0,0,0,0,0
370789,2,1,0,0,0,0,0,0,0,0,3,0
370789,3,1,0,0,0,0,0,0,0,0,0,0
370790,1,1,36,36,36,36,36,36,36,36,36,36
370791,1,1,0,0,0,0,0,0,0,0,0,0
370792,1,1,0,0,0,0,0,0,0,0,0,0
370792,2,1,0,0,0,0,0,0,0,0,0,0
370792,3,1,0,0,0,0,0,0,0,0,0,0
370793,1,1,0,0,0,0,0,0,0,0,0,0
370793,2,1,6,28,0,3,14,5,10,0,7,26
370794,0,1,0,0,0,0,0,0,0,0,0,0
370794,1,1,0,0,0,0,0,0,0,0,0,0
370795,1,1,0,0,0,0,0,0,0,0,0,0
370795,2,1,0,0,0,0,0,0,0,0,0,0
370796,1,1,0,0,0,0,0,0,0,0,0,0
370796,2,1,0,0,0,0,0,0,0,0,0,0
370797,1,1,0,31,14,22,17,8,18,14,0,7
370797,2,1,17,17,17,17,17,17,17,17,17,17
370798,1,1,0,0,0,0,0,0,0,0,0,0
370799,1,1,0,0,0,0,0,0,0,0,0,0
370799,2,1,0,0,0,0,0,0,0,0,0,0
370800,1,1,26,26,26,26,26,26,26,26,26,26
370800,2,1,3,3,3,3,3,3,3,3,3,3
370801,0,1,0,0,0,9,0,0,0,0,0,0
370801,1,1,0,0,0,0,0,0,0,0,0,0
370802,0,1,11,11,11,11,11,11,11,11,11,11
370802,1,1,0,0,0,0,0,0,0,0,0,14
370803,1,1,19,19,19,19,19,19,19,19,19,19
370804,0,1,0,0,0,0,0,0,0,0,0,0
370804,1,1,0,0,0,0,0,0,0,0,0,0
370805,0,1,0,0,0,0,0,0,0,0,0,0
370805,1,1,0,0,14,0,0,0,0,0,0,0
370806,1,1,0,0,7,0,0,0,0,0,0,0
370806,2,1,0,0,0,0,0,0,0,0,0,0
370807,1,1,0,11,0,0,0,0,0,18,0,0
370807,2,1,0,0,0,0,0,0,0,0,0,0
370808,1,1,23,23,23,23,23,23,23,23,23,23
370809,0,1,0,0,0,0,0,0,0,0,0,0
370809,1,1,0,0,0,0,0,0,0,0,0,0
370810,1,1,18,13,6,13,10,0,14,15,9,12
370810,2,1,0,0,0,0,0,0,0,0,0,0
370811,1,1,15,15,15,15,15,15,15,15,15,15
370812,0,1,0,37,34,26,19,33,0,13,0,0
370812,1,1,0,0,0,11,11,0,0,0,6,30
370812,2,1,0,24,0,0,7,16,16,0,19,0
370812,3,1,0,0,0,0,0,0,0,0,0,0
370813,1,1,0,0,0,0,0,0,0,0,0,0
370814,1,1,0,0,0,0,0,0,0,0,0,0
370814,2,1,7,7,7,7,7,7,7,7,7,7
370815,1,1,3,3,3,3,3,3,3,3,3,3
370816,1,1,0,0,0,0,0,0,0,0,0,0
370816,2,1,0,0,0,0,0,0,0,0,0,0
370817,0,1,0,0,0,0,0,0,0,0,0,0
370817,1,1,0,0,0,0,0,0,0,0,0,0
370818,1,1,0,0,0,0,0,0,0,0,0,0
370818,2,1,15,15,15,15,15,15,15,15,15,15
370819,1,1,0,0,0,0,0,0,0,0,0,0
370819,2,1,0,0,0,0,0,0,0,0,0,0
370820,1,1,2,15,15,20,3,34,18,26,24,8
370820,2,1,0,0,0,0,0,0,0,0,0,0
370821,1,1,0,0,0,0,0,0,0,0,0,0
370822,1,1,0,0,0,0,0,0,0,0,0,0
370823,1,1,0,0,0,0,15,0,0,0,0,0
370823,2,1,21,21,21,21,21,21,21,21,21,21
370824,0,1,9,9,9,9,9,9,9,9,9,9
370824,0,2,0,0,9,0,8,0,0,0,0,0
370824,1,1,10,0,0,9,16,0,0,15,0,0
370825,1,1,0,0,0,0,0,0,0,0,0,0
370825,2,1,0,0,0,0,0,0,0,0,0,0
370826,1,1,0,0,0,0,8,0,0,0,3,0
370827,1,1,0,0,0,0,8,9,0,0,0,0
370828,1,1,11,11,11,11,11,11,11,11,11,11
370829,1,1,0,0,0,0,0,0,0,0,0,0
370830,1,1,0,0,0,0,0,0,0,0,0,0
370830,2,1,0,0,0,0,0,0,0,0,0,0
370831,1,1,0,0,0,0,0,0,0,0,0,0
370832,1,1,15,0,0,0,0,0,0,21,0,0
370832,2,1,0,0,0,0,0,0,0,0,0,0
370833,1,1,0,0,0,0,0,0,0,0,0,0
370834,1,1,0,0,0,0,0,0,0,0,0,0
370835,1,1,0,0,0,0,0,0,0,0,0,0
370835,2,1,0,0,0,0,0,0,0,0,0,0
370836,1,1,0,0,0,0,0,0,0,0,0,0
370837,1,1,0,0,0,0,0,6,18,0,0,17
370838,1,1,31,31,31,31,31,31,31,31,31,31
370839,1,1,0,0,0,0,0,0,0,0,0,0
370839,2,1,0,0,0,0,0,0,0,0,0,0
370840,1,1,0,0,0,0,0,0,0,0,0,0
370840,2,1,0,0,0,0,0,0,0,11,0,0
370841,0,1,0,0,0,0,0,0,0,0,0,0
370841,1,1,7,17,15,12,0,7,5,3,14,15
370842,0,1,0,0,0,0,0,0,0,0,0,0
370842,1,1,0,0,0,0,0,0,0,0,0,0
370843,1,1,6,6,6,6,6,6,6,6,6,6
370844,1,1,12,12,12,12,12,12,12,12,12,12
370845,1,1,0,0,0,0,0,0,0,0,0,0
370845,2,1,0,0,0,0,0,0,0,0,0,0
370846,1,1,0,0,0,0,0,0,0,0,0,0
370847,1,1,0,0,0,0,0,0,0,0,0,0
370848,1,1,0,0,0,0,0,0,0,0,0,0
370849,1,1,0,0,0,0,0,0,0,0,0,0
370849,2,1,0,0,0,0,0,0,0,0,15,32
370850,0,1,19,19,19,19,19,19,19,19,19,19
370850,1,1,0,0,0,21,0,0,0,0,0,0
370851,1,1,8,8,8,8,8,8,8,8,8,8
370851,2,1,0,0,0,0,0,0,0,0,0,0
370852,1,1,0,0,0,0,0,0,0,0,0,0
370852,2,1,0,0,0,0,0,0,0,0,0,0
370853,1,1,0,0,0,0,0,0,0,0,0,0
370853,2,1,0,0,0,0,0,0,0,0,0,0
370854,0,1,0,0,0,0,0,0,0,0,0,0
370854,1,1,0,0,0,0,0,0,0,13,0,0
370855,1,1,34,34,34,34,34,34,34,34,34,34
370855,2,1,0,0,0,0,0,0,0,0,0,0
370856,1,1,0,0,0,0,0,0,0,0,0,0
370857,1,1,20,20,20,20,20,20,20,20,20,20
370858,1,1,0,0,0,0,0,0,0,0,0,0
370858,2,1,0,0,0,0,0,0,0,0,0,0
370859,1,1,0,0,0,0,0,0,0,0,0,0
370860,1,1,0,0,0,0,0,0,0,0,0,0
370860,2,1,0,0,0,0,0,0,0,0,0,0
370861,1,1,0,0,0,0,0,0,0,0,0,0
370862,1,1,0,0,0,0,0,0,0,0,0,0
370862,2,1,0,0,0,0,0,0,0,0,0,0
370862,3,1,0,0,0,0,0,0,0,0,0,0
370863,1,1,0,0,0,0,0,0,0,0,0,0
370864,1,1,0,0,0,0,0,0,0,0,0,0
370864,2,1,18,13,0,22,0,0,0,0,21,0
370865,1,1,21,21,21,21,21,21,21,21,21,21
370866,1,1,0,0,0,0,0,0,0,0,0,0
370866,2,1,0,0,0,0,0,0,0,0,0,0
370867,1,1,0,0,0,0,0,0,0,0,0,0
370867,2,1,0,0,0,0,0,0,0,0,0,0
370868,1,1,22,0,18,21,23,13,10,9,17,0
370870,1,1,0,0,0,0,4,0,0,5,0,0
370870,2,1,0,0,0,0,0,0,0,0,0,0
370871,1,1,0,0,0,0,0,0,0,0,0,0
370872,1,1,0,0,0,0,0,0,0,0,0,0
370873,1,1,2,2,2,2,2,2,2,2,2,2
370874,0,1,0,0,0,0,0,0,0,0,0,0
370874,0,2,0,0,0,0,0,0,0,0,0,7
370874,1,1,0,0,0,0,0,0,3,0,0,0
370875,1,1,19,19,19,19,19,19,19,19,19,19
370876,1,1,0,0,0,0,0,0,0,0,0,0
370877,0,1,0,0,0,0,0,0,0,0,0,0
370877,1,1,0,0,0,0,0,0,0,0,0,0
370878,1,1,0,0,0,0,0,0,0,0,0,0
370878,2,1,0,0,0,0,0,0,0,0,0,0
370879,1,1,0,0,0,0,0,0,0,0,0,0
370879,2,1,0,0,0,0,0,0,0,0,0,0
370880,1,1,0,0,0,0,0,0,0,0,0,0
370881,0,1,27,27,27,27,27,27,27,27,27,27
370881,1,1,0,0,0,0,0,0,0,0,0,0
370882,1,1,15,15,15,15,15,15,15,15,15,15
370883,1,1,0,0,0,0,0,0,0,0,0,0
370883,2,1,0,0,0,0,0,0,0,0,0,0
370884,0,1,10,10,10,10,10,10,10,10,10,10
370884,1,1,0,0,0,0,0,0,0,0,0,12
370885,1,1,0,0,0,0,0,0,0,0,0,0
370885,2,1,0,0,0,0,0,0,0,0,0,0
370886,1,1,0,0,7,0,0,26,0,0,0,0
370886,2,1,0,0,0,0,0,0,0,0,0,0
370887,1,1,12,12,12,12,12,12,12,12,12,12
370888,0,1,0,0,0,0,0,0,0,0,0,0
370888,1,1,0,23,0,0,0,0,0,0,12,0
370889,1,1,19,19,19,19,19,19,19,19,19,19
370889,2,1,0,0,0,0,0,0,0,0,0,4
370890,1,1,33,33,33,33,33,33,33,33,33,33
370891,1,1,0,0,0,0,0,0,0,0,0,0
370892,1,1,0,0,0,0,0,0,0,0,0,0
370893,0,1,21,21,21,21,21,21,21,21,21,21
370893,1,1,11,34,0,11,0,23,0,0,7,9
370894,0,1,33,33,33,33,33,33,33,33,33,33
370894,1,1,0,0,0,0,0,0,0,0,0,0
370895,1,1,0,0,0,0,0,0,0,0,0,0
370896,1,1,0,0,0,0,0,0,0,0,0,0
370896,2,1,0,0,0,0,0,0,0,0,0,0
370897,1,1,0,0,0,0,0,0,0,0,0,0
370898,0,1,0,0,0,0,0,0,0,0,0,0
370898,1,1,0,0,0,0,0,0,0,0,0,0
370899,0,1,32,9,0,39,20,0,0,0,0,0
370899,1,1,0,0,0,0,0,0,0,0,4,0
370900,1,1,21,21,21,21,21,21,21,21,21,21
370901,1,1,25,25,4,22,20,30,20,24,26,13
370902,1,1,0,0,0,0,0,0,0,0,0,0
370902,2,1,0,0,0,0,0,0,0,0,0,0
370903,1,1,0,0,0,0,0,0,0,0,0,0
370904,0,1,31,31,31,31,31,31,31,31,31,31
370904,1,1,0,0,0,0,0,0,0,0,0,0
370905,1,1,0,0,0,0,0,0,0,0,0,0
370906,0,1,21,21,21,21,21,21,21,21,21,21
370906,1,1,20,9,8,15,14,9,15,15,10,16
370907,1,1,0,0,0,0,0,0,0,0,0,0
370907,2,1,0,0,0,0,0,0,0,0,0,0
370908,0,1,34,34,34,34,34,34,34,34,34,34
370908,0,2,19,21,27,24,24,24,16,16,13,11
370908,1,1,0,0,0,0,0,0,0,14,0,0
370909,1,1,6,6,6,6,6,6,6,6,6,6
370910,1,1,0,0,0,0,0,0,0,0,0,0
370910,2,1,0,0,0,0,0,14,0,0,0,0
370910,3,1,5,0,0,0,0,0,0,2,0,0
370911,1,1,0,0,0,0,0,0,0,0,0,0
370912,0,1,19,19,19,19,19,19,19,19,19,19
370912,1,1,0,7,0,16,0,0,0,0,0,0
370912,2,1,0,0,0,0,0,0,0,0,11,0
370912,3,1,0,0,0,0,0,0,0,0,0,0
370912,4,1,0,10,0,0,0,0,0,0,0,0
370912,5,1,0,0,0,8,0,0,0,0,0,0
370913,1,1,0,0,0,0,0,0,0,0,0,0
370913,2,1,0,0,0,0,0,0,0,0,0,0
370914,1,1,23,23,23,23,23,23,23,23,23,23
370915,1,1,0,0,0,0,0,0,0,0,0,0
370915,2,1,0,0,0,0,0,0,0,0,0,0
370916,1,1,25,25,25,25,25,25,25,25,25,25
370917,1,1,0,0,0,0,0,0,0,0,0,0
370917,2,1,0,0,0,0,0,0,0,0,0,0
370918,1,1,25,25,25,25,25,25,25,25,25,25
370919,1,1,0,0,0,0,0,0,0,0,0,0
370919,2,1,0,0,0,0,0,0,0,0,0,0
370920,1,1,0,0,0,0,0,0,0,0,0,0
370921,1,1,0,0,0,0,0,14,0,0,0,0
370921,2,1,0,0,0,0,0,0,0,0,0,0
370922,0,1,0,0,0,0,0,0,0,0,0,0
370922,1,1,12,13,13,14,0,0,16,15,19,0
370923,1,1,0,0,0,0,0,0,0,0,0,0
370923,2,1,0,0,0,0,0,0,0,0,0,0
370924,1,1,0,0,0,0,0,0,0,0,0,0
370925,1,1,4,8,7,17,10,8,18,12,12,14
370925,2,1,6,6,6,6,6,6,6,6,6,6
370926,1,1,0,0,0,0,0,0,0,0,0,0
370926,2,1,0,0,0,0,0,0,0,0,0,0
370927,1,1,0,0,0,0,0,0,0,0,0,0
370927,2,1,0,0,0,0,0,0,0,12,0,0
370928,1,1,0,0,0,0,0,0,0,0,0,0
370928,2,1,0,0,0,0,0,0,0,0,0,0
370929,1,1,9,0,9,0,0,18,0,0,10,0
370930,1,1,0,0,0,0,0,0,0,0,0,0
370931,1,1,0,0,0,0,0,0,0,0,0,0
370932,1,1,14,19,23,8,22,26,22,13,0,0
370932,2,1,0,0,0,0,0,0,0,0,0,0
370933,1,1,0,0,0,0,0,0,0,0,7,0
370933,2,1,0,0,0,0,0,0,0,0,0,0
370934,1,1,0,0,0,0,0,0,0,0,0,0
370934,2,1,0,0,0,0,0,0,0,0,0,0
370935,0,1,0,0,0,0,0,0,0,0,0,0
370935,0,2,0,0,0,0,0,0,0,0,0,0
370935,1,1,0,0,0,0,0,0,0,0,0,0
370936,1,1,0,0,0,0,0,0,0,0,0,0
370936,2,1,0,0,0,0,0,0,0,0,0,0
370937,1,1,0,0,0,0,0,0,0,0,0,0
370937,2,1,0,0,0,0,0,0,0,0,0,0
370938,1,1,0,0,0,0,0,0,0,0,0,0
370938,2,1,0,0,0,0,0,0,0,0,0,0
370939,1,1,0,0,0,0,0,0,0,0,0,0
370939,2,1,6,0,0,0,0,0,0,0,0,0
370940,1,1,0,0,0,0,0,0,0,0,0,0
370940,2,1,0,0,0,0,0,0,0,0,0,0
370941,1,1,0,0,0,0,0,0,0,0,0,0
370941,2,1,0,0,0,0,0,0,0,0,0,0
370942,0,1,0,0,0,0,0,0,0,0,0,0
370942,1,1,0,0,0,0,0,0,0,13,0,0
370943,1,1,0,0,0,0,0,0,0,0,0,0
370943,2,1,0,0,0,0,0,0,0,0,0,0
370944,0,1,0,0,0,0,0,0,0,0,0,0
370944,1,1,0,0,13,0,0,15,0,0,15,0
370945,1,1,0,0,0,0,0,0,0,14,0,0
370946,1,1,0,0,0,0,0,0,0,0,0,0
370946,2,1,0,0,0,0,0,0,0,0,0,0
370947,1,1,0,0,0,0,0,0,0,0,0,0
370947,2,1,0,0,0,0,0,0,0,0,0,0
370948,1,1,0,0,0,0,0,0,0,0,0,0
370949,1,1,0,0,0,0,0,0,0,0,0,0
370949,2,1,15,15,15,15,15,15,15,15,15,15
370950,1,1,25,25,25,25,25,25,25,25,25,25
370951,0,1,31,31,31,31,31,31,31,31,31,31
370951,1,1,0,0,0,0,0,0,0,0,0,0
370952,1,1,0,0,0,0,0,0,0,0,0,0
370952,2,1,0,0,0,0,0,0,0,0,0,0
370953,1,1,0,0,0,0,0,0,0,0,0,0
370954,1,1,0,0,0,0,0,0,0,0,0,0
370954,2,1,0,0,0,0,0,0,0,0,0,0
370955,0,1,23,23,23,23,23,23,23,23,23,23
370955,0,2,16,0,0,19,0,19,11,0,0,0
370955,1,1,0,0,0,26,2,10,0,0,0,0
370956,0,1,0,0,0,0,0,0,0,0,0,0
370956,1,1,0,0,0,0,0,0,17,0,0,0
370957,1,1,10,10,10,10,10,10,10,10,10,10
370958,1,1,8,8,8,8,8,8,8,8,8,8
370958,2,1,10,0,0,0,0,0,0,0,0,0
370959,1,1,19,19,19,19,19,19,19,19,19,19
370960,1,1,0,0,0,0,0,0,10,0,0,0
370960,2,1,0,0,0,0,0,0,0,0,0,3
370961,1,1,0,0,0,0,0,0,0,0,0,0
370961,2,1,0,0,0,0,0,0,0,0,0,0
370961,3,1,0,0,0,0,0,0,0,0,0,0
370962,1,1,0,0,0,0,0,0,0,0,0,0
370962,2,1,15,15,15,15,15,15,15,15,15,15
370962,3,1,0,0,0,0,0,0,0,0,0,0
370963,1,1,12,12,12,12,12,12,12,12,12,12
370964,1,1,23,23,23,23,23,23,23,23,23,23
370965,1,1,0,0,0,0,0,0,0,0,0,0
370966,1,1,0,0,0,0,0,0,0,0,0,0
370966,2,1,0,0,0,0,0,0,0,0,0,0
370967,0,1,0,0,0,0,0,0,0,0,0,0
370967,1,1,0,0,0,0,0,0,0,0,0,0
370968,1,1,0,0,0,0,0,0,0,0,0,0
370968,2,1,0,0,0,0,0,0,0,0,0,0
370969,1,1,0,0,0,0,10,0,6,0,0,0
370970,1,1,0,0,0,0,0,0,0,0,0,0
370971,1,1,20,20,20,20,20,20,20,20,20,20
370972,1,1,0,0,0,0,0,0,0,0,0,0
370972,2,1,0,0,0,0,0,0,0,0,0,14
370973,1,1,14,14,14,14,14,14,14,14,14,14
370973,2,1,0,0,0,0,0,0,0,0,0,0
370974,1,1,0,0,0,0,0,0,0,0,0,0
370975,1,1,24,24,24,24,24,24,24,24,24,24
370976,0,1,0,0,0,0,0,0,0,0,0,0
370976,1,1,0,0,0,0,0,0,0,0,0,0
370977,1,1,0,0,0,0,0,0,0,0,0,0
370977,2,1,9,9,9,9,9,9,9,9,9,9
370978,0,1,7,0,0,0,0,0,0,0,0,0
370979,1,1,0,0,0,0,0,0,0,0,0,0
370979,2,1,0,0,0,0,0,0,0,0,0,0
370979,3,1,0,0,0,0,0,0,0,0,0,0
370980,1,1,0,0,0,0,0,0,0,0,0,0
370981,1,1,0,5,0,0,0,0,0,0,0,0
370981,2,1,0,0,0,0,0,0,0,0,0,0
370982,1,1,0,0,0,0,0,0,0,0,0,0
370982,2,1,0,0,0,0,0,0,0,0,6,0
370983,1,1,0,0,0,0,0,0,0,0,0,0
370983,2,1,12,12,12,12,12,12,12,12,12,12
370984,1,1,0,0,0,0,0,0,0,0,0,0
370984,2,1,0,0,0,0,0,0,0,0,0,0
370985,1,1,0,0,0,0,0,0,0,0,18,0
370985,2,1,0,0,0,0,0,0,0,0,0,0
370985,3,1,0,0,0,0,0,0,0,0,0,19
370986,1,1,0,0,0,0,5,0,0,0,0,0
370986,2,1,0,0,0,0,0,0,0,0,0,0
370987,1,1,0,0,0,0,0,0,0,0,0,0
370988,0,1,0,0,0,0,0,0,0,0,0,0
370988,0,2,0,0,0,0,0,0,0,0,0,0
370988,0,3,20,47,17,28,27,11,33,30,21,38
370988,1,1,0,0,0,0,0,0,0,0,0,0
370989,1,1,0,0,0,0,0,0,0,0,0,0
370989,2,1,0,0,0,0,0,0,0,0,0,0
370990,1,1,0,0,0,0,0,0,0,0,0,0
370991,1,1,0,0,0,0,0,0,0,0,0,0
370992,0,1,0,0,0,0,0,0,0,0,0,0
370992,1,1,0,0,0,0,0,0,0,0,0,0
370993,0,1,0,0,0,0,0,0,0,0,0,0
370993,1,1,5,0,0,0,0,0,0,0,0,0
370994,1,1,0,0,0,0,0,0,0,25,0,0
370995,1,1,0,8,0,0,0,0,0,0,0,0
370996,1,1,23,23,23,23,23,23,23,23,23,23
370997,1,1,0,0,0,0,0,0,0,0,0,23
370997,2,1,0,0,0,0,0,0,0,0,0,0
370998,1,1,0,0,0,0,0,0,0,0,0,0
370999,1,1,17,17,17,17,17,17,17,17,17,17
371000,1,1,14,0,0,0,0,0,0,0,0,0
371000,2,1,0,0,0,0,0,0,0,0,0,0
371001,1,1,0,0,0,0,0,0,0,0,0,0
371001,2,1,0,0,0,0,0,0,0,0,0,0
371002,2,1,0,0,0,0,0,0,0,0,0,0
371003,1,1,0,0,0,0,0,0,0,0,0,0
371003,2,1,0,0,0,0,0,0,0,0,0,0
371004,1,1,0,0,0,14,0,0,0,13,0,14
371005,0,1,0,0,0,0,0,0,0,0,0,0
371005,1,1,0,0,0,0,0,0,0,0,0,0
371006,1,1,0,0,0,0,0,0,0,0,0,0
371006,2,1,0,0,0,0,0,0,0,0,0,0
371007,1,1,20,20,20,20,20,20,20,20,20,20
371008,1,1,0,0,0,0,0,0,0,0,0,0
371008,2,1,0,0,0,0,0,0,0,0,0,0
371009,1,1,8,0,0,0,0,0,8,0,0,0
371009,2,1,0,0,0,0,0,0,0,0,0,0
371010,1,1,23,23,23,23,23,23,23,23,23,23
371010,2,1,0,0,0,0,0,0,0,0,0,0
371011,0,1,0,0,0,0,0,0,0,0,0,0
371011,1,1,0,11,0,0,0,0,5,14,0,0
371012,0,1,9,9,9,9,9,9,9,9,9,9
371012,0,2,12,0,17,18,0,0,13,0,25,14
371012,0,3,0,0,15,0,0,0,0,0,7,0
371012,0,4,19,12,20,21,11,23,9,23,15,21
371012,0,5,22,0,15,10,12,0,0,0,0,0
371012,0,6,0,29,0,0,0,0,9,0,28,0
371012,0,7,25,0,4,0,13,55,0,25,0,0
371012,1,1,0,0,4,0,18,0,0,0,16,9
371013,1,1,0,0,0,0,0,0,0,0,0,0
371014,1,1,0,0,0,0,0,0,0,0,0,0
371014,2,1,0,0,0,0,0,0,0,0,0,0
371015,1,1,15,15,15,15,15,15,15,15,15,15
371016,1,1,0,0,0,0,0,0,0,0,0,0
371016,2,1,0,0,8,0,0,0,0,0,0,0
371016,3,1,0,0,0,0,0,0,0,0,0,0
371017,1,1,0,0,0,0,0,0,0,0,0,0
371018,1,1,0,0,0,0,0,0,0,0,0,0
371019,1,1,0,0,0,0,0,0,0,0,0,0
371019,2,1,0,0,0,0,0,0,0,9,0,0
371020,1,1,12,12,12,12,12,12,12,12,12,12
371021,1,1,0,0,0,0,0,0,0,0,0,0
371022,0,1,0,0,0,0,0,0,0,0,0,0
371022,1,1,0,4,11,20,0,0,0,0,0,0
371023,1,1,0,0,0,0,0,0,0,0,0,0
371024,1,1,0,0,0,0,0,0,0,0,0,0
371024,2,1,0,0,0,0,0,0,0,0,0,0
371024,3,1,0,0,0,0,0,9,0,0,0,0
371025,1,1,16,16,16,16,16,16,16,16,16,16
371026,1,1,24,24,24,24,24,24,24,24,24,24
371027,1,1,27,27,27,27,27,27,27,27,27,27
371027,2,1,0,0,0,0,0,0,0,0,0,0
371028,1,1,0,0,0,0,0,0,0,0,0,0
371029,0,1,0,0,0,0,0,0,0,0,0,0
371029,0,2,6,0,0,0,7,0,0,0,0,0
371029,0,3,0,0,0,20,0,0,0,15,0,0
371029,1,1,0,0,0,0,0,0,0,0,4,0
371030,1,1,0,0,0,0,0,0,0,0,0,0
371030,2,1,0,0,0,0,0,0,0,0,0,0
371031,1,1,0,0,0,10,0,0,0,0,0,0
371031,2,1,0,0,0,8,0,10,0,0,12,10
371032,1,1,0,0,0,0,0,0,0,0,0,0
371033,1,1,0,0,0,0,0,0,0,0,0,0
371033,2,1,0,0,0,0,0,25,0,0,0,0
371033,3,1,0,0,0,0,0,0,0,0,0,0
371033,4,1,0,0,19,0,0,0,0,0,0,0
371034,0,1,24,24,24,24,24,24,24,24,24,24
371034,1,1,0,0,0,0,0,0,0,0,0,0
371035,1,1,0,0,0,0,0,0,0,0,0,0
371035,2,1,0,0,0,0,0,0,0,0,0,0
371036,1,1,0,0,0,0,0,0,0,0,0,0
371036,2,1,0,0,0,0,0,0,0,0,0,0
371037,1,1,7,7,7,7,7,7,7,7,7,7
371038,0,1,23,23,23,23,23,23,23,23,23,23
371038,1,1,0,0,0,0,0,15,0,0,0,0
371039,1,1,12,12,12,12,12,12,12,12,12,12
371040,1,1,0,0,0,0,0,0,0,0,0,0
371041,1,1,0,0,0,0,0,0,0,0,0,0
371042,1,1,20,20,20,20,20,20,20,20,20,20
371043,1,1,18,18,18,18,18,18,18,18,18,18
371044,1,1,13,16,20,8,22,12,4,24,8,25
371045,1,1,14,0,8,8,0,16,0,0,0,0
371046,1,1,0,0,0,0,0,0,0,0,0,0
371047,0,1,0,0,0,0,0,0,0,0,0,0
371047,1,1,0,0,0,0,0,0,0,0,0,0
371048,1,1,0,0,0,0,0,0,0,0,0,0
371049,0,1,0,0,0,0,0,0,0,0,0,0
371049,1,1,0,0,0,0,0,0,0,0,0,0
371050,1,1,24,24,24,24,24,24,24,24,24,24
371051,1,1,14,8,13,6,21,11,30,16,15,16
371052,1,1,15,15,15,15,15,15,15,15,15,15