ST_CASE,VEH_NO,PER_NO,P1,P2,P3,P4,P5,P6,P7,P8,P9,P10
371053,1,1,0,0,0,0,0,0,0,0,0,0
371054,1,1,18,18,18,18,18,18,18,18,18,18
371055,1,1,0,0,0,0,0,0,0,0,0,0
371055,2,1,0,0,0,0,0,0,0,0,0,0
371056,1,1,18,18,18,18,18,18,18,18,18,18
371056,2,1,0,0,0,0,0,0,0,0,0,0
371057,1,1,24,3,19,22,19,5,21,22,21,21
371058,1,1,0,0,0,1,13,0,0,0,0,0
371058,2,1,0,0,0,0,0,0,0,0,0,0
371059,1,1,0,0,22,0,0,8,19,0,0,29
371060,1,1,0,0,0,0,0,0,0,0,0,0
371061,1,1,19,19,19,19,19,19,19,19,19,19
371062,1,1,0,0,0,0,0,0,0,0,0,0
371062,2,1,0,0,0,0,0,0,5,0,0,0
371063,1,1,0,0,0,0,0,0,7,17,0,0
371064,1,1,17,17,17,17,17,17,17,17,17,17
371065,1,1,0,0,0,0,0,0,0,0,0,0
371065,2,1,0,0,0,0,0,0,0,0,0,0
371065,3,1,0,0,0,0,0,0,0,0,0,0
371066,1,1,0,0,0,0,0,0,0,0,0,0
371066,2,1,0,0,0,0,0,0,0,0,0,0
371066,3,1,0,0,0,0,0,0,0,0,0,0
371067,0,1,0,0,0,0,0,0,0,0,0,0
371067,1,1,0,0,0,0,0,0,0,0,0,0
371068,1,1,0,0,0,0,0,0,0,0,0,0
371069,1,1,13,13,13,13,13,13,13,13,13,13
371070,1,1,0,0,0,0,24,0,0,0,0,0
371070,2,1,0,0,0,0,0,0,0,0,0,0
371071,1,1,0,0,0,0,0,0,0,0,0,0
371071,2,1,0,0,0,0,0,0,0,0,0,0
371071,3,1,0,0,0,0,0,0,0,8,0,0
371071,4,1,0,0,0,0,0,0,0,0,0,0
371072,1,1,0,0,0,0,0,0,0,0,0,0
371072,2,1,0,0,0,0,0,0,0,0,0,0
371073,1,1,19,19,19,19,19,19,19,19,19,19
371074,1,1,24,24,24,24,24,24,24,24,24,24
371075,1,1,0,0,0,0,4,0,0,0,0,0
371075,2,1,0,0,0,0,0,0,0,0,0,0
371075,3,1,0,0,0,0,0,0,0,0,0,0
371076,0,1,0,0,0,0,0,0,0,0,0,0
371076,1,1,0,0,0,0,0,0,0,0,0,0
371077,1,1,18,18,18,18,18,18,18,18,18,18
371078,1,1,18,18,18,18,18,18,18,18,18,18
371079,1,1,0,0,0,0,0,0,0,0,0,0
371080,1,1,0,0,0,0,0,0,0,0,0,0
371081,1,1,0,0,0,0,0,0,0,0,0,0
371081,2,1,0,0,0,0,0,0,0,0,0,0
371082,1,1,0,0,0,0,0,0,0,0,0,0
371082,2,1,0,0,0,0,0,0,0,0,0,0
371083,1,1,29,29,29,29,29,29,29,29,29,29
371084,1,1,0,0,0,0,0,0,0,0,0,0
371084,2,1,0,0,0,0,0,0,0,0,0,0
371085,1,1,0,0,5,0,7,0,0,0,0,0
371086,1,1,4,4,4,4,4,4,4,4,4,4
371086,2,1,0,0,0,0,0,0,0,0,0,0
371087,1,1,21,21,21,21,21,21,21,21,21,21
371088,0,1,0,0,0,0,0,0,0,0,0,0
371088,1,1,0,0,0,0,0,0,0,0,0,0
371089,1,1,0,0,0,0,0,0,0,0,0,0
371089,2,1,0,0,0,0,0,0,0,0,0,0
371090,1,1,0,0,0,0,0,0,0,0,0,0
371090,2,1,14,0,0,0,11,0,0,0,0,0
371091,1,1,0,0,0,0,0,0,0,0,0,0
371091,2,1,0,0,0,0,0,0,0,0,0,0
371092,1,1,20,17,23,17,14,29,15,18,13,11
371093,1,1,25,25,25,25,25,25,25,25,25,25
371094,1,1,0,0,0,0,0,0,0,0,0,0
371095,0,1,2,2,2,2,2,2,2,2,2,2
371095,1,1,0,0,0,0,0,0,0,0,0,0
371096,1,1,0,0,0,0,0,0,0,0,0,0
371097,1,1,23,23,23,23,23,23,23,23,23,23
371097,2,1,0,0,0,0,0,0,0,0,0,0
371098,1,1,12,12,12,12,12,12,12,12,12,12
371099,1,1,0,0,0,0,0,0,0,0,0,0
371099,2,1,0,0,0,0,0,0,0,0,0,0
371099,3,1,0,0,0,0,0,0,0,0,0,0
371100,2,1,0,0,0,0,0,0,0,0,0,0
371101,1,1,21,21,21,21,21,21,21,21,21,21
371102,0,1,25,25,25,25,25,25,25,25,25,25
371102,1,1,0,0,0,0,0,0,14,0,0,0
371103,1,1,0,0,0,0,0,0,0,0,0,13
371104,1,1,22,22,22,22,22,22,22,22,22,22
371105,1,1,39,29,15,11,19,22,25,24,16,9
371106,0,1,0,0,0,0,0,6,0,0,0,0
371106,1,1,0,0,0,0,0,0,0,0,0,0
371106,2,1,0,0,0,0,0,0,0,0,0,0
371107,1,1,0,0,0,0,0,0,0,0,0,0
371108,1,1,0,0,0,0,0,0,0,0,0,0
371109,1,1,0,0,0,0,0,0,0,0,0,0
371110,1,1,0,0,0,0,0,0,0,0,0,0
371110,2,1,20,20,20,20,20,20,20,20,20,20
371111,1,1,21,21,21,21,21,21,21,21,21,21
371111,2,1,0,0,0,0,0,0,18,0,0,0
371112,1,1,2,9,0,7,6,5,10,0,8,0
371112,2,1,0,0,0,0,0,0,0,3,0,0
371113,0,1,4,4,4,4,4,4,4,4,4,4
371113,1,1,0,0,0,0,0,0,0,0,0,18
371114,1,1,25,25,25,25,25,25,25,25,25,25
371115,1,1,0,0,0,0,0,0,0,0,0,0
371115,2,1,0,16,13,11,18,3,0,9,17,21
371116,1,1,26,17,14,10,13,24,17,16,15,22
371117,1,1,15,15,15,15,15,15,15,15,15,15
371118,1,1,0,0,0,0,0,0,0,0,0,0
371119,1,1,0,0,0,0,0,0,0,0,0,0
371119,2,1,0,0,0,0,0,0,0,0,0,0
371120,1,1,0,0,0,0,0,0,0,0,0,0
371120,2,1,0,3,0,0,0,0,0,0,0,0
371121,1,1,0,0,0,0,0,0,0,0,0,0
371121,2,1,0,0,0,0,0,0,0,0,0,0
371122,1,1,34,34,34,34,34,34,34,34,34,34
371123,1,1,0,0,0,0,0,0,0,0,0,0
371124,1,1,0,0,0,0,0,0,0,0,0,0
371124,2,1,0,0,0,0,0,0,0,0,0,0
371125,1,1,0,0,0,0,0,0,0,3,0,0
371125,2,1,0,0,0,0,0,0,0,0,0,0
371126,1,1,0,0,0,0,0,0,0,0,0,0
371126,2,1,0,0,0,0,0,0,0,0,0,0
371127,0,1,9,9,9,9,9,9,9,9,9,9
371127,1,1,0,0,0,0,0,3,0,0,0,0
371128,0,1,3,3,3,3,3,3,3,3,3,3
371128,1,1,0,0,0,0,0,0,0,0,0,0
371129,1,1,25,25,25,25,25,25,25,25,25,25
371130,1,1,0,0,0,0,0,0,0,0,0,0
371131,1,1,21,0,0,0,0,0,0,0,0,0
371132,1,1,29,29,29,29,29,29,29,29,29,29
371133,1,1,19,19,19,19,19,19,19,19,19,19
371134,1,1,24,24,24,24,24,24,24,24,24,24
371135,1,1,0,0,0,0,0,0,0,0,0,0
371136,0,1,7,14,8,22,17,35,25,25,20,28
371136,1,1,0,0,0,0,0,0,0,0,0,0
371136,2,1,0,0,0,0,0,0,0,0,0,0
371137,0,1,0,0,0,0,0,0,0,0,0,0
371137,1,1,0,0,0,0,0,0,0,0,0,0
371137,2,1,0,0,0,0,0,0,0,0,30,0
371139,1,1,25,25,25,25,25,25,25,25,25,25
371140,1,1,0,0,0,0,0,0,0,0,0,0
371140,2,1,0,0,0,0,0,0,0,10,0,0
371141,1,1,0,0,0,0,0,0,0,0,0,0
371142,1,1,28,28,28,28,28,28,28,28,28,28
371143,1,1,0,0,0,0,0,27,0,0,0,0
371144,1,1,22,22,22,22,22,22,22,22,22,22
371145,1,1,0,6,0,0,8,0,0,0,0,14
371146,1,1,0,0,0,0,0,0,0,0,0,33
371146,2,1,0,0,3,0,0,0,0,0,0,0
371147,1,1,0,7,8,9,3,6,15,0,13,15
371148,1,1,0,0,0,0,0,0,0,0,0,0
371149,1,1,0,0,0,0,0,0,0,0,0,0
371149,2,1,0,0,0,0,0,0,0,0,0,0
371150,1,1,0,0,0,0,0,0,0,0,0,0
371151,0,1,0,0,27,0,0,0,0,0,0,0
371151,1,1,0,0,0,0,0,0,0,0,0,0
371152,1,1,15,15,15,15,15,15,15,15,15,15
371152,2,1,0,0,0,0,0,0,0,0,0,0
371154,1,1,25,25,25,25,25,25,25,25,25,25
371155,0,1,24,24,24,24,24,24,24,24,24,24
371155,1,1,0,0,0,0,0,0,0,0,0,0
371156,1,1,0,0,0,0,0,0,0,0,0,0
371156,2,1,0,0,0,0,0,0,0,0,0,0
371157,1,1,0,0,0,0,0,0,0,0,0,0
371157,2,1,0,0,0,0,0,0,0,0,0,0
371158,1,1,28,23,14,26,9,6,18,13,13,8
371159,0,1,17,17,17,17,17,17,17,17,17,17
371159,1,1,0,0,0,21,17,17,0,13,0,21
371160,1,1,18,18,18,18,18,18,18,18,18,18
371161,1,1,19,19,19,19,19,19,19,19,19,19
371162,1,1,0,0,0,0,0,0,0,0,0,0
371162,2,1,0,0,0,0,0,0,0,0,0,0
371163,1,1,0,0,0,0,0,0,0,0,0,0
371164,0,1,0,0,0,0,0,0,0,0,0,0
371164,1,1,0,0,0,0,0,0,0,0,0,0
371165,1,1,7,7,7,7,7,7,7,7,7,7
371166,1,1,24,24,24,24,24,24,24,24,24,24
371167,1,1,0,0,0,0,0,0,0,0,0,0
371168,1,1,0,0,0,0,0,0,0,20,0,0
371169,0,1,27,27,27,27,27,27,27,27,27,27
371169,1,1,13,32,20,7,18,20,19,13,17,15
371170,0,1,32,32,32,32,32,32,32,32,32,32
371170,1,1,0,0,0,0,0,0,23,0,0,0
371171,0,1,0,0,0,0,0,0,0,0,0,0
371171,0,2,0,0,0,0,0,0,0,0,0,0
371171,1,1,0,0,0,0,0,0,0,0,0,0
371172,1,1,13,13,13,13,13,13,13,13,13,13
371173,1,1,0,0,0,0,0,0,0,0,0,0
371174,0,1,15,15,15,15,15,15,15,15,15,15
371174,1,1,0,0,0,0,0,0,0,0,0,0
371175,1,1,0,0,0,0,0,0,0,0,0,0
371176,0,1,28,28,28,28,28,28,28,28,28,28
371176,1,1,13,0,0,0,0,17,0,8,0,0
371177,1,1,0,0,0,0,0,0,0,0,0,0
371177,2,1,0,0,0,0,0,0,0,0,0,0
371178,1,1,10,10,10,10,10,10,10,10,10,10
371179,0,1,0,0,0,0,0,0,0,0,0,0
371179,1,1,0,0,0,0,0,0,0,0,0,0
371180,1,1,0,0,0,0,0,0,0,0,0,0
371180,2,1,17,0,0,0,0,0,0,0,0,0
371181,1,1,0,0,0,0,0,0,0,0,0,0
371181,2,1,0,0,0,0,0,0,0,0,0,0
371182,1,1,0,0,0,0,0,0,0,0,0,0
371182,2,1,0,0,0,0,0,0,0,0,0,0
371183,0,1,14,14,14,14,14,14,14,14,14,14
371183,1,1,0,5,0,0,0,0,0,0,0,0
371184,1,1,0,0,0,0,0,0,0,0,0,0
371184,2,1,0,0,0,0,0,0,0,0,0,0
371185,1,1,0,0,0,0,0,0,0,0,0,0
371186,0,1,0,0,0,0,0,0,0,0,0,0
371186,1,1,0,0,0,0,0,0,0,0,0,0
371187,1,1,14,4,11,20,3,10,8,8,4,13
371188,1,1,0,0,0,0,0,0,0,0,0,0
371188,2,1,0,0,0,0,0,0,0,0,0,0
371189,1,1,0,0,0,0,0,0,0,0,0,0
371190,1,1,0,0,0,0,0,0,0,0,0,0
371191,1,1,5,5,5,5,5,5,5,5,5,5
371192,1,1,0,0,0,0,0,0,6,0,0,0
371193,1,1,0,0,0,0,0,0,0,0,0,0
371193,2,1,0,0,0,6,0,0,0,0,0,0
371194,1,1,0,0,0,0,0,0,0,0,0,0
371195,1,1,0,0,0,0,0,0,0,0,0,0
371195,2,1,0,0,0,0,0,0,0,0,0,0
371196,1,1,0,0,0,0,0,0,0,0,0,0
371197,1,1,0,0,0,0,0,0,0,0,0,0
371197,2,1,0,0,0,0,0,0,0,0,0,22
371197,3,1,0,0,0,0,0,0,0,0,0,0
371198,1,1,16,2,21,2,9,13,19,20,15,19
371199,0,1,12,12,12,12,12,12,12,12,12,12
371199,1,1,0,0,0,0,0,0,0,0,0,0
371200,1,1,0,0,0,0,0,0,0,0,0,0
371200,2,1,0,0,0,0,0,0,0,0,0,0
380001,1,1,7,7,7,7,7,7,7,7,7,7
380001,2,1,0,0,0,0,0,0,0,0,0,0
380002,1,1,0,0,0,0,0,0,0,0,0,0
380002,2,1,0,0,0,0,0,0,0,0,0,0
380002,3,1,0,0,0,0,0,0,0,0,0,0
380003,1,1,0,0,0,0,0,0,0,0,0,0
380003,2,1,0,0,0,0,0,15,0,0,17,0
380004,1,1,0,0,0,0,0,0,0,0,0,0
380004,2,1,0,0,0,0,0,0,0,0,0,0
380005,1,1,23,23,23,23,23,23,23,23,23,23
380005,2,1,0,0,0,0,0,24,0,0,0,0
380006,1,1,0,0,0,0,0,0,0,0,0,0
380007,1,1,22,22,22,22,22,22,22,22,22,22
380007,2,1,0,0,0,0,0,0,0,0,0,0
380008,0,1,0,0,0,0,0,0,0,0,0,0
380008,1,1,0,0,0,0,0,0,0,0,0,0
380009,1,1,0,0,0,0,0,0,0,0,0,0
380009,2,1,0,0,0,0,0,0,0,0,0,0
380010,1,1,0,0,0,0,0,0,0,0,0,0
380010,2,1,0,0,0,0,0,0,0,0,0,0
380011,1,1,0,0,0,0,0,0,0,0,0,0
380011,2,1,0,0,0,0,0,0,0,0,0,0
380012,1,1,0,0,0,0,0,0,0,0,0,0
380012,2,1,0,0,0,0,0,0,0,0,0,0
380013,1,1,23,23,23,23,23,23,23,23,23,23
380014,1,1,0,0,0,0,0,0,0,0,0,0
380014,2,1,0,0,0,0,0,0,0,0,0,0
380015,1,1,0,0,0,0,0,0,0,0,0,0
380015,2,1,27,27,27,27,27,27,27,27,27,27
380016,1,1,19,19,19,19,19,19,19,19,19,19
380016,2,1,0,0,0,0,0,0,0,0,0,0
380017,1,1,0,0,0,0,0,0,0,0,0,0
380017,2,1,0,0,0,0,0,0,0,0,0,0
380018,1,1,0,0,0,0,0,0,0,0,0,0
380018,2,1,0,0,0,0,0,0,0,0,0,0
380019,1,1,0,0,0,0,0,0,0,3,0,0
380019,2,1,0,0,0,0,0,0,0,0,0,0
380020,1,1,17,17,17,17,17,17,17,17,17,17
380020,2,1,0,0,0,0,0,0,0,0,0,0
380021,1,1,0,0,0,0,0,0,0,0,0,0
380022,1,1,16,16,16,16,16,16,16,16,16,16
380023,1,1,13,13,13,13,13,13,13,13,13,13
380023,2,1,0,0,0,0,0,0,0,0,0,0
380024,1,1,0,0,0,0,0,0,0,0,0,0
380024,2,1,2,2,2,2,2,2,2,2,2,2
380025,1,1,21,21,21,21,21,21,21,21,21,21
380025,2,1,0,0,0,0,0,0,0,0,0,0
380026,1,1,20,20,20,20,20,20,20,20,20,20
380027,1,1,6,6,6,6,6,6,6,6,6,6
380028,1,1,16,16,16,16,16,16,16,16,16,16
380029,1,1,31,31,31,31,31,31,31,31,31,31
380030,1,1,27,27,27,27,27,27,27,27,27,27
380031,1,1,0,0,0,0,0,0,0,0,0,0
380031,2,1,0,0,0,0,0,0,0,0,0,0
380031,3,1,0,0,0,0,0,0,0,0,0,0
380032,1,1,0,0,0,0,0,0,0,0,0,0
380033,1,1,0,0,0,0,0,0,0,0,0,0
380033,2,1,0,0,0,0,0,0,0,0,0,0
380034,1,1,0,0,0,0,0,0,0,0,0,0
380034,2,1,0,0,0,0,0,0,0,0,0,0
380034,3,1,0,0,0,0,0,0,0,0,0,0
380034,4,1,0,0,0,0,0,0,0,0,0,0
380034,5,1,0,0,0,0,0,0,0,0,0,0
380034,6,1,0,0,0,0,0,0,0,0,0,0
380034,7,1,0,0,0,0,0,0,0,0,0,0
380034,8,1,0,0,0,0,0,0,0,0,0,0
380036,1,1,21,21,21,21,21,21,21,21,21,21
380037,1,1,28,28,28,28,28,28,28,28,28,28
380037,2,1,0,0,0,0,0,0,0,0,0,0
380038,1,1,0,0,0,0,0,0,0,0,0,0
380038,2,1,0,0,0,0,0,0,0,0,0,0
380039,1,1,0,0,0,0,0,0,0,0,0,0
380039,2,1,0,0,0,0,0,0,0,0,0,0
380040,1,1,0,0,0,0,0,0,0,0,0,0
380040,2,1,0,0,0,0,0,22,0,0,0,0
380041,1,1,23,26,49,30,11,8,8,22,26,25
380042,1,1,23,23,23,23,23,23,23,23,23,23
380043,1,1,8,18,0,26,21,10,6,9,20,15
380043,2,1,0,0,0,0,0,0,0,0,0,0
380044,1,1,0,0,0,0,0,0,0,0,0,0
380045,1,1,0,0,0,0,0,0,0,0,0,0
380046,1,1,0,0,0,0,0,0,0,0,15,0
380046,2,1,17,17,17,17,17,17,17,17,17,17
380047,1,1,16,16,16,16,16,16,16,16,16,16
380047,2,1,0,0,0,0,0,0,0,0,0,0
380047,3,1,0,0,0,0,0,0,0,0,0,0
380047,4,1,0,0,0,0,0,0,0,0,0,0
380048,1,1,0,0,0,0,0,0,0,0,0,0
380049,1,1,0,0,22,23,0,0,28,0,13,15
380049,2,1,0,0,0,0,0,0,0,0,0,0
380050,1,1,0,0,0,0,0,0,0,0,0,0
380050,2,1,0,0,0,0,0,0,0,0,0,0
380051,0,1,0,0,0,0,0,0,0,0,0,0
380051,1,1,0,0,0,0,0,0,0,0,0,0
380052,1,1,0,0,0,0,0,10,12,0,0,0
380053,1,1,0,0,0,0,0,0,0,0,0,0
380054,1,1,0,0,0,0,0,0,0,0,0,0
380054,2,1,0,0,0,0,0,0,0,0,0,0
380054,3,1,0,0,0,0,0,0,0,0,0,0
380054,4,1,0,0,0,0,0,0,0,0,0,0
380054,5,1,0,0,0,0,0,0,0,0,0,0
380055,1,1,22,22,22,22,22,22,22,22,22,22
380055,2,1,0,0,0,0,0,0,0,0,0,0
380056,1,1,6,6,6,6,6,6,6,6,6,6
380056,2,1,0,0,0,0,0,0,0,0,0,0
380057,1,1,0,0,0,0,0,0,0,0,0,0
380057,2,1,0,0,0,0,0,0,0,0,0,0
380058,1,1,0,0,0,0,0,27,0,0,0,0
380058,2,1,6,6,6,6,6,6,6,6,6,6
380059,1,1,0,0,0,0,0,0,0,0,0,0
380059,2,1,0,0,0,0,0,0,0,0,0,0
380060,1,1,0,0,0,0,0,0,0,0,0,0
380061,1,1,0,0,0,0,0,0,0,0,0,0
380061,2,1,0,0,0,0,0,0,0,0,0,0
380062,1,1,0,0,0,0,0,0,0,0,0,0
380063,1,1,26,26,26,26,26,26,26,26,26,26
380064,1,1,0,0,0,0,0,0,0,0,0,0
380065,1,1,16,16,16,16,16,16,16,16,16,16
380066,1,1,0,0,0,0,0,0,0,0,0,0
380066,2,1,0,0,0,0,0,0,0,0,0,0
380067,1,1,0,0,0,0,0,0,0,0,0,0
380067,2,1,7,7,7,7,7,7,7,7,7,7
380068,1,1,0,0,0,0,0,0,0,0,0,0
380068,2,1,0,0,0,0,0,0,0,0,0,0
380069,1,1,5,14,0,21,0,7,17,8,0,8
380070,1,1,40,40,40,40,40,40,40,40,40,40
380071,1,1,14,14,14,14,14,14,14,14,14,14
380072,0,1,0,0,0,0,0,0,0,0,0,0
380073,1,1,0,0,0,0,0,0,0,0,0,0
380073,2,1,0,0,0,0,0,0,0,0,2,0
380074,1,1,0,0,0,0,0,0,0,0,0,0
380074,2,1,0,0,0,0,0,0,0,0,0,0
380075,1,1,0,0,0,0,0,0,0,0,0,0
380076,1,1,29,29,29,29,29,29,29,29,29,29
380077,1,1,0,0,0,0,0,0,0,0,0,0
380078,1,1,17,17,17,17,17,17,17,17,17,17
380079,1,1,0,0,0,0,0,0,0,0,0,0
380080,1,1,0,0,0,0,0,0,0,0,0,0
380081,1,1,0,0,0,0,0,0,0,0,0,0
380082,1,1,27,27,27,27,27,27,27,27,27,27
380083,1,1,33,33,33,33,33,33,33,33,33,33
380083,2,1,0,0,0,0,0,0,0,0,0,0
380084,1,1,0,0,8,0,0,12,0,16,0,0
380085,1,1,18,18,18,18,18,18,18,18,18,18
380086,1,1,7,7,7,7,7,7,7,7,7,7
380086,2,1,0,0,0,0,0,0,0,0,0,0
380087,1,1,0,0,0,0,0,0,0,0,0,0
380087,2,1,0,0,0,0,0,0,0,0,0,0
380088,1,1,0,0,0,0,0,0,0,0,0,0
380089,1,3,24,0,0,0,0,0,0,0,0,0
380090,1,1,0,0,0,0,0,0,0,0,0,0
380090,2,1,10,0,0,0,0,0,0,0,0,0
380091,1,1,12,12,12,12,12,12,12,12,12,12
380091,2,1,0,0,0,0,0,0,0,0,0,0
380092,1,1,19,19,19,19,19,19,19,19,19,19
380093,1,1,0,0,0,0,0,0,0,0,0,0
380093,2,1,0,0,0,0,0,0,0,0,0,0
380094,1,1,0,0,0,0,0,0,0,0,0,0
380094,2,1,1,1,1,1,1,1,1,1,1,1
380095,1,1,0,0,0,11,0,0,24,0,0,0
380096,1,1,0,0,0,0,0,0,0,0,0,0
380096,2,1,0,0,0,0,2,0,0,0,0,0
380097,1,1,26,26,26,26,26,26,26,26,26,26
380098,1,1,21,21,21,21,21,21,21,21,21,21
380099,1,1,26,26,26,26,26,26,26,26,26,26
380101,1,1,8,8,8,8,8,8,8,8,8,8
380102,1,1,11,11,11,11,11,11,11,11,11,11
380102,2,1,20,20,20,20,20,20,20,20,20,20
380103,1,1,0,0,0,0,20,0,0,0,0,0
380103,2,1,4,4,4,4,4,4,4,4,4,4
380104,1,1,26,26,26,26,26,26,26,26,26,26
380105,1,1,0,15,29,0,26,0,0,0,31,0
380105,2,1,0,0,0,0,0,0,0,0,0,0
380106,1,1,23,23,23,23,23,23,23,23,23,23
380107,1,1,0,0,0,0,0,0,0,0,0,0
380107,2,1,0,0,0,0,0,0,0,0,0,0
380108,1,1,16,16,16,16,16,16,16,16,16,16
380109,1,1,9,9,9,9,9,9,9,9,9,9
380109,2,1,0,0,0,0,0,0,0,0,0,0
380110,1,1,0,0,0,0,0,0,0,0,0,0
380111,1,1,20,20,20,20,20,20,20,20,20,20
380111,2,1,9,0,0,0,0,0,0,0,0,0
380112,1,1,0,0,0,0,0,0,0,0,0,0
380112,2,1,0,0,0,0,0,0,0,0,0,0
380113,1,1,28,28,28,28,28,28,28,28,28,28
380113,2,1,0,0,0,0,0,0,0,0,0,0
380114,1,1,0,0,0,0,0,0,0,0,0,0
380114,2,1,0,0,0,0,0,0,0,0,0,0
380115,1,1,0,0,0,0,0,0,0,0,0,0
380116,1,1,0,0,0,0,0,0,0,0,13,0
380116,2,1,0,0,0,0,0,0,0,0,0,0
380117,1,1,29,29,29,29,29,29,29,29,29,29
380118,1,1,6,6,6,6,6,6,6,6,6,6
380119,1,1,0,0,0,0,0,0,0,0,0,0
380119,2,1,0,0,0,0,0,0,0,0,0,0
380119,3,1,0,0,0,0,0,0,0,0,0,0
380120,1,1,25,25,25,25,25,25,25,25,25,25
380121,1,1,29,29,29,29,29,29,29,29,29,29
380122,1,1,19,19,19,19,19,19,19,19,19,19
380123,1,1,17,17,17,17,17,17,17,17,17,17
380124,1,1,20,20,20,20,20,20,20,20,20,20
380125,1,1,0,0,0,0,0,0,0,0,0,0
380126,1,1,0,0,0,0,0,0,0,0,0,0
380127,1,1,0,0,0,0,0,0,0,0,0,0
380127,2,1,4,0,0,0,0,0,0,0,0,0
380128,1,1,0,21,0,0,0,0,0,0,0,0
380129,1,1,0,0,0,0,0,0,0,0,0,0
380129,2,1,0,0,0,0,0,0,0,0,0,0
380130,1,1,0,0,0,0,0,0,0,0,0,0
380131,1,1,0,0,0,0,0,0,0,0,0,0
380131,2,1,31,31,31,31,31,31,31,31,31,31
380132,1,1,22,22,22,22,22,22,22,22,22,22
380133,1,1,0,0,0,0,0,0,0,0,0,0
380133,2,1,0,0,0,0,0,0,0,0,0,0
380134,1,1,0,0,0,0,0,0,0,0,0,0
380134,2,1,0,0,0,0,0,0,0,0,0,0
380135,1,1,9,9,9,9,9,9,9,9,9,9
390001,1,1,0,12,0,20,0,0,0,0,0,0
390002,1,1,0,0,0,0,0,0,0,0,0,0
390003,1,1,0,0,0,0,0,0,0,0,0,0
390003,2,1,0,0,0,0,0,0,0,0,0,0
390004,1,1,28,28,28,28,28,28,28,28,28,28
390005,1,1,0,0,0,0,0,0,0,0,0,0
390006,1,1,0,0,0,0,0,0,0,0,0,4
390006,2,1,0,0,0,0,0,0,0,0,0,0
390007,1,1,0,0,0,0,0,0,0,0,0,0
390007,2,1,0,0,16,0,0,0,0,0,0,0
390007,3,1,0,0,0,0,15,0,0,0,0,0
390008,0,1,17,17,17,17,17,17,17,17,17,17
390008,1,1,0,0,0,7,0,0,0,0,0,0
390009,1,1,0,0,0,0,0,0,0,0,0,0
390010,1,1,0,0,0,0,0,0,0,0,0,0
390010,2,1,0,0,0,0,0,0,0,0,0,0
390011,1,1,0,0,0,0,0,0,0,0,0,0
390011,2,1,0,0,0,0,0,0,0,0,0,0
390012,1,1,0,18,0,0,0,0,0,0,0,0
390012,2,1,0,0,0,0,0,0,0,0,0,0
390013,1,1,0,0,0,0,0,0,0,0,0,0
390014,1,1,0,0,0,0,0,0,0,0,0,0
390014,2,1,0,0,0,0,0,5,0,0,0,0
390015,1,1,0,0,0,0,0,0,0,0,0,0
390016,1,1,0,0,0,0,0,0,0,0,0,0
390017,1,1,0,0,0,0,0,0,0,0,0,0
390017,2,1,2,2,2,2,2,2,2,2,2,2
390018,1,1,0,0,0,0,0,0,0,0,0,0
390019,1,1,0,0,0,0,0,0,0,0,0,0
390020,1,1,25,25,25,25,25,25,25,25,25,25
390021,1,1,0,0,0,0,0,0,0,0,0,0
390022,1,1,15,15,15,15,15,15,15,15,15,15
390023,1,1,0,0,0,0,0,0,0,0,0,0
390023,2,1,0,0,0,0,0,0,0,0,0,0
390024,1,1,0,6,0,0,0,0,0,0,0,0
390024,2,1,0,0,0,0,0,0,0,0,0,0
390025,1,1,0,0,0,0,0,0,0,0,0,0
390026,1,1,0,0,0,0,0,0,0,0,0,0
390026,2,1,0,0,0,0,0,0,0,0,0,0
390027,1,1,0,0,0,0,0,0,0,0,0,0
390028,1,1,8,8,8,8,8,8,8,8,8,8
390028,2,1,0,0,0,0,0,0,0,0,0,0
390029,1,1,0,0,0,0,0,0,0,0,0,0
390030,0,1,32,32,32,32,32,32,32,32,32,32
390030,1,1,0,0,0,0,0,0,0,0,0,0
390031,1,1,0,0,0,0,0,0,0,0,0,0
390031,2,1,0,0,0,0,0,0,0,0,0,0
390032,1,1,0,0,0,0,0,0,0,0,0,0
390033,1,1,0,0,0,0,0,0,0,0,23,0
390033,2,1,0,0,0,0,0,0,0,0,0,0
390034,1,1,0,0,0,0,0,0,0,0,0,0
390035,1,1,0,0,0,0,0,0,0,0,0,0
390036,0,1,0,0,0,0,0,0,0,0,0,0
390036,1,1,32,32,32,32,32,32,32,32,32,32
390037,1,1,23,14,7,0,0,0,11,13,8,0
390037,2,1,0,0,0,0,0,0,0,0,0,0
390038,1,1,0,0,0,0,0,0,0,0,0,0
390039,1,1,0,0,0,0,0,0,0,0,0,0
390039,2,1,0,0,0,0,0,0,0,0,0,0