ST_CASE,VEH_NO,PER_NO,P1,P2,P3,P4,P5,P6,P7,P8,P9,P10
390040,1,1,25,25,25,25,25,25,25,25,25,25
390041,1,1,17,17,17,17,17,17,17,17,17,17
390042,1,1,10,10,10,10,10,10,10,10,10,10
390043,0,1,19,19,19,19,19,19,19,19,19,19
390043,1,1,0,0,0,0,0,0,0,27,0,23
390045,1,1,0,0,0,0,0,0,0,0,0,0
390045,2,1,0,0,0,0,0,0,0,0,0,0
390046,0,1,0,0,0,0,0,0,0,0,0,0
390046,1,1,0,0,0,0,0,0,0,0,0,0
390047,1,1,0,0,0,0,0,0,0,0,0,0
390048,1,1,0,0,0,0,0,0,0,0,0,0
390049,1,1,0,0,0,0,0,0,0,0,0,0
390050,1,1,0,0,0,0,0,0,0,0,0,0
390050,2,1,0,0,11,0,0,0,0,0,0,0
390052,1,1,0,0,0,0,0,0,0,0,0,0
390053,1,1,23,23,23,23,23,23,23,23,23,23
390054,1,1,0,0,0,0,0,0,0,0,0,0
390055,1,1,4,4,4,4,4,4,4,4,4,4
390056,1,1,0,0,0,0,0,0,0,0,0,0
390057,0,1,15,15,15,15,15,15,15,15,15,15
390057,1,1,0,0,0,0,0,0,0,0,0,0
390058,1,1,30,30,30,30,30,30,30,30,30,30
390059,1,1,0,0,0,0,0,0,0,0,0,0
390059,2,1,0,0,0,0,0,0,0,0,0,0
390060,1,1,15,27,7,14,11,26,11,0,13,10
390061,1,1,17,17,17,17,17,17,17,17,17,17
390062,1,1,0,0,0,0,0,0,0,0,0,0
390062,2,1,0,0,0,0,0,0,0,0,0,0
390063,1,1,0,0,0,0,0,0,0,0,0,0
390063,2,1,0,0,0,0,0,0,0,0,0,0
390064,1,1,0,0,0,0,0,0,0,0,0,0
390064,2,1,0,0,0,0,0,0,0,0,0,0
390064,3,1,0,0,0,0,0,0,0,0,0,0
390064,4,1,0,0,0,0,0,0,0,0,0,0
390064,5,1,0,0,0,0,0,0,0,0,0,0
390064,6,1,0,0,0,0,0,0,0,0,0,0
390064,7,1,0,0,0,0,0,0,0,0,0,0
390064,8,1,0,0,0,0,0,0,0,0,0,0
390064,9,1,0,0,0,0,0,0,0,0,0,0
390065,1,1,0,0,0,0,0,0,0,0,0,0
390065,2,1,0,0,0,0,0,0,0,0,0,0
390066,1,1,0,0,0,0,0,0,0,0,0,0
390067,1,1,25,25,25,25,25,25,25,25,25,25
390068,1,1,23,23,23,23,23,23,23,23,23,23
390070,1,1,15,15,15,15,15,15,15,15,15,15
390071,0,1,0,0,0,0,0,0,0,0,0,0
390071,1,1,0,0,0,0,0,0,0,0,0,0
390072,1,1,0,0,0,0,0,0,0,0,0,0
390072,2,1,4,4,4,4,4,4,4,4,4,4
390073,0,1,18,18,18,18,18,18,18,18,18,18
390073,1,1,9,0,0,0,14,10,0,36,24,19
390074,1,1,0,0,0,0,0,0,0,0,0,0
390074,2,1,0,0,0,0,0,0,0,0,0,0
390075,1,1,0,0,0,0,0,0,0,0,0,0
390075,2,1,0,0,0,0,0,0,0,0,0,0
390076,1,1,6,14,15,19,12,16,0,22,0,0
390076,2,1,0,0,0,0,0,0,0,0,0,0
390077,1,1,0,0,0,0,0,0,0,0,0,0
390077,2,1,0,0,0,0,0,0,0,0,0,0
390078,1,1,0,17,0,0,0,0,0,0,9,15
390079,1,1,0,0,0,0,0,0,0,0,0,0
390079,2,1,0,0,0,0,0,0,0,0,0,0
390080,1,1,0,0,0,0,0,0,0,0,0,0
390081,1,1,0,0,0,0,0,0,0,0,0,0
390082,1,1,10,10,10,10,10,10,10,10,10,10
390083,1,1,12,12,12,12,12,12,12,12,12,12
390084,1,1,0,0,0,0,0,0,0,0,0,0
390085,1,1,0,0,18,0,0,0,0,0,0,0
390085,2,1,0,0,0,0,0,0,0,0,0,0
390086,1,1,38,38,38,38,38,38,38,38,38,38
390087,1,1,24,24,24,24,24,24,24,24,24,24
390088,1,1,27,27,27,27,27,27,27,27,27,27
390089,1,1,0,0,0,0,0,0,0,0,0,0
390089,2,1,0,0,0,0,0,0,0,0,0,0
390090,1,1,0,0,0,0,0,0,0,0,0,0
390090,2,1,19,19,19,19,19,19,19,19,19,19
390091,1,1,24,24,24,24,24,24,24,24,24,24
390092,1,1,0,0,0,0,0,0,2,0,0,0
390093,1,1,21,21,21,21,21,21,21,21,21,21
390094,1,1,0,0,0,0,0,0,0,0,0,0
390095,1,1,0,0,0,0,0,0,0,0,0,0
390096,1,1,0,0,0,0,0,0,0,0,0,0
390097,1,1,13,13,13,13,13,13,13,13,13,13
390098,1,1,11,11,11,11,11,11,11,11,11,11
390099,1,1,23,23,23,23,23,23,23,23,23,23
390100,1,1,27,27,27,27,27,27,27,27,27,27
390101,1,1,5,5,5,5,5,5,5,5,5,5
390101,2,1,0,0,0,0,0,0,0,0,0,0
390102,0,1,0,0,0,0,0,0,0,0,0,0
390102,1,1,0,0,0,0,0,0,0,0,0,0
390103,1,1,0,0,0,0,0,0,0,0,0,0
390103,2,1,0,14,0,0,0,0,0,0,0,0
390103,3,1,0,0,0,0,0,0,0,0,0,0
390104,1,1,0,0,0,0,0,0,0,0,0,0
390106,1,1,0,0,0,0,0,0,0,0,0,0
390106,2,1,0,0,0,0,0,0,0,0,0,0
390107,0,1,1,1,1,1,1,1,1,1,1,1
390107,0,2,0,0,0,0,0,0,0,0,0,0
390107,2,1,22,0,0,0,0,0,0,0,0,0
390108,1,1,2,2,2,2,2,2,2,2,2,2
390108,2,1,0,0,0,14,0,0,0,0,0,0
390109,1,1,15,15,15,15,15,15,15,15,15,15
390110,1,1,11,24,22,15,9,10,14,30,17,17
390111,1,1,0,0,0,0,0,0,0,0,0,0
390112,1,1,0,0,0,0,0,0,0,0,0,0
390113,1,1,21,21,21,21,21,21,21,21,21,21
390114,1,1,0,0,0,0,0,0,0,0,0,0
390115,1,1,0,0,0,0,0,0,0,0,0,0
390116,1,1,0,0,0,0,0,0,0,0,0,0
390116,2,1,0,0,0,0,0,0,0,0,0,0
390117,1,1,31,31,31,31,31,31,31,31,31,31
390118,1,1,0,0,0,0,0,0,0,0,0,0
390119,1,1,0,0,0,0,0,0,0,0,0,0
390119,2,1,0,0,0,0,0,0,0,0,0,0
390120,0,1,0,0,0,0,0,0,0,0,0,0
390120,1,1,0,0,0,0,0,0,0,0,0,0
390121,1,1,0,0,0,0,0,0,0,0,0,0
390121,2,1,0,0,0,0,0,0,0,0,0,0
390122,1,1,0,0,0,0,0,0,0,0,0,0
390122,2,1,9,9,9,9,9,9,9,9,9,9
390123,1,1,0,0,0,0,0,0,0,0,0,0
390124,1,1,0,0,0,0,0,0,0,0,0,0
390124,2,1,0,0,0,0,0,0,0,26,0,0
390125,1,1,0,0,0,0,0,0,0,0,0,0
390125,2,1,0,0,0,0,0,0,0,0,6,0
390126,1,1,0,0,0,0,0,0,0,0,0,0
390126,2,1,0,8,0,0,0,0,2,0,0,0
390127,1,1,0,0,0,0,0,0,0,0,0,0
390128,1,1,0,0,0,0,0,0,0,0,0,0
390128,2,1,0,0,0,0,0,0,0,0,0,0
390129,1,1,8,8,8,8,8,8,8,8,8,8
390130,1,1,0,0,0,0,0,0,0,0,0,0
390131,1,1,13,13,13,13,13,13,13,13,13,13
390132,1,1,18,18,18,18,18,18,18,18,18,18
390133,0,1,0,0,0,0,0,0,0,0,0,0
390133,1,1,27,15,16,0,7,20,4,18,22,0
390134,1,1,0,6,0,0,0,0,0,13,9,17
390134,2,1,4,4,4,4,4,4,4,4,4,4
390135,0,1,0,0,0,0,0,0,0,0,0,0
390135,1,1,0,0,0,0,0,0,0,0,0,0
390136,1,1,0,0,0,0,0,0,0,0,0,0
390136,2,1,0,0,0,0,0,0,0,0,0,0
390137,1,1,0,0,0,0,0,0,0,0,0,0
390138,1,1,0,0,0,0,0,0,0,0,0,0
390138,2,1,0,0,0,0,0,0,0,0,0,0
390140,1,1,7,7,7,7,7,7,7,7,7,7
390140,2,1,0,0,0,0,0,0,0,0,0,0
390141,1,1,0,0,0,0,0,0,0,0,0,0
390141,2,1,0,0,0,0,0,0,0,0,0,0
390142,1,1,0,0,0,0,0,0,0,0,0,0
390142,2,1,0,0,0,0,0,0,0,0,0,0
390143,1,1,0,0,0,0,0,0,0,0,0,0
390143,2,1,0,0,0,0,0,0,0,0,0,0
390144,1,1,0,0,0,0,0,0,0,0,0,0
390144,2,1,0,0,0,0,0,0,0,0,0,0
390145,1,1,37,37,37,37,37,37,37,37,37,37
390146,1,1,0,0,0,0,0,0,0,0,0,0
390146,2,1,0,0,0,0,0,0,0,0,0,18
390147,1,1,0,0,0,0,0,0,0,0,0,0
390147,2,1,0,0,0,0,0,0,0,0,0,0
390148,1,1,0,23,0,0,0,0,0,0,0,0
390149,1,1,0,0,0,0,0,0,0,0,0,0
390149,2,1,0,0,0,0,0,0,0,0,0,0
390150,0,1,0,0,0,0,0,0,0,0,0,0
390150,1,1,0,0,0,0,0,0,0,0,0,0
390151,1,1,16,0,9,0,0,0,14,0,0,0
390152,1,1,0,0,0,0,0,0,0,0,0,0
390153,1,1,33,33,33,33,33,33,33,33,33,33
390154,1,1,0,0,0,0,0,0,0,0,0,0
390154,2,1,0,0,0,0,0,0,0,0,0,0
390154,3,1,0,0,0,0,0,0,0,0,0,0
390154,4,1,0,0,0,0,0,0,0,0,0,0
390154,5,1,0,0,0,0,0,0,0,0,0,0
390154,6,1,0,0,0,0,0,0,0,0,0,0
390155,0,1,0,0,0,0,0,0,0,0,0,0
390155,1,1,0,0,0,0,0,0,0,0,0,0
390157,1,1,0,0,0,0,0,0,0,0,0,0
390157,2,1,0,0,0,0,0,0,0,0,0,0
390157,3,1,0,0,0,0,0,0,0,0,0,0
390158,1,1,0,0,0,0,0,0,0,0,0,0
390158,2,1,3,0,5,0,10,8,0,0,0,12
390159,1,1,33,33,33,33,33,33,33,33,33,33
390160,1,1,0,0,0,0,0,0,0,0,0,0
390161,0,1,14,14,14,14,14,14,14,14,14,14
390161,1,1,0,0,0,0,0,0,0,0,0,6
390162,1,1,0,0,0,0,0,0,0,0,0,0
390162,2,1,0,0,0,0,0,0,0,0,0,0
390162,3,1,0,0,0,0,0,0,0,0,0,0
390162,4,1,0,0,0,0,0,0,0,0,0,0
390163,1,1,27,27,27,27,27,27,27,27,27,27
390164,1,1,0,0,0,0,0,0,0,0,0,0
390166,1,1,0,0,0,0,0,0,0,0,0,0
390167,1,1,0,0,0,0,0,0,0,0,0,0
390167,2,1,0,0,0,0,0,0,0,0,0,0
390168,1,1,0,0,0,0,0,0,0,0,0,0
390168,2,1,0,0,0,0,0,0,0,0,0,0
390169,1,1,0,0,0,0,0,0,0,10,0,0
390169,2,1,16,16,16,16,16,16,16,16,16,16
390170,1,1,0,0,0,0,0,0,0,0,0,0
390170,2,1,0,0,0,0,0,0,0,0,0,0
390171,1,1,27,27,27,27,27,27,27,27,27,27
390172,1,1,0,0,0,0,0,0,0,0,0,0
390173,1,1,16,16,16,16,16,16,16,16,16,16
390173,2,1,0,0,0,0,0,0,0,0,2,0
390174,1,1,0,0,0,0,0,0,0,0,0,0
390174,2,1,0,0,0,0,0,0,0,0,0,0
390175,1,1,23,23,23,23,23,23,23,23,23,23
390176,1,1,0,0,0,0,0,0,0,0,0,0
390176,2,1,0,0,0,0,0,0,0,0,0,0
390177,0,1,41,32,16,18,45,27,25,10,26,34
390177,1,1,0,0,0,26,0,18,16,0,13,0
390178,1,1,16,16,16,16,16,16,16,16,16,16
390179,1,1,0,0,0,0,0,0,0,0,0,0
390180,1,1,1,1,1,1,1,1,1,1,1,1
390181,1,1,11,11,11,11,11,11,11,11,11,11
390181,2,1,0,0,0,0,0,0,0,0,0,0
390183,1,1,22,22,22,22,22,22,22,22,22,22
390184,1,1,0,0,0,0,0,0,0,0,0,0
390186,1,1,0,0,0,0,0,0,0,0,0,0
390186,2,1,0,0,0,0,0,0,0,0,0,0
390186,3,1,0,0,0,0,0,0,0,0,0,0
390187,1,1,0,0,0,0,0,0,8,21,0,0
390189,1,1,0,0,0,0,0,0,0,0,0,0
390190,1,1,0,0,0,0,0,0,0,0,0,0
390191,1,1,0,0,0,0,0,0,0,0,0,0
390192,1,1,3,0,0,9,0,0,0,20,0,0
390193,1,1,14,14,14,14,14,14,14,14,14,14
390194,0,1,2,2,2,2,2,2,2,2,2,2
390194,1,1,0,0,14,10,0,0,32,18,0,0
390195,1,1,0,0,0,0,0,0,0,0,0,0
390195,2,1,0,0,0,0,0,0,0,0,0,0
390196,1,1,14,14,14,14,14,14,14,14,14,14
390197,1,1,13,13,13,13,13,13,13,13,13,13
390198,1,1,0,0,0,0,0,0,0,0,0,0
390198,2,1,0,0,0,0,0,0,0,0,0,0
390199,1,1,0,0,0,0,0,0,0,0,0,0
390199,2,1,0,0,0,0,0,0,0,0,0,0
390200,1,1,0,0,0,0,0,0,0,0,0,0
390200,2,1,0,0,0,0,0,0,0,0,0,0
390201,1,1,19,0,0,0,13,0,0,0,0,0
390203,1,1,0,0,0,0,0,0,0,0,0,0
390203,2,1,0,0,0,0,0,0,0,0,0,0
390204,1,1,0,0,0,0,0,0,0,0,0,6
390204,2,1,0,0,0,0,0,0,0,0,0,0
390206,1,1,0,0,0,0,0,0,0,0,0,0
390207,1,1,8,8,8,8,8,8,8,8,8,8
390208,0,1,17,17,17,17,17,17,17,17,17,17
390208,1,1,0,0,0,0,0,0,0,0,0,0
390209,1,1,0,0,0,0,0,0,0,0,0,0
390210,1,1,0,0,0,0,0,0,0,0,0,0
390210,2,1,0,0,0,0,0,0,0,0,0,0
390211,1,1,0,0,0,0,0,0,0,0,0,0
390212,1,1,0,0,0,0,0,0,0,0,0,0
390212,2,1,0,0,0,0,0,0,0,0,0,0
390213,2,1,0,0,0,0,0,0,0,0,0,0
390214,1,1,0,0,0,14,18,0,0,0,0,0
390214,2,1,0,0,0,0,0,0,0,0,0,0
390215,1,1,31,31,31,31,31,31,31,31,31,31
390216,1,1,0,0,0,0,0,0,0,0,0,0
390216,2,1,0,0,0,0,0,0,0,0,0,0
390216,3,1,0,0,0,0,0,0,0,0,0,0
390217,1,1,0,0,0,0,0,0,0,0,0,0
390217,2,1,0,0,0,0,0,0,0,0,0,0
390218,1,1,1,1,1,1,1,1,1,1,1,1
390218,2,1,0,0,0,0,0,0,0,0,0,0
390219,1,1,0,0,0,0,0,0,0,0,0,0
390219,2,1,0,0,0,0,0,0,0,0,0,0
390219,3,1,0,0,0,0,8,0,0,0,0,0
390220,0,1,0,0,0,0,0,0,0,0,0,0
390220,1,1,0,0,0,0,0,0,0,0,22,0
390221,1,1,0,0,0,0,0,0,0,0,0,0
390221,2,1,0,0,0,0,0,0,0,0,0,0
390222,1,1,0,0,0,0,0,0,0,0,0,0
390222,2,1,0,0,0,0,0,0,0,0,0,0
390223,0,1,0,0,0,0,0,0,0,0,0,0
390223,1,1,0,0,0,0,0,0,0,0,0,0
390223,2,1,0,0,0,0,0,0,0,0,0,0
390223,3,1,0,0,0,0,0,0,0,0,0,0
390223,4,1,0,0,0,0,0,0,0,0,0,0
390223,5,1,0,0,0,11,0,0,0,0,0,16
390223,6,1,0,0,0,0,0,0,0,0,0,0
390223,7,1,0,0,0,0,0,0,0,0,0,0
390223,8,1,0,0,0,0,0,0,0,0,0,0
390223,9,1,0,0,0,0,0,0,0,0,0,0
390223,10,1,0,0,0,0,0,0,0,0,0,0
390223,11,1,0,0,0,0,0,0,0,0,0,0
390223,12,1,0,0,0,0,0,0,0,0,0,0
390223,13,1,0,0,0,0,0,0,0,0,0,0
390223,14,1,0,0,0,0,0,0,0,0,0,0
390223,15,1,0,13,0,0,0,0,0,0,0,0
390223,16,1,0,0,0,0,0,0,0,0,0,0
390223,17,1,0,0,0,0,0,0,0,0,0,0
390223,18,1,0,0,0,0,0,0,0,0,0,0
390223,19,1,0,0,0,0,0,0,0,0,0,0
390223,20,1,0,0,0,0,0,0,0,0,0,0
390223,21,1,0,0,0,0,0,0,0,0,0,0
390223,22,1,0,0,0,0,0,0,0,0,0,0
390223,23,1,0,0,0,0,0,0,0,0,0,0
390223,24,1,0,0,0,0,0,0,9,0,0,0
390223,25,1,0,9,0,0,0,0,0,0,0,0
390223,26,1,0,0,0,0,0,0,0,0,0,34
390223,27,1,0,0,0,0,0,0,0,0,0,0
390223,28,1,0,0,0,0,0,0,0,0,0,0
390223,29,1,0,0,0,0,0,0,0,0,0,0
390223,30,1,0,0,0,0,0,0,0,0,0,0
390223,31,1,0,0,0,0,0,0,0,0,0,0
390223,32,1,0,0,0,0,0,0,0,6,0,0
390223,33,1,0,0,0,0,0,0,0,0,0,0
390223,34,1,0,0,0,0,0,0,0,0,0,0
390223,35,1,0,0,0,0,0,0,0,0,0,0
390223,36,1,0,0,0,0,0,0,0,0,0,0
390223,37,1,0,0,0,0,0,0,0,0,0,0
390223,38,1,0,0,0,0,0,0,0,0,0,0
390223,39,1,0,0,0,0,0,0,0,0,0,0
390223,40,1,0,0,0,0,0,0,0,0,0,0
390223,41,1,0,0,0,0,0,0,0,0,0,0
390223,42,1,0,0,0,0,0,0,0,0,0,0
390223,43,1,0,0,0,0,0,0,0,0,0,0
390223,44,1,0,0,0,0,0,0,0,0,0,0
390223,45,1,0,0,0,0,0,0,0,0,0,0
390223,46,1,0,0,0,0,0,0,0,0,0,0
390223,47,1,0,0,0,0,0,0,0,0,0,0
390223,48,1,0,0,0,0,0,0,0,0,0,0
390223,49,1,0,0,0,0,0,0,0,0,0,0
390223,50,1,7,0,0,0,0,0,0,0,0,0
390223,51,1,0,0,0,0,0,0,0,0,0,0
390223,52,1,0,0,0,0,0,0,0,0,0,0
390223,53,1,0,0,0,0,0,0,0,0,0,0
390223,54,1,0,0,0,0,0,0,0,0,0,0
390223,55,1,27,0,0,21,0,0,0,0,0,0
390223,56,1,0,0,0,0,0,0,0,0,0,0
390223,57,1,0,0,0,0,0,0,0,0,0,0
390223,58,1,0,0,0,0,0,0,0,0,0,0
390223,59,1,0,0,0,0,0,0,0,0,0,0
390223,60,1,0,0,0,0,0,0,0,0,0,0
390223,61,1,0,0,0,0,0,0,0,0,0,3
390223,62,1,0,0,0,0,0,0,0,0,0,10
390223,63,1,0,0,0,0,0,0,0,0,0,0
390223,64,1,0,0,0,0,0,0,0,0,0,0
390223,65,1,0,0,0,0,0,0,0,0,0,0
390223,66,1,0,0,0,0,0,0,0,0,0,0
390223,67,1,0,0,0,0,0,0,0,0,0,0
390223,68,1,0,0,0,0,0,0,0,0,0,0
390223,69,1,0,0,0,0,0,0,0,0,0,0
390223,70,1,0,0,0,0,0,0,0,0,0,0
390223,71,1,0,0,0,0,0,0,0,0,0,0
390223,72,1,0,0,0,0,0,0,0,0,0,0
390223,73,1,0,0,0,0,0,0,0,0,0,0
390223,74,1,0,0,0,0,0,0,0,0,0,0
390223,75,1,0,0,0,0,0,0,0,0,0,0
390223,76,1,0,0,0,0,0,0,0,0,0,0
390223,77,1,0,0,0,0,0,0,0,0,0,0
390223,78,1,0,0,0,0,0,0,0,0,0,0
390223,79,1,0,0,0,0,0,0,0,0,0,0
390223,80,1,0,0,0,0,0,0,0,0,0,0
390223,81,1,0,0,0,0,0,0,0,0,0,0
390223,82,1,0,0,0,0,0,0,0,0,0,0
390223,83,1,0,0,0,0,0,0,0,0,0,0
390223,84,1,0,0,0,0,0,0,0,0,0,0
390223,85,1,0,0,0,0,0,48,0,0,0,0
390223,86,1,0,0,0,0,0,0,0,0,0,0
390223,87,1,0,0,0,0,0,0,0,0,0,0
390223,88,1,0,0,0,0,0,0,7,0,0,0
390223,89,1,0,0,0,0,0,0,0,0,0,0
390223,90,1,0,0,0,0,0,0,0,0,0,0
390224,1,1,12,12,12,12,12,12,12,12,12,12
390225,1,1,11,11,11,11,11,11,11,11,11,11
390226,1,1,0,0,0,0,0,0,0,0,0,0
390227,0,1,3,3,3,3,3,3,3,3,3,3
390227,1,1,0,0,0,0,0,0,0,0,0,0
390228,1,1,0,0,0,0,0,0,0,0,0,0
390229,1,1,0,0,0,0,0,0,0,0,0,0
390229,2,1,0,0,0,0,0,0,0,0,0,0
390230,1,1,0,0,0,0,0,0,0,0,0,0
390231,1,1,0,0,0,0,0,0,0,0,0,0
390232,1,1,14,16,9,6,31,22,7,18,6,20
390233,0,1,0,0,0,0,0,0,0,0,0,0
390233,1,1,0,7,0,0,0,20,0,0,0,0
390235,1,1,0,0,0,0,0,0,0,0,0,0
390235,2,1,0,0,0,0,0,0,0,0,0,0
390236,1,1,12,12,12,12,12,12,12,12,12,12
390236,2,1,0,15,0,0,0,0,0,0,5,0
390237,1,1,12,12,12,12,12,12,12,12,12,12
390238,1,1,0,0,0,0,0,0,0,0,21,0
390238,2,1,0,0,0,0,0,0,0,0,0,0
390239,1,1,16,16,16,16,16,16,16,16,16,16
390240,1,1,0,0,0,0,0,0,0,0,0,0
390241,1,1,0,0,0,0,0,0,0,0,0,0
390241,2,1,0,0,0,0,0,0,0,0,0,0
390242,1,1,35,35,35,35,35,35,35,35,35,35
390242,2,1,0,0,0,0,0,0,0,0,0,0
390243,1,1,0,0,0,0,0,0,0,0,0,0
390243,2,1,31,31,31,31,31,31,31,31,31,31
390244,1,1,0,0,0,0,0,0,0,0,0,0
390245,1,1,0,0,0,0,0,0,0,0,0,0
390246,1,1,11,11,11,11,11,11,11,11,11,11
390246,2,1,0,0,12,0,0,0,0,0,0,0
390247,1,1,18,18,18,18,18,18,18,18,18,18
390248,1,1,0,0,0,0,0,0,0,0,0,0
390249,1,1,0,0,0,0,0,0,0,0,0,0
390249,2,1,0,0,0,0,0,0,0,0,0,0
390250,1,1,0,0,0,0,0,0,0,0,0,0
390250,2,1,6,6,6,6,6,6,6,6,6,6
390250,3,1,7,0,7,12,6,3,4,16,8,4
390251,1,1,0,0,0,0,0,0,0,0,0,0
390251,2,1,0,0,0,0,0,0,0,0,0,0
390252,1,1,0,0,0,0,0,0,0,0,0,0
390252,2,1,0,0,0,0,0,0,0,0,0,0
390253,1,1,17,17,17,17,17,17,17,17,17,17
390254,1,1,5,5,5,5,5,5,5,5,5,5
390255,0,1,5,5,5,5,5,5,5,5,5,5
390255,1,1,0,0,0,0,0,0,0,0,0,0
390257,1,1,0,0,0,0,0,0,0,0,0,0
390257,2,1,0,0,0,0,0,0,0,0,0,0
390258,1,1,0,0,0,0,0,0,0,0,0,0
390258,2,1,0,0,0,0,0,0,0,0,0,0
390259,1,1,0,0,0,0,0,0,0,0,0,0
390260,1,1,0,0,0,0,0,0,0,0,0,0
390261,1,1,0,0,0,0,0,0,0,0,0,0
390261,2,1,0,0,0,0,0,0,0,0,0,0
390262,1,1,0,0,0,0,0,0,0,0,0,0
390262,2,1,0,0,0,0,0,0,0,0,0,0
390263,1,1,0,0,0,0,0,0,0,0,0,0
390263,2,1,0,0,0,0,0,0,0,0,0,0
390263,3,1,0,0,0,0,0,0,0,0,0,0
390263,4,1,0,0,9,0,0,0,0,0,0,0
390263,5,1,0,0,0,0,0,0,0,0,0,0
390264,1,1,0,0,0,0,0,0,0,0,0,0
390265,0,1,23,23,23,23,23,23,23,23,23,23
390265,1,1,0,0,0,0,0,0,0,0,0,0
390266,1,1,0,0,0,0,0,0,0,0,0,0
390266,2,1,0,0,0,0,0,0,0,0,0,0
390267,1,1,0,0,0,0,0,0,0,0,0,0
390267,2,1,0,0,0,0,0,0,0,0,0,0
390268,1,1,25,25,25,25,25,25,25,25,25,25
390269,1,1,3,3,3,3,3,3,3,3,3,3
390271,1,1,0,0,0,0,0,0,0,0,0,0
390271,2,1,0,0,0,0,0,0,0,0,0,0
390271,3,1,0,0,0,0,0,0,0,0,0,0
390272,1,1,0,0,0,0,0,0,0,0,0,0
390272,2,1,6,6,6,6,6,6,6,6,6,6
390273,1,1,0,0,0,0,0,0,0,0,0,0
390273,2,1,0,0,0,0,0,0,0,0,0,0
390273,3,1,0,0,0,0,0,0,0,0,0,0
390274,1,1,10,18,23,20,26,33,30,27,16,33
390275,1,1,0,0,0,0,0,0,0,0,0,0
390275,2,1,0,0,0,0,0,0,0,0,0,0
390275,3,1,0,0,0,0,0,0,0,0,0,0
390276,1,1,18,18,18,18,18,18,18,18,18,18
390277,1,1,0,0,0,0,0,0,0,0,0,0
390277,2,1,0,0,0,0,0,0,0,0,0,15
390278,1,1,5,28,12,35,19,12,8,0,35,21
390278,2,1,0,0,0,0,0,0,0,0,0,0
390279,1,1,1,1,1,1,1,1,1,1,1,1
390280,1,1,19,19,19,19,19,19,19,19,19,19
390280,2,1,0,0,0,0,0,0,0,0,0,0
390281,1,1,21,21,21,21,21,21,21,21,21,21
390282,1,1,0,0,0,0,0,0,0,0,0,0
390283,1,1,0,0,0,0,0,0,0,0,0,0
390284,0,1,0,0,0,0,0,0,0,0,0,0
390284,1,1,0,0,0,0,0,0,0,0,0,0
390285,1,1,0,0,0,0,0,0,0,0,0,0
390285,2,1,0,0,0,0,0,0,0,0,0,0
390286,1,1,17,0,27,10,8,0,6,17,14,13
390286,2,1,0,0,0,0,0,0,10,0,15,0
390287,0,1,12,23,30,25,27,20,26,5,22,23
390287,1,1,14,16,17,0,21,12,18,23,25,24
390288,1,1,0,0,0,0,0,0,0,0,0,0
390289,1,1,0,0,0,0,0,0,0,0,0,0
390289,2,1,11,0,0,0,0,0,0,17,0,0
390290,1,1,16,16,16,16,16,16,16,16,16,16
390290,2,1,0,0,10,0,0,13,0,0,0,0
390291,1,1,0,0,0,0,0,0,0,0,0,0
390291,2,1,0,0,0,0,0,0,0,0,0,0
390292,1,1,0,0,0,0,0,0,0,0,0,0
390293,0,1,0,0,0,0,0,0,0,0,0,0
390293,1,1,0,0,15,0,29,0,0,0,0,0
390294,1,1,0,0,0,0,0,0,0,0,0,0
390294,2,1,9,9,9,9,9,9,9,9,9,9
390295,1,1,0,0,0,0,22,0,0,0,0,0
390296,1,1,25,25,25,25,25,25,25,25,25,25
390297,1,1,0,0,0,0,0,0,0,0,11,0
390297,2,1,0,0,0,0,0,0,0,0,0,0
390298,1,1,0,0,0,0,0,0,0,0,0,0
390298,2,1,9,0,0,0,23,0,0,0,0,0
390298,3,1,4,0,0,4,9,0,0,0,0,0
390298,4,1,0,0,0,0,0,0,0,0,0,0
390299,1,1,15,0,0,0,0,0,0,0,0,0
390299,2,1,27,11,0,0,0,0,0,0,0,0
390300,1,1,28,28,28,28,28,28,28,28,28,28
390301,1,1,0,0,0,0,0,0,0,0,0,0
390302,1,1,0,0,0,0,0,0,0,0,0,0
390302,2,1,0,0,0,0,0,0,0,0,0,0
390303,1,1,0,0,0,0,0,0,0,0,0,0
390304,1,1,0,0,0,0,0,0,0,0,0,0
390304,2,1,0,0,0,0,0,0,0,0,0,0
390305,1,1,0,0,0,0,0,0,0,0,0,0
390306,1,1,0,0,0,0,0,0,0,0,0,0
390307,1,1,10,22,0,0,13,0,15,0,0,0
390307,2,1,0,0,0,0,0,0,0,9,0,0
390308,1,1,0,0,0,0,0,0,0,0,0,0
390309,1,1,29,29,29,29,29,29,29,29,29,29
390310,1,1,0,0,0,0,0,0,0,0,0,0
390310,2,1,0,0,0,0,0,0,0,0,0,0
390311,1,1,11,11,11,11,11,11,11,11,11,11
390312,1,1,0,0,0,0,0,0,0,0,0,0
390313,1,1,0,0,0,0,0,0,0,0,0,0
390313,2,1,0,0,0,0,0,0,0,0,0,0
390313,3,1,0,0,0,0,0,0,0,0,0,0
390314,1,1,15,15,15,15,15,15,15,15,15,15
390315,1,1,0,0,0,0,0,0,0,0,0,0
390315,2,1,0,0,0,0,0,0,0,0,0,0