ST_CASE,VEH_NO,PER_NO,P1,P2,P3,P4,P5,P6,P7,P8,P9,P10
390316,1,1,32,32,32,32,32,32,32,32,32,32
390317,0,1,0,0,0,0,0,0,0,0,0,0
390317,1,1,0,13,0,0,0,14,0,0,0,0
390318,1,1,0,0,0,0,0,0,0,0,0,0
390319,1,1,14,14,14,14,14,14,14,14,14,14
390321,1,1,0,0,0,0,0,0,0,0,0,0
390322,1,1,0,0,0,0,0,0,0,0,0,0
390322,2,1,0,0,0,0,0,0,0,0,0,0
390323,1,1,0,0,0,0,0,0,0,0,0,0
390323,2,1,0,0,0,0,0,0,0,0,0,0
390324,1,1,0,0,0,0,0,0,0,0,0,15
390324,2,1,0,0,0,0,0,0,0,0,0,0
390325,1,1,0,0,0,0,0,0,0,0,0,0
390326,0,1,0,0,0,0,0,0,0,0,0,0
390326,1,1,0,0,0,0,0,0,0,0,0,0
390327,1,1,0,0,0,0,0,0,0,0,41,20
390327,2,1,0,0,0,0,0,0,0,0,0,0
390328,0,1,21,21,21,21,21,21,21,21,21,21
390328,1,1,0,0,0,0,0,0,14,0,0,0
390329,1,1,0,0,0,0,0,0,0,0,0,0
390329,2,1,0,0,0,0,0,0,0,0,0,0
390330,1,1,14,14,14,14,14,14,14,14,14,14
390330,2,1,0,0,0,0,0,0,0,0,0,0
390332,1,1,0,0,0,0,0,0,0,0,0,0
390332,2,1,0,0,0,13,0,0,0,0,0,0
390333,1,1,0,0,0,0,0,0,0,0,0,0
390334,1,1,0,0,0,0,0,0,0,0,0,0
390334,2,1,0,0,0,0,0,0,0,0,0,0
390335,1,1,3,3,3,3,3,3,3,3,3,3
390336,0,1,0,0,0,0,0,0,0,15,32,0
390336,0,2,0,0,0,0,0,0,0,0,0,0
390336,1,1,0,0,0,0,0,0,0,0,0,0
390337,1,1,0,0,0,0,0,0,0,0,0,0
390338,0,1,0,0,0,0,0,0,0,0,0,0
390338,0,2,0,0,0,0,0,0,0,0,0,0
390338,1,1,0,0,0,0,0,0,0,0,0,0
390339,1,1,0,0,0,0,0,0,0,0,0,0
390340,0,1,0,0,0,0,0,0,0,0,0,0
390340,1,1,0,0,0,0,0,0,0,0,0,0
390341,1,1,0,0,0,0,0,0,0,0,0,0
390341,2,1,17,17,17,17,17,17,17,17,17,17
390342,1,1,0,0,0,0,0,0,0,0,0,0
390342,2,1,0,0,0,0,0,0,0,0,0,0
390343,1,1,0,0,0,0,0,0,0,0,0,0
390343,2,1,0,0,0,0,0,0,0,0,0,0
390343,3,1,0,0,0,0,0,0,0,0,0,0
390344,1,1,0,0,0,0,0,0,0,0,0,0
390345,0,1,0,0,0,0,0,0,0,0,0,0
390345,1,1,0,0,0,0,0,0,0,0,0,0
390346,0,1,13,13,13,13,13,13,13,13,13,13
390346,1,1,0,0,0,0,0,0,0,0,0,0
390347,1,1,4,0,0,0,0,0,0,5,0,0
390347,2,1,0,0,0,0,0,0,0,0,0,0
390347,3,1,0,0,0,0,0,0,18,0,0,0
390348,1,1,0,0,0,0,0,0,0,0,0,0
390348,2,1,0,24,16,26,0,12,12,20,21,4
390349,1,1,0,0,0,0,0,0,0,0,0,0
390350,1,2,15,5,9,0,7,16,0,13,26,15
390351,1,1,0,0,0,0,0,0,0,0,0,0
390351,2,1,0,0,0,0,0,0,0,0,0,0
390352,1,1,8,8,8,8,8,8,8,8,8,8
390353,1,1,0,0,0,0,0,0,0,0,0,0
390353,2,1,0,0,0,0,0,0,0,0,0,0
390354,1,1,0,0,0,0,0,0,0,0,0,0
390355,1,1,20,20,20,20,20,20,20,20,20,20
390356,1,1,0,0,0,0,0,0,0,0,0,0
390357,1,1,0,0,0,0,0,0,0,0,0,0
390357,2,1,0,0,0,0,0,0,0,0,0,0
390358,1,1,0,0,0,0,0,0,0,0,0,0
390359,1,1,1,1,1,1,1,1,1,1,1,1
390360,1,1,3,3,3,3,3,3,3,3,3,3
390361,1,1,0,0,0,0,0,0,0,0,0,0
390361,2,1,0,0,0,0,0,0,0,0,0,0
390362,0,1,0,0,0,0,0,0,0,0,0,0
390362,1,1,0,0,0,12,0,0,0,0,0,0
390363,1,1,0,0,0,0,0,0,0,21,0,0
390363,2,1,0,0,0,0,0,0,0,0,0,0
390364,1,1,0,0,0,0,0,0,0,0,0,0
390365,1,1,0,0,0,0,0,0,0,0,0,0
390366,1,1,0,0,0,0,0,0,0,0,0,0
390366,2,1,0,0,0,0,0,0,0,0,0,0
390368,1,1,0,0,0,0,0,0,0,0,0,0
390368,2,1,0,0,0,0,0,0,0,0,0,0
390369,1,1,0,0,0,0,0,0,0,0,0,0
390370,1,1,0,0,0,0,0,0,0,0,0,0
390371,1,1,0,0,0,0,0,0,0,0,0,0
390371,2,1,0,0,0,0,0,0,0,0,0,0
390372,1,1,0,0,0,0,0,0,0,0,0,0
390372,2,1,0,0,0,0,0,0,0,0,0,0
390373,1,1,0,0,0,0,0,0,0,0,0,0
390374,1,1,0,0,0,0,0,0,0,0,0,0
390374,2,1,0,0,0,0,0,0,0,0,0,0
390375,1,1,0,0,0,0,0,0,0,0,0,0
390375,2,1,0,0,0,0,0,0,0,0,0,0
390375,3,1,0,0,0,0,0,0,0,0,0,0
390376,1,1,0,0,0,0,0,0,0,0,0,0
390376,2,1,0,0,0,0,0,0,0,0,0,0
390377,1,1,0,0,0,0,0,0,0,0,0,0
390377,2,1,0,0,0,0,0,0,0,0,0,0
390378,1,1,22,22,22,22,22,22,22,22,22,22
390379,0,1,0,0,0,0,0,0,0,0,0,0
390379,1,1,11,11,11,11,11,11,11,11,11,11
390380,0,1,0,0,0,0,0,0,0,0,0,0
390380,1,1,0,0,0,0,0,0,0,0,14,0
390381,1,1,22,22,22,22,22,22,22,22,22,22
390382,1,1,28,28,28,28,28,28,28,28,28,28
390383,0,1,21,21,21,21,21,21,21,21,21,21
390383,1,1,0,0,0,0,0,0,0,0,0,0
390384,1,1,0,0,0,0,0,0,0,0,0,0
390384,2,1,0,0,0,0,0,0,0,0,0,0
390385,1,1,0,0,0,0,7,0,0,0,0,0
390385,2,1,0,0,0,0,0,0,0,0,0,0
390385,3,1,19,6,5,6,9,11,3,0,6,6
390386,0,1,0,0,0,0,0,0,8,0,0,0
390386,1,1,0,0,0,0,0,0,0,7,0,0
390387,1,1,0,0,0,0,21,0,0,17,0,11
390388,1,1,5,16,13,11,8,0,12,12,18,24
390389,1,1,4,4,4,4,4,4,4,4,4,4
390389,2,1,0,0,0,0,0,0,0,0,0,0
390389,3,1,0,0,0,0,0,10,0,0,0,0
390389,4,1,0,0,0,3,0,18,0,0,0,0
390389,5,1,6,0,0,7,0,0,0,0,0,0
390390,1,1,0,29,15,10,29,26,27,20,11,23
390391,1,1,0,0,0,0,0,0,0,0,0,0
390391,2,1,0,0,0,0,0,0,0,0,0,0
390392,1,1,0,0,0,0,0,0,0,0,0,0
390392,2,1,0,0,0,8,0,0,0,13,0,0
390392,3,1,0,0,0,0,0,0,0,4,0,0
390392,4,1,0,0,0,0,0,0,0,0,0,0
390392,5,1,0,0,0,0,0,0,0,0,0,0
390392,6,1,0,0,0,0,0,0,0,0,0,0
390392,7,1,0,6,0,0,0,0,0,0,0,0
390393,1,1,0,0,0,0,0,0,0,0,0,0
390394,1,1,0,0,0,0,0,0,0,0,0,0
390395,1,1,18,18,18,18,18,18,18,18,18,18
390395,2,1,23,17,16,21,14,25,24,5,8,15
390396,1,1,12,12,12,12,12,12,12,12,12,12
390398,1,1,0,0,0,0,0,0,0,0,0,0
390399,1,1,13,13,13,13,13,13,13,13,13,13
390400,1,1,0,0,0,0,0,0,0,0,0,0
390400,2,1,0,0,0,0,0,0,0,0,17,0
390401,0,1,0,0,0,0,0,0,0,0,0,0
390401,1,1,0,9,0,0,0,0,0,0,0,0
390401,2,1,0,0,0,0,7,0,0,0,0,48
390401,3,1,0,25,0,0,17,16,0,10,0,34
390402,1,1,0,0,0,0,0,0,27,0,0,0
390402,2,1,0,0,0,0,0,0,0,0,0,0
390403,1,1,0,0,0,0,0,0,0,0,0,0
390403,2,1,0,0,0,0,0,0,0,0,0,0
390404,1,1,0,0,0,0,0,0,0,0,0,0
390405,1,1,0,0,0,0,0,0,0,0,0,0
390406,1,1,29,29,29,29,29,29,29,29,29,29
390408,1,1,0,0,0,0,0,0,0,0,0,0
390408,2,1,0,0,0,0,0,0,0,0,0,0
390409,1,1,0,0,0,0,0,0,0,0,0,0
390409,2,1,0,0,0,0,0,0,0,0,0,0
390410,1,1,13,13,13,13,13,13,13,13,13,13
390411,1,1,0,0,0,0,0,0,25,0,0,0
390411,2,1,0,0,0,0,0,0,0,0,0,0
390412,1,1,23,0,0,0,0,0,0,0,0,21
390413,1,1,0,0,0,0,0,0,0,0,0,0
390413,2,1,0,0,0,0,0,0,0,0,0,0
390414,1,1,0,0,0,0,0,0,0,0,0,0
390414,2,1,0,0,0,0,0,0,0,0,0,0
390415,1,1,14,14,14,14,14,14,14,14,14,14
390416,1,1,31,31,31,31,31,31,31,31,31,31
390417,0,1,0,0,0,0,0,0,0,0,0,0
390417,1,1,0,0,0,0,0,0,0,0,0,8
390418,1,1,0,0,0,0,0,0,0,0,0,0
390418,2,1,0,0,0,0,0,0,0,0,0,0
390419,1,1,0,0,0,0,0,0,0,0,0,0
390419,2,1,0,0,0,0,0,0,0,0,0,0
390419,3,1,0,0,0,0,0,0,0,0,0,0
390420,1,1,14,14,14,14,14,14,14,14,14,14
390421,1,1,8,8,8,8,8,8,8,8,8,8
390422,1,1,3,3,3,3,3,3,3,3,3,3
390422,2,1,0,0,0,0,0,0,0,0,0,0
390423,1,1,10,10,10,10,10,10,10,10,10,10
390423,2,1,0,0,0,0,0,0,0,0,0,0
390424,0,1,0,0,0,0,0,0,0,0,0,0
390424,1,1,0,0,0,0,0,0,0,0,0,0
390425,1,1,0,0,0,0,0,0,0,0,0,0
390425,2,1,10,10,10,10,10,10,10,10,10,10
390426,1,1,0,0,0,0,0,0,0,0,0,0
390426,2,1,0,0,0,0,0,0,0,0,0,0
390427,0,1,23,23,23,23,23,23,23,23,23,23
390427,1,1,0,0,0,0,0,0,0,0,0,7
390428,1,1,0,0,0,0,0,0,0,0,0,0
390428,2,1,0,0,0,0,0,0,0,0,0,0
390429,1,1,16,16,16,16,16,16,16,16,16,16
390430,1,1,0,0,0,0,0,0,0,0,0,0
390430,2,1,0,0,0,0,0,0,0,0,0,0
390431,1,1,0,0,0,0,0,6,0,4,0,0
390431,2,1,0,0,0,0,0,0,0,0,0,0
390432,1,1,0,0,0,0,0,0,0,0,0,0
390432,2,1,0,0,0,0,0,0,0,0,0,0
390433,1,1,0,0,0,0,0,0,0,0,0,0
390433,2,1,0,0,0,0,0,0,0,0,0,0
390433,3,1,0,0,0,0,0,0,0,0,0,0
390434,1,1,27,27,27,27,27,27,27,27,27,27
390435,1,1,0,0,0,0,0,0,0,0,0,0
390435,2,1,0,0,0,0,0,0,0,0,0,0
390436,1,1,9,0,0,0,0,0,0,0,0,0
390437,0,1,0,0,0,0,0,0,0,0,0,0
390437,1,1,0,0,0,0,0,0,0,0,0,0
390438,1,1,0,0,0,0,19,0,0,0,0,0
390438,2,1,0,0,0,0,0,0,0,0,0,0
390439,1,1,5,5,5,5,5,5,5,5,5,5
390439,2,1,0,0,0,0,0,0,0,0,0,0
390439,3,1,0,0,0,0,0,0,0,0,0,0
390440,1,1,13,13,13,13,13,13,13,13,13,13
390441,1,1,0,0,0,0,0,0,0,0,0,0
390441,2,1,0,0,0,0,0,0,0,0,0,0
390441,3,1,0,0,12,0,0,0,0,0,0,0
390441,4,1,0,21,0,0,0,0,0,0,0,0
390441,5,1,0,0,0,0,0,0,0,0,0,0
390441,6,1,0,0,0,0,0,0,0,0,0,0
390441,7,1,0,0,6,0,0,0,0,0,0,0
390442,1,1,0,0,0,0,0,0,0,0,0,0
390442,2,1,0,0,0,0,0,0,0,0,0,0
390442,3,1,0,0,0,0,0,0,0,0,0,0
390442,4,1,0,0,0,0,0,0,0,0,0,0
390443,1,1,0,0,0,12,0,0,8,0,0,0
390444,1,1,10,0,9,14,5,6,14,9,13,14
390445,1,1,18,18,18,18,18,18,18,18,18,18
390446,1,1,29,29,29,29,29,29,29,29,29,29
390447,1,1,0,0,0,0,29,0,6,0,0,7
390448,1,1,0,0,0,0,0,0,0,0,0,0
390449,1,1,0,0,0,0,0,0,0,0,0,0
390450,1,1,0,0,0,0,0,0,0,0,0,0
390450,2,1,0,0,0,0,0,0,0,0,0,0
390451,1,1,0,0,0,0,0,0,0,0,0,0
390451,2,1,0,0,0,0,0,0,0,0,0,0
390451,3,1,0,0,0,0,0,0,0,0,0,0
390451,4,1,0,0,0,0,0,0,0,0,0,0
390452,1,1,0,0,0,0,0,0,0,0,0,0
390453,1,1,0,0,0,0,0,0,0,0,0,0
390454,1,1,0,0,0,0,0,0,0,0,0,0
390455,1,1,0,0,0,0,0,0,0,0,0,0
390455,2,1,0,0,0,0,0,0,0,0,0,0
390455,3,1,0,0,0,0,0,0,0,0,0,0
390456,1,1,0,0,0,0,0,0,0,0,0,0
390456,2,1,0,0,0,0,0,0,0,0,0,0
390457,1,1,0,0,0,0,0,0,0,0,0,0
390458,0,1,0,0,0,0,0,0,0,0,0,0
390458,1,1,0,0,0,0,0,0,0,0,0,0
390459,1,1,0,0,0,0,0,0,0,0,0,0
390459,2,1,0,0,0,0,0,0,0,0,0,0
390460,1,1,18,18,18,18,18,18,18,18,18,18
390460,2,1,0,0,0,0,0,0,0,0,0,0
390461,1,1,0,0,0,0,0,0,0,0,0,0
390461,2,1,0,0,0,0,0,0,0,0,0,0
390461,3,1,0,0,21,0,0,0,0,0,0,0
390462,1,1,10,3,8,0,7,3,3,15,14,14
390462,2,1,14,0,0,0,0,0,0,0,0,0
390463,1,1,6,6,6,6,6,6,6,6,6,6
390463,2,1,0,0,0,0,0,0,0,0,0,0
390463,3,1,0,0,0,0,0,0,0,0,0,0
390464,1,1,5,5,5,5,5,5,5,5,5,5
390465,1,1,0,0,0,0,0,0,0,0,0,0
390465,2,1,0,0,0,0,0,0,0,0,0,0
390466,1,1,21,21,21,21,21,21,21,21,21,21
390467,1,1,0,0,0,0,0,0,0,0,0,0
390467,2,1,0,0,0,0,0,0,0,0,0,0
390468,1,1,0,0,0,0,0,0,0,0,0,0
390469,1,1,21,21,21,21,21,21,21,21,21,21
390470,1,1,24,24,24,24,24,24,24,24,24,24
390471,0,1,2,2,2,2,2,2,2,2,2,2
390471,1,1,0,0,0,0,0,0,0,19,5,0
390472,1,1,0,0,0,0,0,0,0,0,0,0
390473,0,1,0,0,0,0,0,0,0,0,0,0
390473,1,1,0,0,0,0,0,0,0,0,0,0
390474,1,1,0,0,0,0,0,0,0,0,0,0
390474,2,1,0,0,0,0,0,0,0,0,0,0
390475,1,1,0,0,0,0,0,0,0,0,0,0
390476,1,1,0,0,0,0,0,0,0,0,0,0
390476,2,1,0,0,0,0,0,0,0,0,0,0
390477,1,1,0,0,0,0,0,0,0,0,0,0
390477,2,1,0,0,0,0,0,0,0,0,0,0
390477,3,1,0,0,0,0,0,0,0,0,0,0
390477,4,1,0,0,0,0,0,0,0,0,0,0
390478,0,1,0,0,0,0,0,0,0,0,0,0
390478,1,1,0,0,0,0,0,27,16,0,0,0
390479,1,1,0,0,0,0,0,0,0,0,0,0
390479,2,1,0,0,0,0,0,0,0,0,0,0
390480,1,1,21,21,21,21,21,21,21,21,21,21
390481,1,1,15,15,15,15,15,15,15,15,15,15
390482,1,1,13,13,13,13,13,13,13,13,13,13
390483,1,1,27,27,27,27,27,27,27,27,27,27
390484,1,1,8,8,8,8,8,8,8,8,8,8
390485,1,1,0,0,0,0,0,0,0,0,0,0
390485,2,1,0,0,0,0,0,0,0,0,0,0
390486,1,1,0,0,0,0,0,0,0,0,0,0
390487,1,1,0,0,0,0,0,0,0,0,0,0
390488,1,1,1,1,1,1,1,1,1,1,1,1
390488,2,1,3,0,0,11,6,0,0,0,0,0
390489,1,1,0,0,0,0,0,0,0,0,0,0
390490,1,1,0,0,0,0,0,0,0,0,0,0
390490,2,1,0,0,0,0,0,0,0,0,0,0
390491,1,1,0,0,0,0,0,0,0,0,0,0
390491,2,1,0,0,0,0,0,0,0,0,0,0
390492,1,1,0,0,0,0,0,0,0,0,0,0
390493,1,1,0,0,0,0,0,0,0,0,0,0
390494,1,1,0,0,0,0,0,0,0,0,0,0
390495,1,1,0,0,0,0,0,0,0,0,0,0
390495,2,1,0,0,0,0,0,0,0,0,0,0
390496,1,1,11,11,11,11,11,11,11,11,11,11
390497,1,1,2,2,2,2,2,2,2,2,2,2
390498,0,1,0,0,0,0,0,0,0,0,0,0
390498,1,1,0,0,0,0,0,0,0,0,0,0
390499,1,1,26,26,26,26,26,26,26,26,26,26
390499,2,1,0,0,0,0,0,12,0,0,0,13
390499,3,1,0,0,0,10,0,15,11,0,0,0
390499,4,1,0,0,0,0,0,0,0,0,0,0
390500,1,1,0,0,0,0,0,0,0,0,14,0
390500,2,1,0,0,0,0,0,0,0,16,0,0
390501,1,1,0,0,0,0,0,0,0,0,0,0
390501,2,1,0,0,0,7,0,11,0,0,0,0
390502,1,1,0,0,0,0,0,0,0,0,0,0
390502,2,1,0,0,4,0,0,0,0,0,0,0
390503,1,1,14,14,14,14,14,14,14,14,14,14
390504,1,1,0,0,0,0,0,0,0,19,0,0
390505,1,1,0,0,0,0,0,0,0,0,0,0
390506,1,1,17,17,17,17,17,17,17,17,17,17
390506,2,1,26,0,0,0,0,0,0,0,0,0
390507,1,1,0,0,0,0,0,0,0,0,0,0
390509,1,1,0,0,0,0,0,0,0,26,8,0
390510,1,1,0,0,0,0,0,0,0,0,0,0
390510,2,1,0,0,0,0,0,0,0,0,0,0
390511,1,1,0,0,0,0,0,0,0,0,0,0
390511,2,1,0,0,0,0,0,0,0,0,0,0
390512,1,1,0,0,0,0,0,0,0,0,0,0
390512,2,1,0,0,0,0,0,0,0,0,0,0
390513,1,1,6,6,6,6,6,6,6,6,6,6
390514,1,1,0,0,0,0,0,0,0,0,0,0
390515,1,1,23,23,23,23,23,23,23,23,23,23
390516,1,1,12,12,12,12,12,12,12,12,12,12
390517,1,1,22,22,22,22,22,22,22,22,22,22
390518,1,1,0,0,0,0,0,0,0,0,0,0
390518,2,1,0,0,0,0,0,0,0,0,0,0
390519,1,1,0,0,0,0,0,0,0,0,0,0
390519,2,1,0,0,0,0,0,0,0,0,0,0
390519,3,1,0,0,0,0,0,0,0,0,0,0
390519,4,1,0,0,0,0,0,0,0,0,0,0
390520,1,1,0,0,0,0,0,0,0,0,0,0
390520,2,1,0,0,0,0,0,0,0,0,0,0
390521,1,1,0,0,0,0,0,0,0,0,0,0
390521,2,1,10,0,0,0,0,0,0,0,0,0
390522,1,1,8,8,8,8,8,8,8,8,8,8
390523,1,1,0,0,0,0,0,0,0,0,0,0
390523,2,1,14,0,0,0,0,0,0,0,0,0
390524,1,1,0,0,11,14,27,18,0,0,0,17
390525,1,1,0,0,0,0,0,0,0,0,0,0
390525,2,1,0,0,0,0,0,0,0,0,0,0
390526,1,1,0,0,0,0,0,0,0,0,0,0
390527,1,1,0,0,0,0,0,0,0,0,0,0
390528,2,1,0,0,0,0,0,0,0,0,0,0
390529,1,1,0,0,0,0,0,0,0,0,0,0
390530,1,1,0,0,0,0,0,0,0,0,0,0
390530,2,1,0,0,0,0,0,0,0,0,0,0
390531,1,1,0,0,0,0,0,0,0,0,0,0
390532,1,1,24,24,24,24,24,24,24,24,24,24
390533,1,1,0,0,0,0,0,0,0,0,0,0
390533,2,1,0,0,0,0,0,0,0,0,0,0
390533,3,1,0,0,0,0,0,0,0,0,0,0
390534,1,1,0,0,0,0,0,0,0,0,0,0
390534,2,1,0,6,0,0,0,0,0,0,0,0
390535,1,1,0,0,0,0,0,0,0,0,0,0
390536,1,1,0,0,0,0,0,0,0,0,0,0
390536,2,1,0,0,0,0,0,0,0,0,0,0
390537,1,1,0,0,0,0,0,0,0,0,0,0
390537,2,1,0,0,0,0,0,0,0,0,0,0
390538,1,1,22,22,22,22,22,22,22,22,22,22
390540,1,1,0,0,0,0,0,0,0,0,0,0
390541,1,1,0,0,0,0,0,13,0,0,9,17
390542,1,1,0,0,0,0,0,0,0,0,0,0
390542,2,1,0,0,0,0,0,0,0,0,0,0
390543,1,1,0,0,0,0,0,0,0,0,0,0
390543,2,1,0,0,0,0,0,0,0,0,0,0
390544,1,1,0,0,0,0,0,0,0,14,0,0
390544,2,1,0,0,0,0,0,0,0,0,0,0
390545,1,1,0,0,0,0,0,0,0,0,0,0
390547,1,1,0,0,0,0,0,0,0,0,0,3
390547,2,1,0,0,0,0,0,0,0,0,0,0
390548,0,1,0,0,0,0,0,0,0,0,0,0
390548,1,1,0,0,0,0,0,0,0,0,0,0
390549,1,1,0,0,0,0,0,0,0,0,0,0
390550,1,1,0,0,0,0,0,0,0,0,0,0
390551,1,1,0,0,0,0,0,0,0,0,0,0
390551,2,1,0,0,0,0,0,0,0,0,0,0
390552,1,1,17,17,17,17,17,17,17,17,17,17
390553,1,1,24,24,24,24,24,24,24,24,24,24
390554,0,1,0,0,19,0,18,0,0,0,0,0
390554,1,1,0,0,0,0,0,0,0,0,0,0
390555,1,1,0,0,0,0,0,0,0,0,0,0
390555,2,1,0,0,0,0,0,0,0,0,0,0
390556,1,1,0,0,0,0,0,0,0,0,0,0
390556,2,1,0,0,0,0,0,0,0,0,0,0
390557,1,1,0,0,0,0,0,0,0,0,0,0
390558,1,1,0,0,0,0,0,0,0,0,0,0
390558,2,1,0,0,0,0,0,0,0,0,0,0
390559,0,1,22,22,22,22,22,22,22,22,22,22
390559,1,1,0,0,0,0,0,18,0,0,0,0
390560,1,1,0,0,0,0,0,0,0,0,0,0
390560,2,1,0,0,0,0,0,0,0,0,0,0
390560,3,1,0,0,0,0,0,0,0,0,0,0
390561,1,1,0,0,0,0,0,0,0,0,0,0
390561,2,1,0,0,0,16,13,0,0,0,0,0
390562,1,1,12,12,12,12,12,12,12,12,12,12
390563,1,1,0,0,0,0,0,0,0,0,0,0
390564,0,1,7,7,7,7,7,7,7,7,7,7
390564,1,1,0,0,0,0,0,0,0,0,0,21
390565,1,1,25,25,25,25,25,25,25,25,25,25
390566,1,1,14,14,14,14,14,14,14,14,14,14
390567,1,1,21,21,21,21,21,21,21,21,21,21
390568,1,1,0,0,0,0,0,0,0,0,0,0
390568,2,1,0,0,0,0,0,0,0,0,0,0
390569,1,1,0,0,0,0,0,0,0,0,0,0
390570,1,1,0,0,0,0,0,0,0,0,0,0
390571,1,1,9,9,9,9,9,9,9,9,9,9
390572,1,1,0,0,0,0,0,0,0,0,0,0
390572,2,1,0,0,0,0,0,0,0,0,0,0
390573,1,1,0,0,0,0,0,0,0,0,0,0
390573,2,1,6,0,0,0,0,0,0,0,0,0
390574,1,1,7,7,7,7,7,7,7,7,7,7
390574,2,1,12,12,12,12,12,12,12,12,12,12
390575,0,1,0,0,0,0,0,0,0,0,0,0
390575,1,1,0,0,0,0,0,0,0,0,0,0
390575,2,1,0,14,0,0,0,0,0,0,0,0
390575,3,1,11,0,0,2,0,0,0,0,0,0
390575,4,1,0,0,0,0,0,0,0,0,0,0
390576,1,1,0,0,0,0,0,0,0,0,0,0
390576,2,1,0,0,0,0,0,0,0,0,0,0
390577,1,1,0,0,0,0,0,0,0,0,0,0
390577,2,1,0,0,0,0,0,0,0,0,0,0
390577,3,1,0,0,0,0,0,0,0,0,0,0
390578,1,1,0,0,0,0,0,0,0,0,0,0
390579,0,1,1,1,1,1,1,1,1,1,1,1
390579,1,1,0,0,0,0,0,0,0,0,0,0
390580,1,1,0,0,0,0,0,0,0,0,0,0
390581,1,1,6,6,6,6,6,6,6,6,6,6
390582,0,1,3,3,3,3,3,3,3,3,3,3
390582,1,1,0,0,0,0,0,0,0,0,0,0
390583,1,1,0,0,0,0,0,0,0,0,0,0
390583,2,1,0,0,0,0,0,0,0,0,0,0
390584,1,1,0,0,0,0,0,0,0,0,0,0
390584,2,1,0,0,0,0,0,0,0,0,0,0
390585,1,1,24,24,24,24,24,24,24,24,24,24
390586,1,1,0,0,0,0,0,0,0,0,0,0
390586,2,1,0,0,0,0,0,0,0,0,0,0
390587,0,1,0,0,0,0,0,0,0,0,0,0
390587,1,1,0,0,0,0,17,0,0,0,0,0
390588,1,1,10,10,10,10,10,10,10,10,10,10
390589,1,1,6,0,0,0,0,0,0,0,0,0
390589,2,1,0,0,0,0,0,0,0,0,0,0
390591,1,1,0,0,0,0,0,0,14,0,13,0
390592,0,1,0,0,0,0,0,0,0,7,0,0
390592,1,1,0,0,0,0,0,0,0,0,0,0
390593,0,1,0,0,0,0,0,0,0,0,0,0
390593,1,1,0,0,0,0,0,0,0,0,0,0
390594,1,1,25,25,25,25,25,25,25,25,25,25
390595,1,1,0,0,0,0,0,0,0,0,0,0
390596,1,1,21,21,21,21,21,21,21,21,21,21
390597,1,1,0,0,0,0,0,0,0,0,0,0
390597,2,1,0,0,0,0,0,0,0,0,0,0
390598,1,1,0,0,0,0,0,0,0,0,0,0
390598,2,1,0,0,0,0,0,0,0,0,0,0
390598,3,1,0,0,0,0,0,0,0,0,0,0
390598,4,1,0,0,0,0,0,0,0,0,0,0
390599,1,1,0,0,0,0,0,0,0,0,0,0
390599,2,1,0,0,0,0,0,11,0,0,0,0
390600,1,1,0,0,0,0,0,0,0,0,0,0
390600,2,1,0,0,0,0,0,0,0,0,0,0
390601,1,1,0,0,0,0,0,0,0,0,0,0
390601,2,1,0,0,3,0,0,0,0,0,0,6
390601,3,1,0,0,0,0,0,0,0,0,0,0
390602,1,1,0,0,0,0,0,0,0,0,0,0
390602,2,1,0,0,0,0,0,0,0,0,0,0
390602,3,1,0,0,0,0,0,0,0,0,0,0
390603,1,1,0,0,0,0,0,0,0,0,0,0
390603,2,1,0,0,0,0,0,0,0,0,0,0
390604,1,1,0,0,0,0,0,0,0,0,0,0
390604,2,1,0,0,0,0,0,0,0,0,0,0
390605,0,1,0,0,0,0,0,0,0,0,0,0
390605,1,1,0,0,0,0,0,0,0,0,0,0
390606,1,1,7,7,7,7,7,7,7,7,7,7
390607,1,1,0,0,0,0,0,0,0,0,0,0
390607,2,1,0,0,0,0,0,0,0,0,0,0
390608,1,1,18,18,18,18,18,18,18,18,18,18
390609,0,1,0,0,0,0,0,0,0,0,0,0
390609,1,1,0,0,0,0,0,0,0,0,0,0
390610,1,1,22,22,22,22,22,22,22,22,22,22
390611,1,1,0,0,0,0,0,0,0,0,0,0
390611,2,1,0,0,0,0,0,0,0,0,0,0
390612,1,1,0,0,0,0,0,0,0,0,0,0
390612,2,1,0,0,0,0,0,0,0,0,0,0
390613,1,1,0,0,0,0,0,0,0,0,0,0
390613,2,1,0,0,0,0,0,0,0,0,0,0
390614,1,1,0,0,0,0,0,0,0,0,0,0
390615,1,1,0,0,0,0,0,0,0,0,0,0
390615,2,1,0,0,0,0,0,0,0,0,0,0
390615,3,1,0,0,0,9,0,0,0,0,0,0
390616,1,1,5,5,5,5,5,5,5,5,5,5
390617,1,1,0,0,0,0,0,0,0,0,0,0
390617,2,1,6,0,0,0,0,0,0,0,0,0
390618,1,1,28,28,28,28,28,28,28,28,28,28
390619,1,1,0,0,0,0,0,0,0,0,0,0
390619,2,1,0,0,0,0,0,0,0,0,0,0
390620,1,1,0,9,0,10,0,0,13,0,8,0
390621,1,1,0,0,0,0,0,0,0,0,0,0
390622,1,1,0,0,0,0,0,0,0,0,0,0
390622,2,1,0,0,0,0,0,0,0,0,0,0
390623,1,1,0,0,0,0,0,0,0,0,0,0
390624,1,1,21,21,21,21,21,21,21,21,21,21
390625,1,1,0,0,0,0,0,0,0,0,0,0
390625,2,1,0,0,0,0,0,0,0,0,0,0
390626,1,2,8,4,0,2,15,17,17,5,8,18