ST_CASE,VEH_NO,PER_NO,P1,P2,P3,P4,P5,P6,P7,P8,P9,P10
390628,0,1,0,15,0,14,31,22,0,15,0,13
390628,0,2,0,36,0,10,0,22,34,0,0,6
390628,1,1,0,17,0,0,0,0,0,0,0,0
390629,1,1,0,0,0,0,0,0,0,0,0,0
390629,2,1,0,0,0,0,0,0,0,0,0,0
390630,1,1,0,0,0,0,0,0,0,0,0,0
390630,2,1,0,0,0,0,0,0,0,0,0,0
390630,3,1,0,0,0,0,0,0,0,0,0,0
390630,4,1,0,0,0,0,0,0,0,0,0,0
390631,1,1,0,0,0,0,0,0,0,0,0,0
390631,2,1,0,0,0,0,0,0,0,0,0,0
390631,3,1,0,0,0,0,0,0,0,0,0,0
390632,1,1,0,18,0,35,14,14,0,13,0,0
390633,1,1,0,0,0,0,0,0,0,0,0,0
390633,2,1,0,0,0,0,0,0,0,0,0,0
390634,1,1,0,0,0,0,0,0,0,0,0,0
390634,2,1,16,0,0,0,0,0,11,0,0,0
390635,1,1,0,0,0,0,0,0,0,0,0,0
390635,2,1,0,0,0,0,0,0,0,0,0,0
390636,1,1,23,23,23,23,23,23,23,23,23,23
390637,1,1,20,20,20,20,20,20,20,20,20,20
390637,2,1,0,0,0,0,0,0,0,0,0,0
390638,1,1,0,0,0,0,0,0,0,0,0,0
390639,0,1,0,0,0,0,0,0,0,0,0,0
390639,1,1,0,2,0,16,0,5,0,10,12,24
390641,1,1,11,11,11,11,11,11,11,11,11,11
390642,1,1,0,0,0,0,0,0,0,0,0,0
390643,1,1,11,11,11,11,11,11,11,11,11,11
390644,1,1,22,22,22,22,22,22,22,22,22,22
390644,2,1,0,0,0,0,0,0,0,0,0,0
390645,1,1,0,0,0,0,0,0,0,0,0,0
390646,1,1,0,0,0,0,0,0,0,0,0,0
390648,1,1,0,0,0,0,16,0,0,0,14,28
390648,2,1,0,0,0,0,11,0,0,0,0,0
390649,1,1,0,0,0,0,0,0,0,0,0,0
390650,1,1,0,0,0,0,0,0,0,0,0,0
390651,1,1,11,11,11,11,11,11,11,11,11,11
390652,1,1,4,4,4,4,4,4,4,4,4,4
390653,0,1,0,0,0,0,0,27,0,0,0,0
390653,1,1,0,0,0,0,0,0,0,0,0,7
390654,0,1,0,0,0,0,0,0,0,0,0,0
390654,1,1,0,0,0,0,0,0,0,0,0,0
390655,1,1,0,0,0,0,0,0,0,0,0,0
390655,2,1,0,0,0,0,0,0,0,0,0,0
390655,3,1,0,0,0,0,0,0,0,0,0,0
390656,1,1,12,12,12,12,12,12,12,12,12,12
390657,1,1,0,0,0,0,0,0,0,0,0,0
390657,2,1,0,0,0,0,0,0,0,0,0,0
390658,1,1,22,22,22,22,22,22,22,22,22,22
390659,1,1,0,0,0,0,22,0,0,0,0,0
390659,2,1,0,0,0,0,0,0,0,0,0,0
390659,3,1,0,0,0,0,0,0,0,0,0,0
390660,1,1,0,0,0,0,0,0,0,0,0,16
390660,2,1,0,0,0,0,0,0,0,0,0,0
390661,1,1,0,0,0,0,0,0,0,0,0,0
390661,2,1,0,0,0,0,0,0,0,0,0,0
390662,1,1,13,13,13,13,13,13,13,13,13,13
390662,2,1,0,0,0,0,0,0,0,0,0,0
390662,3,1,0,0,0,0,0,0,0,0,0,0
390662,4,1,0,0,0,0,0,0,0,0,0,0
390663,1,1,22,22,22,22,22,22,22,22,22,22
390663,2,1,0,0,0,0,0,0,0,0,0,0
390664,1,1,0,0,0,0,0,0,0,0,0,0
390665,1,1,0,0,0,0,0,0,0,0,0,0
390666,1,1,14,14,14,14,14,14,14,14,14,14
390667,0,1,0,0,0,0,0,0,0,0,0,0
390667,1,1,0,0,0,0,0,0,0,0,0,0
390668,1,1,11,11,11,11,11,11,11,11,11,11
390669,1,1,0,0,0,0,0,0,0,0,0,0
390670,1,1,0,0,0,0,0,0,0,0,0,0
390671,1,1,5,5,5,5,5,5,5,5,5,5
390672,1,1,0,0,0,0,0,0,0,0,0,0
390673,1,1,12,17,28,19,23,18,11,19,0,15
390674,1,1,0,0,0,0,0,0,0,0,0,0
390674,2,1,21,12,14,26,11,14,7,53,19,27
390675,1,1,0,0,0,0,0,0,0,0,0,0
390675,2,1,0,0,0,0,0,0,0,0,0,0
390676,1,1,8,8,8,8,8,8,8,8,8,8
390677,0,1,8,8,8,8,8,8,8,8,8,8
390677,1,1,0,0,0,0,0,0,0,0,0,0
390678,0,1,6,41,24,18,26,11,17,18,0,11
390678,1,1,0,0,0,0,0,0,0,0,0,0
390679,0,1,0,0,0,0,0,0,0,0,0,0
390679,1,1,0,0,0,0,0,0,0,0,0,0
390680,0,1,0,0,0,0,0,0,0,0,0,0
390680,1,1,0,0,0,29,0,0,0,0,0,0
390681,1,1,0,0,0,0,0,0,0,0,0,0
390682,1,1,0,0,0,0,0,0,0,0,0,0
390682,2,1,0,0,0,0,0,0,0,0,0,0
390683,1,1,0,0,0,17,20,12,0,0,0,0
390684,1,1,11,11,11,11,11,11,11,11,11,11
390685,1,1,0,0,0,0,0,0,0,0,0,8
390686,1,1,13,13,13,13,13,13,13,13,13,13
390687,1,1,0,0,0,0,0,0,0,0,0,0
390687,2,1,0,0,0,0,0,0,0,0,0,0
390688,1,1,0,0,0,0,0,0,0,0,0,0
390689,1,1,2,2,2,2,2,2,2,2,2,2
390689,2,1,9,9,9,9,9,9,9,9,9,9
390690,1,1,0,0,0,0,12,0,0,12,3,0
390691,0,1,19,19,19,19,19,19,19,19,19,19
390691,1,1,0,0,0,0,0,0,0,0,0,0
390692,1,1,0,0,0,0,0,0,0,0,0,0
390693,1,1,0,0,0,0,0,0,0,0,0,0
390693,2,1,0,0,0,0,0,0,0,0,0,0
390694,1,1,0,0,0,0,0,0,0,0,0,0
390695,1,1,0,0,0,0,0,0,0,0,0,0
390695,2,1,22,22,22,22,22,22,22,22,22,22
390696,1,1,28,28,28,28,28,28,28,28,28,28
390697,1,1,0,0,0,0,0,0,7,0,0,0
390697,2,1,0,0,0,0,0,0,0,0,0,0
390697,3,1,0,0,0,0,0,0,0,0,0,0
390697,4,1,0,0,0,0,0,0,0,0,0,0
390698,1,1,0,0,7,11,8,18,8,9,6,11
390698,2,1,0,0,0,0,0,0,0,0,11,0
390699,1,1,0,0,0,0,0,0,0,0,0,0
390700,1,1,0,0,0,0,0,0,0,0,0,0
390700,2,1,0,0,0,0,0,0,0,0,13,0
390700,3,1,0,0,0,0,0,20,0,0,0,0
390701,1,1,11,11,11,11,11,11,11,11,11,11
390702,1,1,0,0,0,0,0,0,0,0,0,0
390703,1,1,0,0,0,0,0,0,0,0,0,0
390703,2,1,15,15,15,15,15,15,15,15,15,15
390704,0,1,0,0,0,0,0,0,0,0,0,0
390704,1,1,0,0,0,0,0,0,0,0,0,0
390706,0,1,0,0,0,0,0,0,0,0,0,0
390706,1,1,0,0,0,0,0,0,0,0,0,0
390707,0,1,0,0,0,0,0,0,0,0,0,0
390707,1,1,0,0,0,0,0,0,0,0,0,0
390708,1,1,0,0,0,0,0,0,0,0,0,0
390708,2,1,0,0,0,0,0,0,0,0,0,0
390708,3,1,0,0,0,0,0,0,0,0,0,0
390709,0,1,20,25,45,13,5,33,34,11,33,37
390709,1,1,0,0,0,0,0,0,0,0,0,0
390710,1,1,0,0,0,0,0,0,0,0,0,0
390710,2,1,0,0,0,0,0,0,0,0,0,0
390711,1,1,0,0,0,0,0,0,0,0,0,0
390711,2,1,0,0,0,0,0,0,0,0,0,0
390712,1,1,15,15,15,15,15,15,15,15,15,15
390713,1,1,0,0,0,0,0,0,0,0,0,0
390714,1,1,0,0,0,0,0,0,0,0,0,0
390714,2,1,0,0,0,0,0,0,0,0,0,0
390715,1,1,0,0,0,0,0,0,0,0,0,0
390715,2,1,0,0,0,0,0,0,0,0,0,0
390715,3,1,0,0,0,0,0,0,0,0,0,0
390716,1,1,24,24,24,24,24,24,24,24,24,24
390717,0,1,0,0,0,0,0,0,0,0,0,0
390717,1,1,14,0,0,0,0,0,0,0,0,0
390718,1,1,0,0,0,0,0,0,0,0,0,0
390718,2,1,0,0,0,0,0,0,0,0,0,0
390719,1,1,0,0,0,0,0,0,0,0,0,0
390719,2,1,0,0,0,0,0,0,0,0,0,0
390721,1,1,0,0,0,0,0,0,14,0,0,9
390722,0,1,0,0,0,0,0,0,0,0,0,0
390722,1,1,0,0,8,0,0,0,0,0,0,0
390723,1,1,0,0,0,0,0,0,0,0,0,0
390724,1,1,18,11,23,32,39,16,13,17,21,21
390725,1,1,0,0,0,0,0,0,0,0,0,0
390725,2,1,0,0,0,0,0,0,0,0,0,0
390726,1,1,0,0,0,0,0,0,0,0,0,0
390727,1,1,0,0,0,0,0,0,0,0,0,0
390728,1,1,0,0,0,0,0,0,0,0,0,0
390728,2,1,0,0,0,0,0,0,0,0,0,0
390729,1,1,0,0,0,0,0,0,0,0,0,0
390729,2,1,0,0,0,0,0,0,0,0,0,0
390730,1,1,19,19,19,19,19,19,19,19,19,19
390731,1,1,0,16,0,0,0,12,0,0,0,16
390732,0,1,0,0,0,0,0,0,0,0,0,0
390732,1,1,0,0,0,0,0,0,0,0,0,0
390733,1,1,0,0,0,0,0,0,0,0,0,0
390733,2,1,0,0,0,0,0,0,0,0,0,0
390734,1,1,0,0,0,0,0,0,0,0,0,0
390734,2,1,0,0,0,0,0,0,0,0,0,0
390735,1,1,0,0,0,0,0,0,0,0,0,0
390735,2,1,0,0,0,0,0,0,0,0,0,0
390736,1,1,8,8,8,8,8,8,8,8,8,8
390736,2,1,0,0,0,0,0,0,0,0,0,0
390737,1,1,0,0,0,0,0,0,0,0,0,0
390737,2,1,0,0,0,0,0,0,16,0,0,21
390738,1,1,13,13,13,13,13,13,13,13,13,13
390739,1,1,19,0,12,0,0,17,0,0,0,0
390740,1,1,0,0,0,0,0,0,0,0,0,0
390741,1,1,0,0,0,0,0,0,0,0,0,0
390741,2,1,0,0,0,0,0,0,0,0,0,0
390742,1,1,0,0,0,0,0,0,0,0,0,0
390742,2,1,0,0,0,0,0,0,0,0,0,0
390742,3,1,0,0,0,0,0,0,0,0,0,0
390743,1,1,9,9,9,9,9,9,9,9,9,9
390744,1,1,0,0,0,0,0,0,0,0,0,0
390744,2,1,0,0,0,0,0,0,3,7,0,0
390745,1,1,0,0,0,0,0,0,0,0,0,0
390745,2,1,0,0,0,0,0,0,0,0,0,0
390747,1,1,0,0,0,0,0,0,0,0,0,0
390748,1,1,13,13,13,13,13,13,13,13,13,13
390749,1,1,0,0,0,0,0,0,0,0,0,0
390751,1,1,0,0,0,0,0,0,0,0,0,0
390751,2,1,0,0,0,0,0,0,0,0,0,0
390752,1,1,0,0,0,0,0,0,0,0,0,0
390752,2,1,0,0,0,0,0,0,0,0,0,0
390752,3,1,0,0,0,0,0,0,0,0,0,0
390752,4,1,27,27,27,27,27,27,27,27,27,27
390753,1,1,0,0,0,0,0,0,0,0,0,0
390754,1,1,0,0,0,0,0,0,0,0,0,0
390754,3,1,0,0,0,0,0,0,0,0,0,0
390755,1,1,0,0,0,0,0,0,0,27,8,0
390756,1,1,0,0,0,6,0,0,0,0,2,0
390757,1,1,15,16,16,24,14,7,17,24,15,0
390758,1,1,0,0,0,0,0,0,0,0,0,0
390759,1,1,18,18,18,18,18,18,18,18,18,18
390760,1,1,0,0,0,0,0,0,0,0,0,0
390760,2,1,0,0,0,0,0,0,0,0,0,0
390761,1,1,0,0,0,0,0,0,0,0,0,0
390762,1,1,0,0,0,0,0,0,0,0,0,0
390762,2,1,0,0,0,0,0,0,0,0,0,0
390763,1,1,0,0,0,0,0,0,0,0,0,0
390764,1,1,0,0,0,0,0,0,0,0,0,0
390765,1,1,0,0,0,0,0,8,0,0,0,0
390766,1,1,0,0,0,0,0,26,0,0,0,0
390768,1,1,0,0,0,0,0,0,0,0,0,0
390768,2,1,0,0,0,0,0,0,0,0,0,0
390768,3,1,0,0,0,0,0,0,0,15,0,0
390769,1,1,0,0,0,0,0,0,0,0,0,0
390770,1,1,0,0,0,0,0,0,17,0,0,0
390770,2,1,0,0,0,0,0,0,0,0,0,9
390771,1,1,18,18,18,18,18,18,18,18,18,18
390771,2,1,9,15,0,12,0,0,0,0,0,13
390772,1,1,0,0,0,0,0,0,0,0,0,0
390773,1,1,0,0,0,0,0,0,0,0,0,0
390773,2,1,0,0,0,0,0,0,0,0,0,0
390774,1,1,0,16,0,0,0,0,0,0,0,0
390774,2,1,0,0,0,0,0,0,0,0,0,0
390776,1,1,0,0,0,0,0,0,0,0,0,0
390776,2,1,0,0,0,0,0,0,0,0,0,0
390777,1,1,0,0,0,0,0,0,0,0,0,0
390778,0,1,0,0,0,0,0,0,0,0,0,0
390778,1,1,0,0,0,0,0,0,0,0,0,0
390779,1,1,0,0,0,0,0,0,0,0,0,0
390780,1,1,0,0,0,0,0,0,0,0,0,0
390780,2,1,30,0,0,0,0,0,0,0,0,0
390781,0,1,0,0,20,0,0,0,12,25,0,0
390781,1,1,0,0,0,0,0,0,0,0,11,0
390782,1,1,0,0,0,0,0,0,0,0,0,0
390782,2,1,19,0,0,0,0,0,0,0,0,0
390783,1,1,0,26,0,0,7,13,0,14,0,0
390784,1,1,0,0,0,0,0,0,0,0,0,0
390784,2,1,0,0,0,0,0,0,0,0,0,0
390785,0,1,0,0,0,0,0,0,0,0,0,0
390785,1,1,0,0,6,0,0,0,36,0,0,0
390786,0,1,0,0,0,0,0,0,0,0,0,26
390786,1,1,0,0,0,0,0,0,0,0,26,0
390787,1,1,0,0,0,0,0,0,0,0,0,0
390787,2,1,0,0,0,0,0,0,0,0,0,0
390788,1,1,0,0,0,0,0,0,0,0,0,0
390789,1,1,0,0,0,0,0,0,0,0,0,0
390790,1,1,0,0,0,0,0,0,0,0,0,0
390791,1,1,0,0,0,0,0,0,0,0,0,0
390791,2,1,0,0,0,0,0,0,0,0,0,0
390793,1,1,0,0,0,0,0,0,0,0,0,0
390793,2,1,0,0,0,0,0,0,0,0,0,0
390793,3,1,0,0,0,0,0,0,0,0,0,0
390794,1,1,0,0,0,0,0,0,0,0,0,0
390795,1,1,15,15,15,15,15,15,15,15,15,15
390795,2,1,0,0,0,2,0,0,0,0,0,0
390796,1,1,0,0,0,0,0,0,0,0,0,0
390796,2,1,0,0,0,0,0,0,0,0,0,0
390797,1,1,22,22,22,22,22,22,22,22,22,22
390797,2,1,0,0,0,0,0,0,0,0,0,0
390798,1,1,0,0,0,0,0,0,0,0,0,0
390799,1,1,8,8,8,8,8,8,8,8,8,8
390800,1,1,10,10,10,10,10,10,10,10,10,10
390801,1,1,0,0,0,0,0,0,0,0,0,0
390801,2,1,0,0,0,0,0,0,0,0,0,0
390802,1,1,0,0,0,0,0,0,0,0,0,0
390802,2,1,0,0,0,0,0,0,0,0,0,0
390803,1,1,0,0,0,0,0,0,0,29,0,0
390804,1,1,0,0,0,0,0,0,0,0,0,0
390805,0,1,23,23,23,23,23,23,23,23,23,23
390805,1,1,0,30,0,0,0,0,0,16,0,0
390806,2,1,0,0,0,0,0,0,0,0,0,0
390808,1,1,22,22,22,22,22,22,22,22,22,22
390809,1,1,0,0,0,0,0,0,0,0,0,0
390810,0,1,16,16,16,16,16,16,16,16,16,16
390810,1,1,0,0,0,0,0,0,0,0,0,0
390811,1,1,19,19,19,19,19,19,19,19,19,19
390812,1,1,0,0,0,0,0,0,0,0,0,0
390812,2,1,0,0,0,0,0,0,0,0,0,0
390813,1,1,0,0,0,0,0,0,0,0,0,0
390814,1,1,0,0,0,0,0,0,0,0,0,0
390815,0,1,0,0,0,0,0,0,0,0,0,0
390815,1,1,0,0,0,0,0,0,0,0,0,0
390816,0,1,0,0,0,0,0,0,0,0,0,0
390816,1,1,0,0,0,0,0,0,0,0,0,0
390817,1,1,11,8,13,26,7,6,5,18,0,24
390818,1,1,21,21,21,21,21,21,21,21,21,21
390819,1,1,11,11,11,11,11,11,11,11,11,11
390819,2,1,0,0,0,0,0,0,0,0,0,0
390819,3,1,0,0,0,0,0,0,0,0,0,0
390820,1,1,0,13,0,0,0,0,0,0,0,0
390821,1,1,0,0,0,0,0,0,0,0,0,0
390822,1,1,13,12,0,0,17,0,13,0,30,29
390823,1,1,0,0,0,0,0,0,0,0,0,0
390824,1,1,0,0,0,0,0,0,0,0,0,0
390825,1,1,0,0,0,0,0,0,0,0,0,0
390826,1,1,0,0,0,0,0,0,0,0,0,0
390827,1,1,9,9,9,9,9,9,9,9,9,9
390828,1,1,0,0,0,0,0,0,0,0,0,0
390829,1,1,0,0,0,0,0,0,0,0,0,0
390830,1,1,0,0,0,0,0,0,0,0,0,0
390830,2,1,0,0,0,0,0,0,0,0,15,0
390831,1,1,19,19,19,19,19,19,19,19,19,19
390832,1,1,22,22,22,22,22,22,22,22,22,22
390833,1,1,0,0,0,0,0,0,0,0,0,0
390834,1,1,0,0,0,0,0,0,0,0,0,0
390834,2,1,0,7,0,0,0,0,0,0,0,0
390836,1,1,0,0,0,0,0,0,0,0,0,0
390837,1,1,16,16,16,16,16,16,16,16,16,16
390838,1,1,22,22,22,22,22,22,22,22,22,22
390838,2,1,0,0,0,0,0,0,0,0,0,0
390839,0,1,0,0,0,0,0,0,0,0,0,0
390839,1,1,0,0,0,0,0,0,0,0,0,0
390839,2,1,0,0,0,0,0,0,0,0,0,0
390840,1,1,16,16,16,16,16,16,16,16,16,16
390841,1,1,0,0,0,0,0,28,0,0,0,0
390841,2,1,0,0,0,0,0,0,0,0,0,0
390842,0,1,0,0,0,0,0,0,0,0,0,0
390842,1,1,0,0,0,0,0,0,0,0,0,0
390843,1,1,0,0,0,0,0,0,0,0,0,0
390843,2,1,0,0,0,0,0,0,0,0,0,0
390843,3,1,0,0,0,0,0,0,0,0,0,0
390844,1,1,0,0,0,0,0,0,0,0,0,0
390844,2,1,0,0,0,0,0,0,0,0,0,0
390845,1,1,0,0,0,0,0,0,0,0,0,0
390845,2,1,0,0,0,0,0,0,0,0,0,0
390846,1,1,0,0,0,0,0,0,0,0,0,0
390847,0,1,0,0,0,0,0,0,0,0,0,0
390847,1,1,0,0,11,0,0,0,0,0,0,0
390848,1,1,0,0,0,0,0,0,0,20,0,0
390848,2,1,14,0,0,0,0,0,0,0,0,0
390849,1,1,0,0,0,0,0,0,0,0,0,0
390850,0,1,0,0,0,0,0,0,0,0,0,0
390850,1,1,0,0,0,0,0,0,0,0,0,0
390851,1,1,0,0,0,0,0,0,0,0,0,0
390851,2,1,0,0,0,0,0,0,0,0,0,0
390852,1,1,0,0,0,0,0,0,0,0,0,0
390852,2,1,0,2,0,0,0,0,0,0,0,0
390853,1,1,0,0,0,0,0,0,0,0,0,0
390854,1,1,0,0,0,0,0,0,0,0,0,0
390855,1,1,0,0,0,0,0,0,0,0,0,0
390855,2,1,26,9,0,25,10,0,12,5,9,0
390856,1,1,0,0,0,0,0,0,0,0,0,0
390856,2,1,0,0,0,0,0,0,0,13,0,0
390857,1,1,15,0,0,0,0,0,0,11,0,0
390857,2,1,0,0,0,0,0,0,0,0,0,0
390858,1,1,0,0,0,0,0,0,0,0,0,0
390859,1,1,28,28,28,28,28,28,28,28,28,28
390860,2,1,31,31,31,31,31,31,31,31,31,31
390861,1,1,0,0,0,0,0,0,0,0,0,0
390861,2,1,0,0,0,0,0,0,0,0,0,0
390862,0,1,0,0,0,0,0,0,0,0,0,7
390862,1,1,0,0,0,0,0,0,0,0,0,0
390864,1,1,0,0,0,0,0,0,0,0,0,0
390864,2,1,0,0,0,0,0,0,0,0,0,0
390865,1,2,0,0,0,0,0,0,15,0,0,0
390866,1,1,18,19,16,23,16,39,20,0,0,15
390867,0,1,0,0,0,0,6,0,0,8,0,0
390867,1,1,0,15,0,0,0,0,0,0,6,0
390868,1,1,0,0,0,0,0,0,45,0,0,0
390870,1,1,0,0,0,0,0,0,0,0,0,0
390870,2,1,0,0,0,0,0,0,0,0,0,0
390871,1,1,0,0,0,0,0,0,0,0,0,0
390872,1,1,0,0,0,0,0,0,0,0,0,0
390872,2,1,0,0,2,2,0,0,0,0,0,0
390873,1,1,26,26,26,26,26,26,26,26,26,26
390874,1,1,25,25,25,25,25,25,25,25,25,25
390875,1,1,0,5,0,0,0,0,0,0,0,0
390875,2,1,0,0,0,0,0,19,0,0,0,0
390876,1,1,0,0,0,0,0,0,0,0,0,0
390876,2,1,0,0,0,0,0,0,0,0,0,0
390877,1,1,28,28,28,28,28,28,28,28,28,28
390878,1,1,0,0,0,0,0,0,0,0,0,0
390879,1,1,0,0,0,0,0,0,0,0,0,0
390879,2,1,0,0,0,0,0,0,0,0,0,0
390880,1,1,0,0,0,0,0,0,0,0,0,0
390881,0,1,0,0,0,0,0,0,0,0,0,0
390881,1,1,0,0,0,0,0,9,7,0,0,0
390882,1,1,0,0,0,0,0,0,0,0,0,0
390882,2,1,0,0,0,0,0,0,0,0,0,0
390883,1,1,0,0,0,0,0,0,0,0,0,0
390883,2,1,0,0,0,0,0,0,0,0,0,0
390884,1,1,20,20,20,20,20,20,20,20,20,20
390885,1,1,0,0,0,0,0,0,19,0,30,0
390886,1,1,0,0,0,0,0,0,0,0,0,0
390887,1,1,0,32,0,0,0,0,0,0,0,0
390887,2,1,0,0,0,0,0,0,0,0,0,0
390887,3,1,0,0,0,0,0,0,0,0,0,0
390888,1,1,22,22,22,22,22,22,22,22,22,22
390889,1,1,0,0,0,0,0,0,0,0,0,0
390890,1,1,42,42,42,42,42,42,42,42,42,42
390891,1,1,0,0,0,0,0,0,0,0,0,0
390891,2,1,0,0,0,0,0,0,0,0,0,0
390892,1,1,0,0,0,0,0,0,0,0,0,0
390892,2,1,0,0,0,0,0,0,0,0,0,0
390892,3,1,0,0,0,0,0,0,0,0,0,0
390893,1,1,11,11,11,11,11,11,11,11,11,11
390894,0,1,0,0,0,0,0,0,0,0,0,0
390894,2,1,0,0,0,0,0,0,0,0,0,0
390894,3,1,0,0,0,0,0,0,0,0,0,0
390895,1,1,0,0,0,0,0,0,0,0,0,0
390896,1,1,0,0,0,0,0,0,6,0,0,0
390896,2,1,0,0,0,0,0,0,0,0,0,0
390897,1,1,0,0,0,0,0,0,0,0,0,0
390897,2,1,0,0,0,0,0,0,0,0,0,0
390898,1,1,0,0,0,0,0,0,0,0,0,0
390899,1,1,20,0,0,0,0,0,0,0,0,0
390901,0,1,11,11,11,11,11,11,11,11,11,11
390901,1,1,0,0,0,0,0,0,25,0,0,0
390902,1,1,0,0,0,0,0,0,0,0,0,0
390903,0,1,1,1,1,1,1,1,1,1,1,1
390903,1,1,0,0,0,0,0,10,0,0,0,0
390904,1,1,0,0,0,0,0,0,0,0,0,0
390905,1,1,8,5,13,12,22,23,12,3,15,19
390905,2,1,4,0,0,5,0,0,0,0,0,0
390906,1,1,16,16,16,16,16,16,16,16,16,16
390907,1,1,18,18,18,18,18,18,18,18,18,18
390907,2,1,0,0,0,0,0,0,0,0,0,0
390908,0,1,13,13,13,13,13,13,13,13,13,13
390908,1,1,14,0,0,0,6,0,0,18,8,0
390909,0,1,0,0,0,0,0,0,0,0,0,0
390909,1,1,0,0,0,0,0,0,0,0,0,0
390909,2,1,0,0,0,0,0,0,0,0,0,0
390910,1,1,12,12,12,12,12,12,12,12,12,12
390911,1,1,0,0,0,0,0,0,0,0,0,0
390912,1,1,0,0,0,0,0,0,0,0,0,0
390914,1,1,0,0,0,0,0,0,0,0,0,0
390914,2,1,0,0,0,0,0,0,0,0,0,0
390915,0,1,18,18,18,18,18,18,18,18,18,18
390915,1,1,0,0,0,0,0,0,0,0,0,0
390916,1,1,0,0,0,0,0,0,0,0,0,0
390917,1,1,2,2,2,2,2,2,2,2,2,2
390917,2,1,0,0,0,0,0,0,0,0,0,0
390918,1,1,0,0,0,0,0,0,0,0,0,0
390918,2,1,0,0,0,0,0,0,0,0,0,0
390919,1,1,0,0,0,0,0,0,0,0,0,0
390919,2,1,0,0,0,0,0,0,0,0,0,0
390920,1,1,0,0,0,0,0,0,0,0,0,0
390920,2,1,0,0,0,0,0,0,0,0,0,0
390920,3,1,0,0,0,0,0,0,0,0,0,0
390921,1,1,5,5,5,5,5,5,5,5,5,5
390922,1,1,0,0,0,0,0,0,0,0,0,0
390923,1,1,0,0,11,0,0,0,0,0,0,0
390923,2,1,0,0,0,0,0,0,0,0,0,0
390924,1,1,30,30,30,30,30,30,30,30,30,30
390925,0,1,0,0,0,0,0,0,0,0,0,0
390925,1,1,0,0,0,0,0,0,0,0,0,0
390926,1,1,0,0,0,0,0,0,0,0,0,0
390926,2,1,0,0,0,0,0,0,0,0,0,0
390927,0,1,0,0,0,0,0,0,0,0,0,0
390927,1,1,0,0,0,0,0,0,0,0,0,0
390928,1,1,22,22,22,22,22,22,22,22,22,22
390929,0,1,0,0,0,0,0,0,0,0,0,0
390929,1,1,0,0,0,0,0,0,0,0,0,0
390930,0,1,0,0,0,0,0,0,0,0,0,0
390930,1,1,9,6,12,2,11,13,19,11,14,6
390931,1,1,0,0,0,0,0,0,0,0,0,0
390931,2,1,0,0,0,0,0,0,0,0,0,0
390932,1,1,15,15,15,15,15,15,15,15,15,15
390933,1,1,0,0,0,15,16,0,7,0,0,35
390934,1,1,6,6,6,6,6,6,6,6,6,6
390935,1,1,15,15,15,15,15,15,15,15,15,15
390936,1,1,0,0,0,0,0,0,0,0,0,0
390936,2,1,16,16,16,16,16,16,16,16,16,16
390936,3,1,0,0,4,0,0,0,0,0,0,0
390937,1,1,0,0,0,0,0,0,0,0,0,0
390937,2,1,0,0,0,11,0,0,0,0,0,0
390938,1,1,0,0,0,0,0,0,0,0,0,0
390938,2,1,0,0,0,0,0,0,0,0,0,0
390939,0,1,0,0,0,0,0,0,0,0,0,0
390939,1,1,0,0,0,0,0,0,0,0,0,0
390940,1,1,0,0,0,7,0,0,0,0,0,0
390941,1,1,0,0,0,0,0,0,0,0,0,0
390941,2,1,0,0,0,0,0,0,0,0,0,0
390942,0,1,0,0,0,0,0,0,0,0,0,0
390942,1,1,0,0,0,0,0,0,0,0,0,0
390943,1,1,16,16,16,16,16,16,16,16,16,16
390943,2,1,7,17,34,7,17,18,13,3,12,20
390943,3,1,29,29,29,29,29,29,29,29,29,29
390944,1,1,0,0,0,0,0,0,0,0,0,0
390944,2,1,0,0,0,0,0,11,0,0,3,0
390945,1,1,0,0,0,0,0,0,0,4,0,0
390945,2,1,0,0,0,0,0,0,0,0,0,0
390946,1,1,0,0,0,0,0,0,0,0,0,0
390947,1,1,0,0,0,0,0,0,0,0,0,0
390947,2,1,0,0,0,0,0,0,0,0,0,0
390948,1,1,24,24,24,24,24,24,24,24,24,24
390949,1,1,0,0,0,0,0,0,18,0,0,0
390950,1,1,0,0,0,0,0,0,0,0,0,0
390951,1,1,20,20,20,20,20,20,20,20,20,20
390952,1,1,0,0,0,0,0,0,0,0,0,0
390953,0,1,12,12,12,12,12,12,12,12,12,12
390953,1,1,0,0,0,0,0,0,0,0,0,0
390954,1,1,0,0,0,0,0,0,0,0,6,17
390955,1,1,0,0,0,0,3,0,0,0,0,0
390956,1,2,11,7,10,0,22,18,14,8,17,0
390957,1,1,27,27,27,27,27,27,27,27,27,27
390957,2,1,0,0,0,0,0,0,0,0,0,0
400001,1,1,10,0,18,7,0,0,0,0,0,15
400002,1,1,0,0,0,0,0,0,0,0,0,0
400002,2,1,0,0,0,0,0,0,0,0,0,0
400003,1,1,14,14,14,14,14,14,14,14,14,14
400004,1,1,25,25,25,25,25,25,25,25,25,25
400005,1,1,0,0,0,0,0,0,0,0,0,0
400006,1,1,32,32,32,32,32,32,32,32,32,32
400007,1,1,24,24,24,24,24,24,24,24,24,24