ST_CASE,VEH_NO,PER_NO,P1,P2,P3,P4,P5,P6,P7,P8,P9,P10
400008,0,1,36,36,36,36,36,36,36,36,36,36
400008,1,1,0,0,0,0,0,0,0,0,0,0
400009,1,1,0,0,0,0,0,0,0,0,0,0
400009,2,1,0,0,0,0,0,0,0,0,0,0
400010,1,1,27,27,27,27,27,27,27,27,27,27
400010,2,1,0,0,0,0,0,12,0,0,0,10
400011,1,1,0,0,0,0,0,0,0,0,0,0
400011,2,1,0,0,0,0,0,0,0,0,0,0
400012,1,1,0,12,22,0,17,20,17,9,14,24
400012,2,1,0,0,0,0,0,0,0,0,0,0
400012,3,1,0,0,0,0,0,0,0,0,0,0
400013,0,1,0,0,0,0,0,0,0,0,0,0
400013,1,1,0,0,11,0,0,0,0,0,0,0
400014,1,1,0,0,0,0,0,0,0,0,0,0
400015,1,1,0,0,0,0,0,0,0,0,0,0
400015,2,1,18,18,18,18,18,18,18,18,18,18
400016,1,1,0,0,0,0,0,0,0,0,0,0
400016,2,1,0,0,0,0,0,0,0,0,0,0
400017,1,1,17,17,17,17,17,17,17,17,17,17
400018,1,1,0,0,0,0,0,0,0,0,0,0
400018,2,1,0,0,0,0,0,0,0,0,0,4
400019,0,1,0,0,0,0,0,0,0,0,0,0
400019,1,1,0,0,0,0,0,0,0,0,0,0
400020,0,1,0,0,0,0,0,0,0,0,0,0
400020,1,1,11,11,11,11,11,11,11,11,11,11
400021,1,1,0,0,0,0,0,0,0,0,0,0
400021,2,1,0,0,0,17,0,0,0,0,0,0
400022,1,1,26,26,26,26,26,26,26,26,26,26
400023,1,1,0,0,0,0,0,0,0,0,0,0
400023,2,1,0,0,0,0,0,0,0,0,0,0
400024,1,1,0,0,0,0,0,0,0,0,0,0
400024,2,1,0,0,0,0,0,0,0,0,0,0
400025,1,1,0,0,0,0,0,0,0,0,0,0
400026,1,1,30,30,30,30,30,30,30,30,30,30
400027,0,1,0,0,0,0,0,0,0,0,0,0
400027,1,1,22,15,19,0,26,11,5,19,0,27
400028,1,1,0,0,0,0,0,0,0,0,0,0
400028,2,1,0,0,0,0,0,0,0,0,6,0
400030,1,1,0,0,0,0,0,0,0,0,0,0
400030,2,1,0,0,0,0,0,0,0,0,0,0
400030,3,1,0,0,0,0,0,0,0,0,0,0
400030,4,1,0,0,0,0,0,0,0,0,0,0
400031,1,1,0,0,0,0,0,0,0,0,0,0
400031,2,1,0,0,0,0,0,0,0,0,0,0
400032,1,1,23,23,23,23,23,23,23,23,23,23
400033,0,1,25,25,25,25,25,25,25,25,25,25
400033,1,1,0,0,0,28,0,0,21,0,18,0
400034,1,1,25,25,25,25,25,25,25,25,25,25
400035,1,1,0,0,0,0,0,0,0,0,0,0
400035,2,1,0,0,0,0,0,0,0,0,0,0
400036,1,1,0,0,0,0,0,0,0,0,0,0
400036,2,1,0,0,0,0,0,0,0,9,0,0
400037,1,1,0,0,0,0,0,0,0,0,0,0
400037,2,1,0,0,0,0,0,0,0,0,0,0
400038,1,1,7,7,7,7,7,7,7,7,7,7
400038,2,1,0,0,0,0,0,0,0,0,0,0
400039,1,1,0,0,0,0,0,0,0,0,0,0
400039,2,1,12,12,12,12,12,12,12,12,12,12
400039,3,1,0,0,0,0,0,0,0,0,0,20
400040,1,1,0,0,0,0,0,0,0,0,0,0
400040,2,1,0,0,0,0,0,0,0,0,0,0
400041,1,1,0,0,0,0,0,0,0,0,0,0
400042,1,1,24,24,24,24,24,24,24,24,24,24
400043,1,1,0,0,0,0,0,0,0,0,0,0
400043,2,1,0,0,0,0,0,0,0,0,0,0
400043,3,1,0,0,0,0,0,0,0,0,0,7
400044,1,1,0,0,0,0,0,0,0,0,0,0
400044,2,1,0,0,0,0,0,0,0,0,0,0
400045,1,1,0,0,0,0,0,0,0,0,0,0
400046,1,1,0,0,0,0,0,0,0,0,0,0
400046,2,1,0,0,0,0,0,0,0,0,0,0
400047,1,1,39,39,39,39,39,39,39,39,39,39
400047,2,1,0,0,0,0,0,0,0,0,0,0
400048,1,1,0,0,0,0,0,0,0,0,0,0
400049,1,1,0,0,0,0,0,0,0,0,0,0
400049,2,1,0,0,0,0,0,0,0,0,0,0
400049,3,1,0,4,0,0,0,0,0,0,0,0
400050,1,1,0,0,0,0,0,0,0,0,0,0
400050,2,1,0,0,0,0,0,0,0,0,0,0
400050,3,1,0,0,0,0,0,0,0,0,0,0
400051,1,1,23,23,23,23,23,23,23,23,23,23
400051,2,1,0,0,0,0,0,0,0,0,0,0
400052,1,1,0,0,0,0,0,0,0,0,0,0
400053,1,1,0,0,0,0,0,0,0,0,0,0
400054,0,1,28,28,28,28,28,28,28,28,28,28
400054,1,1,0,0,0,0,0,0,0,0,0,0
400055,0,1,0,26,34,0,0,0,0,0,0,17
400055,1,1,0,0,0,0,0,0,0,0,13,0
400056,1,1,0,0,0,0,0,0,0,0,0,0
400056,2,1,0,0,0,0,0,0,0,0,0,0
400057,0,1,0,0,0,0,0,0,0,0,0,0
400057,1,1,0,0,0,0,0,0,0,0,0,0
400058,1,1,0,0,0,0,0,0,0,0,0,0
400059,0,1,0,0,30,0,13,0,0,0,0,0
400059,1,1,0,0,0,0,0,0,0,0,0,0
400059,2,1,0,0,0,0,0,0,0,0,0,0
400060,1,1,34,34,34,34,34,34,34,34,34,34
400061,1,1,0,0,0,0,0,0,0,0,0,0
400061,2,1,0,0,0,0,0,0,0,0,0,0
400062,1,1,31,31,31,31,31,31,31,31,31,31
400062,2,1,0,0,0,0,0,0,0,0,0,0
400063,1,1,0,0,0,0,0,0,0,0,0,0
400063,2,1,0,0,0,0,0,0,0,0,0,0
400064,1,1,0,0,0,0,0,0,0,0,0,0
400064,2,1,0,0,0,0,0,0,0,0,0,0
400065,1,1,26,26,26,26,26,26,26,26,26,26
400065,2,1,0,0,0,0,0,0,0,0,0,0
400065,3,1,0,0,0,0,0,0,0,0,0,0
400066,1,1,0,0,0,0,0,0,0,0,0,0
400067,1,1,0,0,0,0,0,0,0,0,0,0
400068,0,1,0,0,0,0,0,0,0,0,0,0
400068,1,1,0,0,0,0,0,0,0,0,0,10
400069,1,1,6,6,6,6,6,6,6,6,6,6
400070,1,1,0,0,0,0,0,0,0,0,0,0
400070,2,1,0,0,0,0,0,0,0,0,0,0
400071,0,1,0,0,0,0,0,0,0,0,0,0
400071,0,2,15,0,0,0,0,0,44,0,19,0
400071,1,1,0,0,0,0,0,0,0,0,0,0
400072,1,1,0,0,0,0,0,0,0,0,0,0
400072,2,1,0,0,0,0,0,0,0,0,0,0
400073,1,1,21,21,21,21,21,21,21,21,21,21
400074,1,1,0,0,0,0,0,0,0,0,0,0
400075,1,1,39,39,39,39,39,39,39,39,39,39
400076,1,1,19,19,19,19,19,19,19,19,19,19
400076,2,1,0,0,0,0,0,0,0,0,0,0
400077,1,1,0,0,0,0,0,0,0,0,0,0
400077,2,1,0,0,0,0,0,0,0,0,0,0
400077,3,1,0,0,0,0,0,0,0,0,0,0
400078,1,1,19,19,19,19,19,19,19,19,19,19
400079,1,1,0,0,0,0,0,0,0,0,0,0
400079,2,1,0,0,0,0,0,0,0,0,9,0
400080,1,1,0,0,0,0,0,0,0,0,0,0
400080,2,1,0,3,0,8,0,0,0,0,0,0
400081,1,1,4,4,4,4,4,4,4,4,4,4
400081,2,1,0,0,0,0,0,0,0,0,0,0
400082,1,1,21,21,21,21,21,21,21,21,21,21
400083,0,1,0,0,0,0,0,0,0,0,0,0
400083,1,1,0,0,0,0,0,0,0,0,0,0
400084,1,1,18,18,18,18,18,18,18,18,18,18
400085,0,1,0,0,0,0,0,0,0,0,0,0
400085,0,2,17,0,0,0,0,0,0,0,0,0
400085,1,1,0,0,0,0,0,0,0,0,0,0
400085,2,1,0,0,0,0,0,0,0,0,0,0
400086,1,1,8,8,8,8,8,8,8,8,8,8
400087,1,1,17,17,17,17,17,17,17,17,17,17
400088,0,1,20,20,20,20,20,20,20,20,20,20
400088,1,1,0,0,0,0,0,0,0,0,0,0
400089,1,1,0,0,0,0,0,0,0,0,0,0
400090,1,1,0,0,0,0,0,0,0,0,0,0
400091,1,1,13,13,13,13,13,13,13,13,13,13
400092,1,1,13,13,13,13,13,13,13,13,13,13
400093,1,1,2,2,2,2,2,2,2,2,2,2
400094,1,1,20,20,20,20,20,20,20,20,20,20
400095,1,1,0,0,0,0,0,0,0,0,0,0
400095,2,1,0,0,0,0,0,0,0,0,0,0
400095,3,1,0,0,0,0,0,0,0,0,0,0
400096,1,1,14,14,14,14,14,14,14,14,14,14
400097,1,1,0,0,0,0,0,0,0,0,0,0
400097,2,1,0,0,0,0,0,0,0,0,0,0
400098,1,1,0,0,0,0,0,0,0,0,0,0
400098,2,1,0,0,0,0,0,0,0,0,0,0
400099,1,1,0,0,0,0,0,0,0,0,0,0
400099,2,1,0,0,0,0,0,0,0,0,0,0
400099,3,1,0,0,0,0,0,0,0,0,0,0
400100,1,1,0,0,0,0,0,0,0,0,0,0
400101,1,1,0,0,0,0,0,0,0,0,0,0
400102,1,1,0,0,0,0,0,0,0,0,0,0
400103,1,1,22,22,22,22,22,22,22,22,22,22
400104,1,1,17,17,17,17,17,17,17,17,17,17
400105,1,1,0,0,0,0,0,0,0,0,0,0
400105,2,1,0,0,0,0,0,0,0,0,0,0
400106,1,1,27,27,27,27,27,27,27,27,27,27
400107,1,1,0,0,0,0,0,0,0,0,0,0
400108,1,1,17,0,0,0,0,0,0,0,0,0
400108,2,1,0,0,0,0,0,0,0,0,0,0
400109,1,1,0,0,0,0,0,0,0,0,0,0
400110,1,1,6,6,6,6,6,6,6,6,6,6
400111,1,1,0,0,0,0,0,0,0,0,0,0
400111,2,1,8,8,8,8,8,8,8,8,8,8
400112,1,1,19,19,19,19,19,19,19,19,19,19
400112,2,1,0,0,0,0,0,0,0,0,0,0
400113,1,1,0,0,0,0,0,0,0,0,0,0
400113,2,1,0,0,0,0,0,0,0,0,0,0
400114,0,1,25,25,25,25,25,25,25,25,25,25
400114,1,1,0,0,0,0,0,0,0,0,0,0
400115,1,1,0,24,0,0,0,0,0,0,0,0
400115,2,1,0,0,0,0,0,0,0,0,0,11
400116,1,1,0,0,0,0,0,0,0,0,0,0
400117,1,1,0,0,0,0,0,0,0,0,0,0
400117,2,1,0,0,0,0,0,0,0,0,0,0
400118,1,1,0,0,0,0,0,0,0,0,0,0
400118,2,1,0,0,0,0,0,0,0,0,0,0
400119,1,1,0,0,0,0,0,0,0,0,0,0
400120,1,1,0,0,0,0,0,0,0,0,0,0
400121,1,1,26,26,26,26,26,26,26,26,26,26
400122,1,1,0,0,0,0,0,0,0,0,0,0
400123,1,1,0,0,0,0,0,0,0,0,0,0
400123,2,1,0,0,0,0,0,0,0,0,0,0
400124,1,1,0,0,0,0,0,0,0,0,0,0
400124,2,1,21,0,0,0,0,0,0,0,7,20
400125,1,1,0,0,0,0,0,0,0,0,0,0
400126,1,1,0,0,0,0,0,0,0,0,0,0
400127,0,1,0,0,0,0,0,0,0,0,0,0
400127,1,1,0,0,0,0,0,0,0,0,0,0
400128,1,1,0,0,0,0,0,0,0,0,0,0
400128,2,1,0,0,0,0,0,0,0,0,0,0
400129,1,1,0,0,0,0,0,0,0,0,0,0
400129,2,1,0,0,0,0,0,0,0,0,0,0
400130,1,1,0,0,0,0,0,0,0,0,0,0
400130,2,1,0,0,0,0,0,0,0,0,0,0
400131,1,1,0,0,0,0,0,0,0,0,0,0
400132,0,1,0,0,0,0,0,0,0,0,0,0
400132,1,1,0,13,0,0,0,0,15,0,0,21
400132,2,1,0,0,0,0,0,0,0,0,0,0
400132,3,1,0,0,0,8,0,0,0,18,0,0
400133,1,1,0,0,0,0,0,0,0,0,0,0
400135,1,1,0,39,0,0,5,7,0,35,0,0
400135,2,1,0,0,0,0,0,0,0,14,0,17
400135,3,1,0,0,0,0,0,0,0,0,0,0
400136,1,1,0,0,0,0,0,0,9,0,0,0
400137,1,1,0,0,0,0,0,0,0,0,0,0
400138,1,1,25,25,25,25,25,25,25,25,25,25
400140,1,1,0,0,0,0,0,0,0,0,0,0
400140,2,1,0,0,0,0,0,0,0,0,0,0
400141,1,1,0,0,0,0,0,0,0,0,0,0
400141,2,1,0,24,0,0,0,0,0,0,0,0
400142,1,1,0,0,0,0,0,0,0,0,0,0
400142,2,1,0,0,0,0,0,0,0,0,0,0
400143,1,1,0,0,0,0,0,0,0,0,0,0
400143,2,1,0,0,0,0,0,0,0,0,0,0
400144,1,1,0,0,0,0,0,0,0,0,0,0
400144,2,1,0,0,0,0,0,0,0,0,0,0
400145,1,1,0,0,0,0,0,0,0,0,0,0
400145,2,1,0,0,0,0,0,0,0,0,0,0
400146,1,1,0,0,0,0,0,0,0,0,0,0
400147,1,1,0,0,0,0,0,0,0,0,0,0
400147,2,1,0,0,0,0,0,0,0,0,0,0
400148,1,1,0,0,0,0,0,0,0,0,0,0
400149,1,1,0,0,0,0,0,0,0,0,0,0
400149,2,1,0,0,0,0,0,0,0,0,0,0
400150,1,1,21,21,21,21,21,21,21,21,21,21
400151,1,1,0,0,0,0,0,0,0,0,0,0
400151,2,1,0,0,0,0,0,0,0,0,0,0
400152,1,1,0,0,0,0,0,0,0,0,0,0
400153,1,1,30,30,30,30,30,30,30,30,30,30
400153,2,1,0,0,0,0,0,0,0,0,0,0
400154,1,1,22,22,22,22,22,22,22,22,22,22
400155,1,1,0,0,0,0,0,0,0,0,0,0
400156,0,1,0,0,20,0,0,9,0,0,0,0
400156,0,2,0,0,0,0,0,17,0,0,0,0
400156,2,1,0,0,0,0,0,0,0,0,0,0
400156,3,1,0,0,0,0,0,0,0,0,0,0
400157,1,1,0,0,0,0,0,0,0,0,0,0
400157,2,1,0,0,0,0,0,0,0,0,0,0
400158,1,1,20,20,20,20,20,20,20,20,20,20
400159,1,1,6,6,6,6,6,6,6,6,6,6
400160,1,1,12,12,12,12,12,12,12,12,12,12
400161,1,1,0,0,0,0,0,0,0,0,0,0
400161,2,1,0,0,0,0,0,0,0,0,0,0
400162,1,1,12,12,12,12,12,12,12,12,12,12
400163,1,1,23,23,23,23,23,23,23,23,23,23
400163,2,1,7,7,7,7,7,7,7,7,7,7
400164,1,1,0,0,0,0,0,0,0,0,0,0
400164,2,1,0,0,0,0,0,0,0,0,0,0
400164,3,1,0,0,0,0,0,0,0,0,0,0
400165,1,1,0,0,0,0,0,0,0,0,0,0
400165,2,1,0,0,0,0,0,0,0,0,0,0
400165,3,1,0,0,0,13,0,0,0,0,0,0
400166,1,1,0,0,0,0,0,0,0,0,0,0
400166,2,1,0,0,0,0,0,0,0,0,0,0
400166,3,1,0,0,0,0,0,0,0,0,0,0
400167,1,1,37,23,12,16,13,16,33,36,24,10
400168,1,1,19,19,19,19,19,19,19,19,19,19
400169,1,1,0,0,0,0,0,0,0,0,0,0
400169,2,1,0,0,0,0,0,0,0,0,0,0
400170,1,1,0,0,0,0,0,0,0,0,0,0
400170,2,1,0,0,0,0,0,0,0,0,0,0
400171,1,1,0,0,0,0,0,0,0,0,0,0
400171,2,1,0,0,0,0,0,0,0,0,0,0
400172,1,1,0,0,0,0,0,0,0,0,0,0
400172,2,1,0,0,0,0,0,0,0,0,0,0
400173,1,1,14,14,14,14,14,14,14,14,14,14
400174,1,1,0,0,0,0,0,0,0,0,0,0
400175,1,1,0,0,0,0,0,0,0,0,0,0
400176,1,1,0,0,0,0,0,0,0,0,0,0
400176,2,1,0,0,0,0,0,0,0,0,0,0
400177,1,1,0,0,0,0,0,0,0,0,0,0
400177,2,1,0,0,0,0,0,0,0,0,0,0
400178,1,1,0,0,0,0,0,0,0,0,0,0
400179,1,1,0,0,0,0,0,0,10,0,0,0
400179,2,1,0,0,0,0,0,0,0,0,0,0
400180,1,1,19,19,19,19,19,19,19,19,19,19
400181,1,1,0,0,0,0,0,0,0,0,0,0
400182,1,1,0,0,0,0,0,0,0,0,0,0
400183,1,1,19,19,19,19,19,19,19,19,19,19
400184,1,1,0,0,0,0,0,0,0,0,0,0
400185,1,1,0,0,0,0,0,0,0,0,0,0
400185,2,1,0,0,0,0,0,0,0,0,0,0
400186,0,1,0,0,0,0,0,0,0,0,0,0
400186,1,1,0,0,0,0,0,0,0,0,0,0
400187,1,1,2,2,2,2,2,2,2,2,2,2
400187,2,1,0,0,0,0,0,0,0,0,0,0
400188,1,1,0,0,0,0,0,0,0,0,0,0
400189,1,1,0,0,13,16,0,11,0,21,0,0
400190,0,1,0,0,0,0,0,0,0,0,0,0
400190,1,1,0,0,0,0,0,0,0,0,0,0
400190,2,1,0,0,0,0,0,0,0,0,0,0
400191,1,1,0,0,0,0,0,0,0,0,0,0
400192,1,1,0,0,38,0,0,0,9,23,23,14
400193,1,1,15,15,15,15,15,15,15,15,15,15
400194,1,1,0,0,0,0,0,0,0,0,0,0
400195,1,1,12,12,12,12,12,12,12,12,12,12
400196,1,1,0,0,0,0,0,0,0,0,0,0
400196,2,1,0,0,0,0,0,0,0,0,0,0
400197,1,1,0,0,0,0,0,0,0,0,0,0
400197,2,1,0,0,0,0,0,0,0,0,0,0
400198,1,1,0,0,0,0,0,0,0,0,0,0
400199,1,1,0,0,0,0,0,0,0,0,0,0
400199,2,1,0,0,0,0,0,0,0,0,0,0
400200,1,1,0,0,0,0,0,0,0,0,0,0
400200,2,1,30,30,30,30,30,30,30,30,30,30
400201,0,1,0,0,0,0,0,0,0,0,0,0
400201,1,1,0,0,0,0,0,0,0,22,0,0
400202,1,1,7,7,7,7,7,7,7,7,7,7
400203,1,1,21,21,21,21,21,21,21,21,21,21
400204,1,1,0,0,0,0,29,20,0,0,0,0
400204,2,1,0,0,12,0,0,0,0,0,0,0
400205,1,1,0,0,0,0,0,0,0,0,0,0
400205,2,1,0,0,0,0,0,0,0,16,24,0
400206,1,1,20,20,20,20,20,20,20,20,20,20
400206,2,1,0,0,0,0,0,0,0,0,0,0
400207,1,1,18,18,18,18,18,18,18,18,18,18
400208,1,1,0,0,0,0,0,0,0,0,0,0
400209,1,1,0,0,0,0,0,0,0,0,0,0
400209,2,1,0,0,0,0,0,0,0,0,0,0
400210,1,1,0,0,0,0,0,0,0,0,0,0
400211,1,1,0,0,0,0,0,0,0,0,0,0
400212,1,1,8,8,8,8,8,8,8,8,8,8
400213,1,1,0,0,0,0,0,0,0,0,0,0
400213,2,1,0,0,0,0,0,0,0,0,0,0
400214,1,1,0,0,0,0,0,0,0,0,0,0
400215,1,1,0,0,0,0,0,0,0,0,0,0
400215,2,1,5,5,5,5,5,5,5,5,5,5
400216,1,1,4,4,4,4,4,4,4,4,4,4
400217,1,1,0,0,0,0,0,0,0,0,0,0
400218,1,1,0,0,0,0,0,0,0,0,0,0
400218,2,1,0,0,0,0,0,0,0,0,0,0
400219,1,1,0,0,0,0,0,0,0,0,0,0
400219,2,1,0,0,0,0,0,0,0,0,0,0
400220,1,1,0,0,0,0,0,0,0,0,0,0
400220,2,1,0,0,0,0,0,0,0,0,16,0
400221,1,1,0,0,0,0,0,0,0,0,0,0
400221,2,1,0,0,0,0,0,0,0,0,0,0
400222,1,1,0,0,0,0,0,0,0,0,0,0
400222,2,1,0,0,0,0,0,0,0,0,0,0
400223,1,1,0,0,0,0,0,0,0,0,0,0
400224,0,1,32,32,32,32,32,32,32,32,32,32
400224,1,1,0,0,0,0,0,0,0,0,0,0
400225,1,1,7,7,7,7,7,7,7,7,7,7
400226,1,1,11,11,11,11,11,11,11,11,11,11
400226,2,1,2,2,2,2,2,2,2,2,2,2
400227,1,1,0,0,0,0,0,0,0,0,0,0
400227,2,1,0,0,0,0,0,0,0,0,0,0
400227,3,1,0,0,0,0,0,0,0,0,0,0
400227,4,1,0,0,2,0,0,0,0,0,0,0
400228,1,1,0,0,0,0,0,0,0,0,0,0
400228,2,1,0,0,0,0,0,0,0,0,0,0
400229,1,1,0,0,0,0,0,0,0,0,0,0
400229,2,1,0,0,0,0,0,0,0,0,0,0
400230,1,1,0,0,0,0,0,0,0,0,0,0
400230,2,1,0,0,0,0,0,0,0,0,0,0
400231,1,1,0,0,0,0,0,0,0,0,0,0
400232,1,1,22,22,22,22,22,22,22,22,22,22
400233,1,1,0,0,0,20,0,0,5,6,27,0
400234,1,1,0,0,0,0,0,0,0,0,0,0
400235,1,1,0,0,0,0,0,0,0,0,0,0
400236,1,1,0,0,0,0,0,0,0,0,0,0
400237,1,1,0,0,0,0,0,0,0,0,0,0
400237,2,1,2,2,2,2,2,2,2,2,2,2
400238,1,1,0,0,0,0,0,0,0,0,0,0
400238,2,1,0,0,0,0,0,0,0,0,0,0
400239,0,1,6,6,6,6,6,6,6,6,6,6
400239,1,1,0,0,0,0,0,0,0,0,0,0
400240,1,1,0,0,0,0,0,0,0,0,0,0
400240,2,1,0,0,0,0,0,0,0,0,0,0
400241,1,1,26,26,26,26,26,26,26,26,26,26
400242,0,1,0,0,5,0,0,0,0,23,0,0
400242,1,1,0,0,0,0,0,0,0,0,0,0
400243,1,1,0,0,0,0,0,0,0,0,0,0
400243,2,1,0,0,0,0,0,0,0,0,0,0
400244,1,1,22,22,22,22,22,22,22,22,22,22
400245,1,1,0,0,0,0,0,0,0,0,0,0
400245,2,1,0,0,0,0,0,0,0,0,0,0
400246,2,1,0,0,0,0,0,0,0,0,0,0
400247,1,1,0,0,0,0,0,0,0,0,0,0
400247,2,1,0,0,0,0,0,0,0,0,0,0
400247,3,1,0,0,0,0,0,0,0,0,0,0
400248,1,1,0,0,0,0,0,0,0,0,0,0
400249,1,1,0,0,0,0,0,0,0,0,0,0
400250,1,1,0,0,0,0,0,0,0,0,0,0
400250,2,1,0,0,0,0,0,0,0,0,0,0
400251,1,1,0,0,0,0,0,0,0,0,0,0
400252,1,1,17,17,17,17,17,17,17,17,17,17
400253,1,1,0,0,0,0,0,0,0,0,0,0
400253,2,1,0,0,0,0,0,0,0,0,0,0
400254,1,1,0,0,0,0,0,0,0,0,0,0
400255,1,1,0,0,0,0,0,0,0,0,0,0
400255,2,1,0,0,0,0,0,0,0,0,0,0
400256,1,1,0,0,0,0,0,0,0,0,0,0
400256,2,1,0,0,0,0,0,0,0,0,0,0
400257,1,1,0,0,0,0,0,0,0,0,0,0
400257,2,1,0,0,0,0,0,0,0,0,0,0
400258,1,1,0,0,0,0,0,0,0,0,0,0
400258,2,1,0,0,0,0,0,0,0,0,0,0
400259,1,1,0,0,0,0,0,14,0,0,0,0
400260,1,1,0,0,0,0,0,0,0,0,0,0
400260,2,1,0,0,0,0,0,0,0,0,0,0
400261,1,1,0,0,0,0,0,0,0,0,0,0
400261,2,1,0,0,0,0,0,0,0,0,0,0
400262,1,1,0,0,0,0,0,0,0,0,0,0
400262,2,1,0,0,0,0,0,0,0,0,0,0
400263,1,1,14,14,14,14,14,14,14,14,14,14
400263,2,1,0,0,0,0,0,0,0,6,0,0
400264,1,1,6,6,6,6,6,6,6,6,6,6
400264,2,1,0,0,0,0,0,0,0,0,0,0
400265,1,1,3,15,30,11,17,0,9,19,22,13
400266,1,1,0,0,0,0,0,0,0,0,0,0
400266,2,1,0,0,0,0,0,0,0,0,0,0
400267,1,1,2,2,2,2,2,2,2,2,2,2
400268,1,1,0,0,0,0,0,0,0,0,0,0
400268,2,1,0,0,0,0,0,0,0,0,0,0
400268,3,1,0,0,0,0,0,10,0,0,0,0
400268,4,1,0,0,2,6,3,0,0,7,0,0
400269,1,1,0,0,0,0,0,0,0,0,0,0
400269,2,1,0,0,0,0,0,0,0,0,0,0
400270,1,1,19,19,19,19,19,19,19,19,19,19
400271,0,1,0,0,0,0,0,0,0,0,0,0
400271,1,1,0,10,0,0,0,0,0,0,0,0
400272,1,1,0,0,0,0,0,0,0,0,0,0
400272,2,1,0,0,0,7,17,0,0,0,0,0
400273,1,1,0,0,0,0,0,0,0,0,0,0
400273,2,1,0,0,0,0,0,0,0,0,0,0
400273,3,1,0,0,0,0,0,0,0,0,0,0
400274,1,1,0,0,0,0,0,0,0,0,0,0
400274,2,1,0,0,0,0,0,0,0,0,0,0
400275,1,1,0,0,0,0,0,0,0,0,0,0
400275,2,1,0,0,0,0,0,0,0,0,0,0
400275,3,1,0,0,15,0,0,0,0,1,0,0
400276,0,1,0,0,0,0,0,0,0,0,0,0
400276,1,1,0,0,0,0,0,0,0,0,0,0
400277,0,1,0,0,0,0,0,0,0,0,0,0
400277,1,1,21,20,13,24,20,21,9,36,19,12
400278,1,1,0,0,0,0,0,0,0,0,0,0
400278,2,1,0,0,0,0,0,0,0,0,0,0
400279,1,1,0,0,0,0,0,0,0,0,0,0
400279,2,1,0,0,0,0,0,0,0,0,0,5
400279,3,1,0,0,0,0,0,0,0,0,0,0
400280,1,1,0,0,0,0,0,0,0,0,0,0
400280,2,1,0,0,0,0,0,0,11,0,0,0
400281,1,1,0,0,0,0,0,0,0,0,0,0
400281,2,1,0,0,0,0,0,0,0,0,0,0
400282,1,1,0,0,0,0,0,0,0,0,0,0
400282,2,1,0,0,0,0,0,0,0,0,0,0
400282,3,1,0,0,0,0,0,0,0,0,0,0
400282,4,1,0,0,0,0,0,0,0,0,0,0
400283,1,1,46,46,46,46,46,46,46,46,46,46
400284,1,1,0,0,0,0,0,0,0,0,0,0
400284,2,1,0,0,0,0,0,0,0,0,0,0
400285,1,1,0,0,0,0,0,0,0,0,0,0
400286,1,1,0,0,0,0,0,0,0,0,0,0
400287,1,1,0,0,0,0,0,0,0,0,0,0
400287,2,1,0,0,0,0,0,0,0,0,0,0
400288,0,1,0,0,0,0,0,0,0,0,0,0
400288,1,1,0,0,0,0,0,0,0,0,0,0
400289,1,1,0,0,0,0,0,0,0,0,0,0
400289,2,1,0,0,0,0,0,0,0,0,0,0
400290,1,1,0,0,0,0,0,0,0,0,0,0
400291,1,1,0,0,0,0,0,0,0,0,0,0
400291,2,1,0,0,0,0,0,0,0,0,0,0
400292,1,1,20,20,20,20,20,20,20,20,20,20
400292,2,1,0,0,0,0,0,0,0,0,0,0
400293,1,1,0,0,0,0,0,0,0,0,0,0
400294,1,1,10,10,10,10,10,10,10,10,10,10
400295,1,1,0,0,0,0,0,0,0,0,0,0
400296,1,1,14,14,14,14,14,14,14,14,14,14
400297,1,1,46,46,46,46,46,46,46,46,46,46
400297,2,1,0,0,0,0,0,0,0,0,0,0
400298,1,1,0,0,0,0,0,0,0,0,0,0
400299,1,1,0,0,0,0,0,0,0,0,0,0
400300,1,1,0,0,0,0,0,0,0,0,14,0
400301,1,1,0,0,0,0,0,0,0,0,0,0
400301,2,1,0,0,0,0,0,0,0,0,0,0
400302,1,1,7,7,7,7,7,7,7,7,7,7
400303,0,1,0,0,0,0,0,0,0,0,0,0
400303,1,1,0,0,0,10,0,0,0,0,2,0
400304,1,1,0,0,0,0,0,0,0,0,0,0
400304,2,1,0,0,0,0,0,0,0,0,0,0
400305,1,1,0,0,0,0,0,0,0,0,0,0
400305,2,1,0,0,0,0,0,0,0,0,0,6
400306,1,1,0,0,0,0,0,0,0,0,0,0
400306,2,1,0,0,0,0,0,0,0,0,0,0
400307,1,1,0,0,0,0,0,0,0,0,0,0
400307,2,1,0,0,0,0,0,0,0,0,0,0
400308,1,1,36,36,36,36,36,36,36,36,36,36
400309,1,1,0,0,0,0,0,0,0,0,0,0
400310,1,1,0,0,0,0,0,0,0,0,0,0
400311,1,1,0,0,0,0,0,0,0,0,0,0
400311,2,1,0,0,0,0,0,0,0,0,0,0
400312,1,1,16,16,16,16,16,16,16,16,16,16
400313,1,1,0,0,0,0,0,0,0,0,0,0
400313,2,1,0,0,0,0,0,0,0,0,0,0
400314,1,1,11,11,11,11,11,11,11,11,11,11
400315,1,1,0,0,0,0,0,0,0,0,0,0
400315,2,1,0,0,0,0,0,0,0,0,0,0
400316,1,1,0,0,0,0,0,0,0,0,0,0