ST_CASE,VEH_NO,PER_NO,P1,P2,P3,P4,P5,P6,P7,P8,P9,P10
400317,1,1,27,27,27,27,27,27,27,27,27,27
400318,1,1,0,0,0,0,0,0,0,0,0,0
400318,2,1,0,0,0,0,0,0,0,0,0,0
400319,1,1,22,22,22,22,22,22,22,22,22,22
400320,0,1,0,0,0,0,0,0,0,0,0,0
400320,1,1,0,0,0,0,0,0,0,0,0,0
400321,1,1,0,0,0,0,0,0,0,0,0,0
400322,0,1,0,0,0,0,0,0,0,0,0,0
400322,1,1,0,0,0,0,0,0,0,0,0,0
400323,1,1,0,0,0,0,0,0,0,0,0,0
400324,1,1,0,0,0,0,0,0,0,0,0,0
400325,0,1,0,0,0,0,0,0,0,0,0,0
400325,1,1,0,0,0,0,0,0,0,0,0,0
400326,1,1,29,29,29,29,29,29,29,29,29,29
400327,1,1,31,31,31,31,31,31,31,31,31,31
400328,1,1,28,28,28,28,28,28,28,28,28,28
400328,2,1,15,9,16,23,4,16,5,26,17,14
400329,1,1,0,0,0,0,0,0,0,0,0,0
400330,1,1,0,0,0,0,0,0,0,0,0,0
400331,1,1,0,0,0,0,0,0,0,0,0,0
400331,2,1,0,0,0,0,0,0,0,0,0,0
400331,3,1,0,0,0,0,0,0,0,0,0,0
400332,1,1,0,0,0,0,0,0,0,0,0,0
400332,2,1,0,0,0,0,0,0,0,0,0,0
400333,1,1,21,21,21,21,21,21,21,21,21,21
400334,0,1,0,0,0,0,0,0,0,0,0,0
400334,1,1,18,18,18,18,18,18,18,18,18,18
400335,1,1,0,0,0,0,0,0,0,0,0,0
400335,2,1,0,0,0,0,0,0,0,0,0,0
400335,3,1,0,0,0,0,0,0,3,0,0,0
400335,4,1,0,0,0,0,0,0,0,0,0,0
400336,1,1,24,24,24,24,24,24,24,24,24,24
400337,1,1,0,0,0,0,0,0,0,0,0,0
400337,2,1,3,0,21,0,0,0,0,0,0,0
400338,1,1,32,32,32,32,32,32,32,32,32,32
400339,1,1,0,0,0,0,0,0,0,0,0,0
400340,1,1,22,22,22,22,22,22,22,22,22,22
400341,0,1,25,25,25,25,25,25,25,25,25,25
400341,1,1,0,0,0,13,0,0,20,2,36,19
400342,1,1,0,0,0,0,0,0,0,0,0,0
400343,1,1,0,0,0,0,0,0,0,0,0,0
400343,2,1,2,2,2,2,2,2,2,2,2,2
400344,0,1,1,1,1,1,1,1,1,1,1,1
400344,1,1,0,0,0,0,0,0,0,0,0,0
400345,1,1,22,22,22,22,22,22,22,22,22,22
400346,1,1,0,0,0,0,0,0,0,0,0,0
400346,2,1,0,0,0,0,0,7,0,0,0,0
400347,0,1,0,0,0,0,0,0,0,0,0,0
400347,1,1,0,0,0,0,0,0,0,0,0,0
400348,1,1,0,0,0,0,0,0,0,0,0,0
400349,1,1,3,3,3,3,3,3,3,3,3,3
400349,2,1,0,0,0,0,0,0,0,0,0,0
400350,1,1,33,33,33,33,33,33,33,33,33,33
400351,1,1,26,26,26,26,26,26,26,26,26,26
400352,1,1,0,0,0,0,0,0,0,0,0,0
400353,1,1,12,12,12,12,12,12,12,12,12,12
400353,2,1,0,0,0,0,0,0,0,0,0,0
400354,1,1,0,0,0,0,0,0,0,0,0,0
400355,1,1,0,0,0,0,0,0,0,0,0,0
400355,2,1,0,0,0,0,0,0,0,0,0,0
400356,1,1,0,0,0,0,0,0,0,0,3,0
400356,2,1,0,0,0,0,0,0,0,0,0,0
400357,1,1,26,26,26,26,26,26,26,26,26,26
400358,0,1,0,0,0,0,0,0,0,0,0,0
400358,1,1,0,0,0,0,0,0,0,0,0,0
400359,1,1,0,0,0,0,0,0,0,0,0,0
400359,2,1,0,0,0,0,0,0,0,27,0,0
400360,1,1,0,0,0,0,0,0,0,0,0,0
400360,2,1,0,0,0,0,0,0,0,0,0,0
400361,1,1,0,0,0,0,0,0,0,0,0,0
400361,2,1,0,0,0,0,0,0,0,0,0,0
400362,1,1,0,0,0,0,0,0,0,0,0,0
400363,1,1,0,0,0,0,0,0,0,0,0,0
400363,2,1,0,0,0,0,0,0,0,0,0,0
400364,1,1,0,0,0,0,0,0,0,0,0,0
400364,2,1,2,2,2,2,2,2,2,2,2,2
400365,1,1,0,0,0,0,0,0,0,0,0,0
400365,2,1,0,0,0,0,0,0,0,0,0,0
400366,0,1,22,0,28,15,26,37,0,24,0,20
400366,1,1,0,0,0,0,0,0,0,0,0,0
400367,1,1,0,5,0,0,0,0,5,0,4,0
400368,1,1,25,25,25,25,25,25,25,25,25,25
400369,1,1,0,0,0,0,0,0,0,0,0,0
400370,1,1,0,0,0,0,0,0,0,0,0,0
400370,2,1,0,0,0,0,0,0,0,0,0,0
400371,1,1,8,8,8,8,8,8,8,8,8,8
400372,1,1,23,23,23,23,23,23,23,23,23,23
400373,1,1,0,0,0,0,0,0,0,0,0,0
400374,1,1,12,22,10,22,40,16,18,29,19,0
400375,1,1,22,22,22,22,22,22,22,22,22,22
400375,2,1,0,0,0,0,0,0,0,0,0,0
400376,1,1,0,0,0,0,0,0,0,0,0,0
400376,2,1,0,0,0,0,0,0,0,0,0,0
400377,1,1,0,0,0,0,0,0,0,0,0,0
400377,2,1,0,0,0,0,0,0,0,0,0,0
400378,1,1,11,16,0,15,25,0,11,0,0,12
400380,1,1,0,0,0,0,0,0,9,16,0,0
400380,2,1,0,0,0,0,0,14,0,0,0,0
400381,1,1,0,0,0,0,0,0,0,0,0,0
400381,2,1,0,0,0,0,0,0,0,0,0,15
400381,3,1,0,0,0,0,0,0,6,0,0,0
400382,1,1,0,0,0,0,0,0,0,0,0,0
400382,2,1,0,0,0,0,0,0,0,0,0,0
400383,1,1,0,0,0,0,0,0,0,0,0,0
400383,2,1,0,0,0,0,0,0,0,0,0,0
400384,1,1,17,17,17,17,17,17,17,17,17,17
400385,1,1,0,0,0,0,0,0,0,0,0,0
400385,2,1,0,0,0,0,0,0,0,0,0,0
400386,0,1,0,0,0,0,0,0,13,0,20,0
400386,1,1,0,0,0,0,0,0,0,0,0,0
400387,1,1,7,7,7,7,7,7,7,7,7,7
400387,2,1,0,0,0,0,0,0,0,0,0,0
400388,1,1,12,12,12,12,12,12,12,12,12,12
400388,2,1,0,0,0,0,0,0,0,0,0,0
400389,1,1,0,0,0,0,0,0,0,0,0,0
400389,2,1,0,0,0,0,0,0,0,0,0,0
400390,1,1,0,0,0,0,0,0,0,0,0,15
400390,2,1,0,0,0,0,0,0,0,0,0,0
400391,1,1,0,0,0,0,0,0,0,0,0,0
400391,2,1,0,0,0,0,0,0,0,0,0,0
400392,1,1,0,0,0,0,0,0,0,0,0,0
400392,2,1,0,0,0,0,0,0,0,0,0,0
400393,1,1,11,11,11,11,11,11,11,11,11,11
400394,1,1,8,8,8,8,8,8,8,8,8,8
400394,2,1,0,0,0,0,0,0,0,0,0,0
400395,1,1,31,31,31,31,31,31,31,31,31,31
400395,2,1,0,0,0,0,0,0,0,0,0,0
400396,1,1,7,7,7,7,7,7,7,7,7,7
400397,1,1,30,30,30,30,30,30,30,30,30,30
400398,1,1,0,0,0,0,0,0,0,0,0,0
400399,0,1,8,8,8,8,8,8,8,8,8,8
400399,1,1,0,0,0,0,0,0,0,0,0,0
400400,1,1,0,0,0,0,0,0,0,0,0,0
400400,2,1,0,0,0,0,0,0,0,0,0,0
400401,1,1,0,0,0,0,0,0,0,0,0,0
400401,2,1,0,0,0,0,0,0,0,0,0,0
400401,3,1,0,0,0,0,0,0,0,0,0,0
400402,1,1,0,0,0,0,0,0,0,0,0,0
400402,2,1,0,0,0,17,0,0,0,7,0,0
400403,1,1,0,0,0,0,0,0,0,0,0,0
400404,1,1,0,0,0,0,0,0,0,0,0,0
400404,2,1,0,0,0,0,0,0,0,0,0,0
400404,3,1,0,0,0,0,0,0,0,0,0,0
400405,1,1,0,0,0,0,0,0,0,0,0,0
400406,0,1,8,8,8,8,8,8,8,8,8,8
400406,1,1,9,0,0,0,0,0,0,0,0,0
400407,1,1,0,0,0,0,0,0,0,0,0,0
400408,0,1,0,0,0,0,0,0,0,0,0,0
400408,1,1,0,0,0,0,0,0,11,0,0,0
400409,0,1,24,24,24,24,24,24,24,24,24,24
400409,1,1,13,0,0,0,0,0,0,0,0,0
400410,1,1,0,0,0,0,0,0,0,0,0,0
400410,2,1,0,0,0,0,0,0,0,0,0,0
400411,0,1,0,0,0,0,0,0,0,0,0,0
400411,1,1,0,0,0,11,10,0,0,0,0,0
400412,1,1,0,0,0,0,0,0,0,0,14,0
400413,1,1,0,0,0,0,0,0,0,0,0,0
400414,1,1,0,0,0,0,0,0,0,0,0,0
400414,2,1,0,0,0,0,0,0,0,0,0,0
400415,1,1,0,0,0,0,0,7,0,0,0,0
400416,1,1,0,0,0,0,0,0,0,0,0,0
400417,1,1,0,0,0,0,0,0,0,0,0,0
400418,1,1,0,0,0,0,0,0,0,0,0,0
400418,2,1,0,0,0,0,0,0,0,0,0,0
400419,1,1,0,0,0,0,0,0,0,0,0,0
400420,1,1,16,16,16,16,16,16,16,16,16,16
400420,2,1,0,0,0,0,0,0,0,0,0,0
400421,1,1,0,0,0,0,0,0,0,0,0,0
400422,1,1,0,0,0,0,0,0,0,0,0,0
400422,2,1,0,0,0,0,0,0,0,0,0,0
400423,1,1,0,0,0,0,0,0,0,0,0,0
400423,2,1,0,0,0,0,0,0,0,0,0,0
400424,1,1,0,0,0,0,0,0,0,0,0,0
400425,0,1,32,32,32,32,32,32,32,32,32,32
400425,1,1,0,0,0,0,0,0,0,0,0,0
400426,1,1,0,0,0,0,0,0,0,0,0,0
400427,1,1,0,0,0,0,0,0,0,0,0,0
400428,1,1,0,0,0,0,0,0,0,0,0,0
400429,0,1,30,30,30,30,30,30,30,30,30,30
400429,1,1,0,0,0,0,0,0,0,0,0,0
400430,1,1,23,23,23,23,23,23,23,23,23,23
400430,2,1,0,0,0,0,0,0,0,0,0,0
400431,1,1,0,0,0,0,0,0,0,0,0,0
400432,1,1,0,0,0,0,0,0,0,0,0,0
400432,2,1,0,0,0,0,0,0,0,0,0,0
400433,1,1,0,0,0,0,0,0,0,0,0,0
400434,1,1,0,0,0,0,0,0,0,0,0,0
400434,2,1,0,0,0,0,0,0,0,0,0,0
400434,3,1,0,0,0,0,0,0,0,0,0,0
400435,1,1,0,0,0,0,0,0,8,8,0,0
400436,1,1,17,17,17,17,17,17,17,17,17,17
400437,1,1,26,26,26,26,26,26,26,26,26,26
400438,1,1,0,0,0,0,0,0,0,0,0,0
400439,1,1,0,0,0,0,0,0,0,0,0,0
400439,2,1,0,0,0,0,0,0,0,0,0,0
400439,3,1,0,12,0,0,0,0,0,0,0,0
400440,1,1,0,0,0,0,0,0,0,0,0,0
400441,1,1,0,0,0,0,0,0,0,0,0,0
400442,1,1,0,0,0,0,0,0,0,0,0,0
400442,2,1,0,0,0,0,0,0,0,0,0,0
400443,1,1,0,0,0,0,0,0,0,0,0,0
400443,2,1,0,0,0,0,0,0,0,0,0,0
400444,0,1,0,0,0,0,0,0,0,0,0,0
400444,1,1,12,12,12,12,12,12,12,12,12,12
400445,1,1,0,0,0,0,0,0,0,0,0,0
400445,2,1,0,0,0,0,0,0,0,0,0,0
400446,1,1,0,0,0,0,0,0,0,0,0,0
400447,1,1,0,0,0,0,0,0,0,0,0,0
400447,2,1,0,0,0,0,0,0,0,0,0,0
400448,1,1,26,26,26,26,26,26,26,26,26,26
400448,2,1,0,0,14,0,0,0,0,0,0,0
400448,3,1,0,0,0,0,0,0,0,0,0,0
400449,1,1,9,35,0,5,0,19,0,19,0,0
400450,0,1,15,15,15,15,15,15,15,15,15,15
400450,1,1,0,0,0,0,0,0,0,0,4,12
400451,1,1,0,0,0,0,0,0,0,0,0,0
400451,2,1,2,2,2,2,2,2,2,2,2,2
400451,3,1,0,0,0,0,0,0,0,0,0,0
400452,1,1,0,0,0,0,0,0,0,0,0,0
400452,2,1,0,0,0,0,0,0,0,0,0,0
400453,0,1,0,0,0,0,0,0,0,0,0,0
400453,1,1,0,0,0,0,0,0,0,0,0,0
400454,1,1,22,22,22,22,22,22,22,22,22,22
400455,1,1,17,17,17,17,17,17,17,17,17,17
400455,2,1,0,0,0,0,0,0,0,0,16,0
400455,3,1,0,0,0,12,0,0,0,0,0,0
400456,1,1,19,19,19,19,19,19,19,19,19,19
400457,1,1,0,0,0,0,0,0,0,0,0,0
400458,1,1,0,0,0,26,0,0,0,0,0,0
400458,2,1,0,0,0,0,0,0,0,0,0,0
400459,1,1,0,0,0,0,0,0,0,0,0,0
400459,2,1,0,0,0,0,0,0,0,0,0,0
400460,1,1,0,0,0,0,0,0,0,0,0,0
400461,1,1,0,0,0,0,0,0,0,0,0,0
400461,2,1,0,0,0,0,0,0,0,0,0,0
400462,0,1,18,18,18,18,18,18,18,18,18,18
400462,1,1,0,0,0,0,0,0,0,0,0,0
400463,1,1,0,0,0,0,0,0,0,0,0,0
400463,2,1,0,0,0,0,0,0,0,0,0,0
400464,0,1,0,0,0,0,0,0,0,0,0,0
400464,1,1,0,0,0,0,0,0,0,0,0,0
400465,0,1,14,14,14,14,14,14,14,14,14,14
400465,1,1,0,0,0,0,0,0,0,0,0,0
400466,1,1,0,0,0,0,0,0,0,0,0,0
400466,2,1,0,0,0,0,0,0,0,0,0,0
400467,1,1,0,0,0,0,0,0,0,0,0,0
400468,1,1,0,0,0,0,0,0,0,0,0,0
400469,1,1,0,0,0,0,0,0,0,0,0,0
400469,2,1,0,0,0,0,0,0,0,0,0,0
400470,1,1,0,0,0,0,0,0,0,0,0,0
400471,1,1,0,0,0,0,0,0,0,0,0,0
400472,1,1,0,0,0,0,0,0,0,0,0,0
400473,1,1,8,8,8,8,8,8,8,8,8,8
400474,1,1,13,13,13,13,13,13,13,13,13,13
400475,1,1,0,0,0,0,0,0,0,0,0,0
400476,0,1,0,0,0,0,0,0,0,0,0,0
400476,1,1,0,0,0,0,0,0,0,0,0,0
400477,1,1,0,0,0,0,0,0,0,0,0,0
400477,2,1,0,0,0,0,0,0,0,0,0,0
400478,1,1,0,0,0,0,0,0,0,0,0,0
400479,1,1,0,0,0,0,0,0,0,0,0,0
400479,2,1,0,0,0,0,15,0,0,18,0,0
400480,1,1,0,0,0,0,0,0,0,0,0,0
400480,2,1,0,0,0,0,0,0,0,0,0,0
400481,1,1,0,0,0,0,0,0,0,0,0,0
400481,2,1,0,0,0,0,0,0,0,0,0,0
400482,1,1,20,20,20,20,20,20,20,20,20,20
400483,1,1,0,0,0,0,0,0,0,0,0,0
400484,1,1,0,0,0,0,0,0,0,0,0,0
400484,2,1,0,0,0,0,0,0,0,0,0,0
400484,3,1,0,0,0,0,0,0,0,0,0,0
400484,4,1,0,0,0,0,0,0,0,0,0,0
400485,0,1,0,0,0,0,0,0,0,0,0,0
400485,1,1,0,0,0,0,0,0,0,0,0,0
400486,1,1,0,0,0,0,0,0,0,0,0,0
400487,1,1,16,16,16,16,16,16,16,16,16,16
400488,1,1,0,0,0,0,0,0,0,0,0,0
400488,2,1,0,0,0,0,0,0,0,0,0,0
400488,3,1,0,0,0,0,0,0,0,0,0,0
400489,1,1,0,0,0,0,0,0,0,0,0,0
400489,2,1,0,0,0,0,0,0,0,0,0,0
400490,1,1,0,0,0,0,0,0,0,0,0,0
400490,2,1,0,0,0,0,0,0,0,0,0,0
400490,3,1,0,0,0,0,0,12,0,0,0,0
400491,1,1,0,0,0,0,0,0,0,0,0,0
400491,2,1,0,0,0,0,0,0,0,0,0,0
400491,3,1,0,0,0,24,0,0,52,0,0,0
400492,1,1,0,0,0,0,0,0,0,0,0,0
400492,2,1,0,0,0,0,0,0,0,0,0,0
400492,3,1,0,0,0,0,0,0,0,0,0,0
400492,4,1,0,0,0,0,0,0,0,0,0,0
400493,1,1,0,0,0,0,0,0,0,0,0,0
400493,2,1,0,0,0,0,0,0,0,0,0,0
400493,3,1,0,0,0,0,0,0,0,0,0,6
400494,1,1,0,0,0,0,0,0,0,0,0,0
400495,1,1,0,0,0,4,0,0,0,0,0,0
400495,2,1,0,0,0,0,0,0,0,0,0,0
400496,1,1,0,0,0,0,0,0,0,0,0,0
400497,1,1,0,19,12,16,0,0,0,18,0,0
400498,1,1,0,0,2,0,0,0,0,0,0,0
400498,2,1,15,15,15,15,15,15,15,15,15,15
400499,1,1,0,0,0,0,0,0,0,0,0,0
400499,2,1,0,0,0,0,0,0,0,0,0,0
400500,0,1,13,13,13,13,13,13,13,13,13,13
400500,1,1,0,0,0,0,0,0,0,0,0,0
400501,1,1,0,0,0,0,0,0,0,0,0,0
400501,2,1,0,0,0,0,0,0,0,0,0,0
400502,0,1,0,0,0,0,0,0,0,16,0,0
400502,0,2,0,0,0,0,0,0,0,0,0,0
400502,0,3,0,0,0,0,0,0,0,0,0,0
400502,1,1,0,0,0,0,0,0,0,0,0,0
400503,1,1,10,10,10,10,10,10,10,10,10,10
400504,0,1,43,43,43,43,43,43,43,43,43,43
400504,1,1,3,3,3,3,3,3,3,3,3,3
400505,1,1,0,0,0,0,0,0,0,0,0,0
400505,2,1,0,0,0,0,0,0,0,0,0,0
400505,3,1,0,0,0,0,0,0,0,0,6,0
400506,1,1,0,0,0,0,0,0,0,0,0,0
400506,2,1,0,0,0,0,0,0,0,0,0,0
400507,0,1,0,0,0,0,0,0,0,0,9,0
400507,2,1,7,7,7,7,7,7,7,7,7,7
400508,1,1,0,0,0,0,0,0,0,0,0,0
400508,2,1,0,0,0,0,0,0,0,0,0,0
400509,1,1,0,0,0,0,0,0,0,0,0,0
400510,0,1,14,0,0,0,0,0,0,0,0,31
400510,1,1,0,0,0,0,0,0,0,0,0,0
400511,1,1,0,0,0,19,0,0,17,0,0,0
400512,1,1,0,0,0,0,0,0,0,0,0,0
400513,1,1,23,23,23,23,23,23,23,23,23,23
400514,1,1,0,0,0,0,0,0,0,0,0,0
400515,1,1,0,0,0,0,0,0,0,0,0,0
400516,1,1,0,0,0,0,0,0,0,0,0,0
400517,1,1,0,0,0,0,0,0,0,0,0,0
400517,2,1,0,0,0,0,0,0,0,0,0,0
400518,1,1,30,30,30,30,30,30,30,30,30,30
400519,0,1,0,0,0,0,0,0,0,0,0,0
400519,1,1,21,0,0,0,21,0,11,15,0,0
400520,1,1,0,0,0,0,0,0,0,0,0,0
400520,2,1,0,0,0,0,0,0,0,0,0,0
400521,1,1,0,30,0,11,0,8,0,0,0,0
400521,2,1,0,0,0,0,0,0,0,0,0,0
400522,1,1,0,0,0,0,0,0,0,0,0,0
400522,2,1,0,0,0,0,0,0,0,0,0,0
400523,1,1,18,18,18,18,18,18,18,18,18,18
400524,1,1,0,25,0,0,0,0,0,0,0,0
400525,0,1,0,0,0,0,0,0,0,0,0,0
400525,1,1,0,0,0,6,0,0,0,0,0,0
400526,1,1,18,18,18,18,18,18,18,18,18,18
400526,2,1,0,0,0,0,0,0,0,0,0,0
400527,1,1,0,0,0,0,0,0,0,0,0,0
400528,1,1,0,0,0,0,0,0,0,0,0,0
400528,2,1,0,0,0,0,0,0,0,0,11,0
400529,1,1,0,0,0,0,0,0,0,0,0,0
400529,2,1,0,0,0,0,0,0,0,0,0,0
400530,0,1,0,0,0,0,0,0,0,0,0,0
400530,1,1,0,0,0,0,0,0,0,0,0,0
400531,1,1,0,0,0,0,0,0,0,0,0,0
400532,1,1,0,0,0,0,0,0,0,0,0,0
400532,2,1,0,0,0,0,0,0,0,0,0,0
400533,1,1,13,13,13,13,13,13,13,13,13,13
400534,1,1,0,0,0,0,0,0,0,15,0,0
400534,2,1,0,0,0,9,0,0,7,0,0,0
400535,1,1,0,0,0,0,0,0,0,0,0,0
400535,2,1,0,0,0,0,0,0,0,0,0,0
400535,3,1,0,0,0,0,0,0,0,0,0,0
400536,1,1,0,0,0,18,0,17,0,0,34,0
400537,0,1,0,0,0,0,0,0,0,0,0,0
400537,0,2,13,0,0,0,15,0,16,0,0,0
400537,1,1,0,6,0,0,19,0,0,0,0,10
400538,0,1,24,24,24,24,24,24,24,24,24,24
400538,1,1,0,0,0,0,0,0,0,0,0,0
400539,1,1,30,30,30,30,30,30,30,30,30,30
400540,1,1,40,40,40,40,40,40,40,40,40,40
400541,1,1,0,0,0,0,0,0,0,0,0,0
400542,0,1,0,0,0,0,0,0,0,0,0,0
400542,1,1,0,0,0,0,0,0,0,0,0,0
400543,1,1,0,0,28,0,12,34,20,0,30,20
400544,1,1,0,0,0,0,0,0,0,0,0,0
400545,1,1,0,0,0,0,0,0,0,0,0,0
400545,2,1,0,0,0,0,0,0,0,0,0,0
400546,1,1,0,0,0,0,0,0,0,0,0,0
400547,0,1,25,25,25,25,25,25,25,25,25,25
400547,1,1,0,0,0,22,0,0,0,0,0,0
400547,2,1,0,0,6,10,0,0,0,0,0,12
400548,1,1,0,0,0,0,0,0,0,0,0,0
400549,1,1,0,0,0,0,0,0,0,0,0,0
400549,2,1,15,0,0,10,0,0,24,0,0,0
400550,1,1,19,19,19,19,19,19,19,19,19,19
400551,1,1,12,12,12,12,12,12,12,12,12,12
400551,2,1,0,0,0,0,0,0,0,0,0,0
400552,1,1,28,28,28,28,28,28,28,28,28,28
400552,2,1,0,0,0,0,16,13,0,0,5,0
400553,1,1,0,0,0,0,0,0,0,0,0,0
400553,2,1,0,0,0,0,0,0,0,0,0,0
400554,1,1,0,0,0,0,0,0,0,0,0,0
400554,2,1,0,0,0,0,0,0,0,0,0,0
400555,1,1,0,0,0,0,0,0,0,0,0,0
400555,2,1,0,0,0,0,0,0,0,0,0,19
400556,0,1,0,0,0,0,0,0,0,0,0,0
400556,1,1,25,0,0,0,0,0,16,0,0,15
400557,1,1,0,0,0,0,0,0,0,0,0,0
400558,0,1,0,0,0,0,0,0,0,0,0,0
400558,1,1,0,0,0,0,0,0,0,0,0,0
400558,2,1,0,0,0,0,0,0,0,0,0,0
400558,3,1,0,0,0,0,0,0,0,0,0,0
400558,4,1,0,0,10,0,0,0,0,0,0,0
400559,1,1,0,0,0,0,0,0,0,0,0,0
400560,0,1,20,20,20,20,20,20,20,20,20,20
400560,1,1,0,0,0,0,0,0,0,0,0,0
400561,1,1,0,0,0,0,0,0,0,0,0,0
400561,2,1,0,0,0,0,0,0,0,0,0,0
400562,1,1,0,0,0,0,0,0,0,0,0,0
400562,2,1,0,0,0,0,0,0,0,0,0,0
400562,3,1,0,0,0,0,0,0,0,0,0,0
400562,4,1,0,0,0,0,0,0,0,0,0,0
400563,1,1,9,0,0,0,0,0,0,0,0,0
400565,1,1,0,0,0,0,0,0,0,0,0,0
400565,2,1,0,0,0,0,0,0,0,0,0,0
400566,1,1,19,19,19,19,19,19,19,19,19,19
400566,2,1,0,0,0,0,0,0,0,0,0,0
400567,0,1,0,0,0,0,0,0,0,0,0,0
400567,1,1,0,0,0,0,0,0,0,0,0,0
400568,1,1,0,0,0,0,0,0,0,0,0,0
400568,2,1,0,0,0,0,0,0,0,0,0,0
400569,1,1,0,0,0,0,0,0,0,0,0,0
400570,1,1,0,0,0,0,0,0,0,0,0,0
400571,1,1,0,0,0,0,0,0,0,0,0,0
400572,1,1,0,0,0,0,0,0,0,0,0,0
400573,1,1,0,0,0,15,0,0,0,0,0,8
400574,1,1,0,0,0,0,0,0,0,0,0,0
400574,2,1,0,0,0,0,0,0,0,0,0,0
400575,0,1,0,0,18,0,0,0,0,17,0,0
400575,1,1,0,0,0,0,0,0,0,0,0,0
400576,1,1,0,0,0,0,0,0,0,0,0,0
400576,2,1,0,0,0,0,0,0,0,0,0,0
400577,1,1,0,0,0,0,0,16,0,0,0,0
400577,2,1,0,13,0,0,0,0,0,0,0,0
400578,1,1,0,0,0,0,0,0,0,0,0,0
400578,2,1,0,0,0,0,0,0,0,0,0,0
400579,1,1,0,0,0,0,0,0,0,0,0,0
400579,2,1,0,0,0,0,0,0,0,0,0,0
400580,0,1,0,0,0,12,0,0,0,0,0,0
400580,1,1,20,20,20,20,20,20,20,20,20,20
400581,1,1,0,0,0,0,0,0,0,0,0,0
400582,1,1,7,7,7,7,7,7,7,7,7,7
400582,2,1,0,0,0,0,0,0,0,0,0,0
400583,1,1,0,0,0,0,0,0,0,0,0,0
400584,1,1,0,0,0,0,0,0,0,0,0,0
400584,2,1,0,0,0,0,0,0,0,0,0,0
400585,1,1,0,0,0,0,0,0,0,0,0,0
400585,2,1,0,0,0,0,0,0,0,0,0,0
400586,0,1,0,0,0,0,15,0,0,0,0,34
400586,1,1,0,0,0,0,0,0,0,0,0,0
400587,1,1,30,30,30,30,30,30,30,30,30,30
400587,2,1,0,0,0,0,0,0,0,0,0,0
400588,1,1,5,5,5,5,5,5,5,5,5,5
400589,1,1,0,0,0,0,0,0,0,0,0,0
400589,2,1,0,0,0,0,0,0,0,0,0,0
400590,1,1,0,0,0,0,0,0,0,0,0,0
400590,2,1,2,2,2,2,2,2,2,2,2,2
400591,1,1,0,0,0,0,0,0,0,0,0,0
400592,1,1,11,11,11,11,11,11,11,11,11,11
400593,1,1,0,27,0,11,11,0,0,0,9,9
400593,2,1,0,0,0,0,0,0,0,0,0,0
400594,1,1,0,0,0,0,0,0,0,0,0,0
400595,1,1,0,0,0,0,0,0,0,0,0,0
400595,2,1,8,8,8,8,8,8,8,8,8,8
400596,0,1,39,39,39,39,39,39,39,39,39,39
400596,1,1,10,0,0,0,8,8,0,0,13,0
400596,2,1,0,0,11,0,15,10,0,0,20,14
400596,3,1,0,0,0,0,10,0,0,0,0,0
400597,0,1,0,0,0,0,0,0,0,0,0,0
400597,1,1,29,29,29,29,29,29,29,29,29,29
400598,1,1,0,0,0,0,0,0,0,0,0,0
400599,1,1,0,0,0,0,0,0,0,0,0,0
400599,2,1,0,0,0,0,0,0,0,0,0,0
400600,1,1,0,0,0,0,0,0,0,0,0,0
400601,1,1,0,0,0,0,0,0,0,0,0,0
400602,1,1,0,0,0,0,0,0,0,0,0,0
400603,1,1,0,0,0,0,0,0,0,0,0,0
400603,2,1,0,0,6,0,10,0,0,0,0,0
400604,1,1,0,0,0,0,0,0,0,0,0,0
400605,1,1,0,0,0,0,0,0,0,0,0,0
400605,2,1,0,0,0,0,0,0,0,0,0,0
400605,3,1,0,0,0,0,0,0,0,0,0,0
400605,4,1,0,0,0,0,0,0,0,0,0,0
400605,5,1,0,0,0,0,0,0,0,0,0,0
400605,6,1,0,16,0,0,0,0,0,0,0,0
400605,7,1,0,0,0,0,0,0,0,0,0,0
400605,8,1,21,26,0,0,0,0,28,25,0,0
400606,1,1,0,0,0,0,0,0,0,0,0,0
400606,2,1,0,0,0,0,0,0,0,0,0,0
400607,1,1,0,7,20,7,16,24,25,9,12,0
400608,1,1,0,0,0,0,0,0,0,0,0,0
400608,2,1,0,0,0,0,0,0,0,0,0,0
400609,1,1,0,0,0,0,0,0,0,0,0,0
400609,2,1,0,0,12,0,15,0,0,0,0,0
400610,1,1,0,0,0,0,0,0,0,0,0,0
400610,2,1,0,0,0,0,0,0,0,0,0,0
400610,3,1,0,0,0,0,0,0,0,0,0,0
400611,1,1,0,0,0,0,0,0,0,0,0,0
400611,2,1,0,0,0,0,0,0,0,0,0,0
400612,1,1,4,21,8,17,21,12,35,21,21,21
400613,1,1,0,0,0,0,0,0,0,0,0,0
400614,1,1,27,18,23,29,21,17,25,24,32,14
400615,1,1,0,3,0,0,0,0,0,0,0,0
400615,2,1,0,0,0,0,0,0,0,0,0,4
400615,3,1,0,0,0,0,0,0,0,0,0,0
400616,1,1,0,0,0,0,0,0,0,0,0,0
400616,2,1,0,0,0,0,0,0,0,0,0,0
400617,1,1,0,0,0,0,0,0,0,0,0,0
400617,2,1,0,0,0,0,0,0,0,0,0,0
400617,3,1,0,0,0,0,0,0,0,0,0,0
400617,4,1,0,0,0,0,0,0,0,0,0,0
400618,1,1,18,18,18,18,18,18,18,18,18,18