ST_CASE,VEH_NO,PER_NO,P1,P2,P3,P4,P5,P6,P7,P8,P9,P10
400618,2,1,0,0,0,0,0,0,0,0,0,0
400619,1,1,0,0,0,0,0,0,0,0,0,0
400620,1,1,0,0,0,0,0,0,0,0,0,0
400620,2,1,0,0,0,0,0,0,0,0,0,16
400621,1,1,0,0,0,0,0,0,0,0,0,0
400621,2,1,0,0,0,0,0,0,0,0,0,0
400622,1,1,0,0,0,0,0,0,0,0,0,0
400623,1,1,18,18,18,18,18,18,18,18,18,18
400623,2,1,0,0,0,0,0,0,0,0,0,0
400624,0,1,0,0,0,0,0,0,0,0,0,0
400624,1,1,0,0,0,0,0,0,0,6,0,0
400625,1,1,0,0,0,0,0,0,0,0,0,0
400625,2,1,0,0,0,0,0,0,0,0,0,0
400626,1,1,0,0,0,0,0,0,0,0,0,0
410001,1,1,0,0,0,0,0,0,0,0,0,0
410001,2,1,0,0,0,0,0,0,0,0,0,0
410002,0,1,0,0,0,0,0,0,0,0,0,0
410002,1,1,0,0,0,0,0,0,0,0,0,0
410003,1,1,15,15,15,15,15,15,15,15,15,15
410004,1,1,23,23,23,23,23,23,23,23,23,23
410006,1,1,0,0,0,0,0,0,0,0,0,0
410007,1,1,0,0,0,0,0,0,0,0,0,0
410007,2,1,0,0,0,0,0,0,0,0,0,0
410008,1,1,0,0,0,0,0,0,0,0,0,0
410008,2,1,0,0,0,0,0,0,0,0,0,0
410009,1,1,0,0,0,0,0,0,0,0,0,0
410009,2,1,0,0,3,0,0,0,0,0,0,0
410010,1,1,0,0,0,0,0,0,0,0,0,0
410011,0,1,23,23,23,23,23,23,23,23,23,23
410011,1,1,0,0,0,0,0,0,0,0,0,0
410012,0,1,19,19,19,19,19,19,19,19,19,19
410012,1,1,0,0,0,0,0,0,0,0,0,0
410013,1,1,0,0,0,0,0,0,0,0,0,0
410013,2,1,0,0,0,0,0,0,0,0,0,0
410014,1,1,13,13,13,13,13,13,13,13,13,13
410014,2,1,0,0,0,0,0,0,0,0,0,0
410014,3,1,0,0,0,5,0,16,0,0,0,0
410015,0,1,24,24,24,24,24,24,24,24,24,24
410015,0,2,9,0,0,16,0,0,0,0,9,0
410015,1,1,20,20,20,20,20,20,20,20,20,20
410015,2,1,0,0,0,0,0,0,0,0,0,0
410016,1,1,21,21,21,21,21,21,21,21,21,21
410017,1,1,0,0,0,0,0,0,0,0,0,0
410017,2,1,0,0,0,0,0,0,0,0,0,0
410018,1,1,0,0,0,0,0,0,0,0,0,0
410019,1,1,16,16,16,16,16,16,16,16,16,16
410020,0,1,0,0,0,0,0,0,0,0,0,0
410020,1,1,0,0,0,0,0,0,0,0,0,0
410021,1,1,17,17,17,17,17,17,17,17,17,17
410022,1,1,0,0,0,0,0,0,0,0,0,0
410022,2,1,0,0,0,0,0,0,0,0,0,0
410023,1,1,0,0,0,0,0,0,0,0,0,0
410024,1,1,0,0,0,0,0,0,0,0,0,0
410025,1,1,2,2,2,2,2,2,2,2,2,2
410026,1,1,0,0,0,0,0,0,0,0,0,0
410026,2,1,0,0,0,0,0,0,0,0,0,0
410027,1,1,0,0,0,0,0,0,0,0,0,0
410028,1,1,0,0,0,0,0,0,0,0,0,0
410029,0,1,0,0,0,0,0,0,0,0,0,0
410029,1,1,0,0,0,19,0,0,0,0,0,0
410030,1,1,25,25,25,25,25,25,25,25,25,25
410031,1,1,20,20,20,20,20,20,20,20,20,20
410032,0,1,19,19,19,19,19,19,19,19,19,19
410032,1,1,0,0,0,0,0,0,0,0,0,0
410033,0,1,46,46,46,46,46,46,46,46,46,46
410033,1,1,0,0,0,0,0,0,0,0,0,0
410034,0,1,0,0,0,0,0,0,0,0,0,0
410034,1,1,0,0,0,0,0,0,0,0,0,0
410035,1,1,0,0,0,0,0,0,0,0,0,0
410035,2,1,0,0,0,0,0,0,0,0,0,0
410036,1,1,0,0,0,0,0,0,0,0,0,0
410037,0,1,0,0,0,0,0,0,0,0,0,0
410037,1,1,0,0,0,0,0,0,0,0,0,0
410038,1,1,0,0,0,0,0,0,0,0,0,0
410038,2,1,18,0,0,0,0,4,0,11,0,0
410039,1,1,18,18,18,18,18,18,18,18,18,18
410039,2,1,2,2,2,2,2,2,2,2,2,2
410040,0,1,23,23,23,23,23,23,23,23,23,23
410040,1,1,0,0,0,0,0,0,16,0,0,0
410040,2,1,0,0,0,0,0,0,0,0,0,0
410041,1,1,32,32,32,32,32,32,32,32,32,32
410042,1,1,16,16,16,16,16,16,16,16,16,16
410042,2,1,0,0,0,0,0,0,0,0,0,0
410043,1,1,0,0,0,0,0,0,0,0,0,0
410044,1,1,17,17,17,17,17,17,17,17,17,17
410045,0,1,27,27,27,27,27,27,27,27,27,27
410045,1,1,0,0,0,0,0,0,0,0,0,0
410047,1,1,0,0,0,0,0,0,0,0,0,0
410047,2,1,0,0,0,0,0,0,0,0,0,0
410047,3,1,0,0,0,0,0,0,0,0,0,0
410048,1,1,0,0,0,0,0,0,0,0,0,0
410048,2,1,0,0,0,0,0,0,0,0,0,0
410049,1,1,0,0,0,5,7,0,25,0,3,0
410049,2,1,0,0,0,0,0,0,0,0,0,0
410050,1,1,0,10,0,0,0,0,0,0,25,0
410050,2,1,0,0,0,0,0,0,0,0,0,16
410050,3,1,11,0,0,0,0,0,0,0,0,0
410050,4,1,0,0,0,0,0,0,0,0,0,0
410051,1,1,25,25,25,25,25,25,25,25,25,25
410052,1,1,14,14,14,14,14,14,14,14,14,14
410053,1,1,0,0,0,0,0,0,0,0,0,0
410053,2,1,0,0,0,0,0,0,0,0,0,0
410054,0,1,0,0,0,0,0,0,0,0,0,0
410054,1,1,0,0,10,0,0,0,10,0,15,5
410056,1,1,0,0,0,0,0,0,0,0,0,0
410057,1,1,0,0,0,0,0,0,0,0,0,0
410057,2,1,0,0,0,0,0,0,0,0,0,0
410058,0,1,0,0,0,0,0,0,0,0,0,0
410058,1,1,0,0,0,0,0,0,0,0,0,0
410059,1,1,23,23,23,23,23,23,23,23,23,23
410060,1,1,0,0,0,0,0,0,0,0,0,0
410061,1,1,0,0,0,0,0,0,0,0,0,0
410061,2,1,0,0,0,0,0,18,0,0,0,0
410061,3,1,0,0,0,0,0,0,0,0,0,0
410062,1,1,0,0,0,0,0,0,0,0,0,0
410062,2,1,0,0,0,0,0,0,0,0,0,0
410063,1,1,22,22,22,22,22,22,22,22,22,22
410063,2,1,7,7,7,7,7,7,7,7,7,7
410064,1,1,0,0,0,0,0,0,0,0,0,0
410064,2,1,0,0,0,0,0,0,0,0,0,0
410065,1,1,0,0,0,0,0,0,0,0,0,0
410065,2,1,0,0,0,0,0,0,0,0,0,0
410066,1,1,12,12,12,12,12,12,12,12,12,12
410067,1,1,6,6,6,6,6,6,6,6,6,6
410067,2,1,0,11,0,13,0,8,0,0,0,0
410068,1,1,0,0,0,0,0,0,0,0,0,0
410069,1,1,18,18,18,18,18,18,18,18,18,18
410070,0,1,0,6,0,0,12,0,22,33,0,0
410070,0,2,0,0,9,0,0,0,15,0,0,0
410070,0,3,15,0,8,0,0,0,0,14,0,11
410070,0,4,0,11,0,0,39,0,0,0,0,0
410070,1,1,10,10,10,10,10,10,10,10,10,10
410071,1,1,10,10,10,10,10,10,10,10,10,10
410072,1,1,0,0,0,0,0,0,0,0,0,0
410073,0,1,0,0,0,0,0,0,0,0,0,0
410073,1,1,0,0,0,0,0,0,0,0,0,0
410074,1,1,0,0,0,0,0,0,0,0,0,0
410074,2,1,0,0,0,0,0,0,0,0,0,16
410075,1,1,0,0,13,0,0,0,0,0,0,0
410075,2,1,0,0,0,0,0,0,0,0,0,0
410076,1,1,22,22,22,22,22,22,22,22,22,22
410077,1,1,0,0,0,0,0,0,0,0,0,0
410077,2,1,0,0,0,0,0,0,0,0,0,0
410078,0,1,31,31,31,31,31,31,31,31,31,31
410078,1,1,0,0,0,0,0,0,0,13,0,0
410079,1,1,10,10,10,10,10,10,10,10,10,10
410080,1,1,0,0,0,0,0,0,0,0,0,0
410080,2,1,0,0,0,0,0,0,0,3,0,0
410081,1,1,7,7,7,7,7,7,7,7,7,7
410082,1,1,12,12,12,12,12,12,12,12,12,12
410082,2,1,0,0,0,0,0,0,0,0,0,0
410083,1,1,0,0,0,0,0,0,0,0,0,0
410084,1,1,0,0,0,0,0,0,0,0,0,0
410084,2,1,0,0,0,0,0,0,0,0,0,0
410085,1,1,19,19,19,19,19,19,19,19,19,19
410085,2,1,11,11,11,11,11,11,11,11,11,11
410086,1,1,0,0,0,0,0,0,0,0,0,0
410086,2,1,0,0,0,0,0,0,0,0,0,0
410086,3,1,0,0,0,0,0,0,0,0,0,0
410087,1,1,13,0,16,0,10,0,2,16,0,31
410088,1,1,28,28,28,28,28,28,28,28,28,28
410089,0,1,19,19,19,19,19,19,19,19,19,19
410089,1,1,28,28,28,28,28,28,28,28,28,28
410090,1,1,0,0,0,0,0,0,0,0,0,0
410090,2,1,0,0,0,0,0,0,0,0,0,0
410091,0,1,0,0,0,0,0,0,0,0,0,0
410091,1,1,0,0,0,0,0,0,0,0,0,0
410092,1,1,0,0,0,0,0,0,0,0,0,0
410093,1,1,0,0,0,0,0,0,0,0,0,7
410093,2,1,0,0,0,0,0,0,0,0,0,0
410094,1,1,5,5,5,5,5,5,5,5,5,5
410094,2,1,0,0,0,0,0,0,0,0,0,0
410094,3,1,0,0,0,6,0,0,0,0,0,0
410095,0,1,0,0,0,0,0,0,0,0,0,0
410095,1,1,16,16,16,16,16,16,16,16,16,16
410096,1,1,0,0,0,0,0,0,0,0,0,0
410096,2,1,0,0,0,0,0,0,0,0,0,0
410096,3,1,0,0,0,0,0,0,0,0,12,0
410097,1,1,6,6,6,6,6,6,6,6,6,6
410097,2,1,0,7,0,11,25,0,0,0,0,0
410098,1,1,0,0,0,0,0,0,0,0,0,0
410099,1,1,20,20,20,20,20,20,20,20,20,20
410100,1,1,0,0,0,0,0,0,0,0,0,0
410101,1,1,15,15,15,15,15,15,15,15,15,15
410102,1,1,25,0,0,0,0,0,0,0,0,0
410102,2,1,0,0,0,0,0,0,0,0,0,0
410103,1,1,0,0,0,0,0,0,0,0,0,0
410104,1,1,0,0,0,0,0,0,0,0,0,0
410104,2,1,0,0,0,0,0,0,0,0,0,0
410105,1,1,0,0,0,0,0,0,0,0,0,0
410105,2,1,0,0,0,0,0,0,0,0,0,0
410106,1,1,0,0,0,0,0,0,0,0,0,0
410107,1,1,0,0,6,20,0,13,0,0,0,0
410108,1,1,0,0,0,0,0,0,0,0,0,0
410108,2,1,0,0,0,0,0,0,0,0,0,0
410109,1,1,0,0,0,0,0,0,0,0,0,0
410110,1,1,0,15,0,0,0,0,0,0,0,0
410110,2,1,0,0,0,0,0,0,0,0,0,0
410111,1,1,18,18,18,18,18,18,18,18,18,18
410111,2,1,0,0,0,0,0,0,0,0,0,0
410112,1,1,0,0,0,0,0,0,0,0,0,0
410113,1,1,16,16,16,16,16,16,16,16,16,16
410114,1,1,28,28,28,28,28,28,28,28,28,28
410115,1,1,27,27,27,27,27,27,27,27,27,27
410116,1,1,0,0,0,0,0,0,0,0,0,0
410116,2,1,0,0,0,0,0,0,0,0,0,0
410117,1,1,16,16,16,16,16,16,16,16,16,16
410117,2,1,0,0,0,0,0,0,0,0,0,0
410118,1,1,0,0,0,0,0,0,0,0,0,0
410118,2,1,4,0,0,0,0,0,0,0,0,0
410119,1,1,0,0,0,0,0,0,0,0,0,0
410119,2,1,0,0,0,0,0,2,0,0,0,0
410119,3,1,0,0,6,0,0,0,0,0,0,0
410120,1,1,14,14,14,14,14,14,14,14,14,14
410121,1,1,5,5,5,5,5,5,5,5,5,5
410122,1,1,26,26,26,26,26,26,26,26,26,26
410123,1,1,20,20,20,20,20,20,20,20,20,20
410124,1,1,20,20,20,20,20,20,20,20,20,20
410125,0,1,14,14,14,14,14,14,14,14,14,14
410125,1,1,0,0,0,0,0,0,7,0,0,0
410126,1,1,6,6,6,6,6,6,6,6,6,6
410126,2,1,0,0,0,11,0,0,0,0,0,0
410127,1,1,22,22,22,22,22,22,22,22,22,22
410128,1,1,0,0,0,0,0,0,0,0,0,0
410129,1,1,0,0,0,0,0,0,0,0,0,0
410130,0,1,0,0,0,0,0,0,0,0,0,0
410130,0,2,19,0,0,0,0,0,0,0,0,0
410130,1,1,0,0,0,0,0,0,0,0,0,0
410131,1,1,0,0,0,0,0,0,0,0,0,0
410131,2,1,0,0,0,0,0,0,0,0,0,0
410131,3,1,0,0,0,0,0,0,0,0,0,0
410132,1,1,0,0,0,0,0,0,0,0,0,0
410132,2,1,10,10,10,10,10,10,10,10,10,10
410133,1,1,19,19,19,19,19,19,19,19,19,19
410134,1,1,20,20,20,20,20,20,20,20,20,20
410135,1,1,0,0,0,0,0,0,0,0,0,0
410136,1,1,0,0,0,0,0,0,0,0,0,0
410136,2,1,0,0,0,0,0,0,0,0,0,0
410137,1,1,26,26,26,26,26,26,26,26,26,26
410138,1,1,0,0,0,0,0,0,0,0,0,0
410138,2,1,0,0,0,0,0,0,0,0,0,0
410139,1,1,0,0,0,0,0,0,0,0,0,0
410139,2,1,0,10,0,0,0,0,0,0,16,0
410140,1,1,0,0,0,0,0,0,0,0,0,0
410141,0,1,0,0,0,0,0,0,0,0,0,0
410141,1,1,0,0,0,0,0,0,0,0,0,0
410142,1,1,0,0,0,0,0,0,0,0,0,0
410143,1,1,15,15,15,15,15,15,15,15,15,15
410144,1,1,8,8,8,8,8,8,8,8,8,8
410145,1,1,0,0,0,0,0,0,0,0,0,0
410146,1,1,27,27,27,27,27,27,27,27,27,27
410146,2,1,0,0,0,0,0,0,0,0,0,0
410147,1,1,0,0,0,0,0,0,0,0,0,0
410147,2,1,0,0,0,0,0,0,0,0,0,0
410148,0,1,0,0,0,0,0,0,0,0,0,0
410148,1,1,0,0,0,0,0,3,17,0,0,0
410149,1,1,28,28,28,28,28,28,28,28,28,28
410150,1,1,0,0,0,0,0,0,0,0,0,0
410151,1,1,0,0,0,0,0,0,0,0,0,0
410151,2,1,0,0,0,0,4,0,0,0,0,0
410152,1,1,20,20,20,20,20,20,20,20,20,20
410152,2,1,0,0,0,0,0,0,0,0,0,0
410153,0,1,48,48,48,48,48,48,48,48,48,48
410153,1,1,0,0,0,0,0,0,0,0,0,0
410153,2,1,0,0,0,0,0,0,0,0,0,0
410154,1,1,0,0,0,0,0,0,0,0,0,0
410154,2,1,0,0,0,0,0,0,0,0,0,0
410155,1,1,0,0,0,0,0,0,0,0,0,0
410156,1,1,0,0,0,0,0,0,0,0,0,0
410156,2,1,0,0,0,0,0,0,0,9,0,0
410157,1,1,0,0,0,0,0,0,0,0,0,0
410157,2,1,0,0,0,0,0,0,0,0,0,0
410158,1,1,0,0,0,0,0,0,0,0,0,0
410159,1,1,0,0,0,0,0,0,0,0,0,0
410159,2,1,0,0,0,0,0,0,0,0,0,0
410160,1,1,0,0,0,0,0,0,0,0,0,0
410160,2,1,0,0,0,0,0,0,0,0,0,0
410160,3,1,0,0,0,0,0,0,0,0,0,0
410161,1,1,0,0,0,0,0,0,0,0,0,0
410161,2,1,0,0,9,0,0,0,0,0,0,0
410161,3,1,0,0,0,0,16,0,0,0,0,0
410162,1,1,21,21,21,21,21,21,21,21,21,21
410163,1,1,0,0,0,0,0,0,0,0,0,0
410164,1,1,18,18,18,18,18,18,18,18,18,18
410165,1,1,16,16,16,16,16,16,16,16,16,16
410166,1,1,17,17,17,17,17,17,17,17,17,17
410166,2,1,0,0,0,0,0,0,0,0,0,0
410167,1,1,13,13,13,13,13,13,13,13,13,13
410168,1,1,0,0,0,0,0,0,0,0,0,0
410168,2,1,0,0,0,0,0,0,0,0,0,0
410168,3,1,0,0,0,0,0,0,0,0,0,0
410169,1,1,0,0,0,0,0,0,0,0,0,0
410170,1,1,0,0,0,0,0,0,0,0,0,0
410170,2,1,0,0,0,0,0,0,0,0,0,0
410171,1,1,0,0,0,0,0,0,0,0,0,0
410171,2,1,0,0,0,0,0,0,0,0,0,0
410172,1,1,18,18,18,18,18,18,18,18,18,18
410173,1,1,0,0,0,0,0,0,0,0,0,0
410173,2,1,0,0,0,0,0,0,0,0,0,0
410173,3,1,0,0,0,0,0,0,0,0,0,0
410174,1,1,20,20,20,20,20,20,20,20,20,20
410175,1,1,9,9,9,9,9,9,9,9,9,9
410175,2,1,2,2,2,2,2,2,2,2,2,2
410176,1,1,0,0,0,0,0,0,0,0,0,0
410177,1,1,0,0,0,0,0,0,0,0,0,0
410178,1,1,10,10,10,10,10,10,10,10,10,10
410179,1,1,0,0,0,0,0,0,0,0,15,0
410180,1,1,0,0,0,0,8,0,0,0,0,0
410181,1,1,0,0,0,0,0,0,0,0,0,0
410182,1,1,0,0,0,0,0,0,0,0,0,0
410183,0,1,0,0,0,0,0,0,0,0,0,0
410183,1,1,0,0,0,0,0,0,0,0,0,0
410184,1,1,18,18,18,18,18,18,18,18,18,18
410185,1,1,0,11,21,12,13,13,12,5,5,5
410185,2,1,0,0,0,0,0,0,0,0,0,0
410186,1,1,18,18,18,18,18,18,18,18,18,18
410187,1,1,0,0,0,0,0,0,0,0,0,0
410188,1,1,0,0,0,0,0,0,0,0,0,0
410188,2,1,0,0,0,0,0,0,0,0,0,0
410189,1,1,25,25,25,25,25,25,25,25,25,25
410189,2,1,0,0,0,0,0,0,0,0,0,0
410190,1,1,6,6,6,6,6,6,6,6,6,6
410191,1,1,0,0,0,0,0,0,0,0,0,0
410192,1,1,31,31,31,31,31,31,31,31,31,31
410192,2,1,0,0,0,0,0,0,0,0,0,0
410193,1,1,15,15,15,15,15,15,15,15,15,15
410194,1,1,0,0,22,0,11,0,0,0,0,0
410195,1,1,0,0,0,0,0,0,0,0,0,0
410196,1,1,0,0,0,0,0,0,0,0,0,0
410196,2,1,0,0,0,0,0,0,0,0,0,0
410197,1,1,20,20,20,20,20,20,20,20,20,20
410198,1,1,0,0,0,0,0,0,10,0,12,0
410199,0,1,36,36,36,36,36,36,36,36,36,36
410199,1,1,7,7,7,7,7,7,7,7,7,7
410200,0,1,0,0,0,0,0,0,0,0,0,0
410200,1,1,0,0,0,0,0,0,0,0,0,0
410201,1,1,4,23,9,17,10,0,25,26,0,27
410202,1,1,0,0,0,0,0,0,0,0,0,0
410203,1,1,5,5,5,5,5,5,5,5,5,5
410204,0,1,0,0,0,0,0,0,0,0,0,0
410204,1,1,0,0,0,0,0,0,0,0,0,0
410205,0,1,19,19,19,19,19,19,19,19,19,19
410205,1,1,0,0,0,0,28,0,0,0,0,0
410206,1,1,0,0,0,0,0,0,0,0,0,0
410206,2,1,0,0,0,0,0,0,0,0,0,0
410207,1,1,14,14,14,14,14,14,14,14,14,14
410208,0,1,0,0,0,0,0,0,0,0,0,0
410208,1,1,0,0,0,0,0,0,0,0,0,0
410209,1,1,0,0,0,0,0,0,0,0,0,0
410210,1,1,0,6,28,13,16,12,0,0,12,20
410211,0,1,0,0,0,0,0,0,0,0,0,0
410211,1,1,0,0,0,0,0,0,0,0,0,0
410212,1,1,6,6,6,6,6,6,6,6,6,6
410213,1,1,0,0,0,0,0,0,0,0,0,0
410213,2,1,0,0,0,0,0,0,0,0,0,0
410213,3,1,0,0,0,0,0,0,0,0,0,0
410214,1,1,0,0,0,0,0,0,0,0,0,0
410215,1,1,0,0,0,0,0,0,0,0,0,0
410215,2,1,0,0,0,0,0,0,0,3,0,27
410215,3,1,0,0,0,0,0,0,0,0,0,0
410216,1,1,24,24,24,24,24,24,24,24,24,24
410218,1,1,0,0,0,0,0,0,0,0,0,0
410218,2,1,0,0,0,0,0,0,0,0,0,0
410219,1,1,0,0,0,0,0,0,0,0,0,0
410219,2,1,15,15,15,15,15,15,15,15,15,15
410220,1,1,18,18,18,18,18,18,18,18,18,18
410221,1,1,0,0,0,0,0,0,0,0,0,0
410221,2,1,0,0,0,0,0,0,0,0,0,0
410222,1,1,0,0,0,0,0,0,0,0,0,0
410223,1,1,21,21,21,21,21,21,21,21,21,21
410224,1,1,19,19,19,19,19,19,19,19,19,19
410225,1,1,0,0,0,0,0,0,0,0,0,0
410226,1,1,13,24,15,17,0,0,17,22,26,25
410227,1,1,0,0,0,0,0,0,11,0,0,0
410228,0,1,0,0,0,0,0,0,0,0,0,0
410229,0,1,0,0,0,0,0,0,0,0,0,0
410229,1,1,0,0,0,0,0,0,0,0,0,0
410230,1,1,0,0,0,0,0,0,0,0,0,0
410231,0,1,0,0,0,0,0,0,0,0,0,0
410231,1,1,0,0,0,0,0,0,0,0,0,0
410231,2,1,26,13,0,7,0,0,0,23,0,0
410232,0,1,0,0,0,0,0,0,0,0,0,0
410232,1,1,0,0,0,0,0,0,0,0,0,0
410233,0,1,0,0,0,0,0,0,0,0,0,0
410233,0,2,0,0,0,0,0,0,0,0,0,0
410233,1,1,3,0,0,0,0,0,0,0,0,0
410234,1,1,0,0,0,0,0,0,0,0,0,0
410235,1,1,0,0,0,0,0,0,0,0,0,0
410235,2,1,0,0,0,0,0,3,0,0,0,0
410236,1,1,0,0,0,0,0,0,0,0,0,0
410236,2,1,0,0,0,0,0,0,0,0,0,0
410237,1,1,0,0,0,0,0,0,0,0,0,0
410237,2,1,0,0,0,0,0,0,0,0,0,0
410238,1,1,0,0,14,0,0,0,22,0,0,0
410239,0,1,0,9,0,0,16,16,0,0,47,0
410239,1,1,0,0,0,0,0,0,16,0,0,0
410240,1,1,20,20,20,20,20,20,20,20,20,20
410241,1,1,18,18,18,18,18,18,18,18,18,18
410241,2,1,13,0,0,0,0,0,0,0,0,0
410242,1,1,13,13,13,13,13,13,13,13,13,13
410242,2,1,0,0,0,0,0,0,0,0,0,0
410243,1,1,0,0,0,0,0,0,0,0,0,0
410243,2,1,0,0,0,0,0,0,0,0,0,0
410243,3,1,0,0,11,0,0,0,0,6,0,0
410244,1,1,0,0,0,0,0,0,0,0,0,0
410244,2,1,0,0,0,0,0,0,0,0,0,0
410245,1,1,9,15,22,30,0,3,14,8,9,13
410246,1,1,32,32,32,32,32,32,32,32,32,32
410246,2,1,0,0,0,0,0,0,0,0,0,0
410246,3,1,0,0,0,0,0,0,0,0,0,0
410246,4,1,0,0,0,0,0,0,0,0,0,0
410247,0,1,0,10,0,0,0,19,0,0,0,14
410247,1,1,0,0,0,0,0,0,0,0,0,0
410248,1,1,12,13,13,23,25,23,15,24,14,19
410249,0,1,29,29,29,29,29,29,29,29,29,29
410249,1,1,0,0,0,0,0,0,0,0,0,0
410250,1,1,9,9,9,9,9,9,9,9,9,9
410251,1,1,0,0,0,0,0,0,0,0,0,0
410251,2,1,0,0,0,0,0,0,0,0,0,0
410252,0,1,0,0,0,0,0,0,0,0,0,0
410252,1,1,0,0,0,0,0,0,0,0,0,0
410253,0,1,24,24,24,24,24,24,24,24,24,24
410253,0,2,14,14,30,24,23,12,12,29,20,33
410253,1,1,0,0,0,0,0,0,0,0,0,0
410254,1,1,23,23,23,23,23,23,23,23,23,23
410255,1,1,12,12,12,12,12,12,12,12,12,12
410256,0,1,0,0,0,0,0,0,0,0,0,0
410256,1,1,0,0,0,0,0,0,0,0,0,0
410257,1,1,0,0,0,0,0,0,0,0,0,0
410257,2,1,0,0,0,0,0,0,0,0,0,0
410258,0,1,0,0,0,0,0,0,0,0,0,0
410258,1,1,0,0,0,0,0,0,0,0,0,0
410259,1,1,0,0,0,0,0,0,0,0,0,0
410259,2,1,0,0,0,0,0,0,0,0,0,0
410259,3,1,0,0,25,0,0,0,0,0,0,0
410260,1,1,19,19,19,19,19,19,19,19,19,19
410260,2,1,18,18,18,18,18,18,18,18,18,18
410261,1,1,25,25,25,25,25,25,25,25,25,25
410261,2,1,0,0,0,11,0,0,0,0,0,0
410262,1,1,6,25,23,10,0,0,0,0,36,0
410263,0,1,0,0,0,0,0,0,0,0,0,0
410263,0,2,0,23,0,36,23,0,10,9,0,31
410263,1,1,13,13,13,13,13,13,13,13,13,13
410264,1,1,0,0,0,0,0,0,0,0,0,0
410265,1,1,0,0,0,0,0,0,0,0,0,0
410265,2,1,0,0,0,0,0,0,0,0,0,0
410265,3,1,0,0,0,0,0,0,7,18,0,0
410266,1,1,19,19,19,19,19,19,19,19,19,19
410267,1,1,0,0,0,0,0,0,0,0,0,0
410268,0,1,0,0,0,0,0,0,0,0,0,0
410268,1,1,0,0,0,0,0,0,0,0,0,0
410269,1,1,0,0,0,0,0,0,0,0,0,0
410271,1,1,6,6,6,6,6,6,6,6,6,6
410271,2,1,0,0,0,0,0,0,0,0,0,0
410272,0,1,22,22,22,22,22,22,22,22,22,22
410273,0,1,0,0,0,0,0,0,0,0,0,0
410273,1,1,0,0,0,0,0,0,0,0,0,0
410274,1,1,0,0,0,0,0,0,0,0,0,0
410274,2,1,0,0,0,10,0,0,0,0,0,0
410275,1,1,0,0,0,0,0,0,0,0,0,0
410276,0,1,0,0,0,0,0,0,0,0,0,0
410276,1,1,0,0,0,0,0,0,0,0,0,0
410277,1,1,0,0,0,0,0,0,0,0,0,0
410278,1,1,0,0,0,0,0,0,0,0,0,0
410279,0,1,21,21,21,21,21,21,21,21,21,21
410279,1,1,0,0,0,0,0,0,0,0,0,0
410280,1,1,0,0,0,0,0,0,0,0,0,0
410280,2,1,0,0,0,0,0,0,0,0,0,0
410281,0,1,8,8,8,8,8,8,8,8,8,8
410281,1,1,0,0,0,0,0,0,0,0,0,0
410282,1,1,0,0,0,0,0,0,0,0,0,0
410282,2,1,0,0,0,0,0,0,0,0,0,0
410283,1,1,18,18,18,18,18,18,18,18,18,18
410283,2,1,20,20,20,20,20,20,20,20,20,20
410284,1,1,15,15,15,15,15,15,15,15,15,15
410285,1,1,3,7,8,23,20,21,25,24,5,26
410286,1,1,20,20,20,20,20,20,20,20,20,20
410286,2,1,3,3,3,3,3,3,3,3,3,3
410287,1,1,7,7,7,7,7,7,7,7,7,7
410288,1,1,0,0,0,0,0,0,0,0,0,0
410289,1,1,0,0,0,0,0,0,0,0,0,0
410289,2,1,0,0,0,0,0,0,0,0,0,0
410290,1,1,0,0,0,0,0,0,0,0,0,0
410291,0,1,0,0,0,0,0,0,0,0,0,0
410291,1,1,0,0,0,0,0,0,0,0,0,0
410292,1,1,15,0,19,25,0,17,0,0,0,10
410292,2,1,13,10,12,15,26,11,17,10,5,9
410293,0,1,0,0,0,0,0,0,0,0,0,0
410293,1,1,0,0,0,0,0,0,0,0,0,0
410294,0,1,22,22,22,22,22,22,22,22,22,22
410294,0,2,0,0,0,0,0,0,0,0,0,0
410294,1,1,0,14,21,0,0,0,11,0,0,0
410295,1,1,10,10,10,10,10,10,10,10,10,10
410296,1,1,0,0,0,0,0,0,0,0,0,6
410297,1,1,0,0,0,0,0,0,0,0,0,0
410297,2,1,0,0,0,0,0,27,0,16,0,0
420001,1,1,0,0,0,0,0,0,0,0,0,0
420002,1,1,11,0,0,0,0,0,0,31,0,0
420003,1,1,34,34,34,34,34,34,34,34,34,34
420003,2,1,0,0,0,0,0,0,0,0,0,0
420004,1,1,0,0,0,0,0,0,0,0,0,0