ST_CASE,VEH_NO,PER_NO,P1,P2,P3,P4,P5,P6,P7,P8,P9,P10
420004,2,1,0,0,0,0,0,0,0,0,0,0
420005,1,1,21,21,21,21,21,21,21,21,21,21
420005,2,1,0,0,0,0,0,0,0,0,0,0
420006,0,1,24,24,24,24,24,24,24,24,24,24
420006,1,1,0,0,0,0,0,0,0,0,0,0
420007,1,1,0,0,0,0,0,0,0,0,0,0
420007,2,1,0,0,0,0,0,0,0,0,0,0
420008,1,1,0,0,0,0,0,0,0,0,0,0
420008,2,1,0,0,0,0,0,0,0,0,0,0
420009,1,1,0,0,0,0,0,0,0,0,0,0
420010,1,1,0,0,0,0,0,0,0,0,0,0
420011,1,1,18,18,18,18,18,18,18,18,18,18
420012,1,1,0,0,0,0,0,0,0,0,0,5
420013,1,1,13,13,13,13,13,13,13,13,13,13
420014,1,1,16,16,16,16,16,16,16,16,16,16
420015,1,1,31,31,31,31,31,31,31,31,31,31
420016,1,1,0,0,0,0,0,0,0,0,0,0
420017,1,1,22,22,22,22,22,22,22,22,22,22
420018,0,1,0,0,0,0,0,0,0,0,0,0
420018,1,1,0,0,0,0,0,0,0,0,0,0
420019,1,1,0,0,0,0,0,0,0,0,0,0
420020,0,1,0,0,0,6,0,17,0,0,0,0
420020,1,1,0,0,0,0,0,0,0,0,0,0
420021,1,1,0,22,7,15,32,16,0,17,0,26
420022,0,1,0,0,0,0,0,0,0,10,0,0
420022,1,1,0,0,0,0,0,0,0,0,0,0
420023,1,1,0,0,0,0,0,0,0,0,0,0
420024,0,1,0,0,0,0,0,0,0,0,0,0
420024,1,1,7,10,5,0,18,0,6,21,0,0
420025,1,1,0,0,0,0,15,0,0,0,0,0
420026,1,1,14,14,14,14,14,14,14,14,14,14
420027,0,1,0,0,0,0,0,0,0,0,0,0
420027,1,1,14,14,14,14,14,14,14,14,14,14
420028,0,1,0,0,0,0,0,0,0,0,0,0
420028,1,1,0,0,0,0,0,0,0,0,0,0
420029,1,1,0,0,0,0,0,0,0,0,0,0
420030,1,1,0,0,0,0,0,27,0,52,0,6
420031,1,1,0,0,0,0,0,0,0,0,0,0
420032,1,1,0,0,0,0,0,0,0,0,0,0
420032,2,1,0,0,0,0,0,0,0,0,0,0
420033,1,1,0,0,0,0,0,0,0,0,0,0
420034,1,1,0,0,0,0,0,0,0,0,0,0
420035,1,1,0,0,0,0,0,0,0,0,0,0
420035,2,1,0,16,0,0,0,0,0,0,0,0
420035,3,1,0,0,0,0,0,0,0,0,0,0
420036,1,1,0,0,0,0,0,0,0,0,0,0
420037,1,1,0,0,0,0,0,0,0,0,0,0
420037,2,1,0,0,0,0,0,0,0,0,0,0
420037,3,1,0,0,0,0,0,0,0,0,0,0
420038,0,1,20,20,20,20,20,20,20,20,20,20
420038,1,1,0,0,0,19,5,0,0,0,0,0
420039,1,1,18,18,18,18,18,18,18,18,18,18
420040,1,1,0,0,0,0,0,0,0,0,0,0
420041,0,1,0,0,0,0,0,0,0,0,0,0
420041,1,1,0,0,0,0,0,0,0,0,0,0
420042,1,1,0,0,0,0,0,0,0,0,0,0
420042,2,1,15,0,0,0,0,0,0,0,0,0
420043,1,1,23,23,23,23,23,23,23,23,23,23
420043,2,1,0,0,0,0,0,0,0,0,0,0
420044,1,1,0,0,0,0,0,4,0,0,0,0
420044,2,1,0,0,0,0,0,0,0,0,0,0
420044,3,1,0,0,0,0,0,0,0,0,0,0
420045,1,1,0,0,0,0,0,0,0,0,0,0
420045,2,1,0,0,0,0,0,0,0,0,0,0
420045,3,1,0,0,0,0,0,0,0,0,0,0
420046,1,1,10,10,10,10,10,10,10,10,10,10
420047,0,1,14,14,14,14,14,14,14,14,14,14
420047,1,1,0,0,0,0,0,0,0,0,0,0
420048,1,1,0,0,0,0,0,0,0,0,0,0
420049,1,1,0,0,0,0,0,0,0,0,0,0
420050,1,1,0,0,0,0,0,0,0,0,0,0
420051,1,1,0,0,0,0,0,0,0,0,0,0
420052,1,1,11,11,11,11,11,11,11,11,11,11
420053,1,1,0,0,0,0,0,0,0,0,0,0
420053,2,1,0,0,0,0,0,0,0,0,0,0
420053,3,1,0,0,0,0,0,0,0,0,0,0
420053,4,1,0,0,0,0,0,0,0,0,0,0
420054,1,1,28,0,0,0,0,17,0,0,0,0
420055,1,1,17,0,0,0,0,0,0,3,0,6
420056,1,1,29,29,29,29,29,29,29,29,29,29
420057,1,1,0,0,0,0,0,0,0,0,0,0
420058,0,1,0,0,0,0,0,0,0,0,0,0
420058,1,1,0,0,0,0,13,20,0,0,0,0
420059,1,1,0,0,0,0,0,0,0,0,0,0
420059,2,1,0,0,0,0,0,0,0,0,0,0
420060,0,1,0,0,0,0,0,0,0,0,0,0
420060,1,1,0,0,0,0,14,0,0,0,10,0
420060,2,1,0,11,0,0,0,0,0,0,10,21
420061,1,1,0,0,0,0,0,0,0,0,0,0
420061,2,1,0,20,0,0,0,0,0,0,0,0
420062,1,1,0,0,0,0,0,0,0,0,0,0
420062,2,1,0,0,0,0,0,0,0,0,0,0
420062,3,1,0,0,3,0,0,0,0,0,0,0
420063,0,1,0,0,0,0,0,0,0,0,0,0
420063,1,1,7,0,0,0,0,0,0,0,0,0
420064,1,1,0,0,0,0,0,0,0,0,0,0
420064,2,1,0,22,18,0,0,0,0,0,0,0
420065,1,1,0,0,0,0,0,0,0,0,0,0
420065,2,1,0,0,0,0,0,0,0,0,0,0
420066,1,1,0,2,0,0,17,0,9,0,0,0
420067,1,1,24,24,24,24,24,24,24,24,24,24
420067,2,1,12,12,12,12,12,12,12,12,12,12
420068,1,1,0,0,0,0,0,0,0,0,0,0
420068,2,1,0,0,0,0,0,0,0,0,0,0
420069,1,1,0,0,0,0,0,0,0,0,0,0
420069,2,1,0,0,0,0,0,0,0,0,0,0
420070,1,1,0,0,0,0,0,0,0,0,0,0
420070,2,1,0,22,0,0,0,0,30,0,0,0
420071,1,1,0,0,0,0,0,0,0,0,0,0
420071,2,1,0,0,0,0,0,0,0,0,0,0
420072,1,1,0,0,0,0,0,0,0,0,0,0
420072,2,1,14,14,14,14,14,14,14,14,14,14
420073,1,1,0,0,0,0,0,0,0,0,0,0
420073,2,1,0,0,0,0,0,0,0,0,0,0
420074,1,2,0,0,0,0,0,0,0,0,0,0
420074,2,1,0,0,0,0,0,0,0,0,0,0
420075,1,1,0,0,0,0,0,0,0,0,0,0
420076,1,1,21,21,21,21,21,21,21,21,21,21
420076,2,1,0,0,0,0,0,0,0,0,0,0
420077,1,1,0,0,0,0,0,0,0,0,0,0
420078,1,1,19,19,19,19,19,19,19,19,19,19
420078,2,1,0,0,20,0,0,0,0,0,0,0
420079,1,1,0,0,0,0,0,0,0,0,0,0
420079,2,1,0,10,15,0,0,0,0,7,0,13
420080,1,1,0,0,0,0,0,0,0,0,0,0
420080,2,1,0,0,0,0,0,0,0,0,0,0
420081,1,1,9,9,9,9,9,9,9,9,9,9
420082,1,1,0,0,0,0,0,0,0,0,0,0
420082,2,1,0,0,0,0,0,0,0,0,0,0
420083,1,1,0,0,0,0,0,0,0,0,0,0
420083,2,1,0,0,0,0,0,0,0,0,0,0
420084,1,1,17,17,17,17,17,17,17,17,17,17
420085,1,1,23,23,23,23,23,23,23,23,23,23
420085,2,1,0,0,0,0,0,0,16,0,0,0
420086,1,1,0,0,0,0,0,0,0,0,0,0
420087,1,1,13,0,24,19,9,12,11,10,25,22
420088,1,1,12,11,16,12,27,10,6,17,28,13
420089,1,1,31,31,31,31,31,31,31,31,31,31
420090,1,1,9,10,16,31,6,7,11,4,13,18
420090,2,1,4,0,38,12,24,11,11,0,28,10
420091,1,1,0,0,0,0,0,0,0,0,0,0
420091,2,1,0,0,0,0,0,0,0,2,6,0
420092,1,1,0,0,0,0,0,0,0,0,0,0
420092,2,1,0,0,0,0,0,0,0,0,0,0
420093,1,1,0,0,0,0,0,0,0,0,0,0
420093,2,1,0,6,0,0,0,0,12,0,0,0
420094,1,1,0,0,0,0,0,0,0,0,0,0
420094,2,1,0,0,0,0,0,0,0,0,0,0
420095,0,1,0,0,0,0,0,0,0,0,0,0
420095,1,1,0,0,0,0,0,0,0,0,0,0
420096,0,1,0,0,0,0,0,0,0,0,0,0
420096,1,1,0,0,0,0,0,0,0,0,0,0
420097,0,1,0,0,0,0,0,0,0,0,0,0
420097,1,1,0,0,0,0,0,0,0,0,0,0
420098,1,1,23,23,23,23,23,23,23,23,23,23
420099,1,1,0,0,0,0,0,0,0,0,0,0
420100,1,1,25,0,17,6,25,15,0,0,0,0
420101,0,1,0,0,0,0,0,0,0,0,0,0
420101,1,1,0,0,0,0,0,0,0,0,0,0
420102,1,1,12,12,12,12,12,12,12,12,12,12
420103,0,1,0,0,0,0,10,0,0,0,0,0
420103,1,1,0,0,0,0,0,0,0,0,0,0
420104,1,1,0,0,0,0,0,0,6,0,0,0
420105,0,1,0,0,0,0,0,0,0,0,0,0
420105,1,1,5,0,0,0,0,0,0,0,0,0
420106,1,1,22,22,22,22,22,22,22,22,22,22
420107,1,1,0,0,0,0,0,0,0,0,0,0
420108,1,1,0,0,0,13,0,7,0,0,0,0
420109,1,1,0,0,0,0,0,0,0,0,0,0
420110,0,1,0,0,0,0,0,0,0,0,0,0
420110,1,1,0,0,0,0,0,0,0,0,0,0
420111,1,1,18,18,18,18,18,18,18,18,18,18
420112,1,1,0,0,0,0,0,0,0,0,0,0
420112,2,1,0,0,0,0,0,0,0,0,0,0
420113,1,1,0,0,0,0,0,0,0,0,0,0
420113,2,1,0,0,0,0,0,0,0,0,0,0
420114,1,1,16,0,0,19,26,0,0,0,0,0
420115,1,1,12,12,12,12,12,12,12,12,12,12
420115,2,1,0,0,0,0,0,0,0,0,0,0
420116,1,1,28,28,28,28,28,28,28,28,28,28
420117,1,1,7,7,7,7,7,7,7,7,7,7
420118,1,1,0,0,0,0,0,0,0,0,0,0
420118,2,1,0,0,0,0,0,0,0,0,0,0
420119,1,1,12,12,12,12,12,12,12,12,12,12
420119,2,1,0,0,0,0,0,0,0,0,0,0
420120,1,1,0,0,0,0,0,0,0,0,0,0
420120,2,1,0,0,0,0,0,0,0,0,0,0
420121,1,1,23,23,23,23,23,23,23,23,23,23
420122,1,1,0,0,0,0,0,0,0,0,0,0
420122,2,1,0,0,0,0,0,0,0,0,0,0
420123,1,1,0,0,0,0,0,0,0,0,0,10
420124,2,1,0,0,0,0,0,0,0,0,10,20
420124,3,1,0,3,0,15,0,0,14,0,0,0
420124,4,1,0,0,0,0,0,0,0,0,0,0
420124,5,1,0,0,0,0,0,0,0,0,0,0
420125,0,1,20,30,7,34,22,9,17,21,15,12
420125,1,1,0,0,0,0,0,0,0,0,0,0
420126,1,1,22,22,22,22,22,22,22,22,22,22
420127,1,1,0,0,0,0,0,0,0,0,0,0
420128,0,1,0,0,0,0,0,0,0,0,0,0
420128,1,1,0,0,0,0,0,0,0,3,0,0
420129,1,1,23,23,23,23,23,23,23,23,23,23
420129,2,1,0,0,0,0,0,0,0,0,0,0
420130,1,1,0,0,0,0,0,0,0,0,0,0
420130,2,1,0,0,0,0,0,0,0,0,0,0
420131,1,1,0,0,0,0,0,0,0,0,0,0
420131,2,1,0,0,0,0,0,0,0,0,0,0
420132,1,1,20,20,20,20,20,20,20,20,20,20
420133,0,1,0,0,0,0,0,0,0,0,0,0
420133,1,1,0,0,0,0,0,0,0,0,0,0
420134,1,1,16,16,16,16,16,16,16,16,16,16
420134,2,1,0,0,0,0,0,0,0,0,0,0
420135,1,1,13,13,13,13,13,13,13,13,13,13
420135,2,1,0,0,0,0,0,0,0,0,0,0
420136,1,1,0,0,0,0,0,0,0,0,0,0
420136,2,1,0,0,0,0,0,0,0,0,0,0
420137,1,1,0,14,0,0,0,13,6,13,0,0
420137,2,1,0,0,0,0,0,0,0,0,0,0
420138,1,1,0,0,0,0,0,0,0,0,0,0
420138,2,1,0,0,0,0,0,0,0,17,0,0
420139,1,1,0,0,0,0,0,0,0,0,0,0
420139,2,1,0,0,0,0,0,0,0,0,0,0
420140,1,1,0,0,0,0,0,0,0,0,0,0
420140,2,1,0,0,0,0,0,0,0,0,0,0
420141,1,1,11,15,9,0,13,0,0,20,10,17
420142,1,1,10,10,10,10,10,10,10,10,10,10
420143,1,1,0,0,0,0,0,0,0,0,0,0
420143,2,1,0,0,0,0,0,0,0,0,0,0
420144,1,1,24,24,24,24,24,24,24,24,24,24
420145,1,1,0,0,0,0,0,0,0,0,0,0
420146,1,1,37,37,37,37,37,37,37,37,37,37
420147,1,1,0,0,0,0,0,0,0,0,0,0
420148,1,1,0,0,0,0,0,0,0,0,0,0
420148,2,1,0,0,0,0,0,0,0,0,0,0
420148,3,1,0,0,0,0,0,9,0,0,0,0
420149,1,1,26,26,26,26,26,26,26,26,26,26
420150,1,1,20,0,1,16,9,30,12,11,12,28
420151,1,1,0,0,0,0,0,0,0,0,0,0
420152,1,1,0,0,0,0,0,0,0,0,0,0
420152,2,1,0,0,0,0,0,0,0,0,0,0
420152,3,1,0,0,0,0,0,0,0,0,0,0
420153,1,1,0,0,0,0,0,0,0,0,0,0
420154,1,1,0,0,0,0,0,0,0,0,0,0
420155,1,1,18,18,18,18,18,18,18,18,18,18
420156,0,1,0,0,0,0,0,0,0,0,0,0
420156,1,1,0,0,0,0,0,0,0,0,0,0
420157,1,1,23,23,23,23,23,23,23,23,23,23
420158,1,1,0,0,0,0,0,0,0,0,0,0
420158,2,1,0,0,0,0,0,0,0,0,0,0
420159,1,1,21,21,21,21,21,21,21,21,21,21
420159,2,1,0,0,0,0,0,0,0,0,0,0
420160,1,1,0,0,0,0,0,0,5,0,0,0
420160,2,1,0,0,0,0,0,0,0,0,0,0
420161,1,1,0,0,0,0,0,0,0,0,0,0
420161,2,1,0,0,0,0,0,0,0,0,0,0
420162,1,1,0,0,0,0,0,0,0,0,0,0
420163,1,1,0,0,0,0,0,0,0,0,0,0
420163,2,1,0,0,0,0,0,0,0,0,0,0
420164,1,1,0,0,0,0,0,0,0,0,0,0
420164,2,1,0,0,0,0,0,0,0,0,0,0
420165,1,1,0,0,0,0,0,0,0,0,0,0
420165,2,1,0,0,0,0,0,0,0,0,0,0
420166,1,1,0,0,0,0,0,0,0,0,0,0
420166,2,1,0,0,0,0,0,0,0,0,0,0
420167,1,1,0,0,0,0,0,0,0,0,0,0
420167,2,1,0,0,0,0,0,0,0,0,0,0
420168,1,1,0,0,0,0,0,0,0,0,0,0
420168,2,1,16,0,0,0,0,0,0,0,0,0
420169,1,1,0,0,0,0,0,0,0,0,0,0
420169,2,1,0,0,0,0,0,0,0,0,0,0
420170,1,1,0,0,0,0,0,0,0,0,0,0
420170,2,1,0,0,0,0,0,0,0,0,0,0
420171,1,1,0,0,0,0,0,17,0,0,0,0
420171,2,1,0,0,0,0,0,0,0,0,0,0
420172,1,1,0,0,0,0,0,0,0,0,0,0
420173,1,1,15,15,15,15,15,15,15,15,15,15
420174,1,1,0,0,21,0,23,17,21,32,0,32
420175,1,1,27,27,27,27,27,27,27,27,27,27
420176,1,1,0,0,0,0,0,0,0,0,0,0
420176,2,1,0,0,0,0,0,0,0,0,0,0
420177,1,1,0,0,0,0,0,0,0,0,0,0
420178,1,1,0,0,0,0,0,6,0,0,0,0
420179,1,1,0,0,0,0,0,0,0,0,0,0
420179,2,1,0,0,0,0,0,0,0,0,0,0
420179,3,1,0,0,0,0,0,0,0,0,0,0
420180,0,1,0,0,0,0,0,0,0,7,0,26
420180,1,1,0,0,0,0,0,0,0,0,0,0
420181,1,1,0,0,0,0,0,0,0,0,0,0
420181,2,1,0,0,0,0,0,0,0,0,0,0
420182,1,1,0,0,0,0,0,0,0,0,0,0
420182,2,1,0,0,0,0,0,0,0,0,0,0
420183,1,1,0,0,0,0,0,0,0,0,0,0
420184,1,1,35,35,35,35,35,35,35,35,35,35
420185,1,1,4,4,4,4,4,4,4,4,4,4
420185,2,1,0,0,0,0,0,0,0,22,0,0
420186,1,1,0,0,0,0,0,0,0,0,0,0
420186,2,1,0,0,0,0,0,0,0,0,0,0
420187,1,1,0,0,0,0,0,0,0,0,0,0
420187,2,1,0,0,0,0,0,0,0,0,0,0
420188,1,1,0,0,0,0,0,0,0,0,0,0
420188,2,1,0,11,0,0,0,0,0,0,0,0
420189,1,1,26,26,26,26,26,26,26,26,26,26
420189,2,1,0,0,0,0,0,0,0,0,0,0
420189,3,1,0,0,0,0,0,0,0,0,0,0
420190,1,1,0,0,0,0,0,0,0,0,0,0
420190,2,1,0,0,0,0,0,0,0,0,0,0
420191,1,1,25,25,25,25,25,25,25,25,25,25
420192,1,1,20,20,20,20,20,20,20,20,20,20
420193,1,1,9,9,9,9,9,9,9,9,9,9
420193,2,1,0,0,0,0,0,0,0,0,0,0
420194,1,1,0,0,0,0,0,0,0,0,0,0
420194,2,1,0,0,0,0,0,0,0,0,0,0
420195,1,1,23,23,23,23,23,23,23,23,23,23
420195,2,1,0,0,0,0,0,0,0,0,0,14
420196,1,1,24,13,17,0,19,20,16,6,0,4
420197,1,1,0,0,0,0,0,0,0,0,0,0
420197,6,1,0,0,0,0,0,0,0,0,0,0
420198,1,1,0,0,0,0,0,0,0,0,0,0
420198,2,1,0,0,0,0,0,0,0,0,0,0
420199,1,1,0,0,0,0,0,0,0,0,0,0
420199,2,1,0,0,0,0,0,0,0,0,0,0
420199,3,1,5,0,0,0,0,0,0,0,0,0
420200,0,1,0,0,0,0,0,0,0,0,0,0
420200,1,1,0,0,0,0,16,0,0,0,0,0
420201,1,1,0,0,0,0,0,0,0,0,0,0
420201,2,1,0,0,0,0,0,0,8,0,0,0
420202,1,1,0,12,0,0,0,0,0,0,0,0
420203,0,1,0,0,0,0,0,0,0,0,0,0
420203,1,1,0,0,0,0,0,0,0,0,0,0
420204,1,1,26,26,26,26,26,26,26,26,26,26
420205,1,1,0,0,0,0,7,15,0,3,14,20
420205,2,1,0,0,0,0,0,0,0,0,0,0
420205,3,1,0,0,0,0,0,0,0,0,0,0
420206,1,1,0,0,0,0,0,0,0,0,0,0
420206,2,1,2,2,2,2,2,2,2,2,2,2
420207,1,1,0,0,0,0,0,0,0,0,0,0
420208,1,1,0,0,0,0,0,0,0,0,0,0
420208,2,1,0,0,0,0,0,0,0,0,0,0
420208,3,1,0,0,0,0,0,0,0,0,0,5
420209,1,1,6,6,6,6,6,6,6,6,6,6
420209,2,1,0,0,0,0,0,0,0,0,0,0
420210,1,1,0,0,0,0,0,0,0,0,0,0
420210,2,1,0,0,0,0,0,0,0,0,0,0
420210,3,1,0,0,0,0,0,0,0,0,0,0
420210,4,1,0,0,0,0,0,0,0,0,0,0
420210,5,1,0,0,0,0,3,0,0,0,0,0
420211,0,1,0,0,0,0,5,0,0,0,0,0
420211,1,1,0,0,0,0,0,0,0,0,0,0
420212,1,1,0,0,0,0,0,0,0,0,0,0
420213,1,1,0,0,0,0,0,0,13,0,0,0
420214,1,1,0,0,0,0,0,0,0,0,0,0
420215,1,1,0,0,0,0,0,0,0,0,0,0
420216,1,1,0,0,0,0,0,0,0,0,0,0
420217,1,1,0,0,0,0,0,0,0,0,0,0
420218,1,1,0,0,4,28,0,0,0,16,0,0
420219,1,1,0,0,19,0,20,0,25,0,0,0
420220,1,1,20,20,20,20,20,20,20,20,20,20
420221,1,1,25,25,25,25,25,25,25,25,25,25
420222,1,1,15,19,16,19,15,10,18,16,15,18
420223,0,1,0,0,13,0,0,0,9,10,0,0
420223,0,2,0,0,7,0,0,0,0,0,0,0
420223,1,1,16,16,16,16,16,16,16,16,16,16
420224,1,1,19,19,19,19,19,19,19,19,19,19
420225,1,1,18,18,18,18,18,18,18,18,18,18
420226,1,1,21,21,21,21,21,21,21,21,21,21
420227,1,1,0,0,0,0,0,0,0,0,0,0
420227,2,1,0,0,0,0,0,0,0,0,0,0
420227,3,1,0,0,0,0,0,0,0,0,0,0
420227,4,1,0,0,0,0,0,0,0,0,0,0
420228,1,1,26,26,26,26,26,26,26,26,26,26
420229,1,1,0,0,0,0,0,0,0,0,0,0
420230,1,1,0,0,0,0,0,0,0,0,0,0
420231,1,1,10,10,10,10,10,10,10,10,10,10
420232,1,1,47,47,47,47,47,47,47,47,47,47
420232,2,1,0,0,0,0,0,0,0,0,0,0
420233,2,1,0,0,0,0,0,0,0,0,0,0
420234,1,1,0,0,0,0,0,0,0,0,0,0
420234,2,1,0,0,0,0,0,0,0,0,0,0
420235,1,1,0,0,0,0,0,0,0,0,0,0
420235,2,1,0,0,0,0,0,0,0,0,0,0
420236,1,1,29,29,29,29,29,29,29,29,29,29
420237,1,1,14,14,14,14,14,14,14,14,14,14
420238,1,1,0,0,0,0,0,0,0,0,39,0
420238,2,1,0,0,0,0,0,0,0,0,0,0
420239,1,1,23,12,24,0,12,27,0,0,10,0
420239,2,1,0,0,0,0,0,0,0,0,0,0
420240,1,1,0,11,0,0,0,0,14,0,0,0
420240,2,1,0,0,0,0,0,0,0,0,0,0
420241,1,1,0,0,0,0,0,0,0,0,0,0
420242,1,1,0,0,0,0,0,0,0,9,0,0
420242,2,1,0,0,0,0,0,0,13,0,0,0
420242,3,1,0,0,0,0,0,0,0,0,0,0
420243,1,1,0,0,0,0,0,0,0,0,0,0
420243,2,1,0,0,0,0,0,0,0,0,0,0
420244,1,1,7,7,7,7,7,7,7,7,7,7
420244,2,1,0,0,0,0,0,0,0,0,0,0
420245,1,1,0,0,0,0,28,0,18,0,0,11
420245,2,1,0,0,0,0,0,0,0,0,0,0
420246,0,1,39,24,40,17,20,17,23,16,8,0
420246,1,1,18,0,0,0,0,0,0,0,0,0
420247,1,1,22,22,22,22,22,22,22,22,22,22
420248,1,1,11,11,11,11,11,11,11,11,11,11
420249,1,1,17,0,0,0,0,0,0,0,0,0
420250,1,1,0,0,0,0,0,0,0,0,0,0
420251,1,1,0,0,0,0,0,0,0,0,0,0
420251,2,1,0,0,0,0,0,0,0,14,0,0
420252,1,1,0,0,0,0,0,0,0,0,0,0
420252,2,1,0,0,0,0,0,0,0,0,0,0
420252,3,1,0,0,0,0,0,0,0,0,0,0
420253,1,1,0,0,0,0,0,0,0,0,0,0
420254,1,1,0,0,0,0,0,0,0,0,0,0
420255,1,1,23,23,23,23,23,23,23,23,23,23
420256,1,1,2,2,2,2,2,2,2,2,2,2
420256,2,1,0,0,0,0,0,0,0,0,0,0
420257,1,1,0,0,7,0,0,0,0,0,0,0
420258,1,1,0,0,0,0,0,0,0,0,0,0
420259,1,1,21,21,21,21,21,21,21,21,21,21
420259,2,1,8,8,8,8,8,8,8,8,8,8
420260,1,1,0,0,0,0,0,0,0,0,0,0
420261,1,1,0,0,0,0,0,0,0,0,0,0
420261,2,1,0,0,0,0,0,0,0,0,0,0
420262,1,1,24,24,24,24,24,24,24,24,24,24
420263,1,1,0,0,0,0,0,0,0,0,0,0
420263,2,1,0,0,0,0,0,0,0,0,0,0
420264,1,1,0,0,0,0,0,0,0,0,0,0
420264,2,1,0,0,0,0,0,0,0,0,0,0
420265,1,1,28,28,28,28,28,28,28,28,28,28
420265,2,1,7,15,0,0,0,0,0,0,0,0
420266,1,1,9,9,9,9,9,9,9,9,9,9
420266,2,1,0,0,0,0,0,0,29,0,24,0
420267,1,1,0,0,0,0,0,0,0,0,0,0
420267,2,1,0,0,0,0,0,0,0,0,0,0
420268,1,1,0,0,0,0,0,0,0,0,0,0
420269,1,1,17,17,17,17,17,17,17,17,17,17
420270,1,1,15,15,15,15,15,15,15,15,15,15
420271,1,1,0,6,0,0,0,0,0,0,0,0
420272,1,1,0,0,0,0,0,0,0,0,0,0
420272,2,1,0,4,0,0,0,0,0,0,0,0
420273,0,1,0,0,0,28,0,13,17,0,25,0
420273,1,1,10,10,10,10,10,10,10,10,10,10
420274,1,1,0,0,0,0,0,0,0,0,0,0
420274,2,1,0,0,0,0,0,0,0,0,0,0
420275,1,1,24,24,24,24,24,24,24,24,24,24
420276,1,1,0,0,0,0,0,0,0,0,0,0
420276,2,1,0,0,0,0,0,0,0,0,0,0
420277,1,1,0,0,0,0,5,0,0,0,0,0
420277,2,1,0,0,0,0,0,0,0,0,0,0
420278,1,1,0,0,0,0,0,0,0,0,0,0
420278,2,1,0,0,0,0,0,0,0,0,0,0
420279,1,1,0,0,0,0,0,0,0,0,0,0
420279,2,1,0,0,0,0,0,0,22,0,0,0
420280,1,1,34,34,34,34,34,34,34,34,34,34
420281,0,1,0,0,0,0,0,0,0,0,0,0
420281,1,1,0,0,0,0,0,0,0,0,0,0
420282,1,1,0,0,0,0,0,0,0,0,0,0
420282,2,1,0,0,0,0,0,0,0,0,0,0
420283,1,1,0,0,0,0,0,0,0,0,0,0
420283,2,2,0,0,0,0,0,0,0,0,0,0
420284,1,1,23,23,23,23,23,23,23,23,23,23
420285,1,1,0,27,0,0,16,0,0,0,0,0
420286,1,1,0,0,0,0,0,0,0,0,0,0
420286,2,1,0,0,0,0,0,0,0,0,0,0
420287,1,1,0,0,0,0,0,0,0,0,0,0
420288,1,1,0,0,0,0,0,0,0,0,0,0
420289,1,1,22,9,11,13,12,16,25,0,17,18
420290,1,1,0,0,0,0,0,0,0,0,0,0
420290,2,1,0,0,0,0,0,0,0,0,0,0
420291,1,1,20,20,20,20,20,20,20,20,20,20
420292,1,1,0,0,0,0,0,0,0,0,0,0
420292,2,1,0,0,0,0,0,0,0,0,0,0
420292,3,1,0,0,0,0,0,0,0,0,0,0
420293,1,1,12,12,12,12,12,12,12,12,12,12
420294,1,1,23,23,23,23,23,23,23,23,23,23
420295,1,1,0,0,0,0,0,0,0,0,0,0
420295,2,1,0,0,0,0,0,0,19,0,0,0
420296,0,1,20,13,0,39,0,0,0,0,18,23
420296,1,1,11,11,11,11,11,11,11,11,11,11
420297,1,1,12,12,12,12,12,12,12,12,12,12
420298,0,1,0,18,0,0,0,0,0,0,0,0
420298,1,1,0,9,0,0,0,16,0,0,0,0
420299,1,1,5,5,5,5,5,5,5,5,5,5
420300,1,1,22,22,22,22,22,22,22,22,22,22
420301,1,1,15,15,15,15,15,15,15,15,15,15
420302,1,1,7,7,7,7,7,7,7,7,7,7
420303,1,1,17,13,21,17,23,17,10,0,14,11
420304,1,1,0,0,0,0,0,0,0,0,0,0
420304,2,1,0,0,0,0,0,0,0,0,0,0
420305,0,1,0,0,15,0,0,0,0,0,0,0
420305,1,1,0,0,0,0,0,0,0,0,0,0
420305,2,1,0,0,0,0,0,0,0,0,0,0
420306,1,1,0,0,0,0,0,0,0,0,0,0
420306,2,1,0,0,0,0,0,0,0,0,0,0
420307,1,1,21,21,21,21,21,21,21,21,21,21
420307,2,1,0,0,0,0,0,0,0,0,0,0
420308,1,1,0,0,0,0,0,0,0,0,0,0
420308,2,1,0,0,0,0,0,0,0,0,0,0
420309,1,1,23,0,0,12,0,0,16,0,0,0
420309,2,1,0,0,0,0,0,0,0,0,0,0
420310,1,1,18,18,18,18,18,18,18,18,18,18
420310,2,1,0,0,35,0,26,0,0,0,16,0
420311,1,1,0,0,0,0,0,0,0,0,0,0
420311,2,1,0,0,0,0,0,0,0,0,0,0
420312,1,1,0,0,0,0,0,0,0,0,0,0
420312,2,1,0,0,0,0,0,0,0,0,0,0
420313,1,1,0,0,0,0,0,0,0,0,0,0
420314,1,1,0,0,0,0,0,0,0,0,0,0
420314,2,1,0,0,0,0,0,0,0,0,0,0