ST_CASE,VEH_NO,PER_NO,P1,P2,P3,P4,P5,P6,P7,P8,P9,P10
420315,1,1,0,0,0,0,0,0,0,0,0,0
420315,2,1,0,0,0,0,0,0,0,0,0,0
420316,0,1,0,0,0,0,0,0,0,0,0,0
420316,1,1,0,0,0,0,0,0,0,0,0,0
420317,0,1,0,0,0,0,0,0,0,0,0,0
420317,1,1,0,0,0,0,11,0,0,0,0,0
420318,1,1,12,12,0,0,0,13,0,0,0,0
420319,1,1,17,0,0,0,0,0,0,0,0,0
420320,1,1,20,20,20,20,20,20,20,20,20,20
420321,1,1,22,22,22,22,22,22,22,22,22,22
420322,1,1,31,31,31,31,31,31,31,31,31,31
420323,1,1,0,0,0,0,0,0,0,0,0,0
420324,1,1,13,13,13,13,13,13,13,13,13,13
420325,0,1,0,0,0,0,0,0,0,0,0,0
420325,1,1,7,7,7,7,7,7,7,7,7,7
420326,1,1,18,18,18,18,18,18,18,18,18,18
420327,1,1,16,16,16,16,16,16,16,16,16,16
420328,1,1,0,0,0,0,0,0,0,0,0,0
420329,1,1,0,0,0,0,0,0,0,0,0,0
420329,2,1,0,0,0,0,0,0,0,0,0,0
420330,1,1,0,0,0,0,0,0,0,0,0,0
420331,1,1,0,0,0,0,0,0,0,0,0,0
420331,2,1,0,0,0,0,0,0,0,0,0,0
420332,0,1,0,0,0,0,0,0,0,0,0,0
420332,1,1,0,0,0,0,0,0,0,0,0,0
420333,1,1,26,26,26,26,26,26,26,26,26,26
420334,1,1,24,24,24,24,24,24,24,24,24,24
420334,2,1,0,0,0,0,0,0,0,0,0,0
420335,1,1,0,0,0,0,0,0,0,0,0,0
420335,2,1,0,0,0,0,0,0,0,0,0,0
420336,1,1,0,0,0,0,0,0,0,0,0,0
420336,2,1,0,0,0,0,0,0,0,0,0,0
420337,1,1,10,20,10,9,17,0,8,15,9,10
420338,1,1,0,0,0,0,0,0,0,0,0,0
420338,2,1,0,0,0,0,0,0,0,0,0,0
420339,1,1,0,0,0,0,0,0,0,0,0,0
420339,2,1,0,0,0,0,0,0,0,0,0,0
420340,0,1,0,0,19,0,0,0,0,0,0,0
420340,1,1,0,0,0,0,0,0,0,0,0,0
420341,1,1,0,0,0,0,0,0,0,0,0,0
420341,2,1,0,0,0,0,0,0,0,0,0,0
420342,1,1,0,0,0,0,0,0,0,0,0,0
420342,2,1,0,0,0,0,0,0,0,0,0,0
420343,1,1,13,13,13,13,13,13,13,13,13,13
420343,2,1,0,0,0,0,0,0,0,0,0,0
420344,0,1,0,0,0,0,0,0,0,0,0,0
420344,0,2,0,0,0,0,0,0,0,0,0,0
420344,1,1,13,10,12,0,21,7,15,7,10,17
420345,1,1,24,0,0,8,0,0,0,0,0,0
420345,2,1,0,0,0,0,0,0,26,0,0,0
420346,1,1,22,22,22,22,22,22,22,22,22,22
420347,0,1,0,0,0,0,0,0,0,0,0,0
420347,1,1,0,0,0,0,0,0,0,0,0,0
420348,1,1,0,0,0,0,0,0,0,0,0,0
420348,2,1,0,0,0,0,0,0,0,0,0,0
420349,1,1,0,0,0,0,0,0,0,0,0,0
420350,1,1,0,0,0,0,0,31,0,0,25,0
420351,0,1,0,0,0,0,0,0,0,0,0,0
420351,1,1,0,0,0,0,0,0,0,0,0,0
420352,1,1,15,17,8,22,14,21,8,24,30,8
420353,1,1,0,0,0,5,29,32,0,0,8,27
420354,1,1,0,13,0,0,0,10,0,0,0,0
420354,2,1,0,0,0,0,0,0,0,0,0,0
420355,1,1,0,0,0,0,0,0,0,0,0,0
420355,2,1,17,17,17,17,17,17,17,17,17,17
420356,1,1,15,0,4,17,18,12,0,17,3,0
420356,2,1,0,0,0,0,0,0,0,0,0,0
420357,1,1,0,0,0,0,0,0,0,0,0,0
420357,2,1,0,0,0,0,0,0,0,0,0,0
420358,1,1,0,0,0,0,0,0,0,0,0,0
420358,2,1,0,0,0,0,0,0,0,0,0,0
420359,1,1,0,0,0,0,0,0,0,0,0,0
420360,1,1,0,0,0,0,0,0,0,0,0,0
420360,2,1,0,0,0,0,0,0,0,0,0,0
420361,1,1,37,37,37,37,37,37,37,37,37,37
420362,1,1,0,0,0,0,0,0,0,0,0,0
420363,1,1,0,0,0,0,0,0,0,0,0,0
420364,1,1,0,0,0,0,0,0,0,0,0,0
420364,2,1,8,8,8,8,8,8,8,8,8,8
420365,0,1,0,0,0,0,0,0,0,0,0,0
420365,1,1,0,0,12,0,0,0,0,0,0,0
420366,1,1,0,0,0,0,0,0,0,0,0,0
420366,2,1,0,0,4,0,0,0,0,0,0,0
420367,0,1,0,0,0,0,0,0,0,0,0,0
420367,0,2,0,0,0,0,0,0,0,0,0,0
420367,1,1,0,0,18,0,0,23,0,6,0,0
420367,2,1,0,0,0,0,0,0,0,18,0,7
420368,1,2,21,0,0,0,0,0,17,12,0,0
420369,1,1,0,0,0,0,0,0,0,0,0,0
420370,1,1,0,0,0,0,0,0,0,0,0,0
420370,2,1,0,0,0,0,0,0,0,0,0,0
420370,3,1,0,0,0,0,0,0,0,0,0,0
420371,1,1,0,0,0,0,0,0,0,0,0,0
420372,1,1,8,45,0,24,10,0,10,14,19,0
420373,0,1,0,0,0,0,0,0,0,0,0,0
420373,1,1,0,0,0,0,0,0,0,0,0,0
420374,1,1,0,0,0,0,0,0,0,0,0,0
420375,1,1,0,0,0,0,0,0,0,0,0,0
420375,2,1,0,0,0,0,0,0,0,0,0,0
420375,3,1,0,0,0,0,0,0,0,0,0,0
420376,1,1,0,0,0,0,0,0,0,0,0,0
420376,2,1,0,0,0,0,0,0,0,0,0,0
420376,3,1,0,0,0,0,0,0,0,0,4,0
420376,4,1,0,0,0,0,0,0,0,0,0,0
420377,0,1,0,0,0,0,0,0,0,0,0,0
420377,1,1,0,0,0,0,0,0,0,0,0,0
420378,1,1,0,0,0,0,0,0,0,0,0,0
420378,2,1,0,0,0,0,0,0,0,0,0,0
420378,3,1,0,0,0,0,0,0,0,0,0,0
420379,1,1,0,0,0,0,0,0,0,0,0,0
420379,2,1,0,0,0,0,0,0,0,0,0,0
420379,3,1,0,0,0,0,0,0,0,0,0,0
420379,4,1,0,0,0,0,0,0,0,0,0,0
420380,1,1,27,22,31,18,27,28,25,23,17,16
420381,1,1,0,0,0,0,0,0,0,0,0,0
420382,1,1,0,0,0,0,0,0,0,0,0,0
420382,2,1,0,0,0,0,0,0,0,0,0,0
420383,0,1,0,0,0,0,0,0,0,0,0,0
420383,1,1,0,0,0,0,0,0,0,0,0,0
420384,0,1,0,0,0,0,0,0,0,0,0,0
420384,1,1,0,0,0,0,0,0,0,0,0,0
420385,0,1,0,0,0,0,0,0,0,0,0,0
420385,1,1,0,0,0,0,0,0,0,0,0,0
420386,1,1,14,14,14,14,14,14,14,14,14,14
420387,1,1,0,0,0,0,0,0,0,0,0,0
420388,1,1,14,0,35,0,0,36,0,0,0,0
420389,1,1,28,28,28,28,28,28,28,28,28,28
420390,1,1,0,0,0,0,0,0,0,0,0,0
420390,2,1,0,0,0,0,0,0,0,0,0,0
420391,1,1,12,12,12,12,12,12,12,12,12,12
420391,2,1,0,0,0,0,0,0,0,0,0,0
420392,1,1,0,0,0,0,0,0,0,0,0,0
420393,1,1,22,22,22,22,22,22,22,22,22,22
420393,2,1,0,0,0,0,0,0,0,0,0,0
420394,1,1,0,0,0,0,0,0,0,0,0,0
420394,2,1,0,0,0,0,0,0,0,0,0,0
420395,1,1,0,0,0,0,0,0,0,0,0,0
420395,2,1,0,0,0,0,0,0,0,0,0,0
420396,1,1,0,0,0,0,0,0,0,0,0,0
420397,1,1,18,18,18,18,18,18,18,18,18,18
420397,2,1,6,6,6,6,6,6,6,6,6,6
420398,1,1,0,0,0,0,0,0,0,0,0,0
420398,2,1,0,0,0,0,0,0,0,0,0,0
420399,1,1,0,0,0,0,0,0,0,0,0,0
420399,2,1,0,0,0,0,0,0,0,12,0,0
420399,3,1,0,0,0,0,0,0,0,0,0,0
420400,1,1,0,0,0,22,0,0,0,0,0,0
420400,2,1,0,0,0,0,0,0,0,0,0,0
420401,1,1,0,0,0,0,0,0,0,0,0,0
420402,1,1,0,0,0,0,0,0,0,0,0,0
420402,2,1,5,5,5,5,5,5,5,5,5,5
420402,3,1,0,0,0,0,0,0,0,0,0,0
420403,1,1,19,0,0,0,22,0,0,0,0,0
420403,2,1,14,0,0,8,0,0,10,0,0,0
420404,1,1,0,0,5,0,0,0,0,0,0,0
420404,2,1,0,0,0,0,0,0,0,0,0,0
420405,1,1,0,0,0,0,0,0,0,0,0,0
420406,1,1,6,6,6,6,6,6,6,6,6,6
420407,1,1,0,0,0,0,0,0,0,0,0,0
420407,2,1,0,0,0,0,0,0,0,0,0,0
420407,3,1,0,0,0,0,0,0,0,0,0,0
420408,1,1,0,0,0,0,0,0,0,0,0,0
420408,2,1,0,0,0,0,0,0,0,0,0,0
420409,1,1,78,78,78,78,78,78,78,78,78,78
420410,1,1,0,0,0,0,0,0,0,0,0,0
420411,1,1,24,24,24,24,24,24,24,24,24,24
420412,1,1,10,10,10,10,10,10,10,10,10,10
420412,2,1,3,3,3,3,3,3,3,3,3,3
420413,1,1,0,0,0,0,0,0,0,0,0,0
420414,0,1,0,16,0,0,0,0,0,0,23,0
420414,1,1,12,12,12,12,12,12,12,12,12,12
420415,1,1,0,0,0,0,0,0,0,0,0,0
420415,2,1,0,0,0,15,0,0,0,0,0,8
420416,1,1,0,0,0,0,0,0,0,0,0,0
420417,0,1,0,0,0,0,0,0,0,0,0,0
420417,0,2,0,0,0,0,0,0,0,0,0,0
420417,1,1,4,23,12,13,15,0,0,9,16,20
420417,2,1,0,0,0,0,0,0,0,0,0,0
420418,1,1,0,0,0,0,0,0,0,11,3,0
420419,1,1,8,30,20,35,21,0,30,16,12,20
420419,2,1,0,0,0,0,0,0,0,0,0,0
420420,1,1,13,13,13,13,13,13,13,13,13,13
420421,0,1,0,0,0,0,0,0,0,0,0,0
420421,1,1,0,0,0,0,0,0,0,0,0,0
420422,1,1,0,0,0,0,0,0,0,0,0,0
420422,2,1,0,0,0,0,0,0,0,0,0,0
420423,1,1,28,28,28,28,28,28,28,28,28,28
420424,1,1,23,23,23,23,23,23,23,23,23,23
420425,1,1,0,0,0,0,0,0,0,0,0,0
420425,2,1,0,0,0,0,0,0,0,0,0,0
420425,3,1,0,0,0,0,0,0,0,0,0,0
420425,4,1,0,0,0,0,0,0,0,0,0,0
420426,1,1,20,20,20,20,20,20,20,20,20,20
420427,1,1,0,0,0,0,0,0,0,0,0,0
420428,1,1,0,0,0,0,0,0,0,0,0,0
420428,2,1,0,0,22,0,0,0,0,0,0,7
420429,1,1,24,24,24,24,24,24,24,24,24,24
420430,1,1,0,0,0,0,0,0,0,0,0,0
420430,2,1,0,0,0,0,0,0,0,0,17,0
420431,1,1,19,19,19,19,19,19,19,19,19,19
420431,2,1,0,0,0,0,0,0,0,0,0,0
420431,3,1,0,0,0,0,0,0,0,0,0,0
420432,1,1,7,7,7,7,7,7,7,7,7,7
420433,1,1,14,14,14,14,14,14,14,14,14,14
420434,0,1,0,0,0,0,0,0,0,0,0,0
420434,1,1,0,0,0,0,0,17,0,0,10,0
420435,1,1,7,7,7,7,7,7,7,7,7,7
420436,1,1,17,17,17,17,17,17,17,17,17,17
420437,1,1,17,3,12,39,17,12,14,11,14,13
420437,2,1,0,0,0,0,4,0,0,11,0,0
420438,1,1,22,22,22,22,22,22,22,22,22,22
420439,1,1,0,0,0,0,0,0,0,0,0,0
420439,2,1,0,0,0,0,0,0,0,0,0,0
420439,3,1,0,0,0,0,0,0,0,0,0,0
420439,4,1,0,0,0,0,0,0,0,0,0,0
420440,1,1,0,0,0,0,15,0,0,0,0,0
420440,2,1,0,0,0,0,0,0,0,0,0,0
420441,1,1,0,0,0,0,0,0,0,0,0,0
420441,2,1,0,0,0,0,0,0,0,0,0,0
420442,1,1,9,9,9,9,9,9,9,9,9,9
420442,2,1,0,0,0,0,0,0,0,0,0,0
420442,3,1,0,0,0,0,0,0,0,0,0,0
420442,4,1,0,0,0,0,0,27,0,0,0,0
420443,1,1,25,25,25,25,25,25,25,25,25,25
420444,1,1,0,32,0,0,0,19,16,0,0,0
420445,1,1,14,14,14,14,14,14,14,14,14,14
420446,1,1,0,0,0,0,0,0,0,0,0,0
420447,0,1,0,25,0,16,20,0,0,11,29,22
420447,1,1,0,0,0,0,0,0,0,0,0,0
420448,1,1,0,0,0,0,0,0,0,5,0,0
420449,1,1,11,0,0,13,0,0,0,0,0,0
420449,2,1,0,0,0,0,0,0,0,0,0,0
420450,1,1,37,49,46,20,16,32,34,33,21,31
420451,1,1,0,0,0,0,0,0,0,0,0,0
420451,2,1,0,0,0,0,0,0,0,0,0,0
420452,1,1,17,17,17,17,17,17,17,17,17,17
420452,2,1,0,0,0,0,0,0,0,0,0,0
420453,1,1,0,0,0,0,0,0,0,0,0,0
420453,2,1,0,0,0,0,0,0,0,6,0,0
420454,1,1,22,22,22,22,22,22,22,22,22,22
420455,1,1,12,12,12,12,12,12,12,12,12,12
420456,0,1,0,0,0,0,0,0,0,0,0,12
420456,1,1,0,0,0,0,0,0,0,0,0,0
420457,1,1,20,20,20,20,20,20,20,20,20,20
420458,1,1,18,18,18,18,18,18,18,18,18,18
420459,1,1,22,22,22,22,22,22,22,22,22,22
420460,1,1,0,0,0,0,0,0,0,0,0,0
420461,1,1,0,0,0,0,0,0,0,0,0,0
420462,1,1,0,26,32,17,28,14,7,35,18,0
420462,2,1,6,0,0,0,0,0,0,0,0,0
420463,1,1,15,0,0,0,0,0,0,0,0,0
420463,2,1,0,0,0,0,0,0,0,0,0,0
420464,1,1,0,0,0,0,0,0,0,0,0,0
420464,2,1,0,0,0,0,0,0,0,0,0,0
420464,3,1,0,8,0,0,0,0,0,0,0,0
420464,4,1,17,0,0,0,0,0,0,0,0,0
420465,1,1,0,0,0,0,0,0,0,0,0,0
420466,1,1,0,0,0,0,0,0,0,0,0,0
420466,2,1,0,0,0,0,0,0,0,0,0,0
420467,1,1,0,0,0,0,0,0,0,0,0,0
420467,2,1,0,0,0,0,0,0,0,0,0,0
420468,1,1,0,0,0,0,0,0,0,0,0,0
420469,1,1,0,0,0,0,0,0,0,0,22,0
420469,2,1,0,0,0,0,0,26,0,0,0,0
420470,1,1,0,0,0,0,0,0,0,0,0,0
420471,1,1,0,0,0,0,0,0,0,0,0,0
420472,1,1,7,7,7,7,7,7,7,7,7,7
420473,1,1,0,0,0,0,0,0,0,0,0,0
420473,2,1,0,0,0,0,19,0,0,0,0,0
420474,1,1,11,11,11,11,11,11,11,11,11,11
420475,1,1,11,11,11,11,11,11,11,11,11,11
420476,1,1,15,15,15,15,15,15,15,15,15,15
420477,1,1,0,0,0,0,0,0,0,0,0,0
420477,2,1,13,0,0,0,0,0,0,0,4,0
420478,1,1,27,27,27,27,27,27,27,27,27,27
420479,1,1,3,3,3,3,3,3,3,3,3,3
420480,1,1,0,0,0,0,0,0,0,0,0,0
420481,1,1,0,0,0,0,0,0,0,0,0,0
420481,2,1,0,0,0,0,0,0,0,0,0,0
420482,1,1,7,7,7,7,7,7,7,7,7,7
420482,2,1,0,0,0,0,0,0,0,0,0,0
420483,1,1,0,0,0,0,0,0,0,0,0,0
420483,2,1,10,0,0,0,0,0,0,0,0,0
420484,0,1,0,0,0,0,0,0,0,0,0,0
420484,1,1,0,0,0,17,0,0,0,0,0,0
420484,2,1,0,0,0,0,0,0,0,0,0,0
420485,1,1,22,22,22,22,22,22,22,22,22,22
420486,1,1,0,0,0,0,0,0,0,0,0,0
420487,1,1,0,0,0,0,0,0,0,0,0,0
420488,1,1,0,0,0,0,0,0,0,0,0,0
420489,1,1,29,29,29,29,29,29,29,29,29,29
420490,1,1,0,0,0,0,0,0,0,0,0,0
420491,1,1,19,19,19,19,19,19,19,19,19,19
420492,1,1,0,0,0,0,0,0,0,0,0,0
420493,0,1,0,17,27,16,18,9,19,12,0,19
420493,1,1,0,0,0,0,0,0,0,0,0,0
420494,1,1,22,0,12,21,26,14,10,23,14,15
420495,1,1,0,0,0,0,0,0,0,0,0,0
420495,2,1,0,0,0,0,0,0,0,0,0,0
420496,0,1,0,0,0,0,0,0,0,0,0,0
420496,1,1,0,0,0,0,0,0,0,0,0,0
420497,1,1,18,18,18,18,18,18,18,18,18,18
420498,0,1,0,0,0,0,0,0,0,15,0,0
420498,1,1,0,0,0,0,0,0,0,0,0,0
420499,1,1,6,6,6,6,6,6,6,6,6,6
420500,1,1,4,4,4,4,4,4,4,4,4,4
420501,1,1,0,0,0,0,0,0,0,0,0,0
420501,2,1,0,0,0,0,0,0,0,0,0,0
420502,1,1,28,28,28,28,28,28,28,28,28,28
420502,2,1,0,0,0,0,0,0,0,0,0,0
420503,1,1,0,0,0,0,0,0,0,0,0,0
420503,2,1,0,0,0,0,0,0,0,0,0,0
420504,1,1,0,0,0,0,0,0,0,0,0,0
420504,2,1,0,0,0,0,0,0,0,0,0,0
420505,0,1,0,0,0,0,0,0,0,0,0,0
420505,0,2,0,0,0,0,0,0,0,0,0,0
420505,0,3,0,0,0,0,0,0,0,0,0,0
420505,0,4,0,0,0,0,0,0,0,0,0,0
420505,0,5,0,0,0,0,0,0,0,0,0,0
420505,1,1,0,0,0,0,0,0,0,0,0,0
420506,1,1,45,45,45,45,45,45,45,45,45,45
420507,1,1,0,0,0,0,0,0,0,0,0,0
420508,1,1,4,4,4,4,4,4,4,4,4,4
420508,2,1,0,0,0,0,0,0,0,12,0,0
420509,1,1,0,0,0,0,0,0,0,0,0,0
420509,2,1,0,0,0,0,0,0,0,0,0,0
420510,1,1,0,0,0,0,0,0,0,0,0,0
420510,2,1,0,0,0,0,0,0,0,0,0,0
420511,1,1,0,0,0,0,0,0,0,0,0,0
420511,2,1,0,0,0,0,0,0,0,0,0,0
420512,1,1,12,0,0,0,0,0,0,0,0,0
420512,2,1,0,0,0,0,0,0,0,0,0,0
420513,1,1,0,0,0,0,0,0,0,0,0,0
420513,2,1,0,0,0,0,0,0,0,0,0,0
420514,1,1,0,0,0,0,0,0,0,0,0,0
420515,1,1,15,15,15,15,15,15,15,15,15,15
420516,1,1,23,34,0,0,0,0,0,0,0,0
420516,2,1,0,0,0,0,0,0,0,0,0,0
420517,1,1,0,0,0,0,0,0,0,0,0,0
420518,1,1,0,0,0,0,0,0,0,0,0,0
420518,2,1,0,0,0,0,0,0,0,0,0,0
420519,1,1,0,0,0,0,0,0,0,0,0,0
420519,2,1,0,0,0,0,0,0,0,0,0,0
420520,1,1,0,0,0,0,0,0,0,0,0,0
420520,2,1,0,0,0,0,0,0,0,0,0,0
420521,1,1,0,0,0,0,0,0,0,0,0,0
420521,2,1,0,0,0,0,0,0,0,0,0,0
420522,1,1,0,0,0,0,0,0,0,0,0,0
420523,1,1,0,0,0,0,0,3,0,0,0,0
420523,2,1,0,0,0,0,0,0,0,0,0,0
420524,1,1,0,0,0,0,0,0,0,0,0,0
420524,2,1,0,0,0,0,0,0,0,0,0,0
420525,0,1,0,0,0,0,0,0,0,0,0,0
420525,1,1,0,0,0,11,0,7,0,0,0,26
420526,0,1,0,0,0,0,0,0,0,0,0,0
420526,1,1,0,0,0,21,0,0,0,0,0,0
420527,1,1,8,8,8,8,8,8,8,8,8,8
420528,1,1,0,0,0,0,0,0,0,0,0,0
420529,1,1,0,31,8,0,39,33,29,20,19,41
420530,1,1,0,5,0,0,31,6,0,8,0,34
420531,1,1,0,0,0,0,0,0,0,0,0,0
420531,2,1,0,0,0,0,0,0,0,0,0,0
420531,3,1,0,0,0,0,0,0,0,0,0,0
420532,1,1,11,11,11,11,11,11,11,11,11,11
420533,1,1,0,0,0,0,0,0,0,0,0,0
420534,0,1,0,14,11,0,0,0,0,11,26,0
420534,1,1,19,19,19,19,19,19,19,19,19,19
420535,0,1,0,0,0,0,0,0,0,0,0,0
420535,1,1,0,0,0,0,0,0,0,0,0,0
420536,0,1,0,0,0,0,0,0,0,0,0,0
420536,1,1,0,0,0,0,0,0,0,0,0,0
420537,0,1,18,18,18,18,18,18,18,18,18,18
420537,1,1,0,0,0,0,0,0,0,0,0,0
420538,1,1,8,0,6,16,42,0,0,19,0,2
420539,1,1,0,0,0,0,0,0,0,0,0,0
420540,1,1,25,12,11,11,0,3,14,31,16,15
420541,1,1,0,0,0,0,0,0,0,0,0,0
420542,1,1,0,0,0,0,0,0,0,0,0,0
420542,2,1,0,0,0,0,0,0,0,0,0,0
420542,3,1,0,0,0,0,0,0,0,0,0,1
420543,1,1,0,0,0,0,0,0,0,0,0,0
420544,1,1,0,0,0,0,0,0,0,0,0,0
420545,1,1,0,0,13,0,0,0,0,0,0,0
420545,2,1,0,0,0,0,0,0,0,0,0,0
420545,3,1,0,0,0,0,0,0,0,0,0,0
420546,1,1,0,0,0,0,0,0,0,0,0,0
420547,0,1,0,3,0,0,0,0,0,0,0,0
420547,1,1,0,0,0,0,26,0,0,0,0,0
420548,0,1,0,0,0,0,0,0,0,0,0,0
420548,1,1,0,0,0,0,0,0,0,0,0,0
420548,2,1,0,0,0,0,0,0,0,0,0,0
420549,1,1,0,0,0,0,0,0,0,0,0,0
420549,2,1,0,0,0,0,0,0,0,0,0,0
420549,3,1,0,0,0,0,0,0,0,0,0,0
420550,1,1,0,0,0,0,0,0,0,0,0,0
420550,2,1,0,0,0,0,0,0,0,0,0,0
420550,3,1,0,0,0,0,0,0,0,0,0,0
420551,1,1,16,16,16,16,16,16,16,16,16,16
420551,2,1,0,0,0,0,0,0,0,0,0,0
420551,3,1,0,0,0,0,0,0,0,0,0,0
420551,4,1,10,10,10,10,10,10,10,10,10,10
420551,5,1,9,9,9,9,9,9,9,9,9,9
420552,1,1,1,1,1,1,1,1,1,1,1,1
420553,1,1,20,20,20,20,20,20,20,20,20,20
420554,1,1,0,0,0,0,0,0,0,0,0,0
420555,1,1,24,24,24,24,24,24,24,24,24,24
420555,2,1,0,0,0,0,0,0,0,0,10,0
420555,3,1,0,0,0,0,0,0,0,0,0,0
420556,0,1,0,0,0,0,0,0,0,0,0,0
420556,1,1,0,0,0,0,0,0,0,0,0,0
420557,0,1,28,28,28,28,28,28,28,28,28,28
420557,1,1,0,0,0,0,0,0,0,0,0,0
420558,1,1,0,0,0,0,0,0,0,0,0,0
420559,0,1,0,0,0,0,0,0,0,0,0,0
420559,1,1,0,0,0,0,0,0,0,0,0,0
420560,1,1,0,0,0,0,11,0,0,0,11,0
420560,2,1,0,0,0,0,0,0,0,0,15,0
420560,3,1,0,0,0,0,0,0,0,0,14,0
420561,0,1,15,15,15,15,15,15,15,15,15,15
420561,1,1,0,0,0,7,0,0,0,0,0,0
420562,1,1,0,0,0,0,14,22,0,8,0,0
420563,0,1,0,0,0,0,0,0,0,0,0,0
420563,1,1,0,0,0,0,0,0,0,0,0,0
420564,1,1,34,34,34,34,34,34,34,34,34,34
420565,0,1,28,13,0,0,17,0,12,31,0,21
420565,1,1,11,11,11,11,11,11,11,11,11,11
420566,1,1,21,21,21,21,21,21,21,21,21,21
420566,2,1,0,0,0,0,0,0,0,0,0,0
420566,3,1,0,0,0,0,0,0,0,0,0,0
420567,1,1,0,3,4,0,0,0,0,0,0,0
420567,2,1,0,0,0,0,0,0,0,0,0,0
420568,1,1,0,0,0,0,0,0,0,0,0,0
420568,2,1,0,0,0,0,0,0,0,0,0,0
420569,1,1,0,0,0,0,0,0,0,0,0,0
420570,0,1,0,0,0,0,0,0,0,0,0,0
420570,1,1,0,0,0,0,0,0,0,0,0,0
420571,1,1,0,0,0,0,0,0,0,0,0,0
420571,2,1,0,0,0,0,0,0,11,0,0,0
420572,0,1,0,0,0,0,0,0,0,0,0,0
420572,1,1,0,0,0,0,0,0,0,0,0,0
420573,1,1,17,17,17,17,17,17,17,17,17,17
420574,0,1,0,0,0,0,0,0,0,0,0,0
420574,1,1,0,16,0,0,0,0,0,0,0,0
420575,1,1,0,0,0,0,0,0,0,0,0,0
420575,2,1,0,0,0,0,0,0,0,0,0,0
420575,3,1,0,0,0,0,0,0,0,0,0,0
420576,1,1,0,0,0,0,0,0,0,0,0,0
420577,1,1,0,0,0,0,0,0,0,0,0,0
420577,2,1,0,0,0,0,0,0,0,0,0,7
420578,1,1,0,0,0,0,0,0,0,0,0,0
420579,1,1,0,0,0,0,0,0,0,0,0,0
420579,2,1,0,0,0,0,0,0,0,11,0,0
420580,1,1,12,12,12,12,12,12,12,12,12,12
420581,1,1,8,8,8,8,8,8,8,8,8,8
420582,1,1,17,33,44,19,17,10,17,21,23,10
420583,1,1,15,15,15,15,15,15,15,15,15,15
420584,1,1,0,0,0,0,0,0,0,0,0,0
420585,1,1,0,0,0,0,0,0,0,0,0,0
420586,1,1,0,0,0,0,0,0,0,0,0,0
420587,1,1,0,0,0,0,0,0,0,0,0,0
420588,1,1,23,23,23,23,23,23,23,23,23,23
420589,1,1,0,0,0,0,0,0,0,0,0,0
420590,1,1,0,0,0,0,0,0,0,0,0,0
420590,2,1,0,0,0,0,0,0,0,0,0,0
420591,1,1,0,0,0,0,0,0,0,0,0,0
420591,2,1,0,0,0,0,0,0,0,0,0,0
420592,1,1,0,0,0,0,0,12,0,0,0,0
420593,1,1,0,0,0,0,0,0,0,0,0,0
420594,1,1,27,27,27,27,27,27,27,27,27,27
420595,1,1,0,0,0,0,0,0,0,0,0,0
420595,2,1,0,0,0,0,0,0,0,0,0,0
420596,1,1,0,0,0,0,0,0,0,0,0,0
420597,1,1,20,20,20,20,20,20,20,20,20,20
420598,0,1,0,0,0,0,0,0,0,0,0,0
420598,1,1,0,0,0,0,0,0,0,0,26,30
420599,1,1,0,0,0,0,0,0,0,0,0,0
420600,1,1,0,0,0,0,0,0,0,0,0,0
420600,2,1,0,0,0,0,0,0,0,0,0,0
420601,1,1,32,32,32,32,32,32,32,32,32,32
420602,1,1,0,24,0,41,0,0,0,0,0,0
420603,1,1,0,0,0,0,0,0,0,0,0,0
420604,1,1,0,0,5,0,0,17,0,0,0,0
420604,2,1,0,0,0,0,0,0,0,0,0,0
420604,3,1,0,0,0,0,0,0,0,0,0,0
420605,0,1,22,0,0,0,0,0,0,0,0,0
420605,1,1,16,16,16,16,16,16,16,16,16,16
420606,1,1,1,1,1,1,1,1,1,1,1,1
420606,2,1,0,0,0,0,0,0,12,0,0,0
420607,1,1,0,25,0,25,3,0,27,8,6,23
420607,2,1,0,0,0,0,0,0,0,0,0,0
420608,1,1,0,0,0,0,0,0,0,0,0,0
420609,1,1,0,15,0,0,0,23,17,25,0,0
420610,1,1,12,12,12,12,12,12,12,12,12,12
420611,1,1,0,0,0,0,0,0,0,0,0,0
420611,2,1,0,0,0,0,0,0,0,0,0,0
420612,1,1,21,21,21,21,21,21,21,21,21,21
420613,1,1,0,0,0,0,0,0,0,0,0,0
420613,2,1,0,0,0,0,0,0,0,0,0,0
420614,1,1,0,0,0,0,0,0,0,0,0,0
420614,2,1,0,0,0,0,0,0,0,0,0,0
420614,3,1,0,0,0,0,0,0,0,0,0,0
420615,1,1,18,18,18,18,18,18,18,18,18,18
420616,1,1,32,32,32,32,32,32,32,32,32,32
420617,0,1,0,0,12,0,0,0,34,14,21,0
420617,1,1,10,10,10,10,10,10,10,10,10,10
420618,1,1,0,0,0,0,0,0,0,0,0,0
420618,2,1,0,0,0,0,0,0,0,0,0,0
420619,1,1,0,0,0,0,0,0,0,0,0,0
420619,2,1,0,0,0,0,0,0,0,0,0,0
420620,1,1,0,0,0,0,0,0,0,0,0,0