ST_CASE,VEH_NO,PER_NO,P1,P2,P3,P4,P5,P6,P7,P8,P9,P10
420620,2,1,0,0,0,0,0,0,0,0,0,0
420621,1,1,0,0,0,0,0,0,0,0,0,0
420621,2,1,0,0,0,0,0,0,0,0,0,0
420622,1,1,0,0,0,0,0,0,0,0,0,0
420622,2,1,4,4,4,4,4,4,4,4,4,4
420623,0,1,0,0,0,0,0,0,0,0,0,0
420623,1,1,0,0,0,0,0,0,0,0,0,0
420624,1,1,15,15,15,15,15,15,15,15,15,15
420625,1,1,16,16,16,16,16,16,16,16,16,16
420626,1,1,0,0,0,0,0,0,0,0,5,0
420626,2,1,0,10,0,0,0,0,0,0,0,0
420627,1,1,0,0,0,0,0,0,0,0,0,0
420628,0,1,18,18,18,18,18,18,18,18,18,18
420628,1,1,0,0,0,0,0,0,0,0,0,0
420629,1,1,0,0,22,0,0,0,12,0,0,0
420630,1,1,0,0,0,0,0,0,0,0,0,19
420630,2,1,0,0,0,0,0,0,0,0,0,0
420630,3,1,0,0,0,0,0,0,0,0,0,0
420631,1,1,0,0,0,0,0,0,0,0,0,0
420632,1,1,0,0,0,7,0,0,22,0,0,0
420633,0,1,4,4,4,4,4,4,4,4,4,4
420633,1,1,0,0,0,0,0,0,0,0,0,0
420634,0,1,14,14,14,14,14,14,14,14,14,14
420634,1,1,16,16,16,16,16,16,16,16,16,16
420635,0,1,0,0,0,0,0,0,0,0,0,0
420635,0,2,0,0,0,0,0,0,0,0,0,0
420635,0,3,0,0,0,0,0,0,0,0,0,0
420635,1,1,0,7,8,10,13,8,0,6,15,0
420636,1,1,1,1,1,1,1,1,1,1,1,1
420636,2,1,0,0,0,0,0,0,0,0,0,0
420637,1,1,0,0,0,0,0,0,0,0,0,0
420637,2,1,0,0,0,0,0,0,0,0,0,0
420638,1,1,13,13,13,13,13,13,13,13,13,13
420638,2,1,0,0,0,14,0,0,0,13,0,0
420639,1,1,0,9,18,19,0,11,0,5,12,14
420639,2,1,0,0,0,0,0,0,0,0,0,0
420640,1,1,15,15,15,15,15,15,15,15,15,15
420641,1,1,12,0,0,0,0,0,0,21,0,0
420641,2,1,0,0,0,0,0,0,0,0,0,0
420641,3,1,0,0,0,0,0,0,0,0,0,0
420642,1,1,0,0,0,0,0,0,0,0,0,0
420642,2,1,0,0,0,0,7,0,0,0,0,0
420643,1,1,0,0,0,0,0,0,0,0,0,0
420644,1,1,0,0,0,0,0,0,0,0,0,0
420644,2,1,0,0,0,0,0,0,0,0,0,0
420645,1,1,0,0,0,0,0,0,0,0,0,0
420645,2,1,0,0,0,0,0,0,0,0,0,0
420646,1,11,0,0,0,0,0,0,0,0,0,0
420647,1,1,0,0,0,0,0,0,0,0,0,0
420648,1,1,15,21,7,20,14,24,55,18,13,20
420649,1,1,19,35,32,12,11,18,12,26,12,25
420650,1,1,0,0,0,0,0,0,0,0,0,0
420650,2,1,0,0,0,0,0,0,0,0,0,0
420651,1,1,0,0,0,0,0,0,0,0,0,0
420652,1,1,0,0,0,0,0,0,0,0,0,0
420652,2,1,0,0,0,0,0,0,0,0,0,0
420653,1,1,0,0,0,0,0,0,0,0,0,0
420653,2,1,0,0,0,0,0,0,0,0,0,0
420654,1,1,0,0,0,0,0,0,0,0,0,0
420655,1,1,0,0,0,0,0,0,0,0,0,0
420655,2,1,0,0,0,0,0,0,0,0,0,0
420656,1,1,0,0,0,0,0,0,0,0,0,0
420656,2,1,5,5,5,5,5,5,5,5,5,5
420657,0,1,49,49,49,49,49,49,49,49,49,49
420657,1,1,0,0,0,0,0,0,0,0,0,0
420658,1,1,0,0,0,10,15,23,0,14,0,13
420658,2,1,0,0,0,0,0,0,0,0,0,0
420659,1,1,0,0,0,0,0,0,0,0,0,0
420660,0,1,3,3,3,3,3,3,3,3,3,3
420660,0,2,0,0,21,0,15,18,13,0,11,0
420660,1,1,0,0,0,0,0,0,0,0,0,0
420661,0,1,0,0,0,0,0,0,0,0,0,0
420661,1,1,5,21,19,17,4,7,13,8,21,17
420662,1,1,0,0,0,0,0,0,0,0,0,0
420663,1,1,0,0,0,0,0,0,0,0,0,0
420664,1,1,17,17,17,17,17,17,17,17,17,17
420664,2,1,0,0,0,0,0,0,0,0,0,0
420664,3,1,0,0,0,0,0,0,0,0,0,0
420664,4,5,0,0,0,0,0,0,0,0,0,0
420665,1,1,29,29,29,29,29,29,29,29,29,29
420666,1,1,0,0,0,0,0,0,0,0,0,0
420667,1,1,27,27,27,27,27,27,27,27,27,27
420668,1,1,0,0,0,0,0,0,0,0,0,4
420669,1,1,19,19,19,19,19,19,19,19,19,19
420670,1,1,0,0,0,0,0,0,0,0,0,0
420670,2,1,0,0,0,0,0,0,0,0,0,0
420671,1,1,0,0,16,0,0,0,0,0,0,2
420671,2,1,0,0,0,0,0,0,0,0,0,0
420672,1,1,13,13,13,13,13,13,13,13,13,13
420673,1,1,0,0,0,0,0,0,0,0,0,0
420673,2,1,0,0,0,12,13,0,0,0,0,0
420674,0,1,0,33,25,23,0,0,0,10,0,22
420674,1,1,0,0,0,0,0,0,0,0,9,0
420675,1,1,0,0,0,0,0,0,0,0,0,12
420675,2,1,23,13,0,0,14,5,0,12,27,0
420676,0,1,0,0,0,0,0,0,0,0,0,0
420676,1,1,0,0,0,0,0,0,0,0,0,0
420677,1,1,0,0,0,0,0,0,0,0,0,0
420677,2,1,0,0,0,0,0,0,0,0,0,0
420678,1,1,16,16,16,16,16,16,16,16,16,16
420679,0,1,7,20,39,34,16,30,23,14,53,21
420679,1,1,0,0,12,0,0,0,0,0,0,0
420680,1,1,15,15,15,15,15,15,15,15,15,15
420681,1,1,0,0,0,0,0,0,0,0,0,0
420682,1,1,0,0,0,0,0,0,0,0,0,0
420682,2,1,0,0,0,0,0,0,0,0,0,0
420683,1,1,0,0,0,0,0,0,0,0,0,0
420683,2,1,0,0,0,0,0,0,0,0,0,0
420684,1,1,0,0,0,0,0,0,0,0,0,0
420684,2,1,0,0,0,0,0,0,0,0,0,0
420684,3,1,0,0,0,0,0,0,0,0,0,0
420685,1,1,0,0,0,0,0,0,0,0,0,0
420685,2,1,0,0,0,0,0,0,0,0,0,0
420686,1,1,0,0,0,0,0,0,0,0,0,0
420686,2,1,0,0,0,0,0,0,0,0,0,0
420687,1,1,0,0,0,0,0,0,0,0,0,0
420688,1,1,17,17,17,17,17,17,17,17,17,17
420689,1,1,0,0,0,0,0,0,0,0,0,0
420690,1,1,0,11,11,0,0,0,9,14,19,0
420691,1,1,15,34,11,24,13,13,9,18,36,28
420692,1,1,3,18,0,9,17,23,21,17,17,13
420693,1,1,4,9,20,39,0,16,3,28,20,0
420694,0,1,0,0,0,0,0,0,0,0,0,0
420694,1,1,0,0,0,0,0,0,0,0,0,0
420695,1,1,0,0,0,0,0,0,0,0,0,0
420696,1,1,0,0,0,0,0,0,0,0,0,0
420697,1,2,0,0,0,0,0,0,0,0,0,0
420698,1,1,0,0,0,0,0,0,0,0,0,0
420698,2,1,0,0,0,0,0,0,0,0,0,0
420699,1,1,0,0,0,0,0,0,0,0,0,0
420700,0,1,0,0,0,0,0,0,0,0,0,0
420700,1,1,0,0,0,0,0,0,0,0,0,0
420701,1,1,22,22,22,22,22,22,22,22,22,22
420701,2,1,4,0,0,0,0,0,0,0,0,0
420702,1,1,0,0,0,0,0,0,0,0,0,0
420703,1,1,22,22,22,22,22,22,22,22,22,22
420704,1,1,0,0,17,18,0,0,0,0,0,0
420705,1,1,0,0,0,0,0,0,0,0,0,0
420706,1,1,0,0,0,0,0,0,0,0,0,0
420706,2,1,0,0,19,0,0,0,0,0,0,0
420707,1,1,0,0,0,0,0,0,0,0,0,0
420707,2,1,0,0,0,0,0,0,0,0,0,0
420708,1,1,17,17,17,17,17,17,17,17,17,17
420709,1,1,0,0,0,0,0,0,0,0,0,0
420709,2,1,0,0,0,0,0,0,0,0,0,0
420710,1,1,0,0,0,0,0,0,0,0,0,0
420710,2,1,0,0,0,0,0,0,0,0,0,0
420711,1,1,0,0,0,0,0,0,0,0,0,0
420711,2,1,0,0,0,0,0,0,0,0,0,0
420712,1,1,0,0,0,0,0,0,0,0,0,0
420713,1,1,6,0,35,12,0,25,19,28,21,27
420714,0,1,0,0,0,0,0,25,0,0,0,0
420714,1,1,0,0,0,0,0,0,0,0,0,0
420715,1,1,14,29,12,7,20,42,28,18,9,0
420716,1,1,0,0,0,0,0,0,0,0,0,0
420717,1,1,0,0,0,0,0,0,0,0,0,0
420718,1,1,19,19,19,19,19,19,19,19,19,19
420719,1,1,0,0,0,0,0,0,0,0,0,0
420719,2,1,0,0,0,0,0,0,0,0,0,0
420720,0,1,22,22,22,22,22,22,22,22,22,22
420720,1,1,0,0,0,9,0,0,0,0,0,0
420721,1,1,0,0,0,0,0,0,0,0,0,0
420722,1,1,21,21,21,21,21,21,21,21,21,21
420723,1,1,22,22,22,22,22,22,22,22,22,22
420724,1,1,0,0,0,0,0,0,0,0,0,0
420724,2,1,0,0,0,0,0,0,0,0,0,21
420725,1,1,18,18,18,18,18,18,18,18,18,18
420725,2,1,0,0,0,0,0,0,0,0,0,0
420726,1,1,0,0,0,0,11,0,0,0,0,0
420727,1,1,0,0,0,0,0,0,0,0,0,0
420727,2,1,0,0,0,0,0,0,0,0,0,0
420728,1,1,0,0,0,0,0,0,0,0,0,0
420728,2,1,0,0,0,0,0,0,0,0,0,0
420729,1,1,0,0,0,0,0,0,0,0,0,0
420730,1,1,0,0,0,0,0,0,0,0,0,0
420731,0,1,0,0,0,0,0,0,0,0,0,0
420731,1,1,25,0,0,0,0,0,0,0,0,0
420732,1,1,7,3,15,14,23,16,15,23,5,8
420733,0,1,0,0,0,0,0,0,0,0,0,0
420733,1,1,0,0,0,0,0,0,0,0,0,0
420734,0,1,0,0,0,0,0,0,0,0,0,0
420734,1,1,0,0,0,0,0,0,0,0,0,0
420735,1,1,0,0,0,0,0,0,0,0,0,0
420735,2,1,0,0,0,0,0,0,0,0,0,0
420736,1,1,0,0,0,0,0,0,0,0,0,0
420736,2,1,0,0,0,0,0,0,0,0,0,0
420737,1,1,10,10,10,10,10,10,10,10,10,10
420738,1,1,0,0,0,0,0,0,4,30,17,23
420739,1,1,0,0,0,0,0,0,0,0,0,0
420739,2,1,0,0,0,0,0,0,0,0,0,0
420740,1,1,0,7,0,0,9,0,0,0,0,0
420740,2,1,0,0,0,0,0,0,0,0,0,0
420741,1,1,2,2,2,2,2,2,2,2,2,2
420742,1,1,0,0,0,0,0,0,0,0,0,0
420742,2,1,0,0,0,0,0,0,0,0,0,0
420743,1,1,0,0,0,0,0,0,0,0,0,0
420743,2,1,0,0,0,0,0,0,0,0,0,0
420744,1,1,0,0,0,0,0,0,0,15,27,0
420745,1,1,0,0,0,12,0,0,0,0,0,0
420746,1,1,0,0,0,0,0,0,0,0,0,0
420747,1,1,10,10,10,10,10,10,10,10,10,10
420747,2,1,0,0,0,0,30,0,0,0,0,0
420748,1,1,12,12,12,12,12,12,12,12,12,12
420749,1,1,0,0,0,0,0,0,0,0,0,0
420749,2,1,0,7,0,19,0,0,0,12,0,5
420750,1,1,0,0,0,0,0,0,0,0,0,0
420751,1,1,9,0,0,0,0,24,0,0,0,0
420752,1,1,0,0,0,0,0,0,0,0,0,0
420752,2,1,0,0,0,0,0,0,0,0,0,0
420753,1,1,0,0,0,0,0,0,0,0,0,0
420753,2,1,0,0,0,0,0,0,0,0,0,0
420754,1,1,0,0,0,0,0,0,0,0,0,0
420754,2,1,0,0,0,0,0,0,0,0,0,0
420755,1,1,0,0,0,0,0,0,0,0,0,0
420756,1,1,0,0,0,0,0,0,0,0,0,0
420756,2,1,0,0,0,0,0,0,0,0,0,0
420757,1,1,14,14,14,14,14,14,14,14,14,14
420758,1,1,0,0,0,0,0,0,0,0,0,0
420758,2,1,4,4,4,4,4,4,4,4,4,4
420759,0,1,26,26,26,26,26,26,26,26,26,26
420759,1,1,0,0,0,0,0,0,0,0,0,0
420760,1,1,0,0,0,0,0,0,9,0,14,0
420760,2,1,0,0,0,0,0,0,0,0,15,4
420761,1,1,0,0,0,0,0,0,0,0,0,0
420761,2,1,0,15,0,0,0,0,0,0,0,0
420762,1,1,9,0,0,0,0,0,0,0,0,0
420762,2,1,0,0,0,0,0,0,0,0,0,0
420763,0,1,23,23,23,23,23,23,23,23,23,23
420763,1,1,0,0,0,0,0,0,0,0,0,0
420764,1,1,0,0,0,0,0,0,0,0,0,0
420764,2,1,0,0,0,0,0,0,0,0,0,0
420765,1,1,0,0,0,0,0,0,0,0,0,0
420766,1,1,0,0,0,0,0,0,0,0,0,0
420767,1,1,0,0,0,0,0,0,0,0,0,0
420767,2,1,0,0,0,0,0,0,0,0,0,0
420768,0,1,0,0,0,0,0,0,0,0,0,0
420768,1,1,0,0,0,0,0,0,0,0,0,0
420769,0,1,0,0,0,0,0,0,0,0,0,0
420769,1,1,0,0,0,0,0,0,0,0,0,0
420770,1,1,0,13,18,0,0,0,0,21,0,0
420771,0,1,0,0,0,0,0,0,0,0,0,0
420771,1,1,0,0,0,0,0,0,0,0,0,0
420772,1,1,11,11,11,11,11,11,11,11,11,11
420773,0,1,0,0,0,0,0,0,0,0,0,0
420773,1,1,0,0,0,0,0,0,0,0,0,0
420773,2,1,0,0,0,0,0,0,0,0,0,0
420774,1,1,24,24,24,24,24,24,24,24,24,24
420774,2,1,0,0,0,0,0,0,0,0,0,0
420775,1,1,0,0,0,0,0,0,0,0,0,0
420775,2,1,0,0,0,0,0,0,0,0,0,0
420776,0,1,25,25,25,25,25,25,25,25,25,25
420776,1,1,0,0,0,0,0,0,0,0,0,0
420777,1,1,0,0,0,0,0,0,0,0,0,0
420777,2,1,0,0,0,0,0,0,0,0,0,0
420778,1,1,24,24,24,24,24,24,24,24,24,24
420779,1,1,0,0,0,0,0,0,0,0,0,0
420779,2,1,0,0,0,0,0,0,0,0,0,0
420780,1,1,0,0,0,0,0,0,0,0,0,0
420780,2,1,0,0,0,0,0,0,0,0,0,0
420781,1,1,0,0,0,0,0,0,0,0,0,0
420781,2,1,0,0,0,0,0,0,0,0,0,0
420782,0,1,0,0,0,0,0,0,0,0,0,0
420782,1,1,0,0,0,0,0,0,0,0,0,0
420783,1,1,0,0,0,0,0,0,0,0,0,0
420783,2,1,0,0,0,0,0,0,0,0,0,0
420783,3,1,0,0,0,0,0,0,0,0,0,0
420784,1,1,9,9,9,9,9,9,9,9,9,9
420785,0,1,10,13,5,0,24,5,22,11,16,30
420785,1,1,25,0,6,0,0,0,25,0,14,0
420786,1,1,0,0,0,0,0,24,0,0,0,0
420786,2,1,0,0,0,0,0,0,0,0,0,0
420786,3,1,0,0,0,0,0,0,0,0,0,0
420787,1,1,0,0,0,0,0,0,0,0,0,0
420788,1,1,7,7,7,7,7,7,7,7,7,7
420788,2,1,0,0,0,0,0,8,0,0,0,5
420788,3,1,0,0,11,0,23,0,25,0,0,3
420789,1,1,16,16,16,16,16,16,16,16,16,16
420790,1,1,0,0,0,0,0,0,0,0,0,0
420790,2,1,0,0,0,0,0,0,0,0,0,0
420790,3,1,0,0,0,0,0,0,0,0,0,0
420791,1,1,0,0,0,0,0,0,0,0,0,0
420791,2,1,0,0,0,0,0,0,0,0,0,0
420791,3,1,0,0,0,0,0,0,0,0,0,0
420792,1,1,0,0,0,0,0,0,0,0,0,0
420792,2,1,0,0,0,0,0,0,0,0,0,0
420793,1,1,7,7,7,7,7,7,7,7,7,7
420793,2,1,0,0,0,0,0,0,0,0,0,0
420793,3,1,0,0,0,0,0,0,0,0,0,0
420794,1,1,13,0,20,0,27,0,0,0,11,0
420795,1,1,0,0,0,0,0,0,0,0,0,0
420795,2,1,0,0,0,0,0,0,0,0,0,0
420795,3,1,0,0,0,0,0,0,0,0,0,0
420796,1,1,0,0,0,0,0,0,0,0,0,0
420796,2,1,0,0,0,0,0,0,0,0,0,0
420797,0,1,0,16,14,21,15,28,2,16,20,10
420797,1,1,11,28,9,18,15,16,26,0,8,12
420798,1,1,14,14,14,14,14,14,14,14,14,14
420798,2,1,0,0,0,0,0,0,0,0,0,0
420799,1,1,22,22,22,22,22,22,22,22,22,22
420799,2,1,0,0,0,0,0,0,0,0,0,0
420800,1,1,12,12,12,12,12,12,12,12,12,12
420800,2,1,7,0,13,5,15,0,0,0,0,0
420801,1,1,0,0,0,0,0,0,0,0,0,0
420802,1,1,25,25,25,25,25,25,25,25,25,25
420803,1,1,10,10,10,10,10,10,10,10,10,10
420804,1,1,0,0,0,0,0,0,0,0,0,0
420804,2,1,0,0,0,0,0,0,0,0,0,0
420805,1,1,3,3,3,3,3,3,3,3,3,3
420806,1,1,1,1,1,1,1,1,1,1,1,1
420807,1,1,34,34,34,34,34,34,34,34,34,34
420808,1,1,0,0,0,0,0,0,0,0,0,0
420809,0,1,16,21,0,29,0,0,5,0,0,0
420809,1,1,0,0,0,10,4,11,0,0,0,0
420810,0,1,0,0,0,0,0,0,0,0,0,0
420810,1,1,0,0,0,0,0,0,0,0,0,0
420811,1,1,0,0,0,0,0,0,0,0,0,0
420812,1,1,24,24,24,24,24,24,24,24,24,24
420813,0,1,0,0,0,0,0,0,0,0,0,0
420813,1,1,0,0,0,0,0,0,0,0,0,0
420814,0,1,25,25,25,25,25,25,25,25,25,25
420814,1,1,19,0,13,0,17,11,25,16,0,0
420815,1,1,0,0,0,0,0,0,0,0,0,0
420815,2,1,0,0,0,0,0,0,0,0,0,0
420816,1,1,0,0,0,0,0,0,0,0,0,0
420816,2,1,0,0,0,0,0,0,0,0,0,0
420817,1,1,0,0,0,0,0,0,0,0,0,0
420818,0,1,27,27,27,27,27,27,27,27,27,27
420818,1,1,9,9,9,9,9,9,9,9,9,9
420819,1,1,0,0,0,0,0,0,0,0,0,0
420819,2,1,0,0,0,0,0,0,0,0,0,0
420820,1,1,0,0,0,0,0,0,0,0,0,0
420821,1,1,0,0,0,0,0,0,0,0,0,0
420821,2,1,0,0,0,0,0,0,0,0,0,0
420822,1,1,0,0,0,0,0,0,0,0,0,0
420822,2,1,0,0,0,0,9,0,0,0,0,0
420823,1,1,19,19,19,19,19,19,19,19,19,19
420823,2,1,0,0,0,0,0,0,0,0,0,0
420824,1,1,0,0,0,0,0,0,0,0,0,0
420824,2,1,0,0,0,0,0,0,0,0,0,0
420825,1,1,14,14,14,14,14,14,14,14,14,14
420826,1,1,0,0,0,0,0,0,0,0,0,0
420826,2,1,0,0,0,0,0,0,0,0,0,0
420827,1,1,0,0,0,0,0,0,0,0,0,0
420827,2,1,0,0,0,0,0,0,0,0,0,0
420828,1,1,0,0,0,0,0,0,0,0,0,0
420828,2,1,0,0,0,0,0,0,0,0,0,0
420829,1,1,25,25,25,25,25,25,25,25,25,25
420830,1,1,0,0,0,0,0,0,0,0,13,0
420831,1,1,0,7,0,23,26,0,11,16,0,22
420831,2,1,0,0,0,20,0,0,0,0,0,5
420832,1,1,24,17,8,9,24,14,0,13,15,21
420832,2,1,0,0,0,0,0,0,0,0,0,0
420833,1,1,0,0,0,0,0,0,0,0,0,0
420833,2,1,0,0,0,0,0,0,0,0,0,0
420834,1,1,0,0,0,0,0,0,0,0,0,0
420835,1,1,0,0,0,0,0,25,0,0,0,0
420836,0,1,0,0,0,0,0,0,0,0,0,0
420836,0,2,0,0,0,0,0,0,0,0,0,0
420836,1,1,0,0,0,0,0,0,0,0,0,0
420837,1,1,0,0,0,0,0,0,0,0,0,0
420838,1,1,5,5,5,5,5,5,5,5,5,5
420839,1,1,7,7,7,7,7,7,7,7,7,7
420840,1,1,0,0,0,0,0,0,0,0,0,0
420841,0,1,30,20,21,21,49,20,22,34,23,14
420841,1,1,0,0,0,0,0,0,0,0,0,0
420842,1,1,0,0,0,0,0,0,0,0,0,0
420842,2,1,0,0,0,0,0,0,0,0,0,0
420843,1,1,0,0,0,0,0,0,0,0,0,0
420843,2,1,0,0,0,0,0,0,0,0,0,0
420844,1,1,13,13,13,13,13,13,13,13,13,13
420845,1,1,0,0,0,0,0,0,0,0,0,0
420845,2,1,0,0,0,0,0,0,0,0,0,0
420846,1,1,0,0,0,0,0,0,0,0,0,0
420846,2,1,0,0,0,0,0,0,0,0,0,0
420847,1,1,0,0,0,0,4,0,0,0,0,0
420847,2,1,0,0,0,0,0,0,0,0,0,0
420848,1,1,0,0,0,0,0,0,0,0,0,0
420848,2,1,0,0,0,0,0,0,0,0,0,0
420849,1,1,22,22,22,22,22,22,22,22,22,22
420850,1,1,0,7,0,0,0,0,0,0,0,0
420851,1,1,15,15,15,15,15,15,15,15,15,15
420852,1,1,0,0,0,0,0,0,0,0,0,0
420852,2,1,0,0,0,0,0,0,24,0,0,0
420853,1,1,0,0,0,0,0,0,0,0,0,0
420853,2,1,0,0,0,0,0,0,0,0,0,0
420854,1,1,5,5,5,5,5,5,5,5,5,5
420854,2,1,0,0,0,0,0,0,0,0,0,0
420855,0,1,0,0,0,0,0,0,0,0,0,0
420855,1,1,0,0,2,0,0,0,0,0,0,0
420856,0,1,0,0,0,0,0,0,0,0,0,0
420856,1,1,0,10,0,0,0,16,0,0,0,7
420857,1,1,20,20,20,20,20,20,20,20,20,20
420857,2,1,0,0,0,0,0,0,0,0,0,0
420858,1,1,0,0,0,0,0,0,0,0,0,0
420858,2,1,0,0,0,0,0,0,0,0,0,0
420859,1,1,0,0,0,0,0,0,0,26,0,0
420859,2,1,0,0,0,0,0,0,0,0,0,0
420860,0,1,0,0,0,0,0,0,0,0,0,0
420860,1,1,16,17,22,30,13,0,25,5,0,4
420861,1,4,19,0,0,0,0,15,0,13,19,7
420862,1,1,7,7,7,7,7,7,7,7,7,7
420863,1,1,15,15,15,15,15,15,15,15,15,15
420864,1,1,0,0,0,0,0,0,0,0,0,0
420865,1,1,21,21,21,21,21,21,21,21,21,21
420866,0,1,0,0,0,0,0,0,0,0,0,0
420866,1,1,0,0,0,0,0,0,0,0,0,0
420867,1,1,29,29,29,29,29,29,29,29,29,29
420868,1,1,0,0,0,0,0,0,0,0,0,0
420868,2,1,0,0,0,0,0,0,0,0,0,0
420869,0,1,10,0,0,0,0,0,0,0,0,0
420869,1,1,13,0,0,0,0,0,32,0,4,7
420870,1,1,15,15,15,15,15,15,15,15,15,15
420870,2,1,0,0,0,0,0,0,0,0,0,0
420871,0,1,0,0,0,0,0,0,0,0,0,17
420871,1,1,0,0,0,0,0,0,0,0,0,0
420872,1,1,0,0,0,0,0,0,0,0,0,0
420872,2,1,0,0,0,0,0,0,0,14,0,0
420873,1,1,14,14,14,14,14,14,14,14,14,14
420873,2,1,0,0,0,0,0,0,0,0,0,0
420874,1,1,15,15,15,15,15,15,15,15,15,15
420874,2,1,0,0,0,0,0,0,0,0,0,14
420875,1,1,1,1,1,1,1,1,1,1,1,1
420875,2,1,0,0,0,0,0,11,0,0,0,0
420876,1,1,0,0,0,0,0,0,0,0,0,0
420876,2,1,0,0,0,0,0,0,0,0,0,0
420877,0,1,0,0,0,0,0,0,0,0,0,0
420877,1,1,0,0,0,0,0,0,0,0,0,0
420878,0,1,0,0,0,0,0,0,0,0,0,0
420878,1,1,17,0,0,0,0,16,0,0,0,0
420879,1,1,0,0,0,0,0,0,0,0,0,0
420879,2,1,0,0,25,0,0,0,0,0,0,0
420879,3,1,0,0,0,0,0,0,0,0,0,0
420880,1,1,20,20,20,20,20,20,20,20,20,20
420880,2,1,0,0,0,0,0,0,0,0,0,0
420880,3,1,0,0,0,0,0,0,0,0,0,0
420881,1,1,17,17,17,17,17,17,17,17,17,17
420882,1,1,0,0,0,0,0,0,0,7,0,0
420883,0,1,0,0,0,0,0,0,0,0,14,0
420883,1,1,0,0,0,0,0,0,0,0,0,0
420884,1,1,0,0,0,0,0,0,0,0,0,0
420884,2,1,25,25,25,25,25,25,25,25,25,25
420885,0,1,0,0,0,0,0,0,0,0,0,0
420885,1,1,0,0,0,0,0,0,0,0,0,0
420886,0,1,0,0,0,0,0,0,0,0,0,0
420886,1,1,0,0,0,0,0,0,0,0,0,0
420887,0,1,0,4,0,0,0,0,0,0,0,0
420887,0,2,0,0,0,0,0,0,0,0,0,0
420887,1,1,0,0,0,0,0,0,0,0,0,0
420887,2,1,0,0,0,0,0,0,0,0,0,0
420888,1,1,0,0,0,0,0,0,0,0,0,0
420888,2,1,13,13,13,13,13,13,13,13,13,13
420889,1,1,0,0,0,0,0,0,0,0,0,0
420889,2,1,0,0,0,0,0,0,0,0,0,0
420890,1,1,0,0,0,0,0,0,0,0,0,0
420891,1,1,11,11,11,11,11,11,11,11,11,11
420891,2,1,8,14,7,0,12,9,7,24,11,13
420892,1,1,14,14,14,14,14,14,14,14,14,14
420893,1,1,0,0,0,0,0,0,0,0,0,0
420893,2,1,0,0,0,0,0,0,0,0,0,0
420893,3,1,0,0,0,0,0,0,0,0,0,0
420894,1,1,0,0,0,0,0,0,0,0,0,0
420894,2,1,0,0,0,0,0,0,0,0,0,0
420894,3,1,0,0,0,0,0,0,0,0,0,0
420895,1,1,0,0,0,0,0,0,0,0,0,0
420895,2,1,15,0,0,0,0,0,0,0,0,0
420896,1,1,0,0,0,0,0,0,0,0,0,0
420897,1,1,23,23,23,23,23,23,23,23,23,23
420898,1,1,0,0,0,0,0,0,0,10,13,0
420898,2,1,0,0,0,0,0,0,0,0,0,0
420899,1,1,6,6,6,6,6,6,6,6,6,6
420900,1,1,0,0,0,0,0,0,0,0,0,0
420901,1,1,0,0,0,0,0,0,0,0,0,0
420901,2,1,0,0,0,0,0,0,0,0,0,0
420902,1,1,0,0,0,0,0,0,0,0,0,0
420902,2,1,19,13,17,28,17,0,18,15,4,22
420903,1,1,6,6,6,6,6,6,6,6,6,6
420904,1,1,0,0,0,0,0,0,0,0,0,0
420904,2,1,0,0,0,0,0,0,0,0,0,0
420905,1,1,0,0,0,0,0,0,0,0,0,0
420905,2,1,0,0,0,0,0,0,0,0,0,0
420906,0,1,0,0,0,0,0,0,0,0,0,0
420906,0,2,0,0,0,0,0,0,0,0,0,0
420906,0,3,17,0,29,0,0,0,0,0,27,0
420906,1,1,12,12,12,12,12,12,12,12,12,12
420907,1,1,0,0,0,0,0,0,0,0,0,0
420907,2,1,6,0,0,0,0,0,0,32,14,0
420908,1,1,0,0,0,0,0,0,0,19,0,0
420908,2,1,0,0,0,0,0,0,0,0,0,0
420908,3,1,0,0,0,0,0,0,0,0,0,0
420909,1,1,0,0,0,0,0,0,0,17,0,0
420909,2,1,0,0,0,0,0,0,0,0,0,0
420910,1,1,24,7,25,18,37,0,14,20,12,32
420911,1,1,3,3,3,3,3,3,3,3,3,3
420912,1,1,0,0,0,0,0,0,0,0,0,0
420912,2,1,0,0,0,0,0,0,0,0,0,0
420912,3,1,0,0,0,0,0,0,0,0,0,0
420912,4,1,0,0,0,0,19,0,0,0,0,0
420913,1,1,0,0,0,0,0,0,0,0,0,0
420914,1,1,0,0,0,0,0,0,0,0,0,0
420915,1,1,27,20,32,0,0,0,21,24,0,15
420916,1,1,0,0,0,0,0,0,0,0,0,0
420917,1,1,9,9,9,9,9,9,9,9,9,9
420918,1,1,0,0,0,0,0,0,0,0,0,30
420919,1,1,0,0,0,0,9,24,0,0,0,15
420920,1,1,0,0,0,0,0,0,0,0,0,0
420920,2,1,0,0,0,0,0,0,0,0,0,0
420920,3,1,0,0,0,0,0,0,0,0,0,0
420921,1,1,15,15,15,15,15,15,15,15,15,15
420922,1,1,0,0,0,0,0,0,0,0,0,0
420923,0,1,0,0,0,0,0,0,0,8,0,0