ST_CASE,VEH_NO,PER_NO,P1,P2,P3,P4,P5,P6,P7,P8,P9,P10
450043,1,1,10,10,10,10,10,10,10,10,10,10
450044,1,1,5,5,5,5,5,5,5,5,5,5
450045,1,1,11,11,11,11,11,11,11,11,11,11
450046,1,1,18,18,18,18,18,18,18,18,18,18
450047,1,1,28,28,28,28,28,28,28,28,28,28
450048,1,1,0,0,0,0,0,0,0,0,0,0
450048,2,1,0,19,0,0,0,0,0,0,0,0
450049,1,1,0,0,0,14,0,0,0,0,0,0
450049,2,1,0,0,0,0,0,0,0,0,0,0
450050,1,1,0,0,0,0,0,0,0,0,0,0
450050,2,1,11,17,7,4,12,11,5,32,12,0
450051,1,1,0,0,3,0,9,0,0,0,0,0
450051,2,1,0,0,6,17,0,0,0,0,0,0
450051,3,1,23,0,0,0,0,12,0,0,0,0
450052,1,1,0,14,6,27,24,24,16,15,18,17
450052,2,1,0,0,0,8,15,26,21,8,0,0
450053,0,1,29,29,29,29,29,29,29,29,29,29
450053,1,1,5,0,0,14,0,0,0,0,0,16
450054,1,1,13,13,13,13,13,13,13,13,13,13
450055,1,1,19,19,19,19,19,19,19,19,19,19
450056,1,1,0,0,0,0,0,0,0,0,0,0
450057,1,1,0,0,0,0,0,0,0,0,0,0
450058,1,1,26,26,26,26,26,26,26,26,26,26
450059,1,1,16,16,16,16,16,16,16,16,16,16
450060,1,1,0,24,0,12,19,0,16,10,0,0
450060,2,1,12,0,12,0,0,0,11,0,0,3
450061,1,1,22,22,22,22,22,22,22,22,22,22
450062,1,1,0,0,0,0,0,0,0,0,0,0
450062,2,1,0,0,4,0,0,0,0,11,0,0
450062,3,1,0,0,0,0,0,0,0,0,0,0
450063,1,1,0,0,0,13,0,0,0,0,0,0
450063,2,1,0,31,21,0,0,0,0,0,0,0
450064,1,1,6,6,6,6,6,6,6,6,6,6
450065,0,1,0,0,0,0,0,0,0,0,0,0
450065,1,1,0,0,0,0,0,12,0,0,0,0
450066,0,1,0,0,0,0,0,0,0,0,0,0
450066,1,1,21,16,16,0,0,20,0,12,0,0
450068,1,1,25,25,25,25,25,25,25,25,25,25
450069,1,1,0,0,0,0,0,0,0,0,0,0
450069,2,1,21,0,0,0,0,0,0,3,0,0
450070,1,1,0,0,0,13,0,0,0,0,0,5
450070,2,1,0,0,16,0,5,0,0,12,0,0
450071,1,1,33,33,33,33,33,33,33,33,33,33
450071,2,1,13,13,13,13,13,13,13,13,13,13
450072,1,1,0,0,0,0,0,0,0,0,0,0
450072,2,1,0,0,0,0,0,0,0,0,0,0
450073,0,1,24,24,24,24,24,24,24,24,24,24
450073,1,1,0,0,0,0,0,0,0,23,0,0
450074,1,1,0,0,0,0,0,0,0,0,0,0
450075,1,1,0,0,0,0,0,0,0,0,0,0
450075,2,1,0,0,0,0,0,0,0,0,0,0
450076,1,1,10,10,10,10,10,10,10,10,10,10
450076,2,1,0,0,0,0,0,6,0,0,0,13
450077,1,1,24,24,24,24,24,24,24,24,24,24
450078,1,1,26,26,26,26,26,26,26,26,26,26
450079,1,1,26,26,26,26,26,26,26,26,26,26
450080,1,1,0,0,0,0,0,0,0,0,0,0
450081,0,1,0,0,0,0,0,0,0,0,0,0
450081,1,1,0,0,0,0,0,0,0,0,0,0
450082,1,1,0,48,6,0,0,0,0,0,34,0
450082,2,1,0,0,0,0,0,0,0,0,0,0
450083,1,1,0,0,0,0,0,0,0,0,0,0
450084,0,1,0,0,0,0,0,0,0,0,0,0
450084,1,1,0,0,0,0,0,0,0,0,0,0
450085,1,1,13,13,13,13,13,13,13,13,13,13
450086,1,1,23,23,23,23,23,23,23,23,23,23
450087,1,1,0,0,0,0,0,0,0,0,0,0
450088,0,1,25,25,25,25,25,25,25,25,25,25
450088,1,1,0,0,0,0,0,0,0,0,0,0
450089,1,1,0,0,0,0,0,0,0,0,0,0
450089,2,1,0,0,0,0,0,0,0,0,0,0
450090,1,1,0,0,0,0,0,0,0,0,0,0
450090,2,1,0,0,0,0,0,0,0,0,0,0
450091,1,1,0,25,0,0,0,0,0,0,0,0
450092,1,1,33,33,33,33,33,33,33,33,33,33
450093,1,1,0,0,0,0,0,0,0,0,0,0
450094,1,1,12,0,0,0,0,0,0,0,0,0
450095,1,1,19,19,19,19,19,19,19,19,19,19
450096,1,1,0,0,0,0,0,0,0,0,0,0
450097,1,1,0,0,0,0,0,0,0,0,0,0
450097,2,1,0,0,0,0,0,0,0,0,0,0
450098,0,1,20,20,20,20,20,20,20,20,20,20
450098,1,1,13,0,0,0,0,0,0,0,6,0
450099,1,1,23,0,22,15,14,12,12,12,18,6
450100,1,1,0,5,0,0,0,0,0,0,25,0
450100,2,1,0,0,10,0,11,0,0,0,0,0
450101,1,1,0,0,0,0,0,0,0,0,0,0
450101,2,1,0,0,0,0,0,0,0,0,0,0
450102,1,1,0,0,0,0,0,0,0,0,0,0
450102,2,1,0,0,0,0,0,0,0,0,0,0
450103,1,1,23,23,23,23,23,23,23,23,23,23
450104,1,1,0,0,0,0,0,0,0,0,0,0
450104,2,1,0,0,0,0,0,0,0,0,0,0
450106,1,1,0,0,0,34,0,0,0,0,0,0
450107,1,1,0,0,0,0,0,0,0,0,0,0
450109,1,1,34,34,34,34,34,34,34,34,34,34
450110,1,1,17,17,17,17,17,17,17,17,17,17
450111,1,1,21,21,21,21,21,21,21,21,21,21
450112,1,1,18,18,18,18,18,18,18,18,18,18
450113,1,1,0,0,0,0,0,0,0,0,0,0
450114,1,1,0,0,0,0,0,0,0,0,0,0
450114,2,1,29,29,29,29,29,29,29,29,29,29
450115,1,1,20,0,0,0,0,0,0,0,18,0
450115,2,1,0,8,11,0,0,15,20,0,0,18
450115,3,1,0,0,0,0,0,0,0,0,0,0
450116,1,1,9,0,0,0,14,17,0,0,0,0
450116,2,1,0,12,4,0,30,0,8,0,0,0
450117,1,1,14,14,14,14,14,14,14,14,14,14
450118,1,1,0,5,0,0,0,0,0,0,0,0
450118,2,1,5,0,17,12,19,29,0,0,15,7
450119,1,1,0,0,0,0,0,0,0,0,0,0
450120,1,1,20,14,0,0,0,12,0,0,0,0
450121,1,1,19,19,19,19,19,19,19,19,19,19
450122,1,1,13,6,0,0,0,0,0,0,0,0
450122,2,1,0,0,0,0,0,0,0,0,0,0
450123,1,1,16,16,16,16,16,16,16,16,16,16
450124,1,1,0,10,0,2,0,15,17,0,0,0
450124,2,1,0,0,0,0,6,0,0,0,0,0
450125,1,1,0,0,0,0,0,0,0,0,0,0
450125,2,1,0,0,0,0,0,0,0,0,0,0
450126,1,1,28,28,28,28,28,28,28,28,28,28
450127,1,1,24,24,24,24,24,24,24,24,24,24
450128,1,1,0,0,0,0,0,0,0,0,0,0
450129,1,1,31,31,31,31,31,31,31,31,31,31
450130,1,1,0,0,0,0,0,0,0,0,0,0
450130,2,1,0,0,0,0,0,0,0,0,0,7
450131,1,1,14,14,14,14,14,14,14,14,14,14
450132,1,1,0,0,0,0,0,0,0,0,0,0
450132,2,1,0,0,0,0,0,0,0,0,0,0
450133,1,1,0,0,0,0,0,0,0,0,0,0
450134,1,1,0,0,0,0,0,0,0,0,0,0
450135,1,1,9,9,9,9,9,9,9,9,9,9
450136,1,1,0,0,0,0,0,0,0,0,0,0
450136,2,1,0,0,0,0,8,0,0,0,0,0
450137,1,1,8,8,8,8,8,8,8,8,8,8
450137,2,1,0,0,0,0,0,0,0,0,14,0
450137,3,1,17,12,0,0,0,6,6,0,0,0
450138,1,1,0,0,15,8,0,0,11,0,11,0
450139,0,1,0,0,0,0,0,0,0,0,0,0
450139,1,1,9,9,9,9,9,9,9,9,9,9
450140,1,1,25,25,25,25,25,25,25,25,25,25
450141,0,1,16,16,16,16,16,16,16,16,16,16
450141,1,1,0,0,15,0,0,0,0,0,0,6
450143,0,1,0,0,0,0,0,0,0,0,0,0
450143,1,1,14,7,25,19,31,7,8,8,5,8
450144,1,1,0,0,0,0,0,0,0,0,0,0
450144,2,1,0,0,0,0,0,3,0,0,0,0
450145,1,1,0,0,18,0,0,13,0,0,0,0
450145,2,1,0,0,0,0,0,0,0,0,0,0
450146,1,1,0,0,0,0,0,0,0,0,0,0
450146,2,1,0,0,0,0,0,0,0,0,0,0
450147,1,1,11,23,7,27,0,0,0,0,11,15
450148,0,1,0,0,0,0,0,0,0,0,0,0
450148,1,1,0,16,0,0,0,0,0,0,0,0
450149,1,1,0,9,0,10,0,0,0,15,0,0
450150,1,1,0,0,0,0,0,0,0,0,0,0
450150,2,1,19,19,19,19,19,19,19,19,19,19
450151,1,1,0,0,0,0,0,0,0,0,0,0
450151,2,1,0,0,0,0,0,0,0,0,0,0
450152,1,1,0,0,0,0,0,0,0,0,0,0
450153,1,1,18,18,18,18,18,18,18,18,18,18
450153,2,1,0,12,0,14,0,0,0,0,0,6
450154,1,1,0,0,0,0,0,0,0,0,0,0
450155,1,1,23,23,23,23,23,23,23,23,23,23
450155,2,1,0,9,0,0,32,0,0,0,0,0
450156,1,1,16,16,16,16,16,16,16,16,16,16
450157,1,1,20,19,3,11,11,10,9,18,9,10
450158,1,1,0,0,0,0,0,0,0,0,0,0
450159,1,1,0,0,0,0,0,0,0,0,0,0
450159,2,1,0,0,0,0,0,0,0,0,0,0
450160,1,1,0,0,0,0,0,0,0,0,0,0
450160,2,1,33,33,33,33,33,33,33,33,33,33
450161,1,1,0,0,0,0,0,0,0,0,0,0
450161,2,1,0,0,0,0,0,0,0,0,0,0
450162,1,1,0,0,0,0,0,0,0,0,0,0
450162,2,1,0,0,0,0,0,0,0,0,0,0
450163,1,1,21,21,21,21,21,21,21,21,21,21
450164,1,1,23,23,23,23,23,23,23,23,23,23
450165,0,1,20,20,20,20,20,20,20,20,20,20
450165,1,1,5,5,5,5,5,5,5,5,5,5
450166,1,1,28,0,0,0,0,0,0,0,0,0
450166,2,1,0,0,0,0,0,0,0,0,0,0
450167,1,1,0,0,0,0,0,0,0,0,0,0
450168,1,1,0,6,4,0,0,0,0,0,0,0
450168,2,1,0,0,0,0,0,0,0,0,0,0
450168,3,1,0,0,0,0,0,0,0,0,0,0
450168,4,1,0,0,0,0,0,0,0,0,0,0
450168,5,1,0,0,0,0,0,0,0,0,0,0
450168,6,1,0,0,0,0,0,0,11,0,0,0
450169,1,1,0,0,0,0,0,0,0,0,0,0
450170,1,1,11,0,0,0,0,0,0,10,10,0
450170,2,1,30,30,30,30,30,30,30,30,30,30
450171,0,1,0,28,24,22,17,23,0,0,0,0
450171,1,1,11,0,14,13,18,9,0,16,16,14
450172,1,1,0,17,0,0,0,0,9,0,0,0
450173,0,1,24,24,24,24,24,24,24,24,24,24
450173,1,1,0,21,33,0,0,24,0,0,0,6
450174,1,1,0,10,12,0,20,0,0,15,0,0
450175,1,1,0,0,0,0,0,0,0,0,0,0
450175,2,1,0,0,0,0,0,0,0,0,0,0
450175,3,1,0,0,0,0,0,0,0,0,0,0
450176,0,1,0,0,0,0,0,0,0,0,0,0
450176,1,1,19,23,0,0,20,0,21,5,0,4
450177,1,1,25,25,25,25,25,25,25,25,25,25
450178,1,1,8,8,8,8,8,8,8,8,8,8
450179,1,1,0,0,0,0,0,0,0,0,0,0
450180,1,1,0,0,0,10,0,0,8,0,0,0
450180,2,1,0,0,0,0,0,0,0,0,0,0
450181,1,1,22,22,22,22,22,22,22,22,22,22
450182,1,1,7,7,7,7,7,7,7,7,7,7
450183,1,1,0,0,0,0,0,0,0,0,0,0
450184,1,1,3,3,3,3,3,3,3,3,3,3
450184,2,1,18,18,18,18,18,18,18,18,18,18
450185,1,1,16,16,16,16,16,16,16,16,16,16
450186,1,1,18,18,18,18,18,18,18,18,18,18
450187,1,1,16,16,16,16,16,16,16,16,16,16
450188,1,1,0,0,0,0,0,0,0,0,0,0
450189,1,1,0,0,0,0,0,0,0,0,0,0
450190,1,1,0,0,0,0,0,0,0,0,0,0
450190,2,1,0,0,0,0,0,26,0,0,5,0
450191,0,1,0,0,0,0,0,0,0,0,0,0
450191,1,1,0,19,14,0,0,0,4,15,0,0
450192,1,1,0,0,0,0,0,0,0,0,0,0
450192,2,1,0,0,0,0,0,0,0,0,0,0
450193,1,1,0,0,0,0,0,0,0,0,0,0
450193,2,1,0,0,6,0,17,0,0,20,0,0
450194,1,1,0,0,0,0,0,0,0,0,0,0
450194,2,1,0,0,0,0,0,0,0,0,0,0
450195,0,1,31,25,0,21,0,13,0,0,0,0
450195,1,1,3,29,0,14,0,0,0,0,8,0
450196,1,1,24,24,24,24,24,24,24,24,24,24
450196,2,1,0,0,14,0,13,0,7,22,0,12
450197,1,1,0,0,0,0,0,0,0,0,0,0
450197,2,1,0,0,0,0,0,0,0,0,0,0
450197,3,2,0,0,0,0,0,0,7,0,0,0
450198,1,1,0,0,0,0,0,0,0,0,0,0
450199,1,1,0,0,0,0,0,0,0,0,0,0
450199,2,1,18,13,0,0,0,0,0,0,0,0
450200,1,1,23,22,32,0,20,19,28,41,14,0
450201,1,1,19,19,19,19,19,19,19,19,19,19
450202,1,1,13,13,13,13,13,13,13,13,13,13
450203,1,1,5,0,0,0,0,28,0,0,0,0
450204,0,1,0,0,0,0,0,0,0,0,0,0
450204,0,2,0,0,0,0,0,0,0,0,0,0
450204,1,1,0,8,23,0,18,17,0,15,0,0
450205,1,1,14,0,0,15,0,0,0,0,5,12
450206,1,1,15,15,15,15,15,15,15,15,15,15
450208,1,1,20,20,20,20,20,20,20,20,20,20
450209,1,1,0,0,0,0,12,0,0,0,0,0
450209,2,1,0,0,0,0,0,0,0,0,0,0
450210,1,1,0,0,0,0,0,0,0,0,0,0
450210,2,1,0,0,0,2,9,0,0,0,0,0
450211,1,1,20,27,13,0,0,0,14,0,35,0
450212,1,1,0,0,0,18,0,0,0,0,0,0
450212,2,1,0,0,0,4,8,19,9,0,0,0
450212,3,1,0,0,0,0,0,0,0,0,0,0
450213,1,1,10,0,12,16,11,25,16,29,18,24
450213,2,1,0,0,0,0,0,0,0,0,0,0
450214,1,1,0,0,0,0,0,0,0,0,0,0
450214,2,1,31,31,31,31,31,31,31,31,31,31
450215,0,1,33,33,33,33,33,33,33,33,33,33
450215,1,1,18,36,0,0,0,14,0,0,0,0
450216,1,1,0,0,0,0,0,0,0,0,0,0
450216,2,1,0,0,0,0,0,0,0,0,0,0
450217,1,1,20,5,8,22,25,34,23,34,21,9
450218,1,1,0,0,0,0,0,0,0,0,0,0
450219,1,1,0,0,0,0,0,0,0,0,0,0
450219,2,1,0,0,0,22,0,0,0,0,5,0
450220,1,1,0,0,26,0,17,15,13,0,0,0
450220,2,1,0,0,0,0,0,0,0,0,0,0
450221,1,1,0,10,31,0,0,0,0,0,15,30
450221,2,1,15,15,15,15,15,15,15,15,15,15
450222,1,1,0,0,0,0,0,0,0,0,0,0
450222,2,1,0,0,0,0,0,0,0,0,0,0
450223,1,1,18,18,18,18,18,18,18,18,18,18
450223,2,1,0,0,0,0,0,0,0,0,0,0
450224,1,1,0,0,0,0,0,0,0,0,0,0
450225,1,1,17,17,17,17,17,17,17,17,17,17
450225,2,1,0,0,0,0,24,0,0,0,0,0
450226,1,1,0,0,0,0,0,0,0,0,0,0
450226,2,1,0,0,0,0,0,0,0,0,0,0
450227,1,1,0,0,0,22,0,0,0,8,0,0
450227,2,1,16,16,16,16,16,16,16,16,16,16
450228,1,1,0,9,33,0,0,0,0,0,0,31
450228,2,1,0,17,0,21,0,0,0,0,0,0
450229,1,1,0,0,0,0,0,0,0,0,0,0
450229,2,1,0,22,24,12,14,7,17,18,12,10
450230,1,1,13,20,26,11,14,14,13,6,3,19
450231,1,1,0,0,0,0,0,0,0,0,0,0
450231,2,1,0,6,0,0,0,0,0,0,0,0
450231,3,1,0,2,0,0,0,0,10,0,0,0
450232,1,1,15,15,15,15,15,15,15,15,15,15
450233,1,1,0,0,0,0,0,0,0,0,0,0
450234,1,1,11,11,11,11,11,11,11,11,11,11
450235,0,1,0,0,0,0,0,0,0,0,0,0
450235,1,1,6,0,0,0,0,0,0,0,0,0
450236,0,1,10,10,10,10,10,10,10,10,10,10
450236,1,1,16,20,27,0,29,23,15,17,0,0
450237,1,1,23,23,23,23,23,23,23,23,23,23
450238,0,1,0,0,0,0,0,0,0,0,0,0
450238,1,1,0,0,0,0,0,0,0,0,0,0
450239,1,1,15,15,15,15,15,15,15,15,15,15
450240,1,1,0,0,0,0,0,0,0,0,0,0
450240,2,1,0,0,0,0,0,11,0,7,22,14
450241,1,1,0,0,0,0,0,0,0,0,0,0
450242,1,1,0,0,0,0,0,0,0,0,0,0
450243,1,1,7,12,13,0,0,0,0,0,0,14
450243,2,1,11,11,11,11,11,11,11,11,11,11
450244,1,1,0,21,0,0,0,0,0,0,0,0
450245,1,1,0,14,0,13,0,0,0,0,0,0
450246,0,1,28,28,28,28,28,28,28,28,28,28
450246,1,1,0,18,0,0,0,19,0,0,0,0
450247,1,1,0,0,0,10,0,0,22,0,0,0
450247,2,1,0,0,0,0,0,0,0,0,0,0
450248,1,1,0,0,0,0,0,0,0,0,0,0
450249,1,1,0,13,0,0,23,0,0,0,16,0
450250,1,1,0,21,0,0,16,0,0,0,0,0
450250,2,1,8,8,8,8,8,8,8,8,8,8
450251,1,1,0,0,0,0,0,0,0,0,0,0
450251,2,1,0,0,0,0,0,0,0,0,0,0
450252,1,1,0,0,0,0,0,0,0,0,0,0
450253,1,1,0,0,12,0,0,0,0,7,0,0
450254,1,1,0,0,0,0,0,0,0,0,0,0
450254,2,1,0,0,0,0,0,0,0,0,0,0
450255,1,1,0,0,0,0,0,13,0,0,0,0
450255,2,1,0,0,0,0,0,0,0,2,0,0
450256,0,1,0,0,0,0,0,0,0,0,0,0
450256,1,1,0,0,0,0,0,0,12,0,0,17
450256,2,1,17,0,0,0,0,14,0,0,0,23
450257,1,1,20,20,20,20,20,20,20,20,20,20
450258,1,1,0,14,0,0,8,0,0,0,0,0
450258,2,1,0,0,0,0,0,0,0,0,0,0
450259,1,1,32,32,32,32,32,32,32,32,32,32
450260,1,1,0,0,0,0,0,0,0,0,0,0
450260,2,1,12,0,0,22,0,0,0,0,0,0
450261,1,1,16,16,16,16,16,16,16,16,16,16
450262,1,1,0,0,0,0,0,0,0,0,0,0
450262,2,1,0,0,0,0,0,0,0,0,0,0
450263,0,1,0,0,0,0,0,0,0,0,0,0
450263,1,1,0,0,0,0,0,0,0,0,27,0
450264,1,1,0,0,0,0,0,0,0,0,0,0
450265,1,1,0,28,0,0,0,0,0,0,8,0
450265,2,1,0,0,0,0,0,0,0,0,0,0
450266,1,1,5,18,0,0,0,0,3,0,0,0
450266,2,1,6,15,10,10,0,5,8,8,15,6
450267,0,1,1,1,1,1,1,1,1,1,1,1
450267,1,1,0,19,0,0,0,13,0,0,0,0
450268,1,1,0,0,0,0,0,5,0,0,0,0
450268,2,1,0,0,0,0,0,0,0,0,0,0
450269,0,1,42,29,34,21,26,8,19,30,26,11
450269,1,1,0,0,19,0,0,0,0,0,0,0
450270,1,1,0,0,0,0,0,0,0,0,0,0
450271,1,1,17,17,17,17,17,17,17,17,17,17
450271,2,1,0,0,0,0,2,0,0,0,0,0
450272,1,1,0,0,0,0,0,0,6,0,0,0
450273,1,1,28,28,28,28,28,28,28,28,28,28
450274,1,1,0,0,0,0,0,0,0,0,0,0
450274,2,1,12,0,0,12,0,0,0,14,0,0
450275,0,1,0,0,0,0,0,0,0,0,0,0
450275,1,1,9,24,8,10,11,24,3,18,3,10
450276,1,1,15,15,15,15,15,15,15,15,15,15
450277,1,1,0,0,0,0,0,0,0,0,0,0
450277,2,1,11,23,0,0,0,0,0,10,0,0
450278,1,1,0,0,0,0,0,0,0,0,0,0
450279,1,1,0,0,0,10,0,0,0,0,0,0
450280,1,1,0,0,0,0,0,0,0,0,0,0
450280,2,1,0,0,0,0,0,0,0,0,0,0
450281,1,1,0,16,0,0,0,0,0,0,25,0
450281,2,1,0,0,12,0,0,0,0,0,0,0
450282,1,1,0,0,0,0,0,0,0,0,0,0
450282,2,1,0,0,0,0,0,0,0,0,0,0
450283,0,1,11,11,11,11,11,11,11,11,11,11
450283,1,1,0,0,0,0,0,11,0,0,0,0
450285,1,1,0,0,11,27,0,15,6,0,0,0
450285,2,1,0,0,0,0,8,0,0,0,0,0
450286,1,1,17,17,17,17,17,17,17,17,17,17
450287,1,1,42,42,42,42,42,42,42,42,42,42
450288,1,1,16,16,16,16,16,16,16,16,16,16
450289,1,1,17,17,17,17,17,17,17,17,17,17
450290,1,1,11,0,0,0,38,0,0,22,0,0
450291,0,1,12,12,12,12,12,12,12,12,12,12
450291,1,1,0,0,0,0,0,0,0,0,9,23
450292,1,1,0,0,0,0,0,0,0,0,0,0
450292,2,1,0,19,0,0,0,0,0,0,0,0
450292,3,1,0,0,0,0,0,0,13,0,0,9
450293,1,1,0,0,0,15,22,0,0,0,0,0
450293,2,1,0,12,0,0,0,0,0,0,0,0
450294,1,1,12,12,0,0,0,0,0,0,0,0
450295,1,1,10,5,27,7,6,3,25,19,16,12
450296,1,1,0,0,0,0,0,0,0,0,0,0
450296,2,1,0,0,0,0,0,0,0,0,0,0
450296,3,1,0,0,0,0,0,0,0,0,0,0
450297,1,1,0,19,0,0,0,0,7,0,0,0
450297,2,1,0,0,0,0,0,0,0,0,0,0
450298,0,1,31,31,31,31,31,31,31,31,31,31
450298,1,1,28,0,0,0,0,0,0,0,0,30
450299,1,1,15,15,15,15,15,15,15,15,15,15
450300,1,1,17,17,17,17,17,17,17,17,17,17
450300,2,1,11,11,11,11,11,11,11,11,11,11
450301,1,1,0,0,0,0,0,0,0,0,0,0
450302,1,1,0,0,0,0,0,0,0,0,0,0
450302,2,1,0,0,0,0,0,0,0,0,0,0
450303,1,1,0,0,0,0,0,0,0,0,0,0
450304,1,1,12,12,12,12,12,12,12,12,12,12
450305,1,1,14,14,14,14,14,14,14,14,14,14
450306,0,1,29,29,29,29,29,29,29,29,29,29
450306,1,1,0,0,0,0,0,0,0,0,0,0
450307,1,1,12,12,12,12,12,12,12,12,12,12
450308,1,1,17,17,17,17,17,17,17,17,17,17
450309,1,1,17,17,17,17,17,17,17,17,17,17
450310,1,1,17,17,17,17,17,17,17,17,17,17
450310,2,1,0,0,0,0,0,0,0,0,12,0
450311,1,1,17,17,17,17,17,17,17,17,17,17
450312,1,1,0,0,0,0,0,0,0,0,0,0
450312,2,1,0,0,18,0,8,0,0,0,0,0
450312,3,1,21,21,21,21,21,21,21,21,21,21
450313,1,1,23,0,0,0,0,0,13,16,11,0
450314,1,1,7,0,0,0,0,15,0,31,0,0
450315,1,1,14,14,14,14,14,14,14,14,14,14
450316,1,1,7,6,0,15,0,0,0,19,10,0
450317,1,1,22,13,17,0,11,0,0,0,0,0
450318,0,1,0,31,0,0,0,0,0,0,17,0
450318,1,1,7,23,30,0,32,31,0,20,29,23
450319,1,1,0,0,0,0,4,0,0,0,5,0
450319,2,1,0,0,0,0,0,0,0,0,0,0
450320,1,1,0,0,0,0,0,0,0,0,0,0
450320,2,1,0,0,0,0,0,0,0,0,0,0
450321,1,1,0,0,0,0,0,8,16,0,12,17
450322,1,1,0,20,0,0,0,16,0,0,19,0
450323,1,1,11,11,11,11,11,11,11,11,11,11
450324,1,1,9,13,16,13,9,4,8,15,8,8
450325,1,1,0,0,0,0,0,0,0,9,0,0
450325,2,1,0,0,0,0,0,14,0,0,0,0
450326,1,1,0,6,0,11,0,5,0,10,16,0
450326,2,1,17,17,17,17,17,17,17,17,17,17
450327,1,1,24,24,24,24,24,24,24,24,24,24
450328,1,1,0,0,0,0,0,0,0,4,0,0
450328,2,1,13,13,13,13,13,13,13,13,13,13
450329,1,1,7,7,7,7,7,7,7,7,7,7
450330,1,1,22,22,22,22,22,22,22,22,22,22
450331,0,1,21,0,0,38,20,15,0,36,23,0
450331,1,1,0,0,0,0,0,0,0,14,0,0
450332,0,1,0,0,0,0,0,0,0,0,0,0
450332,1,1,19,0,0,0,14,18,0,0,0,0
450333,1,1,23,23,23,23,23,23,23,23,23,23
450334,1,1,0,0,0,0,0,0,0,0,0,0
450334,2,1,22,16,0,0,0,0,16,0,3,0
450335,1,1,0,0,0,0,6,0,0,6,0,6
450336,1,1,0,0,11,0,3,0,0,0,0,0
450336,2,1,0,0,11,0,0,23,0,0,0,0
450337,1,1,0,0,0,0,0,0,0,0,0,0
450337,2,1,20,20,20,20,20,20,20,20,20,20
450338,0,1,17,17,17,17,17,17,17,17,17,17
450338,1,1,23,14,29,0,0,25,0,15,0,0
450338,2,1,0,0,0,0,8,0,0,0,0,0
450339,1,1,16,16,16,16,16,16,16,16,16,16
450339,2,1,0,0,15,0,21,0,11,8,20,0
450340,2,1,18,18,18,18,18,18,18,18,18,18
450341,1,1,0,0,0,0,0,0,0,0,0,0
450341,2,1,0,7,0,0,0,0,18,0,7,0
450342,1,1,0,0,0,0,0,0,0,0,0,0
450342,2,1,11,15,17,8,0,20,0,8,7,10
450343,1,1,20,20,20,20,20,20,20,20,20,20
450343,2,1,11,0,0,0,0,0,21,0,17,0
450344,1,1,0,0,0,0,0,0,0,0,0,0
450344,2,1,0,0,2,0,0,0,0,0,0,0
450345,1,1,25,25,25,25,25,25,25,25,25,25
450346,1,1,0,0,0,0,0,0,0,7,6,0
450346,2,1,0,0,0,0,0,0,0,0,0,0
450347,1,1,0,0,0,0,0,0,0,0,0,0
450348,1,1,0,0,0,0,0,0,0,0,0,0
450348,2,1,0,0,0,0,0,0,0,0,0,0
450349,1,1,0,0,0,0,0,0,0,0,0,0
450349,2,1,16,0,0,0,9,0,0,0,0,0
450350,1,1,21,21,21,21,21,21,21,21,21,21
450351,1,1,0,0,0,0,0,0,0,0,0,0
450352,1,1,0,0,0,0,0,0,0,0,0,0
450352,2,1,0,0,0,0,0,0,0,0,0,0
450353,1,1,0,9,0,0,17,0,0,0,0,0
450354,1,1,0,0,0,0,0,0,0,0,0,0
450354,2,1,20,20,20,20,20,20,20,20,20,20
450355,1,1,0,0,0,18,0,0,0,0,0,0
450355,2,1,2,9,0,0,3,4,0,21,0,4
450356,1,1,0,6,10,0,0,0,0,0,0,0
450356,2,1,19,19,19,19,19,19,19,19,19,19
450357,1,1,1,1,1,1,1,1,1,1,1,1
450358,1,1,0,0,0,0,0,0,0,0,0,0
450359,1,1,10,10,10,10,10,10,10,10,10,10
450359,2,1,0,0,24,17,0,0,0,0,16,0
450360,1,1,0,0,0,0,0,0,0,0,0,0
450361,1,1,24,24,24,24,24,24,24,24,24,24