ST_CASE,VEH_NO,PER_NO,P1,P2,P3,P4,P5,P6,P7,P8,P9,P10
450362,1,1,0,0,15,11,10,10,0,0,10,8
450363,0,1,0,0,0,0,0,0,0,0,0,0
450363,1,1,9,18,13,0,18,12,0,0,8,17
450364,1,1,31,31,31,31,31,31,31,31,31,31
450365,1,1,38,38,38,38,38,38,38,38,38,38
450366,1,1,23,26,30,0,5,6,0,11,25,20
450367,1,1,18,0,0,0,0,0,0,0,0,20
450369,1,1,21,21,21,21,21,21,21,21,21,21
450370,1,1,19,19,19,19,19,19,19,19,19,19
450371,1,1,0,0,0,0,0,0,0,0,0,0
450372,1,1,0,0,0,0,0,0,0,0,0,0
450373,0,1,0,0,0,0,0,0,0,0,0,0
450373,1,1,0,0,20,6,0,0,0,0,0,0
450374,1,1,26,26,26,26,26,26,26,26,26,26
450375,1,1,0,19,26,13,0,0,19,0,30,18
450376,0,1,28,28,28,28,28,28,28,28,28,28
450376,1,1,30,0,0,20,0,0,0,12,0,0
450377,1,1,0,0,0,0,0,0,0,0,0,0
450377,2,1,0,0,0,0,0,18,0,24,0,0
450378,0,1,0,0,0,0,0,0,0,0,0,0
450378,1,1,0,0,0,0,0,0,0,0,0,0
450379,1,1,11,8,6,30,8,23,11,29,22,15
450380,1,1,8,8,8,8,8,8,8,8,8,8
450381,1,1,0,0,0,0,0,0,0,0,0,0
450381,2,1,0,0,0,0,0,6,0,0,0,0
450381,3,1,0,0,0,0,0,0,11,9,0,11
450381,4,1,0,3,0,0,0,0,0,0,0,0
450382,1,1,0,0,0,0,0,0,0,0,0,0
450382,2,1,0,0,0,0,0,0,0,0,0,0
450383,1,1,0,0,0,0,0,0,12,0,0,0
450383,2,1,0,0,0,0,0,0,0,0,0,9
450384,1,1,15,15,15,15,15,15,15,15,15,15
450385,0,1,0,0,0,0,0,0,0,0,0,0
450385,1,1,0,0,0,0,0,0,0,0,0,0
450385,2,1,0,0,0,0,0,0,0,0,0,0
450386,1,1,19,0,24,38,14,0,17,19,23,0
450389,1,1,0,0,0,0,0,0,7,0,0,0
450389,2,1,0,0,0,0,0,0,0,0,0,0
450390,1,1,19,19,19,19,19,19,19,19,19,19
450391,1,1,0,0,16,0,0,0,15,0,0,6
450391,2,1,0,0,0,0,0,0,0,0,0,0
450391,3,1,13,0,0,19,0,0,0,9,0,17
450392,1,1,12,0,12,9,17,0,20,18,0,15
450392,2,1,0,0,15,20,0,0,0,0,0,9
450392,3,1,17,0,10,4,0,0,15,0,0,3
450393,1,1,0,0,0,0,0,0,0,0,0,0
450393,2,1,0,0,0,0,0,25,0,0,0,0
450394,0,1,0,0,0,0,0,0,0,0,0,0
450394,1,1,0,0,0,0,0,0,0,0,0,0
450395,1,1,0,0,0,0,0,0,0,0,0,0
450395,2,1,0,0,0,0,0,0,0,0,0,0
450396,1,1,0,0,0,0,0,0,0,10,0,0
450396,2,1,0,0,0,0,0,0,0,0,0,0
450397,1,1,30,30,30,30,30,30,30,30,30,30
450398,1,1,12,0,7,2,4,0,14,9,21,26
450398,2,1,0,0,0,10,0,0,0,0,0,19
450399,1,1,17,17,17,17,17,17,17,17,17,17
450400,0,1,12,12,12,12,12,12,12,12,12,12
450400,1,1,0,13,0,19,0,0,0,31,25,7
450401,0,1,14,14,14,14,14,14,14,14,14,14
450401,1,1,0,0,12,0,0,0,0,0,9,0
450402,1,1,0,3,0,0,0,0,0,0,0,0
450402,2,1,0,0,0,0,0,0,0,0,0,22
450403,1,1,22,22,22,22,22,22,22,22,22,22
450404,1,1,11,11,11,11,11,11,11,11,11,11
450404,2,1,0,0,0,0,0,14,0,0,0,0
450405,1,1,0,0,0,0,0,0,0,0,0,0
450405,2,1,0,0,0,0,0,0,0,0,0,0
450406,1,1,19,19,19,19,19,19,19,19,19,19
450406,2,1,11,11,11,11,11,11,11,11,11,11
450407,0,1,0,0,0,0,0,28,0,0,0,0
450407,1,1,0,0,0,18,0,0,0,0,0,0
450408,1,1,0,0,0,0,0,0,0,0,0,0
450409,1,1,5,9,17,12,11,9,19,17,29,17
450410,1,1,0,0,0,0,0,0,0,0,0,0
450410,2,1,11,11,11,11,11,11,11,11,11,11
450411,0,1,28,28,28,28,28,28,28,28,28,28
450411,1,1,0,0,0,0,0,0,0,0,0,0
450412,1,1,11,11,11,11,11,11,11,11,11,11
450413,1,1,0,0,0,0,0,6,0,0,0,0
450413,2,1,0,0,0,0,0,0,0,0,0,0
450414,1,1,9,0,0,14,0,0,11,0,0,0
450414,2,1,0,0,0,0,0,0,0,0,0,0
450415,1,1,8,8,8,8,8,8,8,8,8,8
450416,0,1,0,0,0,0,0,0,0,0,0,0
450416,1,1,0,0,0,0,0,0,0,0,0,0
450417,1,1,20,20,20,20,20,20,20,20,20,20
450418,0,1,26,26,26,26,26,26,26,26,26,26
450418,1,1,10,6,0,26,0,0,0,0,8,0
450419,1,1,0,0,0,0,6,0,0,0,0,0
450419,2,1,6,6,6,6,6,6,6,6,6,6
450420,1,1,22,22,22,22,22,22,22,22,22,22
450421,0,1,14,14,14,14,14,14,14,14,14,14
450421,1,1,0,31,0,0,0,0,0,8,0,14
450422,1,1,0,0,0,0,0,0,0,0,0,5
450423,1,1,17,0,13,12,0,0,0,0,0,21
450424,0,1,15,7,15,17,3,22,0,15,26,0
450424,1,1,22,12,0,12,0,0,0,0,11,17
450425,1,1,0,0,0,0,0,0,0,0,0,19
450425,2,1,0,0,0,0,0,0,0,0,0,0
450425,3,1,0,0,0,0,0,0,0,0,0,0
450426,1,1,10,10,10,10,10,10,10,10,10,10
450427,1,1,0,0,0,0,0,27,0,0,0,0
450428,1,1,0,0,0,0,0,0,0,0,0,0
450428,2,1,30,0,0,0,0,0,0,0,0,0
450429,1,1,0,0,0,0,0,0,0,0,0,0
450429,2,1,24,0,0,0,0,14,0,0,0,13
450430,1,1,0,0,0,0,0,0,0,0,0,26
450431,1,1,0,0,3,0,0,0,6,0,0,0
450431,2,1,14,14,14,14,14,14,14,14,14,14
450432,1,1,12,0,18,18,21,7,19,15,11,11
450433,1,1,0,0,0,0,0,0,0,0,0,0
450433,2,1,6,6,6,6,6,6,6,6,6,6
450434,1,1,0,0,0,0,0,0,14,0,0,6
450434,2,1,0,0,0,0,0,0,0,0,0,0
450435,1,1,8,8,8,8,8,8,8,8,8,8
450436,1,1,14,14,14,14,14,14,14,14,14,14
450437,1,1,13,13,13,13,13,13,13,13,13,13
450438,1,1,13,10,12,0,10,0,0,6,9,0
450438,2,1,0,0,0,0,0,0,0,0,0,0
450439,1,1,0,0,0,0,0,0,0,0,0,0
450440,1,1,20,20,20,20,20,20,20,20,20,20
450441,0,1,1,1,1,1,1,1,1,1,1,1
450441,1,1,20,2,0,0,0,12,0,0,0,0
450442,1,1,33,33,33,33,33,33,33,33,33,33
450443,1,1,14,14,14,14,14,14,14,14,14,14
450444,1,1,28,28,28,28,28,28,28,28,28,28
450445,1,1,0,0,0,0,0,0,0,0,0,0
450446,1,1,0,7,0,0,0,0,0,0,7,0
450446,2,1,24,24,24,24,24,24,24,24,24,24
450447,1,1,21,21,21,21,21,21,21,21,21,21
450448,1,1,0,0,0,0,0,0,0,0,0,0
450448,2,1,0,0,9,0,0,0,0,7,0,0
450448,3,1,23,23,23,23,23,23,23,23,23,23
450449,1,1,0,0,0,0,0,0,0,0,0,0
450449,2,1,0,0,0,0,0,0,0,0,0,0
450450,1,1,1,1,1,1,1,1,1,1,1,1
450451,1,1,13,13,13,13,13,13,13,13,13,13
450452,1,1,9,0,0,0,0,0,0,0,0,0
450452,2,1,0,0,0,11,0,0,0,0,0,0
450452,3,1,0,0,0,0,0,0,0,0,0,0
450452,4,1,0,0,6,0,19,0,0,0,0,13
450452,5,1,0,0,0,16,0,0,0,0,0,0
450453,1,1,8,8,8,8,8,8,8,8,8,8
450454,1,1,22,22,22,22,22,22,22,22,22,22
450455,1,1,11,0,0,0,0,5,0,5,0,0
450455,2,1,0,0,0,0,0,0,0,0,41,0
450456,1,1,17,20,22,8,6,15,8,33,15,6
450457,1,1,17,17,17,17,17,17,17,17,17,17
450458,1,1,8,11,7,0,0,5,5,0,0,0
450459,1,1,0,0,0,0,0,0,0,0,0,0
450459,2,1,0,0,0,0,0,0,0,0,17,0
450460,0,1,11,11,11,11,11,11,11,11,11,11
450460,1,1,0,0,0,3,13,0,0,0,0,0
450461,1,1,0,0,0,0,0,0,0,0,0,0
450462,1,1,0,0,0,0,0,0,0,0,0,0
450462,2,1,14,14,14,14,14,14,14,14,14,14
450463,1,1,0,0,0,0,0,0,0,0,0,0
450464,1,1,0,0,0,0,0,0,0,0,0,0
450465,1,1,0,0,0,0,0,0,0,0,0,0
450465,2,1,0,0,0,0,0,0,0,0,0,0
450466,1,1,14,14,14,14,14,14,14,14,14,14
450467,1,1,0,0,0,0,0,0,0,0,0,0
450468,1,1,0,0,0,0,0,0,0,0,0,0
450469,0,1,33,33,33,33,33,33,33,33,33,33
450469,1,1,8,0,0,0,0,0,0,0,0,9
450470,1,1,54,54,54,54,54,54,54,54,54,54
450471,1,1,0,0,0,0,0,0,0,0,0,0
450472,1,1,10,9,24,16,13,14,10,22,11,13
450473,1,1,0,0,0,0,0,0,0,0,0,0
450473,2,1,0,0,0,0,0,0,0,0,0,0
450474,0,1,0,0,0,0,0,0,0,0,0,0
450474,1,1,0,12,0,0,0,0,0,0,0,0
450475,1,1,32,32,32,32,32,32,32,32,32,32
450476,0,1,0,0,0,0,0,0,0,0,0,0
450476,1,1,0,0,0,0,0,0,0,0,0,0
450477,0,1,7,7,7,7,7,7,7,7,7,7
450477,1,1,13,15,10,0,0,0,0,0,0,0
450478,1,1,0,0,0,0,0,0,0,0,0,0
450478,2,1,0,0,0,0,0,0,0,0,0,0
450479,1,1,9,9,9,9,9,9,9,9,9,9
450480,1,1,0,0,0,0,0,0,0,0,0,0
450480,2,1,0,0,0,0,0,0,0,0,0,0
450481,0,1,0,0,0,0,0,0,0,0,0,0
450481,1,1,0,2,0,0,0,0,0,0,0,0
450482,1,1,0,0,0,0,0,0,0,0,0,0
450482,2,1,0,0,0,0,0,0,0,0,0,0
450483,1,1,0,0,0,0,0,0,0,0,0,0
450483,2,1,0,0,0,0,0,0,0,0,0,0
450484,1,1,0,10,0,0,0,17,0,0,0,24
450485,0,1,26,26,26,26,26,26,26,26,26,26
450485,1,1,0,0,13,8,0,13,0,7,0,0
450486,1,1,0,0,0,0,0,0,0,0,0,0
450486,2,1,16,16,16,16,16,16,16,16,16,16
450487,1,1,0,17,14,16,18,17,3,19,3,11
450488,1,1,24,24,24,24,24,24,24,24,24,24
450489,1,1,30,30,30,30,30,30,30,30,30,30
450490,1,1,0,0,0,0,0,0,0,0,0,0
450491,1,1,13,13,13,13,13,13,13,13,13,13
450492,1,1,6,11,0,0,0,0,0,0,0,0
450493,1,1,0,0,0,0,0,0,0,0,0,0
450493,2,1,0,0,0,0,0,0,0,0,0,0
450493,3,1,0,0,0,0,0,0,0,0,0,0
450494,1,1,16,0,22,12,6,10,0,13,0,0
450495,0,1,0,0,14,0,0,0,0,0,0,0
450495,1,1,0,0,0,14,0,0,0,0,0,0
450496,1,1,0,0,0,7,0,0,10,0,0,0
450497,1,1,0,0,0,0,0,0,0,0,0,0
450498,1,1,11,11,11,11,11,11,11,11,11,11
450499,1,1,18,18,18,18,18,18,18,18,18,18
450500,1,1,12,12,12,12,12,12,12,12,12,12
450501,0,1,16,16,16,16,16,16,16,16,16,16
450501,1,1,16,0,0,11,0,0,9,0,7,0
450502,1,1,0,8,0,0,0,0,0,0,0,0
450503,1,1,24,24,24,24,24,24,24,24,24,24
450504,1,1,0,0,0,0,0,0,0,0,0,0
450504,2,1,28,0,20,0,0,9,0,0,0,0
450505,1,1,0,0,0,0,0,0,0,0,0,0
450505,2,1,0,0,0,0,0,0,6,0,0,12
450505,3,1,0,0,0,0,0,0,17,0,0,10
450506,0,1,0,0,0,0,0,0,0,0,0,0
450506,0,2,13,5,0,7,32,16,0,20,11,0
450506,1,1,0,0,0,11,0,34,6,0,0,12
450507,1,1,18,0,0,0,0,0,18,0,0,23
450508,1,1,1,1,1,1,1,1,1,1,1,1
450509,1,1,0,0,0,0,0,0,0,0,0,0
450509,2,1,0,0,0,0,0,8,0,0,0,0
450510,1,1,0,0,0,0,0,0,7,0,18,0
450510,2,1,16,0,0,0,30,0,0,0,0,0
450511,1,1,0,0,0,0,0,0,0,0,0,0
450511,2,1,0,0,0,0,0,0,0,0,0,0
450512,1,1,0,0,0,0,0,0,0,0,0,0
450513,1,1,0,0,24,0,22,0,13,6,0,21
450513,2,1,0,0,0,0,0,0,0,0,0,0
450514,0,1,0,25,14,0,0,39,0,14,21,8
450514,1,1,0,0,0,0,0,7,0,0,0,0
450515,1,1,0,0,0,0,0,0,0,0,0,0
450515,2,1,0,0,0,0,0,0,0,0,12,0
450516,0,1,0,0,0,0,0,0,0,0,0,0
450516,2,1,0,0,0,0,0,14,0,0,0,0
450517,1,1,20,20,20,20,20,20,20,20,20,20
450518,1,1,21,21,21,21,21,21,21,21,21,21
450519,1,1,0,0,0,0,0,0,0,0,0,0
450520,1,1,0,0,9,0,19,22,0,0,6,0
450520,2,1,21,21,21,21,21,21,21,21,21,21
450521,1,1,21,21,21,21,21,21,21,21,21,21
450521,2,1,0,4,5,21,0,0,14,0,3,0
450522,1,1,0,0,0,0,0,0,0,0,0,11
450522,2,1,0,0,0,0,0,0,0,0,0,0
450523,1,1,12,12,12,12,12,12,12,12,12,12
450524,1,1,0,0,0,0,0,0,0,0,0,0
450524,2,1,0,0,0,0,0,0,0,0,0,5
450525,1,1,0,0,0,0,0,0,26,0,0,0
450525,2,1,0,0,0,0,0,0,0,0,0,0
450526,1,1,0,0,0,0,0,0,0,0,0,0
450526,2,1,0,5,0,0,0,0,0,0,4,0
450527,1,1,0,0,0,0,0,0,0,0,0,0
450527,2,1,0,13,0,0,0,15,0,0,0,0
450528,1,1,0,0,0,0,0,0,0,0,0,0
450529,1,1,19,0,0,0,0,0,0,0,0,0
450529,2,1,0,0,0,0,0,0,0,0,0,0
450530,1,1,21,21,21,21,21,21,21,21,21,21
450531,1,1,0,0,0,4,0,0,10,0,0,0
450531,2,1,0,0,0,23,0,0,0,0,0,0
450532,0,1,19,19,19,19,19,19,19,19,19,19
450532,1,1,0,0,10,0,0,0,0,0,0,18
450533,0,1,0,0,0,0,0,0,0,0,0,0
450533,1,1,26,0,0,0,0,0,0,0,0,0
450533,2,1,0,16,0,0,0,19,0,0,0,0
450534,1,1,18,18,18,18,18,18,18,18,18,18
450535,1,1,0,0,0,0,0,0,0,23,29,5
450536,1,1,17,17,17,17,17,17,17,17,17,17
450537,1,1,20,6,21,11,11,15,9,11,11,8
450538,1,1,11,11,11,11,11,11,11,11,11,11
450539,0,1,17,7,21,22,12,50,11,13,11,36
450539,1,1,0,0,0,0,0,0,0,0,0,0
450539,2,1,13,0,0,0,0,0,0,0,0,0
450540,1,1,8,15,13,9,22,0,11,16,14,13
450540,2,1,6,0,13,12,0,0,0,0,0,0
450541,1,1,0,0,0,0,0,0,0,0,0,0
450542,1,1,22,22,22,22,22,22,22,22,22,22
450543,1,1,0,0,0,3,0,0,0,0,0,0
450543,2,1,20,0,22,0,0,0,0,0,0,0
450543,3,1,0,0,0,0,0,0,8,0,0,6
450544,1,1,0,11,0,0,0,0,0,14,0,0
450544,2,1,0,0,0,0,0,0,0,0,0,0
450545,1,1,0,0,0,0,0,9,11,7,7,8
450546,1,1,18,0,0,21,0,0,0,6,0,0
450546,2,1,0,0,0,0,0,0,0,19,0,0
450548,0,1,31,31,31,31,31,31,31,31,31,31
450548,1,1,0,0,0,9,0,0,14,0,0,0
450549,1,1,0,0,0,0,0,0,0,0,0,0
450550,1,1,0,0,15,0,0,0,7,0,0,17
450550,2,1,12,12,12,12,12,12,12,12,12,12
450551,1,1,0,0,0,0,0,0,0,0,0,0
450551,2,1,0,0,0,0,0,0,0,0,0,0
450552,1,1,0,0,0,0,0,0,0,0,0,0
450553,1,1,0,19,0,0,0,23,22,0,22,28
450554,1,1,0,0,0,0,0,0,0,0,0,0
450554,2,1,0,0,0,0,0,0,0,13,0,0
450555,1,1,14,5,0,0,0,0,0,0,21,8
450555,2,1,0,0,0,0,0,0,0,0,0,0
450556,0,1,0,0,0,0,0,0,0,0,0,0
450556,1,1,0,0,0,0,0,0,0,0,0,0
450557,1,1,0,0,0,0,0,0,0,0,0,0
450558,1,1,0,0,0,0,0,0,0,0,0,0
450558,2,1,0,0,0,0,0,0,0,0,0,0
450559,1,1,0,0,0,0,0,0,0,0,0,0
450559,2,1,0,0,0,0,12,0,9,0,0,15
450560,1,1,0,0,0,0,0,0,0,0,0,32
450560,2,1,8,8,8,8,8,8,8,8,8,8
450560,3,1,23,8,21,12,16,21,29,25,11,16
450561,1,1,0,0,0,0,0,0,0,0,0,0
450562,1,1,0,0,0,0,0,7,0,0,24,0
450562,2,1,0,0,0,0,0,0,0,0,0,0
450562,3,1,0,0,0,0,0,0,0,0,0,0
450563,1,1,19,19,19,19,19,19,19,19,19,19
450564,1,1,25,25,25,25,25,25,25,25,25,25
450565,0,1,10,10,10,10,10,10,10,10,10,10
450565,1,1,0,4,0,15,35,0,0,0,0,0
450566,1,1,16,16,16,16,16,16,16,16,16,16
450567,1,1,0,0,0,0,0,0,0,0,0,0
450568,1,1,0,0,0,0,0,0,0,0,0,0
450568,2,1,0,0,0,0,0,0,0,0,0,0
450569,1,1,0,0,0,0,0,0,0,0,0,0
450569,2,1,0,0,0,0,0,0,0,0,0,0
450570,1,1,5,5,5,5,5,5,5,5,5,5
450571,1,1,0,0,0,0,0,0,0,0,0,0
450571,2,1,0,0,0,0,0,0,0,0,0,0
450572,0,1,0,0,0,0,0,0,0,0,0,0
450572,1,1,20,0,0,0,0,0,0,0,0,0
450573,0,1,0,0,0,0,0,0,0,0,0,0
450573,1,1,0,0,4,0,0,0,4,0,10,0
450574,1,1,25,0,0,0,0,0,0,0,0,23
450574,2,1,0,8,0,0,0,0,0,0,15,0
450575,1,1,29,23,0,0,19,24,21,0,0,24
450576,1,1,17,17,17,17,17,17,17,17,17,17
450577,1,1,9,9,9,9,9,9,9,9,9,9
450577,2,1,0,0,0,23,0,0,11,0,0,10
450578,1,1,9,0,13,0,0,0,0,0,0,0
450578,2,1,6,6,6,6,6,6,6,6,6,6
450579,1,1,0,0,0,0,0,0,0,0,0,0
450580,1,1,0,0,17,0,0,0,0,17,0,0
450580,2,1,0,0,0,0,0,0,0,0,0,0
450581,1,1,16,16,16,16,16,16,16,16,16,16
450583,1,1,18,18,18,18,18,18,18,18,18,18
450584,1,1,0,0,0,0,0,0,0,2,0,0
450585,1,1,0,0,0,0,0,0,0,0,0,0
450586,1,1,0,0,0,0,0,0,0,0,0,0
450586,2,1,0,0,0,13,0,0,21,0,0,0
450587,1,1,19,6,0,0,0,0,0,0,0,0
450587,2,1,28,28,28,28,28,28,28,28,28,28
450588,1,1,26,23,17,12,29,16,8,22,4,29
450589,0,1,19,19,19,19,19,19,19,19,19,19
450589,1,1,3,0,0,0,0,0,7,16,0,16
450590,1,1,22,22,22,22,22,22,22,22,22,22
450591,1,1,12,17,26,0,11,11,17,5,18,13
450591,2,1,0,0,0,10,0,0,0,0,0,0
450592,1,1,0,0,0,0,0,0,0,0,0,0
450592,2,1,0,0,29,0,0,14,0,19,0,0
450593,1,1,0,0,0,0,0,0,0,0,0,0
450593,2,1,0,0,7,0,0,0,0,0,0,0
450593,3,1,0,5,0,0,0,0,0,0,0,0
450594,1,1,0,0,0,0,0,0,0,0,0,0
450594,2,1,0,17,12,0,0,0,0,26,0,0
450595,1,1,5,0,0,0,0,18,0,0,0,0
450595,2,1,15,0,9,8,0,8,6,10,0,0
450595,3,1,11,11,11,11,11,11,11,11,11,11
450596,1,1,0,0,0,0,0,0,0,0,0,0
450596,2,1,0,13,0,0,15,24,27,19,0,0
450597,0,1,0,0,0,0,0,0,0,0,0,0
450597,1,1,8,15,0,0,0,0,0,0,0,0
450598,1,1,0,0,0,0,0,0,0,0,0,0
450599,1,1,17,0,0,0,0,0,0,0,0,0
450600,1,1,0,0,0,0,0,0,0,0,0,0
450600,2,1,6,6,6,6,6,6,6,6,6,6
450602,0,1,0,0,0,0,0,0,0,0,0,0
450602,1,1,20,0,0,0,0,0,0,0,0,0
450603,0,1,0,0,0,0,0,0,0,0,0,0
450603,1,1,0,0,0,0,0,0,0,10,20,0
450604,0,1,12,12,12,12,12,12,12,12,12,12
450604,1,1,0,0,15,19,0,0,0,34,15,32
450605,1,1,0,0,0,0,2,0,0,0,0,0
450605,2,1,0,0,0,0,0,0,0,0,0,0
450605,3,1,0,0,0,0,0,0,0,0,0,0
450606,1,1,0,0,0,8,0,0,10,0,19,0
450606,2,1,0,0,0,0,0,0,0,0,0,0
450607,0,1,0,0,0,0,0,0,0,0,0,0
450607,1,1,0,0,0,0,0,0,0,0,5,0
450608,0,1,0,0,0,0,0,0,0,0,0,0
450608,1,1,0,0,0,0,0,0,0,0,0,8
450609,1,1,25,25,25,25,25,25,25,25,25,25
450610,1,1,0,0,19,0,0,0,0,5,0,0
450611,1,1,33,33,33,33,33,33,33,33,33,33
450612,1,1,0,0,0,0,0,0,0,0,0,0
450613,0,1,4,4,4,4,4,4,4,4,4,4
450613,1,1,0,0,0,0,0,0,0,0,14,0
450614,1,1,24,24,24,24,24,24,24,24,24,24
450615,1,1,13,13,13,13,13,13,13,13,13,13
450616,1,1,17,17,17,17,17,17,17,17,17,17
450617,0,1,0,0,0,0,0,0,0,0,0,0
450617,1,1,0,0,0,0,0,0,0,0,0,16
450618,1,1,27,27,27,27,27,27,27,27,27,27
450619,1,1,17,17,17,17,17,17,17,17,17,17
450620,1,1,9,9,9,9,9,9,9,9,9,9
450621,0,1,0,0,0,0,0,0,0,0,0,0
450621,1,1,0,0,0,0,0,0,0,0,0,0
450622,1,1,18,18,18,18,18,18,18,18,18,18
450623,1,1,22,22,22,22,22,22,22,22,22,22
450624,1,1,14,14,14,14,14,14,14,14,14,14
450625,1,1,0,16,9,0,0,0,35,0,13,31
450626,1,1,0,0,0,0,0,0,0,0,0,0
450626,2,1,16,16,16,16,16,16,16,16,16,16
450627,1,1,28,12,20,6,19,26,14,8,22,11
450628,1,1,0,0,0,0,0,0,0,0,0,0
450629,1,1,12,12,12,12,12,12,12,12,12,12
450630,1,1,0,0,0,0,0,0,0,0,0,0
450631,1,1,0,0,0,0,0,0,0,0,0,0
450632,1,1,0,0,0,16,0,0,0,0,0,0
450632,2,1,0,0,0,0,0,13,0,0,0,0
450633,1,1,11,11,11,11,11,11,11,11,11,11
450634,1,1,0,18,0,0,0,0,0,0,0,0
450634,2,1,20,0,0,0,0,0,0,0,0,0
450635,1,1,20,20,20,20,20,20,20,20,20,20
450636,1,1,10,10,10,10,10,10,10,10,10,10
450637,1,1,0,0,0,0,0,0,0,0,0,0
450638,1,1,0,27,19,0,26,18,8,0,0,26
450639,1,1,0,0,0,0,0,0,0,0,0,0
450639,2,1,7,0,15,0,0,0,0,0,0,0
450640,1,1,0,0,0,0,0,0,0,0,39,0
450640,2,1,0,0,0,0,0,0,0,0,0,0
450641,1,1,11,23,47,0,0,0,19,0,0,12
450643,0,1,0,0,0,0,0,0,0,0,0,0
450643,1,1,15,0,0,17,0,0,0,14,29,0
450644,1,1,16,37,0,12,15,28,0,25,30,7
450645,0,1,18,18,18,18,18,18,18,18,18,18
450645,0,2,19,15,13,33,26,22,0,23,25,0
450645,1,1,5,0,0,0,0,0,24,13,0,8
450646,1,1,0,0,0,0,0,0,0,0,0,0
450646,2,1,0,0,0,16,0,0,0,0,0,0
450647,1,1,0,0,0,0,0,0,0,0,0,0
450648,1,1,16,16,16,16,16,16,16,16,16,16
450648,2,1,0,0,0,23,0,0,0,0,18,20
450648,3,1,0,5,0,0,15,0,0,10,0,0
450649,0,1,0,0,0,0,18,0,10,0,10,0
450649,0,2,0,0,24,0,0,0,0,12,0,0
450649,1,1,0,0,0,0,0,0,0,0,0,0
450650,1,1,0,0,0,0,0,20,0,0,0,13
450650,2,1,0,22,11,6,0,11,0,14,8,0
450651,0,1,14,14,14,14,14,14,14,14,14,14
450651,1,1,0,0,21,0,0,0,0,0,0,0
450652,1,1,0,0,0,18,0,0,0,0,0,0
450652,2,1,0,0,0,0,0,0,0,0,0,0
450653,0,1,0,0,0,0,0,0,0,0,0,0
450653,1,1,0,0,0,0,0,0,0,0,0,0
450654,1,1,0,0,0,21,0,0,0,0,0,0
450654,2,1,34,34,34,34,34,34,34,34,34,34
450655,0,1,19,19,19,19,19,19,19,19,19,19
450655,1,1,0,8,6,7,24,0,0,0,0,0
450656,0,1,0,0,0,0,0,0,0,0,0,0
450656,1,1,0,0,8,10,5,15,27,10,6,16
450658,1,1,0,0,0,0,0,0,0,0,0,0
450658,2,1,0,0,0,0,0,13,0,0,0,0
450659,1,1,0,0,0,0,0,0,0,0,0,0
450659,2,1,11,11,11,11,11,11,11,11,11,11
450660,1,1,30,30,30,30,30,30,30,30,30,30
450660,2,1,0,0,0,0,9,0,0,0,0,0
450661,1,1,0,0,0,0,0,0,0,0,0,0
450662,1,1,0,0,0,12,0,0,0,0,0,0
450662,2,1,0,0,3,0,0,0,0,0,0,0
450662,3,1,0,0,0,0,0,0,0,0,0,0
450663,1,1,7,7,7,7,7,7,7,7,7,7
450664,1,1,0,0,0,12,0,0,0,18,0,0
450665,0,1,0,0,0,0,0,0,0,0,0,0
450665,1,1,29,0,0,0,0,0,0,0,0,0
450666,1,1,0,30,0,0,5,9,18,0,0,0
450667,0,1,0,0,12,20,0,0,0,0,10,0
450667,1,1,0,0,0,0,0,0,0,0,0,0
450669,0,1,0,0,0,0,0,0,0,0,0,0
450669,1,1,13,15,0,0,0,0,8,16,0,0
450669,2,1,0,12,0,10,0,2,6,0,0,0
450669,3,1,0,0,0,0,0,0,11,3,0,9
450670,1,1,0,0,8,0,0,0,0,0,0,0
450670,2,1,0,0,0,0,0,0,0,0,0,0
450671,1,1,0,0,0,0,0,0,0,0,0,0
450672,1,1,0,0,0,0,0,0,0,23,0,0
450672,2,1,0,0,0,0,0,0,0,0,0,0
450673,0,1,0,0,0,0,0,0,0,0,0,0
450673,1,1,14,0,0,0,0,0,0,0,0,0
450673,2,1,0,25,0,0,0,0,0,0,0,0
450674,1,1,0,0,0,0,0,0,0,0,0,0
450674,2,1,0,0,0,4,0,0,0,0,0,0
450675,1,1,7,7,7,7,7,7,7,7,7,7
450676,0,1,28,28,28,28,28,28,28,28,28,28