ST_CASE,VEH_NO,PER_NO,P1,P2,P3,P4,P5,P6,P7,P8,P9,P10
450676,1,1,15,0,0,10,0,0,0,0,0,11
450677,1,1,0,32,38,0,45,10,20,25,0,29
450678,1,1,21,21,21,21,21,21,21,21,21,21
450679,1,1,9,9,9,9,9,9,9,9,9,9
450680,1,3,10,0,0,0,0,0,0,0,0,25
450681,1,1,0,0,0,0,0,18,0,0,14,14
450682,1,1,18,12,0,0,0,0,0,0,0,12
450682,2,1,0,12,5,0,0,0,0,0,0,0
450682,3,1,29,29,29,29,29,29,29,29,29,29
450683,1,1,0,0,0,0,0,0,0,0,0,12
450683,2,1,0,0,0,0,0,0,0,0,0,0
450684,1,1,0,0,0,0,0,0,0,0,0,0
450684,2,1,0,0,0,0,0,0,18,0,0,0
450685,0,1,0,0,0,0,0,0,0,0,0,0
450685,1,1,0,0,0,21,0,0,0,0,10,0
450686,1,1,0,0,0,0,0,0,0,0,0,0
450686,2,1,0,0,0,0,0,0,0,0,0,0
450687,1,1,20,14,32,11,12,17,18,11,26,6
450688,1,1,15,15,15,15,15,15,15,15,15,15
450689,1,1,0,0,0,0,0,0,0,0,0,0
450689,2,1,0,0,0,0,0,0,0,0,0,0
450690,0,1,33,33,33,33,33,33,33,33,33,33
450690,1,1,0,0,0,0,0,0,5,0,0,0
450691,1,1,20,25,17,18,15,13,13,24,17,10
450692,1,1,22,22,22,22,22,22,22,22,22,22
450693,1,1,0,0,0,0,0,0,0,0,0,0
450693,2,1,0,0,0,0,0,0,0,0,0,0
450694,1,1,0,0,0,0,27,0,0,6,0,0
450694,2,1,0,0,5,0,0,0,0,0,0,0
450695,0,1,35,35,35,35,35,35,35,35,35,35
450695,1,1,18,9,5,0,9,28,32,14,23,2
450696,0,1,13,13,13,13,13,13,13,13,13,13
450696,1,1,0,0,0,10,0,27,0,28,22,0
450697,0,1,0,0,0,0,0,0,0,0,0,0
450697,1,1,21,0,0,11,0,13,0,0,0,0
450698,1,1,0,0,0,0,0,0,0,0,0,0
450698,2,1,0,0,0,0,0,0,0,0,0,0
450699,0,1,1,1,1,1,1,1,1,1,1,1
450699,1,1,4,0,0,13,0,0,0,0,0,0
450700,1,1,26,26,26,26,26,26,26,26,26,26
450701,1,1,0,28,0,0,0,0,22,0,0,0
450701,2,1,0,0,12,5,0,0,0,0,0,0
450702,1,1,0,0,18,0,0,3,4,0,0,0
450702,2,1,0,0,0,0,0,0,0,0,0,0
450703,1,1,0,0,0,0,0,0,0,0,0,0
450703,2,1,0,1,14,0,0,0,0,0,0,0
450704,1,1,18,5,10,13,5,21,12,7,21,4
450705,1,1,0,0,0,0,0,0,0,0,0,0
450705,2,1,0,0,0,0,0,0,0,0,0,0
450705,3,1,0,0,0,0,0,0,0,0,0,0
450705,4,1,0,0,0,13,5,0,0,0,0,0
450706,1,1,10,30,11,27,18,18,15,22,17,4
450707,1,1,0,0,0,0,0,0,0,0,0,0
450708,1,1,0,0,0,0,0,0,0,0,0,0
450709,1,1,0,0,0,0,0,0,0,0,0,0
450709,2,1,0,0,0,0,0,0,0,0,0,0
450710,0,1,24,24,24,24,24,24,24,24,24,24
450710,1,1,0,8,20,17,0,0,13,17,0,0
450711,0,1,0,0,0,0,0,0,0,0,0,0
450711,1,1,8,12,0,18,0,0,0,0,0,0
450712,1,1,26,26,26,26,26,26,26,26,26,26
450713,1,1,0,0,0,0,0,0,0,0,0,0
450713,2,1,0,0,0,0,0,0,0,0,0,0
450714,1,1,0,0,0,0,32,8,0,0,0,0
450715,0,1,28,28,28,28,28,28,28,28,28,28
450715,1,1,28,0,14,0,9,0,0,0,0,0
450716,1,1,0,0,0,0,0,0,0,0,0,0
450716,2,1,0,0,0,16,5,0,12,0,0,0
450716,3,1,0,0,0,0,0,0,0,0,0,0
450717,1,1,6,6,6,6,6,6,6,6,6,6
450717,2,1,5,5,5,5,5,5,5,5,5,5
450717,3,1,5,0,4,0,23,23,14,11,16,9
450717,4,1,0,0,0,33,0,0,0,0,0,0
450718,1,1,20,0,0,0,0,2,11,7,0,0
450720,1,1,0,0,0,0,0,0,0,0,0,0
450720,2,1,12,12,12,12,12,12,12,12,12,12
450721,1,1,10,10,10,10,10,10,10,10,10,10
450722,0,1,30,30,30,30,30,30,30,30,30,30
450722,1,1,16,0,0,0,0,0,0,0,0,0
450723,0,1,0,0,0,0,0,0,0,0,0,0
450723,1,1,0,0,0,0,7,19,0,0,21,0
450724,2,1,0,0,0,0,0,0,0,14,0,0
450725,1,1,0,0,11,0,0,0,25,0,0,0
450726,1,1,0,16,0,0,0,6,11,0,30,0
450726,2,1,0,15,0,0,0,15,24,22,0,19
450727,1,1,8,8,8,8,8,8,8,8,8,8
450727,2,1,0,9,0,0,0,0,0,18,0,0
450727,3,1,0,0,11,0,16,12,13,27,15,0
450728,1,1,0,0,0,0,0,0,0,0,0,0
450728,2,1,4,5,19,9,0,30,10,11,11,16
450729,1,1,4,4,4,4,4,4,4,4,4,4
450730,1,1,3,3,3,3,3,3,3,3,3,3
450731,1,1,3,3,3,3,3,3,3,3,3,3
450732,1,2,16,0,25,15,19,0,16,0,0,21
450733,1,1,0,0,0,0,0,0,0,0,0,0
450734,1,1,0,0,0,0,0,0,0,0,0,0
450734,2,1,0,0,0,0,0,0,0,0,0,0
450735,1,1,16,16,16,16,16,16,16,16,16,16
450736,1,1,0,0,0,0,0,8,0,0,0,0
460001,1,1,0,0,0,0,0,0,0,0,0,0
460001,2,1,0,0,0,0,0,0,0,0,0,0
460002,1,1,8,8,8,8,8,8,8,8,8,8
460003,1,1,0,0,0,0,0,0,0,0,0,0
460004,1,1,0,0,0,0,0,0,0,0,0,0
460004,2,1,10,0,0,0,0,12,0,0,0,0
460004,3,1,0,0,0,0,0,0,0,0,0,0
460004,4,1,0,0,0,0,0,0,8,0,0,0
460004,5,1,0,0,0,0,0,0,0,0,0,0
460004,6,1,0,0,0,0,0,0,0,0,0,0
460005,1,1,0,0,0,0,0,0,0,0,0,0
460005,2,1,0,0,10,13,21,0,17,10,14,16
460006,1,1,1,1,1,1,1,1,1,1,1,1
460007,1,1,0,0,0,0,0,0,0,0,0,0
460007,2,1,0,0,0,0,0,0,0,0,0,0
460008,1,1,0,0,0,0,0,0,0,0,0,0
460009,1,1,0,0,0,0,0,0,0,0,0,0
460010,1,1,21,21,21,21,21,21,21,21,21,21
460011,1,1,0,0,0,0,0,0,0,0,0,0
460012,1,1,0,0,0,0,0,0,0,0,0,0
460013,1,1,0,0,0,0,0,0,0,0,0,0
460013,2,1,0,0,0,0,0,0,0,0,0,0
460013,3,1,0,0,0,0,0,0,0,0,0,0
460014,1,1,0,0,0,0,0,0,0,0,0,0
460014,2,1,0,0,0,0,0,0,0,0,0,0
460015,1,1,0,0,0,0,0,0,0,0,0,16
460016,1,1,0,0,0,0,0,0,0,0,0,0
460016,2,1,0,0,0,0,0,0,0,0,0,0
460017,1,1,0,0,0,0,0,0,0,0,0,0
460018,1,1,0,0,0,0,0,0,0,0,0,0
460019,1,1,0,0,0,0,0,0,0,0,0,0
460019,2,1,0,0,0,0,0,0,0,0,0,0
460020,1,1,0,0,0,0,0,0,0,0,0,0
460020,2,1,0,0,0,0,0,0,0,0,0,0
460021,1,1,0,0,0,0,0,0,0,0,0,0
460021,2,1,0,0,0,0,0,0,0,0,0,0
460022,1,1,11,11,11,11,11,11,11,11,11,11
460023,1,1,0,0,0,0,0,0,0,0,0,0
460024,0,1,56,56,56,56,56,56,56,56,56,56
460024,1,1,0,0,0,0,0,0,0,0,0,0
460025,0,1,30,30,30,30,30,30,30,30,30,30
460025,1,1,0,23,0,4,15,0,0,0,0,2
460026,1,1,0,0,0,0,0,0,0,0,0,0
460027,1,1,0,0,0,0,0,0,0,0,0,0
460027,2,1,0,0,0,0,0,0,0,0,0,0
460028,1,1,0,0,0,0,0,0,0,0,0,0
460028,2,1,0,0,0,0,0,0,0,0,0,0
460029,1,1,0,0,0,0,0,0,0,0,0,0
460030,1,1,25,25,25,25,25,25,25,25,25,25
460031,1,1,0,0,0,0,0,0,0,0,0,0
460031,2,1,0,0,0,0,0,0,0,0,0,0
460032,1,1,0,0,0,0,0,0,0,0,0,0
460033,1,1,0,0,0,0,0,0,0,0,0,0
460034,1,1,0,0,0,0,0,0,0,0,0,0
460034,2,1,0,0,0,0,0,0,0,0,0,0
460035,1,1,0,0,0,0,0,0,0,0,0,0
460035,2,1,0,0,0,0,0,0,0,0,0,0
460036,1,1,0,0,0,0,0,0,0,0,0,0
460037,1,1,17,17,17,17,17,17,17,17,17,17
460038,1,1,17,17,17,17,17,17,17,17,17,17
460039,1,1,0,0,0,0,0,0,0,0,0,13
460039,2,1,16,16,16,16,16,16,16,16,16,16
460040,1,1,34,34,34,34,34,34,34,34,34,34
460041,1,1,17,17,17,17,17,17,17,17,17,17
460041,2,1,0,0,0,0,0,0,0,0,0,0
460041,3,1,0,0,0,0,0,0,0,0,0,0
460042,1,1,18,18,18,18,18,18,18,18,18,18
460043,0,1,0,0,0,0,0,0,0,0,0,0
460043,0,2,0,0,0,0,0,0,0,0,0,0
460043,1,1,23,23,23,23,23,23,23,23,23,23
460044,1,1,0,0,12,0,0,0,15,11,9,19
460045,1,1,27,27,27,27,27,27,27,27,27,27
460046,1,1,0,0,0,0,0,0,0,0,0,0
460047,1,1,38,38,38,38,38,38,38,38,38,38
460048,1,1,0,0,0,0,0,0,0,0,0,0
460048,2,1,0,0,0,0,0,0,0,0,0,0
460048,3,1,0,0,0,0,0,0,0,0,0,0
460049,1,1,0,0,0,10,0,0,0,0,5,0
460049,2,1,0,0,0,0,0,0,0,0,0,0
460050,1,1,0,0,0,0,0,0,0,0,0,0
460051,1,1,0,0,0,0,0,0,0,0,0,0
460051,2,1,0,0,0,0,0,0,0,0,0,0
460052,1,1,0,0,0,0,0,0,0,0,0,0
460052,2,1,0,0,0,0,0,0,0,0,0,0
460053,1,1,26,26,26,26,26,26,26,26,26,26
460054,1,1,0,0,0,0,0,0,0,0,0,0
460054,2,1,0,0,0,0,0,0,0,0,0,0
460055,1,1,0,0,0,0,0,0,0,0,0,0
460056,1,1,0,0,0,0,0,0,0,0,0,0
460056,2,1,2,2,2,2,2,2,2,2,2,2
460057,1,1,0,0,0,0,0,0,0,0,0,0
460057,2,1,3,3,3,3,3,3,3,3,3,3
460058,1,1,0,0,0,0,0,0,0,0,0,0
460059,1,1,0,0,0,0,0,0,0,0,0,0
460060,1,1,0,0,0,0,0,0,0,0,0,0
460060,2,1,0,0,0,0,0,0,0,0,0,0
460061,1,1,0,0,0,0,0,0,0,0,0,0
460061,2,1,0,0,0,0,0,0,0,0,0,0
460062,1,1,2,2,2,2,2,2,2,2,2,2
460063,1,1,20,20,20,20,20,20,20,20,20,20
460064,1,1,0,0,0,0,0,0,0,0,0,0
460065,1,1,0,0,0,0,0,0,0,0,0,0
460065,2,1,0,0,0,0,0,0,0,0,0,0
460066,1,1,0,0,0,0,0,0,0,0,0,0
460066,2,1,0,0,0,0,0,0,0,0,0,0
460067,1,1,26,26,26,26,26,26,26,26,26,26
460068,1,1,13,13,13,13,13,13,13,13,13,13
460068,2,1,0,0,0,0,0,0,0,0,0,0
460069,1,1,0,0,0,0,0,0,0,0,0,0
460069,2,1,18,0,0,0,0,0,0,0,0,0
460070,1,1,0,0,0,0,0,0,0,0,0,0
460071,1,1,29,29,29,29,29,29,29,29,29,29
460072,1,1,14,14,14,14,14,14,14,14,14,14
460073,1,1,0,0,0,0,0,0,0,0,0,0
460073,2,1,0,0,0,0,0,0,0,0,0,0
460074,1,1,0,0,0,0,0,0,0,0,0,0
460074,2,1,0,0,0,0,0,0,0,0,0,0
460075,1,1,0,0,0,0,0,0,0,0,0,0
460076,1,1,0,0,0,0,0,0,0,0,0,0
460076,2,1,0,0,0,0,0,0,0,0,0,0
460077,1,1,17,17,17,17,17,17,17,17,17,17
460078,1,1,0,0,0,0,0,0,0,0,0,0
460078,2,1,0,0,0,0,0,0,0,0,0,0
460079,1,1,0,0,0,0,0,0,0,0,0,0
460079,2,1,0,0,0,0,0,0,0,0,0,0
460080,1,1,0,0,0,0,0,0,0,0,0,0
460080,2,1,0,0,0,0,0,0,0,0,0,0
460081,1,1,19,26,25,15,25,34,36,16,35,17
460082,0,1,0,0,0,0,0,0,0,0,0,0
460082,0,2,0,0,0,0,0,0,0,0,0,0
460082,1,1,0,0,0,0,0,0,0,0,0,0
460083,1,1,0,0,0,0,0,0,0,0,0,0
460083,2,1,0,0,0,0,0,0,0,0,0,0
460084,1,1,16,16,16,16,16,16,16,16,16,16
460085,1,1,0,0,0,0,0,0,0,0,0,0
460085,2,1,0,0,0,0,0,0,0,0,0,0
460086,0,1,23,23,23,23,23,23,23,23,23,23
460086,1,1,0,0,0,0,0,0,0,0,0,0
460087,1,1,19,19,19,19,19,19,19,19,19,19
460088,1,1,19,19,19,19,19,19,19,19,19,19
460089,1,1,0,8,0,0,0,0,0,0,0,0
460089,2,1,0,0,0,0,0,0,0,0,0,0
460090,1,1,19,19,19,19,19,19,19,19,19,19
460091,1,1,19,19,19,19,19,19,19,19,19,19
460092,1,1,24,24,24,24,24,24,24,24,24,24
460093,1,1,18,18,18,18,18,18,18,18,18,18
460094,1,1,38,38,38,38,38,38,38,38,38,38
460095,1,1,0,0,0,0,0,0,0,0,0,0
460096,1,1,17,17,17,17,17,17,17,17,17,17
460097,1,1,0,0,0,0,0,0,0,0,0,0
460098,1,1,0,0,0,0,0,0,0,0,0,0
460099,1,1,17,17,17,17,17,17,17,17,17,17
460099,2,1,0,0,0,0,0,0,0,0,0,0
460099,3,1,0,0,13,0,19,0,0,0,0,0
460099,4,1,0,0,0,0,0,28,0,0,15,0
460100,1,1,0,0,0,0,0,0,0,0,0,0
460100,2,1,0,0,0,0,0,0,0,0,0,0
460101,1,1,0,0,0,0,0,0,0,0,0,0
460101,2,1,0,0,0,0,0,0,0,0,0,0
460102,1,1,0,0,0,0,0,0,0,0,0,0
460102,2,1,0,0,0,0,0,0,0,0,0,0
460103,0,1,31,17,31,0,18,11,38,0,22,13
460103,1,1,5,5,5,5,5,5,5,5,5,5
460104,1,1,0,0,0,0,0,0,0,0,0,0
460104,2,1,0,0,0,0,0,0,0,0,0,0
460104,3,1,0,0,0,0,0,0,0,0,0,0
460105,1,1,0,0,0,0,0,0,0,0,0,0
460105,2,1,0,0,0,0,0,0,0,0,0,0
460106,1,1,0,0,0,0,0,0,0,0,0,0
460106,2,1,0,0,0,0,0,0,0,0,0,0
460107,1,1,0,0,0,0,0,0,0,0,0,0
460107,2,1,0,0,0,0,0,0,0,0,0,0
460108,1,1,0,0,0,0,0,0,0,0,0,0
460109,1,1,0,0,0,0,19,0,0,0,0,0
460110,1,1,22,22,22,22,22,22,22,22,22,22
460110,2,1,0,0,0,0,0,0,0,0,0,0
460111,1,1,21,21,21,21,21,21,21,21,21,21
460112,0,1,0,0,0,0,0,0,0,0,0,0
460113,1,1,0,0,0,0,0,0,0,0,0,0
460113,2,1,0,0,0,0,0,0,0,0,0,0
460114,1,1,0,0,0,0,0,0,0,0,0,0
460114,2,1,0,0,0,0,0,0,0,0,0,0
460115,0,1,19,19,19,19,19,19,19,19,19,19
460115,1,1,0,0,0,0,0,0,0,0,0,0
460116,1,1,0,0,0,0,0,0,0,0,16,0
460116,2,1,0,0,0,0,0,0,0,20,0,0
460117,1,1,0,0,0,0,0,0,0,0,0,0
460117,2,1,0,0,0,0,0,0,0,0,0,12
460118,1,2,21,18,0,14,0,10,17,28,0,21
460119,1,1,0,0,0,0,0,0,0,0,5,0
460120,1,1,0,0,0,0,0,0,0,0,0,0
460120,2,1,0,0,0,0,0,0,0,0,0,0
460121,1,1,0,0,0,0,0,0,0,0,0,0
470001,0,1,0,0,0,0,0,0,0,0,0,0
470001,1,1,0,0,0,0,0,0,0,0,0,0
470002,1,1,0,0,0,0,0,0,0,0,0,0
470003,1,1,0,20,12,0,0,0,0,0,0,0
470003,2,1,0,0,0,5,0,0,0,0,0,0
470004,0,1,31,31,31,31,31,31,31,31,31,31
470004,1,1,0,0,0,0,0,0,0,0,0,0
470005,1,1,10,10,10,10,10,10,10,10,10,10
470006,1,1,19,19,19,19,19,19,19,19,19,19
470007,1,1,0,0,0,0,0,0,0,0,0,0
470008,1,1,0,0,0,0,0,0,0,0,0,0
470009,2,1,0,0,0,0,0,0,0,0,0,0
470010,1,1,22,18,0,0,26,0,0,0,0,0
470011,1,1,13,13,13,13,13,13,13,13,13,13
470012,1,1,0,0,0,0,0,0,0,0,0,0
470013,1,1,0,0,0,0,0,0,0,0,0,0
470014,1,1,0,0,0,0,0,0,0,0,0,0
470015,1,1,0,0,0,0,0,0,0,0,0,0
470015,2,1,0,0,0,0,0,0,0,0,0,0
470016,1,1,0,0,0,0,0,0,0,0,0,0
470016,2,1,0,0,0,0,0,0,0,0,0,0
470017,0,1,0,0,28,0,0,0,0,0,0,0
470017,1,1,0,0,0,0,0,0,0,0,0,0
470017,2,1,0,0,0,0,0,0,0,0,0,0
470018,1,1,0,0,0,0,0,0,0,0,0,0
470018,2,1,0,0,0,0,0,0,0,0,0,0
470019,1,1,0,0,0,0,0,0,0,0,0,0
470019,2,1,0,0,0,0,0,0,0,0,0,0
470020,1,1,0,0,0,0,0,0,0,0,0,0
470021,1,1,5,5,5,5,5,5,5,5,5,5
470021,2,1,0,0,0,0,0,0,0,0,0,0
470022,1,1,0,0,0,0,0,0,0,0,0,0
470023,1,1,8,0,13,22,28,16,11,21,25,23
470024,1,1,0,0,0,0,0,0,0,0,0,0
470025,1,1,0,0,0,0,0,0,0,0,0,0
470026,1,1,20,20,20,20,20,20,20,20,20,20
470027,0,1,0,0,29,17,0,21,0,16,19,13
470027,1,1,0,0,0,0,0,0,0,0,0,0
470028,1,1,0,0,0,0,19,0,0,0,0,25
470028,2,1,0,0,0,0,0,0,0,0,0,0
470029,1,1,0,0,0,0,0,0,0,0,0,0
470029,2,1,0,0,0,0,0,0,0,0,0,0
470030,1,1,0,0,0,0,0,0,0,0,0,19
470031,1,1,0,0,0,0,0,0,0,9,0,14
470031,2,1,0,0,0,0,0,0,0,0,0,0
470032,1,1,0,0,0,0,0,0,0,0,0,0
470033,1,1,0,0,0,0,0,0,0,0,0,0
470033,2,1,0,0,0,0,0,0,0,0,0,0
470035,1,1,0,0,0,0,0,0,0,0,0,0
470035,2,1,0,0,0,0,0,0,0,0,0,0
470035,3,1,0,0,0,0,0,0,0,0,0,0
470036,1,1,0,21,0,0,0,0,0,0,0,25
470036,2,1,0,0,0,0,0,0,0,0,0,0
470037,1,1,0,0,0,0,0,0,0,0,0,0
470038,1,1,0,0,0,0,0,0,0,0,0,0
470038,2,1,0,0,0,0,0,0,0,0,0,0
470039,1,1,15,0,8,12,0,16,0,10,2,9
470039,2,1,23,0,11,7,13,18,0,0,0,0
470040,1,1,0,0,0,0,0,0,0,0,0,0
470040,2,1,0,0,0,0,0,0,0,0,0,0
470040,3,1,0,0,0,0,0,0,0,0,0,0
470041,1,1,18,18,18,18,18,18,18,18,18,18
470041,2,1,0,0,0,0,0,0,0,0,0,0
470042,1,1,0,0,0,0,0,0,0,0,0,0
470043,1,1,33,0,15,10,16,7,19,19,26,32
470044,1,1,20,20,20,20,20,20,20,20,20,20
470045,1,1,0,0,19,22,0,0,0,0,16,0
470045,2,1,0,0,0,0,0,0,0,0,0,0
470046,0,1,17,17,17,17,17,17,17,17,17,17
470046,1,1,21,5,0,0,0,15,12,0,13,0
470047,1,1,0,0,0,0,0,0,0,0,0,0
470048,1,1,0,0,0,0,0,0,0,0,0,0
470049,1,1,2,2,2,2,2,2,2,2,2,2
470049,2,1,0,0,0,0,0,0,0,0,0,0
470050,1,1,20,20,20,20,20,20,20,20,20,20
470050,2,1,0,0,0,0,0,0,0,0,0,0
470051,1,1,0,0,0,0,0,0,0,0,0,0
470052,1,1,0,0,0,0,0,0,0,0,0,0
470052,2,1,0,0,0,0,0,0,0,0,0,0
470053,1,1,0,0,0,0,0,0,0,0,0,0
470054,1,1,0,0,0,0,0,0,0,0,0,0
470054,2,1,0,0,0,0,0,0,0,0,0,0
470054,3,1,0,0,0,0,0,0,0,0,0,0
470055,1,1,17,17,17,17,17,17,17,17,17,17
470056,1,1,0,0,0,0,0,0,0,0,0,0
470056,2,1,0,0,0,0,0,0,0,0,0,0
470057,0,1,0,0,20,0,0,0,0,0,0,0
470057,1,1,0,0,0,0,0,0,0,0,0,0
470058,1,1,8,8,8,8,8,8,8,8,8,8
470059,1,1,0,0,0,0,0,0,0,0,0,0
470059,2,1,0,0,0,0,0,0,0,0,0,0
470060,1,1,0,0,0,0,0,0,0,0,0,0
470060,2,1,0,0,0,0,0,0,0,0,0,0
470061,1,1,0,0,0,0,0,0,0,0,0,0
470061,2,1,0,0,0,0,11,0,0,0,0,0
470062,1,1,0,0,0,0,0,0,0,0,0,0
470062,2,1,0,0,0,0,0,0,0,0,0,0
470063,1,1,0,0,0,0,0,0,0,0,0,0
470063,2,1,11,11,11,11,11,11,11,11,11,11
470064,1,1,0,0,0,0,0,0,0,0,0,0
470065,1,1,0,0,0,0,0,0,0,0,0,0
470065,2,1,0,0,0,0,0,0,0,0,0,0
470066,1,1,24,24,24,24,24,24,24,24,24,24
470067,1,1,0,0,0,0,0,0,0,0,0,0
470067,2,1,0,0,0,0,0,0,0,0,0,0
470068,1,1,0,0,0,0,0,0,0,0,0,0
470069,1,1,0,0,0,0,0,0,0,0,0,0
470069,2,1,0,0,0,0,0,0,0,0,0,0
470070,0,1,0,0,0,0,0,0,0,0,0,0
470070,1,1,0,0,0,0,0,0,0,0,0,0
470071,1,1,20,20,20,20,20,20,20,20,20,20
470072,1,1,0,0,0,0,0,0,0,0,0,0
470072,2,1,0,0,0,0,0,0,0,0,0,0
470073,1,1,0,0,0,0,0,0,0,0,0,0
470074,1,1,20,20,20,20,20,20,20,20,20,20
470075,0,1,0,21,0,0,0,0,0,0,0,0
470075,1,1,0,0,0,0,0,0,0,0,0,0
470076,1,1,0,0,26,0,0,0,0,0,0,0
470076,2,1,0,0,0,0,0,0,0,0,0,0
470076,3,1,0,0,0,0,0,0,0,0,0,0
470077,1,1,0,0,0,0,0,0,0,0,0,0
470077,2,1,0,0,0,0,0,0,0,0,0,0
470078,1,1,0,0,0,0,0,0,0,0,0,0
470078,2,1,0,0,0,0,0,0,0,0,0,0
470079,0,1,0,0,0,0,0,0,0,0,0,0
470079,1,1,0,0,0,0,0,0,0,0,0,0
470080,1,1,18,18,18,18,18,18,18,18,18,18
470081,1,1,0,0,0,0,0,0,0,0,0,0
470082,1,1,0,0,0,0,0,0,0,0,0,0
470082,2,1,0,0,0,31,0,0,0,0,0,0
470083,0,1,26,26,26,26,26,26,26,26,26,26
470083,1,1,0,0,0,0,0,0,11,0,19,0
470084,1,1,0,0,0,0,0,0,0,0,0,0
470085,1,1,0,0,0,0,0,0,0,0,0,0
470086,1,1,0,0,0,0,0,0,0,0,0,0
470086,2,1,0,0,0,0,0,0,0,0,0,0
470087,1,1,26,26,26,26,26,26,26,26,26,26
470088,0,1,17,0,3,9,0,0,0,20,0,0
470088,1,1,0,0,0,0,0,0,0,0,0,0
470089,1,1,0,0,11,0,0,0,0,0,0,0
470089,2,1,0,0,0,13,0,0,6,12,0,0
470090,1,1,26,18,23,8,16,23,19,13,16,16
470091,1,1,12,12,12,12,12,12,12,12,12,12
470092,1,1,35,35,35,35,35,35,35,35,35,35
470092,2,1,0,0,0,0,0,0,0,0,0,0
470093,1,1,0,0,0,0,0,0,0,12,0,0
470094,1,1,0,0,0,0,0,0,0,0,0,0
470094,2,1,0,0,0,0,0,0,0,0,0,0
470094,3,1,0,0,0,0,0,0,0,0,0,0
470095,1,1,0,0,0,0,0,0,0,0,0,0
470096,1,1,12,12,12,12,12,12,12,12,12,12
470097,1,1,0,0,0,0,0,0,0,0,0,0
470098,1,1,10,20,20,27,16,13,27,11,15,21
470099,1,1,0,0,0,0,0,0,0,0,0,0
470100,1,1,0,0,0,0,0,0,0,0,0,0
470101,1,1,0,0,0,0,0,0,0,0,0,0
470101,2,1,0,0,0,0,0,0,0,0,0,0
470101,3,1,0,0,0,0,0,0,0,0,0,0
470102,1,1,11,11,11,11,11,11,11,11,11,11
470103,1,1,0,0,0,0,0,0,0,0,0,0
470103,2,1,0,26,0,0,15,14,16,0,0,0
470104,1,1,0,0,0,0,0,0,0,0,0,0
470105,1,1,13,13,13,13,13,13,13,13,13,13
470106,1,1,0,0,0,0,0,0,0,0,0,0
470106,2,1,0,0,0,0,0,0,0,0,0,0
470107,0,1,0,0,0,0,0,0,0,0,0,0
470107,1,1,0,0,0,0,0,0,0,0,0,0
470108,0,1,0,0,0,0,0,0,0,0,0,0
470108,1,1,0,0,0,0,0,0,0,0,0,0
470109,1,1,0,0,0,0,0,0,0,0,0,0
470109,2,1,0,0,0,0,0,0,0,0,0,0
470110,1,1,0,0,0,0,0,0,0,0,0,0
470112,1,1,23,23,23,23,23,23,23,23,23,23
470113,0,1,15,15,15,15,15,15,15,15,15,15
470113,1,1,0,0,0,0,0,0,0,0,0,0
470114,1,1,8,42,23,0,17,0,5,12,0,0
470115,1,1,0,0,0,0,0,0,0,0,0,0
470115,2,1,0,0,0,0,0,0,0,0,0,0
470116,1,1,0,0,0,0,0,0,0,0,0,0
470116,2,1,0,0,0,0,0,35,0,0,0,0
470117,1,1,16,16,16,16,16,16,16,16,16,16
470118,1,1,0,0,0,0,0,0,0,0,0,0
470118,2,1,0,0,0,0,0,0,0,0,0,0
470119,1,1,0,0,0,0,0,0,0,0,0,0
470119,2,1,0,0,0,0,0,0,0,0,0,0
470119,3,1,0,0,0,0,0,0,0,0,0,0
470120,1,1,0,0,0,0,0,0,0,0,0,0
470120,2,1,0,0,0,0,0,0,0,0,0,0
470121,1,1,0,0,0,0,0,0,0,0,0,0
470121,2,1,0,0,0,0,0,0,0,0,0,0
470122,1,1,20,20,20,20,20,20,20,20,20,20
470123,1,1,15,12,10,28,29,19,0,26,23,13
470124,1,1,0,0,0,0,0,0,0,0,0,0
470124,2,1,0,0,0,0,0,0,0,0,0,0
470124,3,1,0,0,0,0,0,0,0,0,0,0
470125,1,1,0,0,0,0,0,0,0,0,0,0
470125,2,1,0,0,0,0,0,0,0,0,0,0
470126,1,1,34,34,34,34,34,34,34,34,34,34
470126,2,1,0,0,0,0,0,0,0,0,0,0
470127,1,1,0,0,0,0,0,0,0,0,0,0
470127,2,1,0,0,0,0,0,0,0,0,0,0
470128,1,1,0,0,0,0,0,0,0,0,0,0
470129,0,1,0,0,0,0,0,0,0,0,0,0
470129,1,1,0,0,0,0,0,0,0,0,0,0
470130,0,1,20,20,20,20,20,20,20,20,20,20
470130,1,1,0,0,0,0,0,0,0,0,0,0
470131,1,1,8,8,8,8,8,8,8,8,8,8
470131,2,1,0,0,0,0,0,0,0,0,0,0
470132,1,1,0,0,0,0,24,27,18,0,0,0
470132,2,1,0,0,0,0,0,0,0,0,0,8
470133,1,1,0,0,0,0,0,0,0,0,0,0
470134,1,1,0,0,0,0,0,0,0,0,0,0
470135,1,1,20,20,20,20,20,20,20,20,20,20
470135,2,1,0,0,0,0,0,0,0,0,0,0