ST_CASE,VEH_NO,PER_NO,P1,P2,P3,P4,P5,P6,P7,P8,P9,P10
470136,1,1,9,9,9,9,9,9,9,9,9,9
470136,2,1,0,0,0,0,0,0,0,0,0,0
470137,1,1,19,19,19,19,19,19,19,19,19,19
470138,1,1,0,0,0,0,0,0,0,0,0,0
470138,2,1,0,0,0,0,0,0,0,0,0,0
470138,3,1,0,0,0,0,0,0,0,0,0,0
470139,1,1,1,1,1,1,1,1,1,1,1,1
470139,2,1,0,0,0,0,0,0,0,0,0,0
470140,1,1,0,0,0,0,0,14,0,0,0,0
470140,2,1,0,0,0,0,0,0,0,0,0,0
470141,1,1,16,16,16,16,16,16,16,16,16,16
470142,1,1,0,0,0,3,0,0,0,0,0,0
470143,1,1,12,12,12,12,12,12,12,12,12,12
470144,1,1,0,0,0,0,0,0,0,0,0,0
470144,2,1,0,0,0,0,0,20,0,0,0,0
470145,1,1,25,25,25,25,25,25,25,25,25,25
470146,1,1,0,0,0,0,0,0,0,0,0,0
470146,2,1,0,0,0,0,0,0,0,0,0,0
470147,1,1,0,0,0,0,0,0,0,0,0,0
470147,2,1,17,17,17,17,17,17,17,17,17,17
470148,1,1,0,0,0,0,0,0,0,0,0,0
470149,1,1,0,0,0,0,0,0,0,0,0,0
470150,1,1,0,0,22,0,0,0,0,0,0,0
470150,2,1,0,0,0,0,0,0,0,0,0,0
470151,1,1,0,0,0,0,0,0,0,0,0,0
470152,1,1,0,0,0,0,0,0,0,0,0,0
470153,1,1,0,0,0,0,0,0,0,0,0,0
470153,2,1,0,0,0,0,0,0,0,0,0,0
470154,1,1,0,0,0,0,0,0,0,0,0,0
470154,2,1,6,0,0,0,0,0,0,0,0,0
470155,1,1,0,0,0,0,0,0,0,0,0,0
470155,2,1,0,0,0,0,0,0,0,0,0,0
470155,3,1,0,26,0,0,0,0,0,0,0,0
470156,1,1,17,17,17,17,17,17,17,17,17,17
470157,1,1,24,24,24,24,24,24,24,24,24,24
470158,1,1,0,0,0,0,0,0,0,0,0,0
470159,1,1,19,19,19,19,19,19,19,19,19,19
470160,1,1,0,0,0,0,0,0,0,0,0,0
470160,2,1,2,2,2,2,2,2,2,2,2,2
470161,1,1,0,0,0,0,0,0,0,0,0,0
470162,1,1,14,14,14,14,14,14,14,14,14,14
470163,1,1,0,0,0,0,0,0,0,0,0,0
470164,1,1,0,0,0,0,0,0,0,0,0,0
470164,2,1,0,0,0,0,0,0,0,0,0,0
470165,0,1,0,0,0,0,0,0,0,0,0,0
470165,1,1,0,0,0,0,14,11,17,10,0,6
470166,1,1,0,0,0,0,0,0,0,0,0,0
470166,2,1,22,22,22,22,22,22,22,22,22,22
470167,1,1,0,0,0,0,0,0,0,0,0,0
470167,2,1,0,0,0,0,0,0,0,0,0,0
470168,1,1,6,5,26,0,37,42,11,14,42,0
470169,1,1,0,0,0,0,0,0,0,0,0,0
470169,2,1,0,0,0,0,0,0,0,0,0,0
470171,0,1,0,0,0,0,0,37,0,0,0,0
470171,1,1,0,0,0,0,0,0,0,0,0,0
470171,3,1,0,0,0,0,0,0,0,0,0,0
470172,1,1,0,0,0,0,0,0,0,0,0,0
470173,1,1,0,0,0,0,0,0,0,0,0,0
470174,1,1,0,0,0,0,0,0,0,0,0,0
470175,1,1,0,0,0,0,0,0,0,0,0,0
470176,1,1,20,20,20,20,20,20,20,20,20,20
470177,1,1,0,0,0,0,0,0,0,0,0,0
470177,2,1,0,0,0,0,0,0,0,0,0,0
470178,1,1,0,0,0,0,0,0,0,1,0,0
470178,2,1,0,0,0,0,0,0,0,0,0,0
470178,3,1,0,0,0,0,0,0,0,0,0,0
470179,1,1,0,0,0,0,0,0,0,0,0,0
470180,0,1,27,27,27,27,27,27,27,27,27,27
470180,1,1,0,0,14,0,0,0,0,0,22,29
470180,2,1,0,0,0,0,0,0,0,14,0,0
470180,3,1,0,15,0,0,0,0,0,0,0,0
470181,1,1,0,0,0,0,0,0,0,0,0,0
470181,2,1,0,0,0,0,0,0,0,0,0,0
470182,1,1,0,0,0,0,0,0,0,0,0,0
470182,2,1,0,0,12,0,0,0,0,26,0,8
470183,1,1,0,0,0,0,0,0,0,0,0,0
470184,1,1,5,5,5,5,5,5,5,5,5,5
470185,1,1,0,0,0,0,0,0,0,0,0,0
470186,1,1,0,0,0,0,0,0,0,0,0,0
470187,0,1,0,0,0,17,0,0,0,0,0,0
470187,1,1,0,0,0,0,0,0,0,0,0,0
470188,1,1,23,23,23,23,23,23,23,23,23,23
470189,1,1,17,21,23,0,24,0,25,0,0,21
470190,1,1,0,0,0,0,0,0,0,0,0,0
470191,1,1,0,0,0,15,37,0,5,0,0,13
470192,1,1,0,0,0,0,0,0,0,0,0,0
470193,1,1,0,0,0,0,0,0,0,0,0,0
470193,2,1,0,0,0,0,0,0,0,0,0,0
470194,1,1,0,0,0,0,0,0,0,0,0,0
470194,2,1,0,0,0,0,0,0,0,0,0,0
470195,0,1,0,29,0,0,0,0,0,0,17,0
470195,1,1,0,0,0,0,0,0,0,0,0,0
470196,1,1,0,21,0,0,0,0,0,0,0,0
470196,2,1,0,0,0,14,0,16,0,0,0,17
470196,3,1,10,10,11,9,29,17,9,12,17,11
470197,1,1,0,0,0,0,0,0,0,0,0,0
470198,1,1,1,1,1,1,1,1,1,1,1,1
470198,2,1,0,0,0,0,0,0,0,0,0,0
470199,1,1,0,0,0,0,0,0,0,0,0,0
470200,1,1,0,0,0,0,0,0,0,0,0,0
470201,1,1,0,0,0,0,0,0,0,0,0,0
470202,1,1,0,0,0,0,13,0,0,0,0,0
470203,1,1,3,3,3,3,3,3,3,3,3,3
470204,1,1,24,24,24,24,24,24,24,24,24,24
470205,1,1,0,0,0,0,0,0,0,0,0,0
470205,2,1,0,0,0,0,0,0,0,22,0,0
470206,1,1,16,16,16,16,16,16,16,16,16,16
470206,2,1,0,0,0,0,0,0,0,0,0,0
470207,1,1,3,0,0,0,0,0,0,0,0,0
470207,2,1,0,0,0,0,0,0,0,0,0,0
470208,0,1,0,0,26,41,29,0,0,12,0,3
470208,0,2,0,0,13,20,22,22,46,20,12,32
470208,1,1,14,14,14,14,14,14,14,14,14,14
470209,1,1,15,15,15,15,15,15,15,15,15,15
470209,2,1,0,0,0,0,0,0,0,0,0,0
470209,3,1,0,0,0,0,0,0,0,0,0,0
470209,4,1,0,0,0,0,0,0,0,0,0,0
470210,1,1,0,0,0,7,0,0,0,0,0,0
470210,2,1,29,0,4,0,22,0,0,0,13,11
470211,1,1,28,28,28,28,28,28,28,28,28,28
470212,1,1,13,13,13,13,13,13,13,13,13,13
470212,2,1,0,0,0,0,0,0,0,0,0,0
470213,1,1,12,12,12,12,12,12,12,12,12,12
470214,0,1,18,18,18,18,18,18,18,18,18,18
470214,0,2,2,2,2,2,2,2,2,2,2,2
470214,1,1,4,4,4,4,4,4,4,4,4,4
470216,1,1,0,0,0,0,0,0,0,0,0,0
470217,1,1,0,0,0,0,0,0,0,0,0,0
470217,2,1,0,0,0,0,0,0,0,0,0,0
470218,1,1,0,0,0,0,0,0,16,0,0,14
470219,1,1,0,28,0,0,0,0,0,0,0,0
470219,2,1,0,0,40,0,0,0,0,0,0,0
470220,0,1,36,36,36,36,36,36,36,36,36,36
470220,1,1,5,0,0,0,0,0,0,0,0,23
470222,1,1,6,6,6,6,6,6,6,6,6,6
470222,2,1,0,0,0,0,0,0,0,0,0,0
470223,1,1,0,0,0,0,0,0,0,0,0,0
470223,2,1,0,0,0,0,0,0,0,0,0,0
470223,3,1,0,0,0,0,0,0,0,0,0,0
470224,1,1,15,15,15,15,15,15,15,15,15,15
470225,0,1,0,0,0,0,0,0,0,0,0,0
470225,1,1,0,0,0,0,14,0,0,13,14,0
470226,1,1,0,0,25,15,0,24,0,25,0,23
470226,2,1,0,0,0,0,0,0,0,0,0,0
470227,1,1,0,0,0,0,0,0,0,0,0,0
470227,2,1,0,0,0,0,0,0,0,0,0,0
470228,1,1,19,19,19,19,19,19,19,19,19,19
470229,1,1,1,1,1,1,1,1,1,1,1,1
470229,2,1,0,0,0,0,0,0,0,14,0,0
470230,1,1,0,0,0,0,0,0,0,0,0,0
470231,1,1,1,1,1,1,1,1,1,1,1,1
470232,1,1,17,17,17,17,17,17,17,17,17,17
470232,2,1,0,0,0,0,0,0,0,0,0,0
470233,1,1,0,0,0,0,0,0,0,0,0,0
470233,2,1,0,0,0,0,0,0,0,0,0,0
470233,3,1,0,0,0,0,0,0,0,0,0,0
470233,4,1,0,0,0,0,0,0,0,0,0,0
470234,1,1,15,11,0,0,18,0,0,21,13,11
470235,0,1,0,0,0,0,0,0,0,0,0,0
470235,1,1,0,0,0,0,0,0,0,0,0,0
470236,1,1,21,21,21,21,21,21,21,21,21,21
470237,1,1,0,0,0,0,0,0,0,0,0,0
470237,2,1,0,0,0,0,0,0,0,0,0,0
470238,1,1,0,0,0,0,0,0,0,0,0,0
470239,1,1,0,0,0,0,0,0,0,0,0,0
470240,0,1,0,0,0,0,0,0,0,0,0,0
470240,1,1,0,0,0,0,0,0,0,0,0,0
470240,2,1,0,0,0,0,0,0,0,0,0,0
470241,1,1,0,0,0,0,0,0,0,0,0,0
470241,2,1,0,0,0,0,0,0,0,0,0,0
470242,1,1,0,0,0,0,0,0,0,0,0,0
470242,2,1,0,0,0,0,0,0,0,0,0,0
470243,1,1,0,0,0,0,0,0,0,0,0,0
470243,2,1,0,0,0,0,0,0,0,0,0,0
470245,1,1,0,0,0,0,0,0,0,0,0,0
470246,1,1,0,0,0,0,0,0,0,0,0,0
470247,1,1,0,0,0,0,0,0,0,0,0,0
470247,2,1,0,0,0,0,0,0,0,0,0,0
470248,1,1,0,0,0,0,0,0,0,0,0,0
470249,1,1,36,36,36,36,36,36,36,36,36,36
470250,1,1,32,32,32,32,32,32,32,32,32,32
470251,1,1,18,18,18,18,18,18,18,18,18,18
470252,1,1,0,0,0,0,0,0,0,0,0,0
470253,1,1,0,0,0,0,0,0,0,0,0,0
470254,1,1,0,0,0,0,0,0,0,0,0,0
470255,1,1,0,0,0,12,0,0,0,0,0,0
470255,2,1,0,0,0,0,0,0,0,0,0,0
470256,1,1,0,0,0,0,0,0,0,0,0,0
470256,2,1,0,0,0,0,0,0,0,0,0,0
470257,0,1,24,24,24,24,24,24,24,24,24,24
470257,1,1,0,0,0,0,0,0,0,0,0,0
470257,2,1,18,0,0,0,0,2,0,0,14,0
470258,1,1,0,0,0,0,0,0,0,0,0,0
470258,2,1,0,0,0,0,0,0,0,0,0,0
470259,1,1,0,0,0,0,0,0,0,0,0,0
470259,2,1,0,0,0,0,0,0,0,0,0,0
470260,1,1,0,0,0,0,0,0,0,0,0,0
470261,1,1,0,0,0,0,0,0,0,0,0,0
470261,2,1,23,0,0,0,0,0,0,0,0,0
470261,3,1,0,0,0,0,0,0,0,0,0,0
470262,1,1,21,28,23,15,0,27,18,22,32,15
470263,1,1,11,11,11,11,11,11,11,11,11,11
470264,1,1,2,2,2,2,2,2,2,2,2,2
470265,1,1,0,0,0,0,0,0,0,0,0,0
470266,1,1,7,7,7,7,7,7,7,7,7,7
470267,1,1,0,0,0,0,0,0,0,0,0,0
470268,1,1,0,0,0,0,0,0,0,0,0,0
470269,1,1,11,11,11,11,11,11,11,11,11,11
470270,1,1,0,0,0,0,0,0,0,0,0,0
470271,1,1,23,23,23,23,23,23,23,23,23,23
470272,1,1,0,17,0,0,9,0,11,0,15,10
470273,1,1,0,0,0,0,0,0,0,0,0,0
470274,1,1,0,0,0,0,0,0,0,0,0,0
470274,2,1,0,0,3,0,0,0,0,0,0,0
470274,3,1,0,0,0,0,0,0,0,0,0,5
470275,1,1,30,0,10,33,2,0,23,13,0,0
470275,2,1,0,0,0,0,0,0,0,0,0,0
470276,1,1,0,0,0,0,0,0,0,0,0,0
470276,2,1,0,0,0,0,0,0,0,0,0,0
470277,0,1,0,0,0,0,0,0,0,0,0,0
470277,2,1,0,0,0,0,0,0,0,0,0,0
470278,1,1,18,18,18,18,18,18,18,18,18,18
470278,2,1,0,0,0,0,0,0,0,0,0,0
470279,1,1,0,0,0,0,0,0,0,0,0,0
470279,2,1,0,0,0,0,0,0,0,0,0,0
470280,1,1,0,0,0,0,0,0,0,0,0,0
470280,2,1,0,0,6,0,0,0,0,0,6,0
470281,1,1,0,0,0,0,0,0,0,0,0,0
470281,2,1,0,0,0,0,0,0,0,0,0,6
470282,1,1,0,0,0,0,0,0,0,0,0,0
470282,2,1,0,0,0,0,0,0,0,0,0,0
470283,1,1,0,0,0,0,0,5,0,0,0,0
470283,2,1,0,0,0,0,0,0,0,0,0,0
470284,1,1,0,0,0,0,0,0,0,0,0,0
470285,1,1,0,0,0,0,0,0,0,0,0,17
470285,2,1,0,0,0,0,0,0,0,0,0,0
470286,1,1,28,28,28,28,28,28,28,28,28,28
470286,2,1,0,0,0,0,0,0,0,0,0,0
470286,3,1,0,0,0,0,0,0,0,0,0,0
470287,0,1,0,0,0,0,0,0,0,25,0,0
470287,1,1,0,0,0,0,0,0,0,0,0,0
470288,0,1,0,0,0,0,0,0,0,0,0,0
470288,1,1,0,0,0,0,0,0,0,0,0,0
470289,1,1,30,6,12,14,7,9,34,9,21,11
470290,1,1,0,0,0,0,0,0,0,0,0,0
470290,2,1,0,0,0,0,0,0,0,0,0,0
470291,1,1,14,14,14,14,14,14,14,14,14,14
470292,1,1,0,0,0,0,0,0,0,0,0,0
470293,1,1,0,0,0,0,0,0,0,0,0,0
470293,2,1,0,0,0,0,0,0,0,0,0,0
470294,1,1,0,0,0,0,0,0,0,0,0,0
470295,1,1,20,20,20,20,20,20,20,20,20,20
470296,1,1,0,0,0,0,0,0,0,0,0,0
470297,1,1,0,0,0,0,0,0,0,0,0,0
470297,2,1,0,0,0,0,0,0,0,0,0,0
470297,3,1,7,7,7,7,7,7,7,7,7,7
470298,1,1,0,0,0,0,0,0,0,0,0,0
470299,0,1,0,0,0,22,0,0,0,0,0,41
470299,1,1,0,0,0,0,0,0,0,0,0,0
470300,1,1,4,4,4,4,4,4,4,4,4,4
470300,2,1,0,0,0,0,0,0,0,0,0,0
470301,1,1,0,0,0,0,0,0,0,0,0,0
470301,2,1,0,0,0,0,0,0,0,0,0,0
470302,1,1,23,23,23,23,23,23,23,23,23,23
470303,1,1,31,31,31,31,31,31,31,31,31,31
470304,1,1,11,11,11,11,11,11,11,11,11,11
470305,1,1,0,0,0,0,0,0,0,0,0,0
470307,0,1,17,0,0,25,22,0,0,31,0,0
470307,1,1,0,0,0,0,0,0,0,0,0,0
470307,2,1,19,19,19,19,19,19,19,19,19,19
470308,0,1,0,0,0,0,0,0,0,0,0,0
470308,1,1,0,0,0,0,0,0,0,0,0,0
470308,2,1,2,2,2,2,2,2,2,2,2,2
470309,0,1,0,0,0,0,0,0,0,0,0,0
470309,1,1,0,0,0,0,0,0,0,0,0,0
470309,2,1,0,0,0,0,0,0,0,0,0,0
470309,3,1,0,0,0,0,10,0,10,0,0,0
470310,1,1,0,0,0,0,0,0,0,0,0,0
470310,2,1,0,0,0,0,0,0,0,0,0,0
470310,3,1,0,0,0,0,0,0,0,0,0,0
470311,1,1,15,15,15,15,15,15,15,15,15,15
470312,1,1,27,27,27,27,27,27,27,27,27,27
470313,1,1,0,0,0,0,0,0,0,0,0,0
470313,2,1,0,0,0,0,0,0,0,0,0,0
470313,3,1,0,0,8,0,0,0,0,0,0,0
470313,4,1,0,0,0,0,0,0,0,0,0,0
470313,5,1,0,0,0,0,0,0,0,0,0,0
470314,1,1,7,7,7,7,7,7,7,7,7,7
470315,0,1,0,0,17,0,0,3,5,0,28,0
470315,1,1,10,0,0,0,0,0,0,0,32,0
470316,1,1,0,0,0,0,0,0,0,0,0,0
470316,2,1,0,3,0,0,0,0,0,0,0,0
470317,1,1,0,0,0,0,0,0,0,0,0,0
470318,1,1,0,0,0,0,0,0,0,0,0,0
470318,2,1,0,0,0,0,0,0,0,0,0,0
470319,1,1,0,0,0,0,0,0,0,0,0,0
470320,1,1,0,0,17,10,0,0,0,0,0,7
470320,2,1,17,0,0,11,0,0,0,0,0,0
470321,1,1,0,0,0,0,0,0,0,0,0,0
470321,2,1,0,0,0,0,0,0,0,0,0,0
470322,1,1,0,0,0,0,0,0,0,0,0,0
470322,2,1,0,0,0,0,0,0,0,0,0,0
470323,1,1,0,19,0,7,0,0,0,0,0,0
470323,2,1,0,0,0,0,0,0,0,0,0,0
470324,1,1,0,0,0,5,0,0,0,0,0,0
470324,2,1,0,0,0,0,0,0,0,0,0,0
470325,1,1,15,15,15,15,15,15,15,15,15,15
470325,2,1,23,11,12,6,8,12,0,7,18,0
470326,1,1,0,0,0,0,0,0,0,0,0,0
470327,0,1,18,16,0,17,0,0,21,0,0,17
470327,1,1,0,0,0,0,0,0,0,0,0,0
470328,1,1,0,0,0,0,0,0,0,0,0,15
470328,2,1,0,0,0,0,0,0,0,0,17,0
470329,1,1,0,0,0,0,0,0,0,0,0,0
470329,2,1,0,0,0,0,0,5,0,0,0,0
470330,1,1,0,0,0,0,0,0,0,0,0,0
470330,2,1,0,0,0,0,0,0,0,0,0,0
470331,1,1,0,0,0,0,0,0,0,0,0,0
470331,2,1,0,0,0,0,0,0,0,0,0,0
470332,1,1,0,0,0,0,0,0,0,0,0,0
470333,1,1,1,1,1,1,1,1,1,1,1,1
470334,1,1,0,0,9,0,0,0,0,0,0,0
470334,2,1,0,0,0,0,0,0,0,0,0,0
470335,1,1,0,0,0,0,0,0,0,0,0,0
470335,2,1,0,0,0,0,0,0,0,0,0,0
470336,1,1,0,10,55,0,0,19,16,35,0,26
470336,2,1,0,0,6,12,0,0,13,0,0,17
470337,0,1,19,19,19,19,19,19,19,19,19,19
470337,1,1,0,0,0,0,0,0,0,0,0,0
470338,1,1,11,11,11,11,11,11,11,11,11,11
470339,1,1,14,8,19,13,20,16,6,8,26,6
470340,1,1,0,0,0,0,0,0,0,0,0,0
470340,2,1,0,0,0,0,0,0,0,0,0,0
470341,1,1,0,0,0,0,0,0,0,0,0,0
470342,1,1,0,0,0,0,0,0,0,0,0,0
470343,1,1,0,0,0,0,0,0,0,0,0,0
470344,1,1,0,0,0,0,0,0,0,0,0,0
470344,3,1,0,10,0,0,0,0,0,0,0,0
470345,1,1,0,0,0,0,9,0,0,0,0,0
470345,2,1,0,0,0,0,0,0,0,0,0,0
470346,0,1,0,0,0,0,0,0,0,0,0,0
470346,0,2,0,0,0,0,0,0,0,0,0,0
470346,1,1,0,0,0,0,0,0,0,0,0,0
470347,1,1,15,15,15,15,15,15,15,15,15,15
470348,1,1,0,0,0,0,0,0,0,0,0,0
470349,1,1,0,0,0,0,0,0,0,0,0,0
470349,2,1,0,0,0,0,0,0,0,0,0,0
470350,1,1,0,0,0,0,0,0,0,0,0,0
470350,2,1,0,0,0,0,0,0,0,0,0,0
470351,1,1,0,0,0,0,0,0,0,0,0,0
470351,2,1,0,0,0,0,0,0,0,0,0,0
470351,3,1,0,0,14,0,0,0,0,0,0,0
470351,4,1,0,0,0,0,0,0,0,0,0,0
470351,5,1,0,0,0,0,7,0,0,0,0,0
470351,6,1,0,0,0,0,0,0,0,0,0,0
470351,7,1,0,0,0,0,0,0,0,0,0,0
470351,8,1,0,0,0,0,0,0,0,0,0,0
470351,9,1,0,0,5,0,0,0,0,0,0,0
470352,1,1,0,0,0,0,0,0,0,0,0,0
470352,2,1,0,0,0,0,0,0,0,0,0,0
470353,1,1,4,4,4,4,4,4,4,4,4,4
470353,2,1,0,0,0,0,0,0,0,0,0,0
470353,3,1,0,0,0,0,0,0,0,0,0,0
470354,1,1,0,0,0,0,0,0,0,0,0,0
470354,2,1,0,0,0,0,0,0,0,0,0,0
470356,1,1,0,0,0,0,27,0,0,0,0,11
470356,2,1,0,0,8,0,0,0,0,0,0,0
470357,1,1,0,0,0,0,0,0,0,0,0,0
470357,2,1,0,0,0,0,0,0,0,3,0,0
470358,1,1,0,0,8,0,17,0,0,0,38,0
470359,1,1,34,34,34,34,34,34,34,34,34,34
470360,1,1,0,0,0,0,0,0,0,0,0,0
470361,1,1,23,23,23,23,23,23,23,23,23,23
470362,1,1,0,0,0,0,0,0,0,0,0,0
470362,2,1,17,0,0,0,0,0,0,0,0,0
470363,1,1,0,0,0,0,0,0,0,0,0,0
470364,1,1,0,0,0,0,0,0,0,0,0,0
470365,1,1,0,0,0,0,0,0,0,0,0,0
470365,2,1,0,0,0,0,0,0,0,0,0,0
470366,1,1,0,0,0,0,0,0,0,0,0,0
470367,1,1,0,15,9,0,0,20,40,17,0,31
470368,1,1,14,14,14,14,14,14,14,14,14,14
470368,2,1,0,0,0,0,0,0,3,0,0,0
470368,3,1,0,0,0,0,9,0,0,0,0,0
470369,1,1,0,0,0,0,0,0,0,0,0,0
470369,2,1,0,0,0,0,0,0,0,0,0,0
470369,3,1,0,0,0,0,0,0,0,0,0,0
470370,0,1,23,0,0,11,0,0,0,0,0,18
470370,1,1,0,0,0,0,0,0,0,0,0,0
470371,1,1,21,21,21,21,21,21,21,21,21,21
470371,2,1,11,0,0,0,0,0,22,0,0,9
470371,3,1,0,0,0,0,0,0,0,0,0,0
470372,0,1,21,17,0,0,49,33,13,0,0,26
470372,1,1,0,0,0,0,0,0,0,0,0,0
470373,0,1,0,0,0,0,0,0,0,0,0,0
470373,1,1,0,0,0,0,0,0,0,0,0,0
470374,1,1,0,0,0,0,0,0,0,0,0,0
470374,2,1,0,0,0,0,0,0,0,0,0,0
470375,1,1,0,0,0,0,0,0,0,0,0,0
470375,2,1,0,0,0,0,0,0,0,0,0,0
470377,1,1,18,18,18,18,18,18,18,18,18,18
470378,1,1,0,0,0,0,0,0,0,0,0,0
470379,1,1,14,0,0,0,0,0,0,0,5,8
470380,1,1,0,0,0,0,0,0,0,0,0,0
470381,1,1,21,21,21,21,21,21,21,21,21,21
470382,1,1,7,21,10,0,0,0,0,15,0,0
470383,1,1,0,0,0,0,0,0,0,0,0,0
470384,1,1,0,0,0,0,0,0,0,0,0,0
470385,1,1,0,0,0,0,0,0,0,0,0,0
470385,2,1,0,0,0,0,0,0,0,0,0,0
470386,1,1,0,0,14,0,0,0,0,0,0,0
470386,2,1,0,0,0,0,0,0,0,10,0,0
470387,1,1,16,0,0,0,19,10,0,20,20,0
470387,2,1,0,0,0,0,0,0,0,0,0,0
470389,1,1,0,0,0,0,0,0,0,0,0,0
470389,2,1,0,0,0,0,0,0,0,0,0,0
470390,1,1,0,0,0,8,0,0,0,9,0,0
470390,2,1,0,0,0,0,0,0,0,0,0,0
470391,1,1,0,0,0,0,0,0,0,0,0,0
470391,2,1,0,0,0,0,0,0,0,0,0,0
470392,1,1,19,0,0,23,0,7,0,0,0,0
470393,1,1,17,17,17,17,17,17,17,17,17,17
470393,2,1,24,0,22,0,0,0,15,0,11,11
470394,1,1,0,0,0,0,0,0,0,0,0,0
470395,1,1,30,30,30,30,30,30,30,30,30,30
470395,2,1,0,0,0,0,0,0,0,0,0,0
470396,1,1,17,24,0,16,0,0,21,21,0,17
470397,1,1,20,17,27,16,10,30,18,13,22,39
470398,1,1,10,10,10,10,10,10,10,10,10,10
470399,1,1,0,0,0,0,0,0,0,0,0,0
470400,1,1,5,5,5,5,5,5,5,5,5,5
470401,0,1,0,0,16,0,0,0,0,0,0,0
470401,1,1,0,0,0,17,0,10,0,0,0,0
470402,1,1,0,0,0,0,0,0,0,0,0,0
470402,2,1,0,0,0,0,0,0,0,0,0,0
470403,1,1,0,0,0,0,0,0,0,0,0,0
470404,1,1,0,0,0,0,0,0,0,0,0,0
470404,2,1,0,0,0,15,0,0,0,0,0,0
470405,1,1,0,0,0,0,0,0,0,0,0,0
470405,2,1,0,0,0,0,0,8,0,0,8,5
470406,1,1,0,0,0,0,0,0,0,0,0,0
470406,2,1,0,0,0,0,0,0,0,0,0,0
470407,0,1,0,0,0,0,0,0,0,17,0,0
470407,1,1,0,0,0,0,0,0,0,0,0,0
470408,1,1,4,0,0,2,0,9,0,0,15,0
470408,2,1,0,11,0,0,0,0,11,16,5,0
470409,1,1,0,0,0,0,0,0,0,0,0,0
470409,2,1,0,0,0,0,0,0,0,0,0,0
470409,3,1,0,0,0,0,0,0,0,0,0,0
470410,1,1,26,26,26,26,26,26,26,26,26,26
470410,2,1,0,0,0,0,0,0,0,0,0,0
470411,1,1,0,0,0,0,14,13,0,0,25,0
470412,1,1,10,0,11,0,0,21,8,0,0,0
470413,1,1,0,0,0,0,0,0,0,0,0,0
470413,2,1,0,0,0,0,0,0,0,0,0,0
470414,1,1,0,0,0,0,0,0,0,0,0,0
470415,1,1,0,0,0,0,0,0,0,0,0,0
470416,1,1,0,0,0,0,0,0,0,0,0,0
470416,2,1,0,0,16,0,0,0,0,0,0,0
470417,1,1,29,29,29,29,29,29,29,29,29,29
470418,1,1,0,0,0,0,0,6,0,0,0,0
470418,2,1,0,0,0,0,0,0,0,0,0,0
470419,1,1,0,27,0,18,34,32,13,11,33,0
470419,2,1,0,0,8,26,0,0,0,0,0,0
470420,1,1,0,0,0,0,0,0,0,0,0,0
470421,1,1,0,0,0,0,0,0,0,0,0,0
470421,2,1,0,0,0,0,0,0,0,0,0,0
470422,1,1,19,19,19,19,19,19,19,19,19,19
470423,0,1,0,19,0,25,0,22,0,0,34,29
470423,1,1,24,0,17,0,9,27,0,17,0,0
470424,1,1,0,0,0,0,0,0,0,0,0,0
470425,1,1,0,0,0,0,0,0,0,0,0,0
470425,2,1,0,0,0,0,0,0,0,0,0,0
470425,3,1,0,0,0,0,0,0,0,0,0,0
470426,1,1,0,13,18,14,22,0,25,23,0,10
470426,2,1,0,0,0,0,0,0,0,0,0,0
470427,1,1,0,0,0,0,11,0,0,0,0,0
470428,1,1,0,0,0,0,0,0,0,0,0,0
470429,1,1,2,2,2,2,2,2,2,2,2,2
470429,2,1,0,0,0,0,0,0,0,0,0,0
470430,1,1,11,11,11,11,11,11,11,11,11,11
470431,1,1,0,0,0,0,0,0,0,0,0,25
470431,2,1,0,0,0,0,0,0,0,0,0,0
470431,3,1,0,0,0,0,0,0,0,0,0,0
470431,4,1,0,0,0,0,0,0,0,0,0,0
470432,1,1,18,18,18,18,18,18,18,18,18,18
470433,1,1,0,0,0,0,0,0,0,0,0,0
470433,2,1,0,0,0,0,0,0,0,0,0,0
470434,1,1,22,22,22,22,22,22,22,22,22,22
470434,2,1,0,0,0,0,0,0,0,0,0,0
470435,1,1,0,0,0,0,0,0,0,7,0,0
470436,1,1,0,0,0,0,0,0,0,0,0,0
470437,1,1,0,0,0,0,0,0,0,0,0,0
470437,2,1,0,0,0,0,0,0,0,0,0,0
470438,1,1,0,0,0,0,0,0,0,0,0,0
470438,2,1,0,0,0,0,0,0,0,0,0,0
470439,1,1,0,0,0,0,0,0,0,0,0,0
470439,2,1,0,0,0,0,0,0,0,0,0,0
470440,1,1,0,0,0,0,0,0,0,0,0,0
470440,2,1,0,0,0,0,0,0,0,0,0,0
470440,3,1,0,0,0,0,0,0,0,0,0,0
470441,1,1,19,19,19,19,19,19,19,19,19,19
470441,2,1,0,0,12,18,0,0,0,0,0,0
470442,1,1,27,27,27,27,27,27,27,27,27,27
470442,2,1,0,0,0,0,0,0,0,0,0,0
470443,1,1,0,0,0,0,0,0,0,0,0,0
470443,2,1,0,0,0,0,0,0,0,0,0,0
470444,1,1,0,0,0,0,0,0,0,23,19,0
470445,1,1,0,0,0,0,0,0,0,0,0,0
470446,0,1,0,0,0,0,0,0,0,0,0,0
470446,0,2,0,0,0,0,0,0,0,0,0,0
470446,1,1,0,0,0,0,0,0,0,0,0,0