ST_CASE,VEH_NO,PER_NO,P1,P2,P3,P4,P5,P6,P7,P8,P9,P10
470447,1,1,0,0,0,0,0,0,0,0,0,0
470447,2,1,0,0,0,0,0,0,0,0,0,0
470447,3,1,0,0,0,0,0,0,0,0,0,0
470447,4,1,0,0,0,0,0,0,0,0,0,0
470448,1,1,15,15,15,15,15,15,15,15,15,15
470449,1,1,0,0,0,0,0,0,0,0,0,0
470450,1,1,22,24,0,28,0,6,28,0,11,0
470451,0,1,7,7,7,7,7,7,7,7,7,7
470451,1,1,0,0,0,0,0,0,0,0,0,0
470452,1,1,0,0,0,0,0,0,0,0,0,0
470452,2,1,13,13,13,13,13,13,13,13,13,13
470453,1,1,0,10,0,0,0,0,0,0,0,0
470453,2,1,0,0,0,0,0,0,0,0,0,0
470454,1,1,0,0,0,0,0,0,0,0,0,0
470455,0,1,0,0,0,0,0,0,0,0,0,0
470455,1,1,0,0,0,0,0,0,0,0,0,0
470456,1,1,0,0,0,0,0,0,0,0,0,0
470457,1,1,0,0,0,0,0,0,0,0,0,0
470458,1,1,0,0,0,0,0,0,0,0,0,0
470459,0,1,0,35,0,0,0,18,0,0,19,0
470460,1,1,2,2,2,2,2,2,2,2,2,2
470461,1,1,0,0,0,0,0,0,0,0,0,0
470461,2,1,0,0,0,0,0,0,0,0,0,0
470462,1,1,0,0,0,0,0,0,0,0,0,0
470462,2,1,17,0,0,25,0,0,11,0,0,13
470463,1,1,0,18,13,14,0,0,0,0,0,11
470464,1,1,0,0,0,0,0,0,0,0,0,0
470465,1,1,0,0,0,0,0,0,0,0,0,0
470466,1,1,0,16,16,0,0,0,16,0,0,0
470467,1,1,0,0,0,0,0,0,0,0,0,0
470468,1,1,0,0,0,0,0,0,0,0,0,0
470469,1,1,0,0,0,0,0,0,0,0,0,0
470470,1,1,0,0,0,0,0,0,0,0,0,0
470470,2,1,0,0,0,0,0,0,0,0,0,0
470471,0,1,15,15,15,15,15,15,15,15,15,15
470471,1,1,0,0,0,0,0,0,0,0,0,0
470472,1,1,33,36,0,9,0,21,10,0,0,0
470473,1,1,12,12,12,12,12,12,12,12,12,12
470474,1,1,0,0,0,0,0,0,0,0,0,0
470474,2,1,0,0,0,0,0,0,0,0,0,0
470476,1,1,0,0,0,0,0,0,0,9,19,0
470477,1,1,18,18,18,18,18,18,18,18,18,18
470477,2,1,0,0,12,0,0,0,0,0,9,0
470478,1,1,0,0,0,0,0,0,0,0,0,0
470478,2,1,0,0,0,0,0,0,0,0,0,0
470478,3,1,0,0,0,0,0,0,0,0,0,0
470479,1,1,0,0,0,0,0,0,0,0,0,0
470479,2,1,0,0,0,0,0,0,0,0,0,0
470480,1,1,0,0,0,0,0,0,0,0,0,0
470480,2,1,0,0,0,0,0,0,0,0,0,0
470481,1,1,0,0,0,0,0,0,0,0,0,24
470482,1,1,0,0,0,0,0,0,0,0,0,0
470482,2,1,0,0,0,0,0,0,0,0,0,0
470483,1,1,0,0,29,34,13,27,0,0,0,0
470484,1,1,0,0,9,12,0,0,10,0,10,0
470485,1,1,0,0,0,0,0,0,0,0,0,0
470485,2,1,0,0,0,0,0,0,0,0,0,0
470486,1,1,0,0,0,0,0,0,0,0,0,0
470486,2,1,0,0,0,0,0,0,0,0,0,0
470487,1,1,0,0,0,0,0,0,0,0,0,0
470488,1,1,0,0,0,0,0,0,16,15,0,0
470488,2,1,0,0,0,0,0,0,0,0,0,0
470489,1,1,21,21,21,21,21,21,21,21,21,21
470489,2,1,0,0,0,0,0,0,0,0,0,0
470490,1,1,0,0,0,0,0,0,0,0,0,0
470490,2,1,0,0,0,0,0,0,0,0,0,0
470491,1,1,0,0,0,0,0,0,0,0,0,0
470492,1,1,9,0,0,0,0,0,18,0,7,11
470493,1,1,0,0,0,0,0,0,0,0,0,0
470494,1,1,0,0,0,0,0,0,0,0,0,0
470494,2,1,0,0,0,0,0,0,0,0,0,0
470494,3,1,20,20,20,20,20,20,20,20,20,20
470495,1,1,18,18,18,18,18,18,18,18,18,18
470496,1,1,20,20,20,20,20,20,20,20,20,20
470497,1,1,1,1,1,1,1,1,1,1,1,1
470498,1,1,0,0,0,0,0,0,0,0,0,0
470500,1,1,0,0,0,0,0,0,0,20,0,0
470501,0,1,0,0,0,0,0,0,0,0,0,0
470501,1,1,0,0,0,0,0,0,0,0,0,0
470502,1,1,33,0,0,0,0,20,12,21,10,13
470503,1,1,0,0,0,0,0,0,0,0,0,0
470503,2,1,0,0,0,0,0,0,0,0,0,0
470504,1,1,0,0,0,0,0,0,0,0,0,0
470504,2,1,0,0,0,0,0,0,0,0,11,0
470505,1,1,0,0,0,0,0,0,0,0,0,0
470505,2,1,0,0,0,0,0,0,0,0,0,0
470506,1,1,0,0,0,0,0,0,8,4,0,15
470507,1,1,21,21,21,21,21,21,21,21,21,21
470508,1,1,18,0,0,0,0,0,0,0,13,10
470508,2,1,0,0,0,0,0,0,0,0,0,0
470509,1,1,5,5,5,5,5,5,5,5,5,5
470510,1,1,26,26,26,26,26,26,26,26,26,26
470510,2,1,0,0,0,0,0,0,0,0,0,0
470510,3,1,0,0,0,0,0,0,0,0,0,0
470511,1,1,16,16,16,16,16,16,16,16,16,16
470512,1,1,0,0,0,0,0,0,0,0,0,0
470512,2,1,0,0,0,0,0,0,0,0,0,0
470513,1,1,0,0,0,0,0,0,0,0,0,0
470514,1,1,8,8,8,8,8,8,8,8,8,8
470514,2,1,0,0,23,14,0,0,11,7,0,12
470515,1,1,18,18,18,18,18,18,18,18,18,18
470516,1,1,15,15,15,15,15,15,15,15,15,15
470517,1,1,0,0,0,0,0,0,0,0,0,0
470518,1,1,0,0,0,0,0,0,0,0,0,0
470518,2,1,0,0,0,0,0,0,0,0,0,0
470519,1,1,0,0,0,0,0,0,0,0,0,0
470519,2,1,0,0,0,0,0,0,0,0,0,0
470520,1,1,0,18,0,0,11,0,0,15,25,11
470520,2,1,0,0,0,0,0,0,0,0,0,0
470521,1,1,7,0,24,0,0,0,0,0,0,0
470521,2,1,0,0,0,0,0,0,0,0,0,0
470522,1,1,7,0,0,0,0,0,0,0,0,0
470523,1,1,0,0,0,0,0,0,0,0,0,0
470523,2,1,0,0,0,0,0,0,0,0,0,0
470524,1,1,0,0,0,0,0,0,17,34,0,0
470525,1,1,0,0,0,0,0,0,0,0,0,11
470525,2,1,0,0,6,0,0,0,0,0,0,0
470526,1,1,0,0,0,0,0,0,0,0,0,0
470527,1,1,0,0,0,0,0,0,0,0,0,0
470527,2,1,0,0,0,0,0,0,0,0,0,0
470528,1,1,24,24,24,24,24,24,24,24,24,24
470529,1,1,15,15,15,15,15,15,15,15,15,15
470530,1,1,0,0,0,19,23,0,9,12,16,0
470530,2,1,0,0,0,0,0,0,0,0,0,0
470531,1,1,0,0,0,0,0,0,0,0,0,0
470532,1,1,21,21,21,21,21,21,21,21,21,21
470533,1,1,16,16,16,16,16,16,16,16,16,16
470534,1,1,0,0,0,0,0,0,0,0,0,0
470534,2,1,0,0,0,0,0,0,0,0,0,0
470535,1,1,22,22,22,22,22,22,22,22,22,22
470535,2,1,0,16,0,0,0,0,0,0,0,0
470535,3,1,0,0,0,0,0,0,0,0,0,10
470535,4,1,0,0,0,0,0,0,0,0,0,0
470536,1,1,6,6,6,6,6,6,6,6,6,6
470537,1,1,0,0,0,0,0,0,0,0,0,0
470538,1,1,0,0,0,0,0,0,0,0,0,0
470538,2,1,0,0,0,0,0,0,0,0,0,0
470539,1,1,36,36,36,36,36,36,36,36,36,36
470540,0,1,0,0,0,0,0,0,0,0,0,0
470540,1,1,0,0,0,0,0,0,0,0,0,0
470541,1,1,15,15,15,15,15,15,15,15,15,15
470542,1,1,0,0,0,0,0,0,0,0,0,0
470542,2,1,0,0,18,0,0,0,0,0,0,0
470543,1,1,13,13,13,13,13,13,13,13,13,13
470544,1,1,13,0,0,21,0,0,0,0,0,15
470545,1,1,0,0,0,0,0,17,0,0,0,0
470545,2,1,0,0,0,0,0,0,0,5,0,0
470547,1,1,16,16,16,16,16,16,16,16,16,16
470548,1,1,0,0,0,0,0,0,0,0,0,0
470549,1,1,18,0,0,0,0,0,0,0,0,0
470550,1,1,0,0,0,0,0,0,0,0,0,0
470551,1,1,0,0,0,0,0,0,0,0,0,0
470552,1,1,0,15,0,0,30,4,0,0,22,15
470553,1,1,0,0,0,0,0,0,0,0,0,0
470553,2,1,0,0,0,0,3,14,12,0,17,0
470554,1,1,0,0,0,0,0,0,0,0,0,0
470554,2,1,33,33,33,33,33,33,33,33,33,33
470555,1,1,0,0,0,0,0,0,0,0,0,0
470555,2,1,0,10,0,0,0,0,0,0,0,0
470556,1,1,0,0,0,0,0,0,0,0,0,0
470556,2,1,0,0,0,0,0,0,0,0,0,0
470557,1,1,0,0,0,0,6,0,0,0,0,0
470558,1,1,27,18,22,34,12,30,40,19,24,7
470560,0,1,0,4,0,0,0,0,15,8,0,0
470560,0,2,0,19,0,0,0,0,14,0,25,0
470560,1,1,11,0,0,0,14,0,10,0,14,16
470561,1,1,3,3,3,3,3,3,3,3,3,3
470562,1,1,0,0,0,0,0,0,0,0,0,0
470562,2,1,0,0,0,0,0,0,0,0,0,0
470563,0,1,0,20,0,6,5,0,0,0,0,28
470563,1,1,0,0,0,0,0,0,0,0,0,0
470564,1,1,0,0,0,0,0,0,0,0,0,0
470564,2,1,0,0,0,0,0,0,0,0,0,0
470565,1,1,0,0,0,0,0,0,0,0,0,0
470565,2,1,0,0,0,0,0,0,0,0,0,0
470566,1,1,0,0,0,0,0,0,0,0,0,0
470566,2,1,0,0,0,0,0,0,0,0,0,0
470567,1,1,0,0,0,0,0,0,0,0,0,0
470567,2,1,0,0,0,0,16,0,27,0,0,9
470567,3,1,0,0,18,0,0,0,0,0,0,17
470568,0,1,0,0,0,0,0,0,0,0,0,0
470568,1,1,0,0,0,0,0,0,0,0,0,0
470569,1,1,14,34,0,0,0,0,5,7,22,24
470569,2,1,0,0,0,0,0,0,4,0,0,0
470570,1,1,0,0,0,0,0,0,0,0,0,0
470571,1,1,14,0,0,0,0,0,0,14,0,0
470572,1,1,0,0,0,0,0,0,0,0,0,0
470572,2,1,12,0,0,12,0,0,6,0,0,0
470573,1,1,20,20,20,20,20,20,20,20,20,20
470574,1,1,0,0,0,0,0,0,0,0,0,0
470574,2,1,0,0,0,0,0,21,0,0,0,0
470575,1,1,0,0,0,0,0,0,0,0,0,0
470576,1,1,0,0,0,0,0,0,0,0,0,0
470577,1,1,0,0,0,0,15,0,0,0,0,0
470577,2,1,0,0,0,0,0,0,0,0,0,0
470578,1,1,24,9,12,13,26,21,13,0,18,14
470579,1,1,0,0,0,0,0,0,0,0,0,0
470580,1,1,7,19,0,0,10,0,0,0,0,0
470581,1,1,4,4,4,4,4,4,4,4,4,4
470582,1,1,0,0,0,0,0,0,0,0,0,0
470583,1,1,0,0,0,0,0,0,0,0,0,0
470583,2,1,0,11,0,0,0,0,0,0,0,0
470584,1,1,25,16,22,18,19,26,0,15,34,10
470585,1,1,0,0,0,0,0,0,0,0,0,0
470585,2,1,0,0,0,19,0,0,0,0,11,0
470585,3,1,0,0,0,0,0,0,0,0,0,0
470585,4,1,0,0,0,0,0,0,0,0,0,0
470585,5,1,0,0,0,0,0,0,0,12,0,0
470586,1,1,0,0,0,0,0,0,0,0,0,0
470587,1,1,14,14,14,14,14,14,14,14,14,14
470588,1,1,17,17,17,17,17,17,17,17,17,17
470589,1,1,0,0,0,0,0,0,0,0,0,0
470590,1,1,0,0,0,0,0,0,0,0,0,0
470591,1,1,8,8,8,8,8,8,8,8,8,8
470592,1,1,0,0,0,0,0,0,0,0,0,0
470593,1,1,0,0,0,0,0,0,0,0,0,0
470594,1,1,0,0,0,0,0,0,0,0,0,0
470595,1,1,12,0,9,0,0,10,13,0,22,0
470595,2,1,0,0,0,0,0,0,0,0,0,0
470596,1,1,6,0,18,0,0,0,0,0,9,0
470597,1,1,11,11,11,11,11,11,11,11,11,11
470597,2,1,0,0,0,0,0,0,0,0,0,0
470598,1,1,16,19,24,0,0,19,14,0,11,0
470599,1,1,0,0,0,0,0,0,0,0,0,0
470599,2,1,0,0,0,0,0,0,0,0,0,0
470600,1,1,0,0,0,19,0,0,21,0,0,0
470601,1,1,0,7,34,13,0,16,0,0,19,0
470602,1,1,0,0,0,0,0,0,0,0,0,0
470602,2,1,0,0,0,0,0,0,0,0,0,0
470602,3,1,0,0,0,0,0,0,0,0,0,0
470603,1,1,0,0,0,0,0,0,0,0,0,0
470604,1,1,8,11,0,0,10,23,9,13,13,5
470605,1,1,0,0,0,34,26,0,0,0,0,0
470606,1,1,0,0,0,0,0,0,0,0,0,0
470606,2,1,0,0,0,0,0,0,0,0,0,0
470607,1,1,1,1,1,1,1,1,1,1,1,1
470608,0,1,0,0,0,0,0,0,0,0,0,0
470608,1,1,0,0,0,0,0,0,0,0,0,0
470609,1,1,0,0,0,0,0,0,0,0,0,0
470609,2,1,0,0,0,0,0,0,0,0,0,0
470610,1,1,27,27,27,27,27,27,27,27,27,27
470611,1,1,4,0,15,13,0,22,0,0,0,0
470612,1,1,15,15,15,15,15,15,15,15,15,15
470613,1,1,0,0,0,0,0,0,0,0,0,0
470614,1,1,0,0,0,0,0,0,0,0,0,0
470614,2,1,0,0,0,0,0,0,0,0,0,19
470615,1,1,0,0,0,0,0,0,0,0,0,0
470615,2,1,0,0,0,0,0,0,0,0,0,0
470616,0,1,15,13,34,17,26,17,27,32,24,5
470616,1,1,0,0,0,0,0,0,0,0,0,0
470617,1,1,9,15,0,0,13,0,0,28,0,14
470617,2,1,0,0,0,0,0,0,0,0,0,0
470618,1,1,38,38,38,38,38,38,38,38,38,38
470619,1,1,0,0,0,0,0,0,0,0,0,0
470620,1,1,0,0,0,0,0,0,0,0,0,0
470621,1,1,3,0,0,0,14,10,0,0,0,0
470622,1,1,23,7,4,16,9,8,9,8,23,27
470623,1,1,0,0,0,0,0,0,0,0,0,0
470624,1,1,0,0,0,0,0,0,0,0,0,0
470624,2,1,0,0,0,0,0,0,0,0,0,0
470625,1,1,0,0,0,0,0,0,0,0,0,0
470625,2,1,0,0,0,0,0,0,0,0,0,0
470626,1,1,12,12,12,12,12,12,12,12,12,12
470627,1,1,0,0,0,0,0,0,0,0,0,0
470627,2,1,0,0,0,0,0,0,0,0,0,0
470627,3,1,0,0,0,2,0,0,0,0,0,0
470628,0,1,0,0,0,0,0,21,0,0,0,0
470628,0,2,12,0,12,30,28,0,0,22,23,0
470628,1,1,0,0,0,0,0,0,0,0,0,0
470629,1,1,0,0,0,25,0,6,0,0,0,0
470630,0,1,0,0,0,0,0,0,0,0,0,0
470630,1,1,12,0,0,0,0,0,0,0,0,0
470631,0,1,0,0,0,0,0,30,0,0,18,0
470631,1,1,0,0,0,0,0,0,0,0,0,0
470632,1,1,0,17,0,0,0,0,0,0,0,0
470632,2,1,0,0,0,0,0,0,0,0,0,0
470633,1,1,28,23,18,19,28,30,35,36,7,10
470634,1,1,18,18,18,18,18,18,18,18,18,18
470634,2,1,9,0,0,13,21,21,0,0,0,11
470635,1,1,14,14,14,14,14,14,14,14,14,14
470635,2,1,0,0,0,0,0,0,0,0,0,0
470635,3,1,0,0,0,0,0,0,0,0,0,0
470636,1,1,0,0,0,0,0,12,0,0,0,0
470637,0,1,0,0,0,0,0,0,0,0,0,0
470637,0,2,0,0,0,0,0,0,0,0,0,0
470637,1,1,0,0,0,0,0,0,0,0,0,0
470638,1,1,0,0,0,0,0,0,0,0,0,0
470638,2,1,3,3,3,3,3,3,3,3,3,3
470639,1,1,0,0,0,0,0,0,0,0,0,0
470639,2,1,0,0,0,0,0,0,0,0,0,0
470640,1,1,0,0,0,0,0,0,0,0,0,0
470640,2,1,0,0,0,0,0,0,0,0,0,0
470640,3,1,0,0,0,0,0,0,0,0,0,0
470641,1,1,0,0,0,0,0,0,0,0,0,0
470641,2,1,0,0,0,0,0,0,0,0,0,0
470641,3,1,0,0,0,0,0,0,0,0,10,0
470642,1,1,0,0,0,0,0,0,0,0,0,0
470644,1,1,17,17,17,17,17,17,17,17,17,17
470645,1,1,0,0,0,0,0,0,0,0,0,0
470645,2,1,0,0,0,0,0,0,0,0,0,0
470646,1,1,0,0,0,0,0,0,0,0,0,0
470647,1,1,0,0,0,0,0,0,0,0,0,0
470648,1,1,0,0,0,0,0,0,0,0,0,0
470648,2,1,0,0,0,0,0,0,0,0,0,0
470649,1,1,9,0,0,0,0,0,0,0,0,0
470649,2,1,0,0,0,0,0,0,0,0,0,0
470649,3,1,0,6,0,0,0,0,0,0,0,4
470650,1,1,0,0,0,0,0,0,0,0,0,0
470650,2,1,0,0,0,0,0,0,0,0,0,0
470651,1,1,0,0,0,0,0,0,0,0,0,0
470652,1,1,0,0,0,0,0,0,0,0,0,0
470652,2,1,0,0,0,0,0,10,0,0,0,0
470652,3,1,0,0,0,0,0,0,0,0,0,0
470653,1,1,0,0,0,0,0,0,0,0,0,0
470653,2,1,0,0,0,0,0,0,0,0,0,0
470654,1,1,0,0,0,0,0,0,0,0,0,0
470654,2,1,0,0,0,0,0,0,0,0,0,0
470655,1,1,0,0,0,0,0,0,0,0,0,0
470655,2,1,0,0,0,0,0,0,0,0,0,0
470656,1,1,21,21,21,21,21,21,21,21,21,21
470657,1,1,0,0,0,0,0,0,0,0,0,0
470658,1,1,0,0,0,0,0,0,0,0,0,0
470658,2,1,0,0,0,0,0,0,0,0,0,0
470659,1,1,17,0,16,0,0,0,0,0,0,0
470659,2,1,4,4,4,4,4,4,4,4,4,4
470660,1,1,0,0,0,0,0,0,0,0,0,0
470661,0,1,0,0,0,0,0,0,0,0,0,0
470661,1,1,0,0,0,0,0,0,0,0,0,0
470662,1,1,13,0,0,0,0,0,0,0,0,0
470663,1,1,4,0,0,0,0,0,0,0,5,0
470664,1,1,11,8,16,10,14,22,14,16,8,7
470665,1,1,19,0,0,10,10,22,0,25,22,0
470666,1,1,0,0,0,0,0,0,0,0,0,0
470667,1,1,0,0,0,0,0,0,0,0,0,0
470667,2,1,0,0,0,0,0,11,0,0,0,0
470668,1,1,0,0,0,0,0,0,0,0,0,0
470668,2,1,9,0,0,0,16,0,0,26,0,0
470668,3,1,0,0,0,0,0,0,0,0,12,0
470668,4,1,0,0,4,0,0,0,0,0,0,0
470669,1,1,0,0,0,0,0,0,0,0,0,0
470669,2,1,5,5,5,5,5,5,5,5,5,5
470670,1,1,21,21,21,21,21,21,21,21,21,21
470671,1,1,0,0,0,0,0,0,0,0,0,0
470671,2,1,0,0,0,0,0,0,0,0,0,0
470672,1,1,0,0,0,0,0,0,0,0,0,0
470672,2,1,0,0,0,0,0,0,0,0,0,0
470673,0,1,0,0,0,0,0,0,0,0,0,0
470673,1,1,0,0,0,0,0,0,0,0,0,0
470673,2,1,0,0,0,0,0,0,0,0,0,0
470674,1,1,0,0,0,0,0,0,0,0,0,0
470675,1,1,6,0,8,0,0,0,0,0,0,0
470676,1,1,0,0,0,0,0,0,0,0,0,0
470676,2,1,0,0,0,0,0,0,0,0,0,0
470677,1,1,0,0,0,0,0,0,0,0,0,0
470678,1,1,0,0,0,0,0,0,0,0,0,0
470679,1,1,0,0,0,9,0,0,0,0,8,0
470680,1,1,0,0,0,0,0,0,0,0,0,0
470680,2,1,0,0,0,0,0,0,0,0,0,0
470681,1,1,9,9,9,9,9,9,9,9,9,9
470682,1,1,0,31,9,0,5,0,16,15,25,0
470683,1,1,20,20,20,20,20,20,20,20,20,20
470684,1,1,14,14,14,14,14,14,14,14,14,14
470685,1,1,19,19,19,19,19,19,19,19,19,19
470685,2,1,0,0,0,0,0,0,0,0,0,0
470686,1,1,6,6,6,6,6,6,6,6,6,6
470687,1,1,20,20,20,20,20,20,20,20,20,20
470688,1,1,9,0,0,0,0,0,0,0,0,0
470688,2,1,0,0,0,0,0,0,0,17,0,0
470689,1,1,0,0,0,22,0,18,17,12,16,0
470690,1,1,0,0,0,0,0,0,0,0,0,0
470691,1,1,0,0,0,0,0,0,0,0,0,0
470691,2,1,0,0,0,0,0,0,0,0,0,0
470692,1,1,0,0,0,0,0,0,0,0,0,0
470692,2,1,0,0,0,0,0,0,0,0,0,0
470693,1,1,0,0,0,22,0,0,0,0,0,0
470694,1,1,5,0,0,0,0,11,0,0,25,9
470695,1,1,0,0,0,9,21,0,16,10,0,19
470695,2,1,0,0,0,0,0,0,0,0,0,0
470695,3,1,0,0,0,0,0,0,0,0,0,0
470695,4,1,0,0,0,0,0,0,0,0,0,0
470696,1,1,0,0,0,0,0,0,0,0,0,0
470696,2,1,0,0,0,0,0,0,0,0,0,0
470697,1,1,0,0,0,0,0,0,0,0,0,0
470697,2,1,0,0,0,0,0,0,0,0,0,0
470698,0,1,0,0,0,0,0,0,0,0,0,0
470698,1,1,0,0,0,0,0,0,0,0,0,0
470698,2,1,0,0,0,0,0,0,0,0,0,0
470699,1,1,0,0,0,0,0,0,0,0,0,0
470699,2,1,0,0,0,0,0,0,0,0,0,0
470700,1,1,0,0,0,0,0,0,0,0,0,0
470701,1,1,0,0,0,0,0,0,0,0,0,0
470701,2,1,0,0,0,0,0,0,0,0,0,0
470702,1,1,18,18,18,18,18,18,18,18,18,18
470703,1,1,20,20,20,20,20,20,20,20,20,20
470704,1,1,11,11,11,11,11,11,11,11,11,11
470705,1,1,0,0,0,0,9,0,0,0,0,0
470705,2,1,10,0,0,0,0,0,0,0,0,0
470706,1,1,0,0,0,0,0,0,0,0,0,0
470707,1,1,0,5,0,0,0,0,5,0,12,0
470708,1,1,0,0,0,0,35,0,0,0,0,0
470708,2,1,0,0,0,0,0,0,0,0,0,0
470710,1,1,0,0,0,0,0,0,0,0,0,0
470710,2,1,0,0,0,5,0,18,0,0,0,0
470711,1,1,23,23,23,23,23,23,23,23,23,23
470712,1,1,16,13,4,24,26,13,10,20,15,33
470713,1,1,0,14,27,19,26,0,14,27,0,0
470714,1,1,0,0,0,0,0,0,0,0,0,0
470715,1,1,0,0,0,0,8,24,0,0,0,0
470715,2,1,0,0,0,0,0,0,0,0,0,0
470716,1,1,25,0,0,0,0,18,22,28,0,0
470717,1,1,0,0,0,0,0,0,0,0,0,0
470718,0,1,3,3,3,3,3,3,3,3,3,3
470718,1,1,7,0,18,6,0,0,0,0,0,0
470719,1,1,19,22,25,0,0,20,0,0,0,0
470720,1,1,7,7,7,7,7,7,7,7,7,7
470721,1,1,0,6,0,0,20,0,0,0,0,0
470721,2,1,0,0,0,0,0,0,0,0,0,0
470722,1,1,8,8,8,8,8,8,8,8,8,8
470723,1,1,0,0,0,0,0,0,0,0,0,0
470723,2,1,0,0,0,0,0,0,0,0,0,0
470724,1,1,8,27,13,0,0,0,9,0,17,10
470725,1,1,0,0,0,0,0,0,0,0,0,0
470726,1,1,0,0,0,0,0,0,0,0,0,0
470726,2,1,0,0,0,0,0,0,0,0,0,0
470727,0,1,0,0,0,0,0,0,0,0,0,0
470727,1,1,0,0,0,0,0,0,0,0,0,14
470729,1,1,17,17,17,17,17,17,17,17,17,17
470730,0,1,0,0,0,0,0,0,0,0,0,0
470730,1,1,0,0,0,0,0,0,0,0,0,0
470731,1,1,0,0,0,0,0,0,0,0,0,0
470731,2,1,0,0,0,0,0,0,0,0,0,0
470731,3,1,10,0,0,0,0,0,0,0,0,0
470732,0,1,4,4,4,4,4,4,4,4,4,4
470732,1,1,30,10,0,24,17,0,0,13,17,9
470733,1,1,0,0,0,0,0,0,0,16,0,0
470734,1,1,0,0,0,12,0,0,0,0,0,0
470734,2,1,0,11,6,4,0,0,6,9,24,0
470735,1,1,0,0,0,0,0,0,0,0,0,0
470735,2,1,0,0,0,0,0,0,0,0,0,0
470736,1,1,27,27,27,27,27,27,27,27,27,27
470736,2,1,0,0,0,0,0,0,0,0,0,0
470737,0,1,0,0,0,0,0,0,0,0,0,15
470737,1,1,0,0,0,0,0,0,0,0,0,0
470739,1,1,16,16,16,16,16,16,16,16,16,16
470740,1,1,0,0,0,0,0,0,0,0,0,0
470740,2,1,0,0,0,0,0,0,0,0,0,0
470741,1,1,0,0,0,0,0,0,0,0,0,0
470742,1,1,0,0,0,0,0,0,0,0,0,0
470742,2,1,0,0,0,0,0,0,0,0,12,0
470743,1,1,0,0,8,0,0,0,0,0,0,0
470744,1,1,0,0,0,0,0,0,0,0,0,0
470744,2,1,8,0,0,0,0,8,0,0,0,0
470745,1,1,14,14,14,14,14,14,14,14,14,14
470746,1,1,20,20,20,20,20,20,20,20,20,20
470747,1,1,0,0,0,0,0,0,8,6,0,0
470748,1,1,23,11,0,0,0,21,24,0,29,13
470749,1,1,0,8,0,8,9,12,18,15,0,0
470750,1,1,32,27,18,31,18,28,11,4,17,12
470751,1,1,0,0,0,0,0,0,0,0,0,0
470752,1,1,0,0,0,0,0,0,0,0,0,0
470753,1,1,0,0,0,0,0,0,19,0,0,0
470754,1,1,0,0,0,0,0,0,0,0,0,0
470754,2,1,0,0,0,0,0,0,0,0,0,0
470754,3,1,0,0,0,0,0,0,0,0,0,0
470754,4,1,0,0,0,0,0,0,0,0,0,0
470754,5,1,0,0,0,0,0,0,0,0,0,0
470755,1,1,0,0,0,0,0,0,0,0,0,0
470755,2,1,0,0,0,0,0,0,0,0,0,0
470756,1,1,0,0,0,0,0,0,0,0,0,0
470756,2,1,0,0,0,0,0,0,0,0,0,0
470756,3,1,0,0,0,0,0,0,0,0,0,0
470757,1,1,0,0,0,0,0,0,0,0,0,0
470757,2,1,0,0,0,0,0,0,0,0,0,0
470758,1,1,0,0,0,0,0,0,0,0,0,0
470759,1,1,0,0,0,10,0,0,0,0,0,0
470760,1,1,0,0,0,0,0,0,0,0,0,0
470760,2,1,0,0,0,0,0,0,0,0,0,0
470760,3,1,0,0,0,0,0,0,0,0,0,0
470760,4,1,0,0,0,0,0,0,0,0,0,0
470761,0,1,0,29,19,21,0,0,0,0,0,0
470761,2,1,0,0,0,0,0,0,0,0,0,0
470761,3,1,0,0,0,0,0,0,0,0,0,0
470761,4,1,0,0,0,0,0,0,0,9,16,0
470762,1,1,0,0,0,0,0,0,0,0,0,0
470762,2,1,0,0,0,0,0,0,0,0,0,0
470763,1,1,0,0,0,0,11,11,0,0,0,0
470764,1,1,0,0,0,0,0,0,0,0,0,0
470764,2,1,0,0,0,0,0,0,0,0,0,0
470765,1,1,0,0,0,0,0,0,0,0,0,0
470766,1,1,17,0,0,0,0,0,0,0,10,0
470767,1,1,0,0,0,0,0,0,0,0,0,0
470767,2,1,0,0,0,0,0,0,0,0,0,0
470768,1,1,0,0,0,0,0,0,0,0,0,0
470768,2,1,0,0,0,0,0,0,0,0,0,0
470769,1,1,0,0,0,0,0,0,0,0,0,0
470770,1,1,0,0,0,0,0,0,0,0,0,0
470770,2,1,0,0,0,0,0,0,0,0,0,0
470771,1,1,14,14,14,14,14,14,14,14,14,14
470771,2,1,0,0,0,0,23,0,0,0,0,0
470772,1,1,0,0,0,0,0,0,0,0,0,0
470772,2,1,0,0,0,0,0,0,0,0,0,0
470773,1,1,28,28,28,28,28,28,28,28,28,28
470773,2,1,0,0,0,0,0,0,0,0,0,0
470774,1,1,0,0,0,0,0,0,0,0,0,0
470774,2,1,0,0,0,0,0,0,0,0,0,0
470775,1,1,0,0,0,0,0,0,5,0,0,0
470775,2,1,0,0,0,0,0,0,0,0,0,0
470776,1,1,0,0,0,0,0,0,0,0,0,0
470776,2,1,0,0,0,0,0,0,0,0,0,0
470776,3,1,0,0,0,0,0,0,0,0,0,0
470776,4,1,0,0,0,0,0,0,0,0,0,0
470777,1,1,0,0,0,0,0,0,0,0,0,0
470777,2,1,0,0,0,0,0,0,0,0,0,0