ST_CASE,VEH_NO,PER_NO,P1,P2,P3,P4,P5,P6,P7,P8,P9,P10
480149,1,1,23,23,23,23,23,23,23,23,23,23
480150,1,1,0,0,0,0,0,0,0,0,13,21
480150,2,1,0,0,0,0,0,0,0,0,4,0
480151,1,1,0,0,0,0,0,0,0,0,0,0
480151,2,1,15,15,15,15,15,15,15,15,15,15
480152,1,1,0,10,0,0,0,0,0,10,0,0
480152,2,1,0,0,0,0,0,0,0,0,0,0
480153,1,1,0,0,20,0,0,0,26,0,0,0
480153,2,1,0,0,0,0,0,0,0,0,0,0
480154,1,1,0,14,0,0,0,0,0,0,0,0
480154,2,1,0,0,0,0,0,0,0,0,0,0
480155,1,1,0,0,0,0,0,0,8,0,0,12
480156,0,1,5,20,22,0,20,0,0,13,15,17
480156,1,1,0,0,16,0,0,0,5,0,0,5
480157,1,1,0,0,0,0,0,0,0,0,0,0
480157,2,1,0,0,0,0,0,0,0,0,0,0
480158,1,1,9,34,14,10,14,23,5,27,18,24
480159,1,1,0,0,0,37,22,0,0,18,0,10
480159,2,1,0,5,0,0,0,0,0,8,7,15
480160,1,1,15,15,15,15,15,15,15,15,15,15
480161,1,1,0,0,0,0,0,0,0,0,0,0
480161,2,1,0,0,0,0,0,0,0,0,0,0
480162,1,1,0,0,0,0,0,0,0,0,0,0
480163,1,1,23,23,23,23,23,23,23,23,23,23
480164,1,1,11,23,0,22,0,12,8,0,32,32
480165,1,1,17,17,17,17,17,17,17,17,17,17
480166,1,1,0,0,0,0,0,0,0,0,0,0
480167,1,1,14,0,0,0,11,0,0,27,0,2
480167,2,1,0,0,0,0,0,0,0,0,13,0
480168,1,1,4,4,4,4,4,4,4,4,4,4
480169,1,1,0,0,0,0,0,0,0,0,0,0
480170,1,1,0,0,0,0,0,0,0,0,0,0
480171,0,1,0,0,0,0,0,0,0,0,0,0
480171,1,1,25,25,25,25,25,25,25,25,25,25
480171,2,1,16,0,0,0,0,0,0,0,0,0
480172,0,1,20,20,20,20,20,20,20,20,20,20
480172,1,1,10,10,10,10,10,10,10,10,10,10
480173,1,1,17,17,17,17,17,17,17,17,17,17
480174,1,1,0,0,0,0,0,0,0,0,0,0
480174,2,1,3,0,0,0,0,0,0,0,15,0
480175,1,1,0,0,0,0,0,0,0,0,0,0
480175,2,1,21,0,0,0,20,0,15,0,0,9
480176,1,1,0,0,25,0,0,14,0,0,0,9
480176,2,1,0,0,0,0,0,0,0,0,0,0
480177,0,1,19,19,19,19,19,19,19,19,19,19
480177,1,1,16,16,16,16,16,16,16,16,16,16
480178,1,1,0,0,0,0,0,0,0,0,0,35
480178,2,1,0,0,0,0,0,0,0,0,0,0
480179,1,1,0,0,0,0,0,0,0,0,0,20
480179,2,1,0,0,0,0,0,0,0,0,0,0
480180,1,1,0,0,0,0,0,0,0,0,0,0
480181,0,1,0,0,0,0,0,0,0,0,0,0
480181,1,1,0,14,19,0,23,0,7,25,12,22
480182,1,1,5,0,0,0,0,0,20,0,0,0
480182,2,1,0,0,0,0,0,0,0,0,0,0
480183,0,1,0,0,0,0,0,0,0,0,0,0
480183,1,1,0,0,0,0,0,0,0,0,0,0
480184,1,1,18,18,18,18,18,18,18,18,18,18
480185,0,1,0,0,0,0,0,0,0,0,0,0
480185,1,1,0,0,0,0,0,0,0,0,0,0
480186,0,1,0,0,17,18,24,0,0,16,0,0
480186,1,1,0,0,0,0,0,0,0,0,0,0
480187,1,1,0,0,0,0,0,0,0,0,0,0
480188,1,1,7,7,7,7,7,7,7,7,7,7
480188,2,1,0,10,0,0,0,0,0,0,0,0
480189,1,1,1,1,1,1,1,1,1,1,1,1
480189,2,1,1,1,1,1,1,1,1,1,1,1
480190,1,1,21,21,21,21,21,21,21,21,21,21
480191,1,1,0,28,0,0,0,0,0,0,0,0
480192,0,1,0,0,0,0,0,0,0,0,0,0
480192,1,1,0,0,0,0,0,0,0,0,0,0
480193,0,1,0,0,0,0,0,0,0,0,0,0
480193,1,1,0,5,0,12,0,0,10,0,0,15
480194,0,1,29,29,29,29,29,29,29,29,29,29
480194,1,1,11,11,11,11,11,11,11,11,11,11
480195,1,1,12,0,10,0,12,0,0,12,7,0
480196,1,1,8,12,23,13,6,13,19,0,17,29
480196,2,1,4,8,0,0,0,14,0,0,4,0
480197,0,1,0,7,0,0,0,26,0,0,32,38
480197,1,1,0,0,0,0,9,0,27,0,0,12
480197,2,1,0,0,0,0,14,0,34,0,0,0
480198,1,1,0,0,0,28,10,0,13,0,0,0
480198,2,1,13,0,0,9,0,22,0,0,14,0
480199,1,1,0,0,0,0,0,0,0,0,0,0
480199,2,1,0,0,0,0,0,0,0,0,0,0
480200,1,1,0,0,0,0,0,0,0,0,0,0
480200,2,1,0,0,0,0,0,0,0,0,0,0
480200,3,1,0,0,4,0,9,0,0,8,0,9
480200,4,1,21,21,21,21,21,21,21,21,21,21
480201,0,1,0,0,0,0,0,0,0,0,0,0
480201,1,1,0,0,0,0,0,0,0,0,0,6
480202,1,1,28,28,28,28,28,28,28,28,28,28
480202,2,1,0,0,0,0,0,0,0,0,0,0
480203,0,1,9,0,0,0,0,37,35,0,0,0
480203,1,1,0,0,0,0,0,10,0,9,0,0
480204,1,1,2,2,2,2,2,2,2,2,2,2
480205,1,1,6,6,6,6,6,6,6,6,6,6
480206,1,1,0,28,13,0,18,0,16,15,0,0
480206,2,1,0,0,0,0,0,0,0,0,0,0
480207,1,1,0,0,0,0,0,0,0,0,0,0
480208,1,1,0,0,0,0,0,0,0,0,0,0
480208,2,1,0,0,0,0,0,0,0,0,0,0
480209,0,1,1,1,1,1,1,1,1,1,1,1
480209,1,1,0,0,9,0,0,0,0,7,9,0
480209,2,1,0,0,0,0,14,0,0,10,0,0
480210,1,1,6,0,8,3,0,0,0,6,9,0
480210,2,1,27,27,27,27,27,27,27,27,27,27
480211,0,1,35,35,35,35,35,35,35,35,35,35
480211,1,1,0,0,0,0,0,0,0,0,0,0
480212,0,1,0,0,0,4,0,0,0,0,0,15
480212,1,1,0,22,6,0,0,0,0,0,0,0
480213,1,1,17,0,28,24,0,7,37,10,5,0
480214,1,1,0,0,17,0,0,0,0,0,0,0
480214,2,1,0,0,0,0,0,0,0,0,0,0
480215,1,1,0,0,0,0,0,0,0,0,0,0
480215,2,1,0,0,0,0,0,0,0,0,0,0
480216,1,1,0,0,0,0,0,0,0,0,0,0
480217,0,1,24,24,24,24,24,24,24,24,24,24
480217,1,1,0,5,0,0,0,11,0,13,0,3
480218,0,1,22,22,22,22,22,22,22,22,22,22
480218,1,1,0,37,0,0,0,7,16,0,0,0
480219,1,1,3,3,3,3,3,3,3,3,3,3
480219,2,1,9,9,9,9,9,9,9,9,9,9
480220,1,1,0,20,29,14,12,21,26,24,0,25
480220,2,1,0,0,0,18,0,0,0,0,0,0
480220,3,1,0,0,5,3,0,0,0,0,0,0
480222,1,1,29,29,29,29,29,29,29,29,29,29
480223,1,1,0,0,0,0,0,0,0,0,0,0
480224,0,1,0,19,0,25,0,0,0,0,14,6
480224,1,1,0,0,0,0,37,0,10,0,13,0
480225,1,1,0,0,0,0,0,0,0,0,0,0
480225,2,1,16,16,16,16,16,16,16,16,16,16
480226,0,1,44,44,44,44,44,44,44,44,44,44
480226,1,1,0,0,16,15,18,0,21,16,19,0
480227,1,1,19,19,19,19,19,19,19,19,19,19
480228,1,1,29,29,29,29,29,29,29,29,29,29
480229,0,1,7,7,7,7,7,7,7,7,7,7
480229,1,1,0,0,15,0,0,10,0,0,22,12
480230,1,1,0,0,0,0,0,0,16,0,0,0
480230,2,1,0,0,0,0,0,0,0,0,0,0
480231,1,1,0,0,0,0,0,0,0,0,0,0
480232,1,1,0,0,13,0,16,0,0,0,0,0
480232,2,1,0,0,0,0,0,0,0,0,0,0
480233,1,1,29,29,29,29,29,29,29,29,29,29
480234,1,1,0,0,0,0,0,0,0,0,0,0
480235,1,1,0,0,0,0,0,0,0,0,0,0
480235,2,1,0,0,0,0,0,0,0,0,0,0
480236,1,1,0,0,0,7,0,10,6,0,3,0
480237,1,1,26,26,26,26,26,26,26,26,26,26
480238,1,1,8,8,8,8,8,8,8,8,8,8
480239,1,1,0,0,0,0,0,0,0,0,0,0
480239,2,1,0,0,0,0,0,0,0,0,0,0
480239,3,1,0,0,0,0,0,0,0,0,0,0
480240,1,1,0,0,0,0,0,0,0,0,0,0
480241,1,1,13,0,0,0,18,29,0,12,0,0
480242,1,1,27,27,27,27,27,27,27,27,27,27
480242,2,1,0,0,0,0,0,0,0,0,0,0
480243,1,1,0,0,0,0,0,0,0,0,0,0
480243,2,1,0,0,0,0,0,0,0,0,0,0
480245,1,1,0,0,0,0,0,0,0,0,0,0
480245,2,1,0,0,0,0,0,0,0,0,0,0
480246,1,1,0,0,0,0,0,0,0,0,0,0
480247,1,1,0,0,0,0,0,0,0,0,0,0
480247,2,1,0,0,0,3,0,0,9,0,17,6
480248,1,1,0,0,0,0,0,0,0,9,0,0
480248,2,1,0,0,0,15,0,0,0,0,0,0
480248,3,1,0,6,0,0,0,0,0,0,0,0
480249,1,1,0,0,0,0,0,0,0,0,0,0
480249,2,1,0,10,0,0,14,0,0,0,0,0
480250,1,1,0,0,0,0,0,0,0,0,0,0
480250,2,1,0,0,0,0,0,0,0,0,0,0
480251,1,1,0,0,0,0,0,0,0,0,0,0
480252,0,1,29,29,29,29,29,29,29,29,29,29
480252,1,1,29,9,13,13,0,16,8,0,0,0
480253,1,1,23,23,23,23,23,23,23,23,23,23
480254,1,1,0,0,32,0,0,0,0,0,0,0
480254,2,1,20,0,23,0,0,0,0,0,10,0
480255,1,1,17,17,17,17,17,17,17,17,17,17
480256,1,1,0,0,0,0,0,0,0,0,0,0
480257,0,1,18,18,18,18,18,18,18,18,18,18
480257,1,1,0,0,0,0,0,19,0,0,0,0
480258,1,1,0,0,0,0,0,0,0,0,0,0
480259,1,1,2,0,0,0,0,0,0,20,12,0
480260,1,1,2,4,9,15,35,16,0,14,8,14
480260,2,1,0,0,0,0,0,10,0,0,0,0
480261,1,1,14,14,14,14,14,14,14,14,14,14
480263,1,1,24,24,24,24,24,24,24,24,24,24
480264,0,1,14,14,14,14,14,14,14,14,14,14
480264,1,1,7,7,7,7,7,7,7,7,7,7
480265,1,1,12,12,12,12,12,12,12,12,12,12
480266,1,1,27,27,27,27,27,27,27,27,27,27
480266,2,1,0,0,0,0,0,0,0,0,0,10
480267,1,1,19,0,0,18,0,17,0,6,24,22
480267,2,1,0,0,0,0,3,18,0,5,9,0
480268,1,1,0,0,0,0,0,0,0,0,0,0
480269,0,1,26,26,26,26,26,26,26,26,26,26
480269,1,1,0,0,4,19,0,17,0,0,14,0
480271,1,1,0,0,0,0,0,14,0,0,12,8
480272,1,1,23,0,0,0,0,0,0,0,15,0
480272,2,1,0,0,0,0,0,0,0,0,0,0
480273,1,1,17,17,17,17,17,17,17,17,17,17
480274,1,1,0,0,0,7,0,0,0,0,0,0
480274,2,1,0,0,0,3,0,0,0,0,0,0
480275,1,1,12,12,12,12,12,12,12,12,12,12
480276,1,1,0,12,25,20,0,18,17,6,18,18
480277,0,1,0,15,0,0,17,22,34,0,21,22
480277,1,1,0,17,0,0,0,0,21,0,0,0
480278,0,1,0,27,24,8,0,0,0,0,0,0
480278,1,1,16,0,0,0,0,0,0,10,0,0
480279,1,1,0,0,0,0,0,0,0,0,0,0
480279,2,1,8,0,0,0,0,0,0,0,19,0
480279,3,1,0,0,0,0,0,7,0,0,0,0
480280,0,1,0,0,0,0,0,0,0,0,0,0
480280,0,2,0,0,0,0,0,0,0,0,0,0
480280,0,3,0,0,0,0,0,0,0,0,0,0
480280,1,1,7,0,0,0,0,0,0,0,0,0
480281,1,1,0,0,0,0,0,0,0,7,0,0
480281,2,1,0,0,0,0,0,0,0,0,0,0
480282,1,1,0,0,0,0,0,0,0,0,0,17
480283,1,1,20,0,0,0,0,20,0,0,0,0
480284,0,1,23,36,19,33,28,0,19,0,23,17
480284,1,1,0,0,0,0,0,0,0,0,0,0
480285,1,1,18,18,18,18,18,18,18,18,18,18
480286,1,1,23,23,23,23,23,23,23,23,23,23
480287,1,1,15,15,15,15,15,15,15,15,15,15
480288,1,1,6,6,6,6,6,6,6,6,6,6
480288,2,1,0,0,0,0,0,0,0,0,0,0
480289,1,1,1,1,1,1,1,1,1,1,1,1
480289,2,1,0,0,0,0,0,0,0,0,0,0
480290,1,1,14,14,14,14,14,14,14,14,14,14
480290,2,1,0,0,0,0,0,0,0,0,0,0
480291,1,1,0,0,0,0,0,11,0,0,21,0
480291,2,1,0,0,0,0,0,14,0,0,0,0
480292,1,1,0,0,0,0,0,0,0,0,0,0
480292,2,1,0,0,0,0,0,0,0,0,0,0
480293,1,1,0,0,13,0,0,0,0,0,0,0
480293,2,1,0,0,0,0,0,0,0,0,0,0
480294,1,1,0,3,0,0,0,0,0,0,31,0
480295,1,1,0,0,0,0,0,0,0,0,0,0
480296,1,1,0,0,0,0,0,0,0,0,0,0
480296,2,1,0,0,0,0,0,0,0,0,0,0
480297,1,1,0,14,0,0,0,0,0,0,0,0
480297,2,1,21,0,0,0,0,0,0,0,0,0
480298,1,1,0,0,0,0,0,0,0,0,0,0
480298,2,1,0,0,0,0,0,12,0,0,0,0
480299,1,1,0,0,0,0,0,0,0,0,0,0
480299,2,1,0,0,0,0,0,0,0,0,0,0
480300,1,1,0,0,0,9,0,0,14,0,0,0
480301,0,1,22,22,22,22,22,22,22,22,22,22
480301,1,1,7,12,22,0,0,0,7,0,0,0
480302,1,1,20,20,20,20,20,20,20,20,20,20
480302,2,1,0,0,13,7,14,0,0,0,0,4
480303,1,1,22,22,22,22,22,22,22,22,22,22
480304,1,1,0,15,0,0,0,0,11,0,14,0
480305,0,1,32,32,32,32,32,32,32,32,32,32
480305,1,1,0,10,0,9,0,0,0,0,0,0
480306,1,1,9,9,9,9,9,9,9,9,9,9
480307,1,1,0,0,0,0,0,0,0,0,0,0
480307,2,1,0,0,0,0,0,0,0,0,0,0
480308,1,1,22,0,0,15,13,11,5,15,24,4
480309,1,1,0,0,0,0,0,0,0,0,0,0
480310,1,1,25,22,29,0,16,0,0,0,10,9
480310,2,1,12,12,12,12,12,12,12,12,12,12
480311,0,1,30,30,30,30,30,30,30,30,30,30
480311,1,1,0,7,0,0,0,0,0,0,0,23
480312,1,1,0,23,0,0,0,22,0,0,38,11
480313,1,1,11,11,11,11,11,11,11,11,11,11
480313,2,1,0,0,0,0,0,0,0,0,0,0
480313,3,1,0,0,15,19,11,0,0,0,0,0
480314,1,1,0,0,0,0,0,0,0,0,0,0
480315,1,1,15,0,23,27,12,24,27,10,19,14
480316,0,1,0,0,0,0,0,0,0,0,0,0
480316,1,1,26,26,26,26,26,26,26,26,26,26
480317,1,1,0,0,0,0,0,0,0,23,0,0
480317,2,1,0,0,0,0,0,0,0,0,0,0
480318,1,1,0,0,0,0,0,0,0,0,0,0
480319,1,1,0,0,0,0,0,0,0,7,0,3
480319,2,1,0,6,21,0,0,0,0,0,6,0
480320,0,1,0,0,10,0,0,0,8,0,0,0
480320,1,1,0,0,0,0,0,0,0,0,0,0
480320,2,1,0,0,0,13,0,0,0,0,0,0
480321,1,1,11,13,32,14,0,28,0,9,18,0
480322,1,1,0,18,0,0,0,0,23,17,17,0
480323,0,1,24,24,24,24,24,24,24,24,24,24
480323,1,1,0,0,0,0,0,0,0,0,0,0
480324,1,1,0,0,0,0,0,0,0,0,0,0
480325,1,1,0,0,0,0,0,0,0,0,0,0
480326,1,1,0,8,0,14,0,0,0,23,0,0
480327,1,1,0,0,0,0,0,0,0,0,0,0
480327,2,1,0,0,0,0,0,0,8,0,0,0
480328,1,1,11,11,11,11,11,11,11,11,11,11
480329,1,1,0,0,0,0,0,0,0,0,0,0
480329,2,1,16,0,0,0,0,27,0,0,21,0
480329,3,1,0,0,0,0,0,0,0,0,0,0
480330,1,1,6,6,6,6,6,6,6,6,6,6
480330,2,1,0,0,0,0,0,0,0,0,0,0
480331,1,1,0,0,0,0,0,0,0,0,0,0
480332,1,1,19,0,0,16,0,26,0,27,0,0
480333,0,1,0,0,18,9,18,0,15,0,19,0
480333,1,1,0,0,0,0,0,0,8,18,0,0
480334,1,1,0,0,0,0,0,0,0,0,0,0
480335,0,1,0,0,0,0,0,0,0,0,0,0
480335,1,1,0,0,0,0,0,0,0,0,0,0
480336,1,1,12,0,7,0,0,0,0,0,0,0
480337,1,1,0,0,0,0,0,0,0,0,0,0
480337,2,1,0,0,0,0,0,0,0,0,0,0
480338,0,1,12,12,12,12,12,12,12,12,12,12
480338,1,1,0,8,0,0,4,0,0,0,0,0
480338,2,1,0,0,0,0,0,0,0,0,0,0
480339,1,1,23,23,23,23,23,23,23,23,23,23
480340,0,1,8,8,8,8,8,8,8,8,8,8
480340,1,1,0,9,0,0,0,0,5,10,0,0
480341,1,1,0,0,0,0,0,0,0,19,0,0
480341,2,1,0,0,0,0,0,0,0,0,0,0
480342,1,1,0,0,0,0,0,0,0,0,0,0
480342,2,1,0,0,0,0,0,0,0,0,0,0
480343,0,1,0,0,0,0,0,0,0,0,0,0
480343,1,1,0,0,0,22,0,20,17,0,0,0
480344,1,1,15,15,15,15,15,15,15,15,15,15
480345,1,1,24,24,24,24,24,24,24,24,24,24
480346,1,1,0,0,0,0,0,0,0,0,0,0
480346,2,1,0,0,0,0,0,0,0,0,0,0
480347,1,1,0,0,0,0,0,0,0,0,0,0
480348,1,1,0,0,0,0,0,0,0,0,0,0
480349,0,1,0,0,5,16,15,0,7,15,10,0
480349,1,1,0,0,10,14,0,0,15,16,0,0
480350,1,1,0,0,0,0,0,0,0,0,0,0
480350,2,1,0,0,0,0,0,0,0,0,0,0
480352,0,1,0,0,0,0,0,0,0,0,0,0
480352,1,1,0,4,0,32,11,0,0,0,0,0
480353,1,1,0,0,0,0,0,0,0,0,0,0
480353,2,1,21,21,21,21,21,21,21,21,21,21
480354,1,1,0,0,0,0,0,0,0,0,0,0
480355,0,1,18,18,18,18,18,18,18,18,18,18
480355,1,1,0,13,0,15,23,0,7,0,0,25
480356,1,1,0,0,0,0,0,13,0,0,0,0
480357,1,1,0,0,0,0,0,0,0,0,0,0
480357,2,1,0,0,0,0,0,0,0,0,0,0
480358,1,1,0,0,0,0,24,0,0,0,0,0
480358,2,1,0,0,0,0,0,0,0,0,0,0
480359,0,1,26,6,3,12,0,24,30,0,0,0
480359,1,1,0,12,16,0,22,14,19,0,0,0
480360,1,1,29,29,29,29,29,29,29,29,29,29
480361,1,1,29,29,29,29,29,29,29,29,29,29
480361,2,1,0,24,0,0,9,0,0,0,14,25
480362,1,1,2,2,2,2,2,2,2,2,2,2
480362,2,1,0,0,23,15,0,0,0,0,0,0
480363,1,1,0,0,0,0,0,0,0,0,0,0
480363,2,1,0,0,0,0,0,0,0,0,0,0
480364,0,1,0,0,0,0,0,0,0,0,0,0
480364,1,1,0,26,16,0,0,7,0,13,0,0
480365,1,1,0,16,50,12,0,23,16,0,17,0
480366,1,1,0,0,0,0,0,0,0,0,8,20
480366,2,1,0,0,0,0,0,0,0,0,0,0
480367,0,1,6,0,0,22,0,0,22,0,0,0
480367,1,1,0,0,0,0,0,14,10,11,0,0
480368,1,1,0,0,0,0,0,0,0,0,0,0
480369,1,1,0,0,0,0,0,0,0,0,0,0
480370,1,1,0,0,0,0,7,0,0,0,0,0
480370,2,1,0,22,0,0,15,18,0,13,0,0
480371,1,1,9,0,0,0,0,0,0,0,0,0
480371,2,1,21,0,0,0,0,0,0,0,0,0
480372,1,1,0,0,0,0,0,0,0,0,0,0
480372,2,1,0,0,0,0,0,0,0,0,0,0
480373,1,1,0,0,0,0,0,0,0,0,0,0
480373,2,1,0,0,0,0,0,0,0,0,0,0
480374,1,1,7,0,0,0,0,0,0,0,0,0
480374,2,1,0,0,0,0,0,0,0,0,0,0
480375,1,1,0,0,0,0,0,0,17,0,0,0
480375,2,1,0,3,0,0,0,0,0,0,0,0
480375,3,1,0,0,0,0,0,0,0,0,0,0
480376,1,1,0,32,0,0,0,22,0,0,0,4
480376,2,1,0,0,15,0,0,6,0,0,0,0
480377,1,1,0,0,0,0,0,0,0,0,0,0
480378,0,1,0,0,2,0,0,0,0,16,0,13
480378,1,1,0,0,0,0,0,0,0,22,0,0
480379,1,1,24,24,24,24,24,24,24,24,24,24
480380,1,1,26,26,26,26,26,26,26,26,26,26
480380,2,1,0,0,0,26,0,0,15,9,0,0
480381,1,1,0,0,0,0,0,0,0,0,0,0
480381,2,1,21,21,21,21,21,21,21,21,21,21
480382,1,1,22,22,22,22,22,22,22,22,22,22
480383,1,1,18,6,2,9,16,12,18,9,4,16
480383,2,1,21,15,17,15,13,8,24,12,6,10
480384,1,1,47,47,47,47,47,47,47,47,47,47
480385,1,1,17,17,17,17,17,17,17,17,17,17
480385,2,1,1,1,1,1,1,1,1,1,1,1
480387,1,1,19,19,19,19,19,19,19,19,19,19
480388,1,1,0,0,0,0,0,0,0,0,0,0
480389,1,1,28,8,3,28,16,0,12,0,7,9
480390,1,1,28,28,28,28,28,28,28,28,28,28
480391,0,1,20,20,20,20,20,20,20,20,20,20
480391,1,1,15,0,14,0,0,0,24,12,0,8
480392,1,1,17,16,0,0,23,36,25,28,18,0
480393,1,1,23,23,23,23,23,23,23,23,23,23
480394,1,1,0,5,0,23,17,11,8,0,17,11
480395,1,1,0,0,0,0,0,0,0,0,15,0
480395,2,1,8,21,17,5,15,18,11,0,0,23
480396,1,1,0,0,0,8,0,0,0,0,22,0
480396,2,1,0,0,0,0,0,0,0,15,0,0
480397,1,1,0,0,0,0,0,0,0,0,7,0
480397,2,1,0,10,0,0,0,0,0,0,0,0
480398,1,1,15,13,0,0,19,13,0,16,20,0
480399,1,1,0,0,0,0,0,0,0,0,0,0
480399,2,1,0,0,0,0,0,0,0,0,0,0
480400,0,1,0,0,0,0,0,0,0,0,0,0
480400,1,1,0,0,23,0,0,0,0,0,0,0
480401,1,1,12,12,12,12,12,12,12,12,12,12
480402,1,1,10,10,10,10,10,10,10,10,10,10
480402,2,1,0,0,0,0,0,19,13,0,0,0
480402,3,1,0,10,0,0,0,0,11,0,0,0
480403,1,1,10,4,0,12,0,0,11,19,27,12
480404,1,1,0,0,0,0,0,0,0,0,0,0
480405,1,1,9,0,0,0,23,0,0,0,0,19
480405,2,1,0,0,0,0,0,0,0,0,0,0
480406,0,1,24,24,21,23,31,15,38,16,24,21
480406,1,1,0,0,10,0,0,15,0,0,0,0
480407,1,1,0,0,0,0,7,0,0,0,0,0
480407,2,1,0,0,0,0,0,0,0,0,0,0
480408,1,1,0,0,0,0,0,0,0,0,0,0
480408,2,1,0,0,0,0,0,0,0,0,0,0
480409,1,1,0,0,0,0,20,26,0,20,0,19
480410,1,1,0,0,0,0,0,0,0,0,0,0
480411,1,1,0,14,0,0,0,0,0,0,0,0
480411,2,1,0,0,0,0,0,0,0,0,0,0
480412,1,1,0,0,0,10,0,0,0,0,0,0
480412,2,1,0,0,0,0,0,0,0,0,0,15
480412,3,1,0,0,0,0,0,0,0,0,0,0
480413,1,1,0,0,0,0,0,0,0,0,0,0
480414,1,1,12,27,8,0,0,0,0,0,0,7
480414,2,1,0,0,0,21,0,0,0,0,0,0
480414,3,1,0,0,0,0,23,0,0,0,0,0
480415,1,1,0,0,0,0,0,0,0,0,0,0
480415,2,1,0,0,0,0,0,0,0,0,0,0
480415,3,1,0,0,0,0,0,0,0,0,0,0
480416,1,1,0,0,82,0,0,0,0,0,0,0
480416,2,1,0,0,0,0,0,0,0,0,0,0
480417,1,1,0,0,0,0,0,0,0,0,0,0
480418,1,1,20,32,0,15,0,0,17,0,26,7
480419,1,1,22,22,22,22,22,22,22,22,22,22
480419,2,1,17,0,0,0,0,0,0,0,0,0
480420,1,1,0,0,0,0,0,0,0,0,0,0
480420,2,1,0,0,0,0,0,0,0,0,0,0
480421,1,1,16,19,0,34,7,11,14,11,24,10
480422,1,1,17,17,17,17,17,17,17,17,17,17
480423,1,1,0,14,0,0,0,0,0,0,0,0
480424,1,1,19,19,19,19,19,19,19,19,19,19
480425,0,1,24,24,24,24,24,24,24,24,24,24
480425,1,1,0,0,0,0,0,0,0,0,0,0
480426,1,1,19,19,19,19,19,19,19,19,19,19
480426,2,1,0,0,0,0,0,0,10,0,0,0
480427,1,1,10,0,0,0,0,0,0,0,0,0
480427,2,1,0,0,0,0,0,0,0,0,0,0
480428,1,1,0,0,0,0,0,0,0,0,0,0
480428,2,1,0,0,0,0,0,0,0,2,5,0
480429,1,1,0,0,0,0,0,0,0,0,0,0
480429,2,1,0,0,0,0,0,0,0,0,0,0
480430,1,1,16,16,16,16,16,16,16,16,16,16
480430,2,1,0,0,0,0,0,0,0,0,0,0
480431,1,1,0,0,0,0,0,0,0,0,0,0
480432,1,1,0,23,0,0,0,19,0,10,0,13
480433,1,1,22,22,22,22,22,22,22,22,22,22
480434,1,1,0,0,0,0,0,0,20,0,0,0
480434,2,1,0,0,0,0,0,0,0,0,0,0
480435,0,1,16,0,0,0,0,0,0,0,0,9
480435,1,1,0,0,0,0,0,0,0,0,0,0
480436,1,1,32,32,32,32,32,32,32,32,32,32
480437,1,1,22,22,22,22,22,22,22,22,22,22
480438,1,1,0,0,0,0,0,22,0,22,0,0
480439,1,1,12,12,12,12,12,12,12,12,12,12
480439,2,1,13,0,0,0,0,0,0,0,0,0
480440,1,1,0,0,0,0,0,0,0,0,0,0
480440,2,1,0,0,7,0,0,0,0,0,0,0
480441,1,1,16,16,16,16,16,16,16,16,16,16
480442,1,1,0,10,0,0,0,0,0,16,0,0
480442,2,1,0,4,0,0,0,0,0,0,7,0
480442,3,1,0,0,0,0,0,0,0,0,0,0
480443,0,1,0,0,0,0,0,0,0,0,0,0
480443,1,1,14,0,13,0,0,0,0,0,0,0
480444,1,1,0,0,0,0,0,0,0,0,0,0
480444,2,1,0,0,0,0,0,0,0,0,0,0
480445,1,1,30,23,0,2,8,10,19,19,5,17
480445,2,1,19,19,19,19,19,19,19,19,19,19
480446,1,1,11,11,11,11,11,11,11,11,11,11
480447,0,1,0,0,0,0,0,17,0,0,0,0
480447,1,1,0,3,0,0,11,18,12,0,0,13
480448,1,1,19,19,19,19,19,19,19,19,19,19
480449,1,1,9,0,0,0,14,7,0,19,15,23
480451,1,1,0,0,0,0,0,0,0,0,0,0
480451,2,1,0,0,0,0,0,0,0,0,0,0
480451,3,1,14,20,0,0,0,0,19,20,0,26
480451,4,1,0,0,11,0,0,22,9,0,5,3
480451,5,1,3,0,0,0,0,0,0,0,0,0
480452,1,1,0,28,0,0,0,6,0,0,0,0
480452,2,1,0,0,0,8,0,0,0,0,0,27
480453,1,1,0,0,0,0,0,0,0,0,0,0
480453,2,1,0,0,0,0,0,0,0,0,0,0