ST_CASE,VEH_NO,PER_NO,P1,P2,P3,P4,P5,P6,P7,P8,P9,P10
480454,1,1,18,18,18,18,18,18,18,18,18,18
480455,1,1,20,20,20,20,20,20,20,20,20,20
480456,1,1,0,0,0,0,0,0,0,0,0,0
480456,2,1,0,0,0,0,0,0,0,0,0,0
480457,1,1,9,18,16,14,15,19,24,0,26,0
480458,1,1,0,0,0,0,0,0,0,0,0,0
480458,2,1,23,0,0,0,0,0,11,38,0,0
480459,1,1,0,0,0,0,0,0,0,0,0,0
480459,2,1,0,0,8,0,0,0,0,0,0,0
480460,1,1,14,14,14,14,14,14,14,14,14,14
480461,1,1,0,0,0,0,0,0,0,0,0,0
480462,1,1,0,0,0,6,0,0,0,0,0,0
480463,1,1,0,0,0,0,0,0,0,0,0,0
480463,2,1,0,0,0,0,0,0,0,0,0,0
480464,0,1,22,24,0,0,8,14,9,25,19,13
480464,1,1,8,0,0,14,0,0,0,6,27,0
480465,1,1,19,0,9,0,7,0,0,8,0,0
480466,1,1,0,11,0,0,3,20,0,18,0,0
480466,2,1,0,0,0,0,0,0,15,0,0,0
480467,1,1,0,0,15,0,0,5,4,2,0,0
480467,2,1,0,0,0,12,0,0,0,0,0,7
480467,3,1,3,0,0,12,0,0,0,0,0,0
480468,1,1,0,0,0,0,0,0,0,0,0,0
480468,2,1,0,0,0,0,0,0,0,0,0,0
480469,1,1,0,4,6,14,19,10,0,0,0,12
480469,2,1,7,3,10,14,13,0,4,5,5,7
480470,0,1,8,8,8,8,8,8,8,8,8,8
480470,0,2,26,0,0,0,0,4,28,29,36,30
480470,1,1,5,5,5,5,5,5,5,5,5,5
480470,2,1,0,12,0,13,0,7,0,0,0,23
480471,1,1,7,5,13,15,10,8,18,11,9,4
480471,2,1,22,22,22,22,22,22,22,22,22,22
480473,1,1,11,11,11,11,11,11,11,11,11,11
480473,2,1,7,6,10,2,7,9,0,0,5,13
480474,1,1,0,0,0,0,6,10,0,0,4,0
480474,2,1,0,0,0,0,0,0,0,0,0,0
480475,1,1,0,0,0,6,0,0,0,0,0,0
480475,2,1,0,0,22,0,0,0,19,0,23,28
480476,1,1,0,0,0,0,0,0,0,0,0,0
480476,2,1,0,0,0,0,0,0,0,0,0,0
480477,1,1,14,14,14,14,14,14,14,14,14,14
480477,2,1,21,21,21,21,21,21,21,21,21,21
480478,1,1,0,4,13,0,2,0,11,11,0,14
480479,1,1,0,18,0,0,0,0,0,0,0,0
480480,0,1,0,0,0,0,0,0,0,0,0,0
480480,1,1,9,0,4,0,0,0,0,0,0,0
480481,1,1,21,21,21,21,21,21,21,21,21,21
480482,1,1,0,0,0,0,0,0,0,21,0,0
480482,2,1,14,14,14,14,14,14,14,14,14,14
480483,1,1,0,0,0,7,0,0,0,0,0,0
480484,1,1,0,0,0,0,0,0,0,0,0,0
480484,2,1,0,0,0,0,0,0,0,0,0,0
480485,0,1,0,0,0,0,0,0,0,0,0,0
480485,1,1,0,0,0,29,11,0,0,0,0,0
480486,1,1,8,0,0,0,0,0,0,0,0,0
480486,2,1,0,0,0,0,0,0,0,0,0,0
480487,1,1,0,0,0,0,0,0,0,0,0,0
480487,2,1,0,4,0,0,0,0,0,0,0,0
480488,1,1,0,0,24,0,25,0,0,0,0,42
480489,1,1,0,0,0,0,0,0,0,0,0,0
480489,2,1,0,0,0,0,0,0,0,0,0,0
480490,1,1,22,22,22,22,22,22,22,22,22,22
480491,0,1,26,26,26,26,26,26,26,26,26,26
480491,1,1,0,0,0,0,0,0,0,0,0,0
480492,1,1,21,21,21,21,21,21,21,21,21,21
480493,1,1,23,23,23,23,23,23,23,23,23,23
480494,1,1,0,0,23,0,0,0,0,0,0,0
480495,1,1,2,2,2,2,2,2,2,2,2,2
480495,2,1,0,0,0,0,0,0,0,0,0,6
480496,1,1,0,0,0,0,0,24,0,0,0,0
480497,0,1,18,0,0,0,0,0,0,0,0,6
480497,1,1,0,3,14,18,0,14,35,8,0,0
480498,1,1,0,0,0,0,0,0,0,0,0,0
480499,1,1,15,15,15,15,15,15,15,15,15,15
480500,0,1,28,0,0,0,0,0,0,0,0,0
480500,1,1,0,0,0,17,0,0,0,0,0,0
480501,1,1,16,16,16,16,16,16,16,16,16,16
480502,1,1,0,0,17,0,0,0,17,0,0,0
480502,2,1,0,0,0,0,0,0,0,0,0,0
480503,1,1,13,13,13,13,13,13,13,13,13,13
480504,1,1,0,0,0,0,0,0,0,0,0,0
480504,2,1,0,0,0,0,0,0,0,0,0,0
480505,1,1,0,12,0,0,0,32,0,0,19,12
480506,1,1,14,14,14,14,14,14,14,14,14,14
480507,1,1,0,5,10,0,0,0,0,2,0,0
480507,2,1,15,15,15,15,15,15,15,15,15,15
480508,1,1,0,0,0,0,0,0,0,0,0,0
480508,2,1,0,0,0,0,0,0,0,0,0,0
480508,3,1,0,0,0,18,0,0,0,0,8,0
480509,1,1,0,0,0,10,16,0,0,13,0,20
480509,2,1,0,0,0,16,9,0,0,14,0,0
480510,1,1,14,14,14,14,14,14,14,14,14,14
480511,1,1,0,0,0,0,0,0,0,0,0,0
480512,1,1,17,17,17,17,17,17,17,17,17,17
480513,1,1,13,21,27,8,27,5,0,0,0,0
480514,1,1,21,21,21,21,21,21,21,21,21,21
480515,1,1,14,14,14,14,14,14,14,14,14,14
480515,2,1,9,0,0,0,0,0,0,0,0,0
480516,1,1,0,0,0,0,0,0,0,0,0,0
480518,1,1,0,0,0,0,0,0,0,0,0,0
480518,2,1,0,0,0,0,0,0,0,0,0,0
480518,3,1,0,0,0,0,0,0,0,0,9,0
480519,1,1,9,0,7,23,0,0,15,0,0,0
480519,2,1,0,0,0,0,0,0,0,0,0,0
480520,1,1,0,0,27,3,0,3,15,0,0,0
480521,1,1,10,22,20,11,25,17,9,0,22,33
480522,1,1,0,0,0,0,0,0,0,0,0,0
480522,2,1,0,0,0,0,0,0,0,0,0,0
480523,1,1,25,19,20,0,18,14,35,0,12,28
480524,1,1,15,15,15,15,15,15,15,15,15,15
480525,0,1,20,20,20,20,20,20,20,20,20,20
480525,1,1,0,0,0,0,0,0,0,0,0,0
480526,1,1,18,0,16,0,0,0,0,33,0,6
480526,2,1,10,10,10,10,10,10,10,10,10,10
480527,1,1,0,0,0,0,0,0,0,0,11,0
480527,2,1,0,0,0,0,8,0,0,0,0,0
480528,0,1,16,16,16,16,16,16,16,16,16,16
480528,1,1,0,0,0,0,0,0,0,0,0,0
480529,1,1,0,0,0,0,0,0,0,0,21,6
480529,2,1,21,21,21,21,21,21,21,21,21,21
480531,1,1,9,9,9,9,9,9,9,9,9,9
480532,1,1,0,0,0,0,0,0,0,0,0,0
480532,2,1,13,37,9,0,13,0,9,36,10,6
480533,1,1,19,13,13,0,0,20,0,13,9,0
480534,0,1,0,0,0,0,0,0,0,0,0,0
480534,1,1,17,16,0,0,0,20,17,0,29,0
480535,1,1,0,0,0,0,0,0,0,0,0,0
480535,2,1,0,0,0,0,0,0,0,0,0,0
480536,1,1,0,0,0,0,0,0,0,0,16,0
480536,2,1,0,0,0,4,0,12,0,0,9,0
480536,3,1,8,0,0,0,3,0,0,0,0,9
480537,1,1,0,0,0,0,18,0,0,0,0,0
480537,2,1,0,0,0,0,0,0,0,0,34,0
480538,0,1,23,23,23,23,23,23,23,23,23,23
480538,1,1,8,0,0,0,0,13,0,0,0,0
480539,1,1,17,17,17,17,17,17,17,17,17,17
480539,2,1,0,0,0,0,0,0,0,0,0,0
480540,1,1,19,19,19,19,19,19,19,19,19,19
480541,1,1,8,11,0,0,0,0,0,0,0,0
480541,2,1,0,0,0,0,0,0,0,0,0,0
480542,1,1,0,0,0,0,0,0,0,0,0,0
480543,0,1,17,10,13,10,32,6,19,43,29,2
480543,1,1,7,0,0,0,0,0,0,0,0,0
480544,1,1,0,0,0,0,0,0,0,0,0,0
480545,1,1,0,0,0,0,0,0,0,0,0,0
480545,2,1,0,0,0,0,0,0,0,0,0,0
480546,1,1,0,0,0,0,0,0,0,0,0,0
480546,2,1,0,0,0,0,0,0,0,0,0,0
480547,1,1,0,0,0,0,0,0,0,0,0,0
480547,2,1,0,0,0,0,0,0,0,3,0,0
480548,1,1,0,0,12,0,0,0,0,0,0,0
480548,2,1,14,14,14,14,14,14,14,14,14,14
480549,1,1,0,0,0,0,0,0,0,0,0,0
480549,2,1,0,0,0,0,0,0,0,0,0,0
480550,1,1,0,0,0,0,0,0,0,0,0,0
480550,2,1,0,0,0,0,0,0,0,0,0,0
480551,1,1,0,0,0,0,0,0,0,0,0,0
480551,2,1,12,0,0,16,0,0,0,0,0,0
480552,1,1,18,0,30,28,22,8,7,23,0,29
480553,1,1,0,0,0,0,0,0,0,2,0,0
480553,2,1,43,0,0,0,0,0,0,0,0,0
480554,1,1,12,0,0,34,0,10,0,0,20,0
480555,1,1,0,0,0,0,0,0,0,0,0,0
480556,1,1,0,0,0,0,7,7,0,0,0,0
480556,2,1,36,36,36,36,36,36,36,36,36,36
480557,0,1,0,0,0,0,0,25,0,0,0,0
480557,1,1,0,0,0,0,0,0,0,0,0,0
480558,1,1,0,0,0,0,0,0,0,0,0,0
480558,2,1,0,0,0,10,0,0,0,10,17,0
480559,1,1,15,15,15,15,15,15,15,15,15,15
480559,2,1,0,0,35,0,12,0,0,0,0,0
480560,1,1,17,10,0,0,0,0,12,0,0,21
480560,2,1,0,0,0,5,0,0,0,0,0,0
480561,1,1,0,0,0,0,0,0,0,6,0,0
480561,2,1,17,17,17,17,17,17,17,17,17,17
480562,1,1,9,9,9,9,9,9,9,9,9,9
480563,1,1,17,17,17,17,17,17,17,17,17,17
480563,2,1,0,0,6,0,0,0,0,9,0,0
480564,1,1,0,0,0,0,0,0,0,0,0,0
480564,2,1,0,20,0,0,0,0,0,0,0,0
480565,1,1,15,13,0,23,13,21,8,18,37,0
480566,1,1,0,0,0,0,0,0,0,0,0,0
480567,1,1,19,19,19,19,19,19,19,19,19,19
480568,0,1,19,18,0,7,35,20,0,18,30,15
480568,1,1,10,9,0,26,15,11,0,0,0,0
480569,1,1,0,0,15,15,34,0,0,14,0,20
480570,1,1,0,0,0,0,0,0,0,0,0,0
480570,2,1,0,0,0,0,0,0,0,0,0,0
480571,1,1,0,0,0,0,0,0,0,0,0,0
480572,0,1,29,29,29,29,29,29,29,29,29,29
480572,1,1,13,0,0,0,0,23,0,0,18,0
480573,1,1,20,20,20,20,20,20,20,20,20,20
480574,1,1,0,0,0,6,0,0,0,0,3,0
480575,1,1,20,20,20,20,20,20,20,20,20,20
480576,1,1,0,0,0,0,0,0,0,9,0,0
480577,1,1,0,29,11,0,0,0,0,0,16,33
480578,1,1,22,0,7,0,0,0,0,0,0,25
480579,1,1,0,0,0,0,0,0,0,0,0,0
480579,2,1,0,0,0,0,0,0,0,0,0,0
480580,1,1,3,3,3,3,3,3,3,3,3,3
480581,1,1,0,0,0,0,0,0,0,0,0,0
480581,2,1,0,0,0,0,0,0,0,0,0,0
480582,1,1,0,0,0,0,0,0,0,0,0,0
480582,2,1,0,36,0,0,0,0,0,0,0,0
480582,3,1,0,0,0,0,0,0,0,0,0,0
480582,4,1,0,0,0,0,0,0,0,0,0,0
480583,1,1,23,23,23,23,23,23,23,23,23,23
480584,1,1,10,22,3,0,13,0,4,0,0,0
480585,1,1,11,11,11,11,11,11,11,11,11,11
480586,1,1,44,44,44,44,44,44,44,44,44,44
480588,1,1,0,18,0,0,13,0,0,0,4,0
480588,2,1,0,0,0,0,0,0,0,0,13,0
480589,1,1,13,13,13,13,13,13,13,13,13,13
480590,1,1,21,21,21,21,21,21,21,21,21,21
480592,1,1,0,0,10,0,21,15,0,0,0,0
480592,2,1,0,0,0,0,0,0,0,0,0,0
480592,3,1,0,0,0,0,0,13,0,0,0,0
480592,4,1,0,0,0,0,0,0,0,15,0,0
480593,0,1,0,0,0,0,0,0,0,0,0,0
480593,1,1,0,30,33,0,0,0,0,0,9,0
480594,1,1,15,15,15,15,15,15,15,15,15,15
480595,1,1,0,0,0,0,0,0,0,0,0,0
480595,2,1,0,13,0,14,0,0,9,0,0,0
480596,0,1,0,7,25,0,0,0,0,19,0,0
480596,1,1,17,17,17,17,17,17,17,17,17,17
480597,1,1,0,0,0,0,0,0,0,0,0,0
480597,2,1,0,0,0,0,0,0,0,0,0,0
480598,1,1,0,0,10,28,25,18,11,0,0,5
480598,2,1,0,0,0,0,0,7,0,0,0,0
480599,1,1,0,0,0,13,0,0,0,0,0,19
480600,1,1,0,0,0,0,0,0,0,0,0,0
480600,2,1,0,0,0,0,0,0,0,0,0,0
480601,1,1,17,17,17,17,17,17,17,17,17,17
480602,1,1,0,0,0,0,0,0,0,0,0,0
480602,2,1,0,0,0,0,0,0,0,0,0,0
480603,1,1,20,22,16,21,8,25,12,14,27,13
480604,1,1,0,0,0,0,0,0,0,0,0,0
480605,1,1,0,0,0,0,0,0,0,0,0,0
480605,2,1,0,0,4,0,0,0,0,0,0,0
480606,1,1,0,0,0,8,0,0,0,0,0,0
480606,2,1,0,0,0,0,0,0,0,0,0,0
480607,0,1,17,17,17,17,17,17,17,17,17,17
480607,1,1,17,17,17,17,17,17,17,17,17,17
480608,1,1,17,12,8,6,4,16,0,0,25,0
480608,2,1,0,0,0,0,0,0,0,0,0,0
480609,1,1,0,0,0,0,0,0,0,0,0,0
480609,2,1,0,0,0,0,0,0,0,0,0,0
480610,1,1,0,11,0,0,17,0,0,0,0,0
480610,2,1,26,3,17,0,8,0,0,0,0,0
480611,1,1,14,14,14,14,14,14,14,14,14,14
480612,1,1,18,0,0,0,35,14,0,0,0,0
480613,1,1,0,0,29,24,4,0,0,12,0,8
480614,1,1,25,25,25,25,25,25,25,25,25,25
480615,1,1,0,0,0,0,0,0,0,0,0,0
480615,2,1,13,13,13,13,13,13,13,13,13,13
480616,1,1,0,0,13,0,0,0,18,0,12,0
480616,2,1,0,0,12,5,15,0,0,0,0,0
480616,3,1,0,0,0,0,0,0,0,0,0,0
480617,0,1,9,9,9,9,9,9,9,9,9,9
480617,0,2,14,14,14,14,14,14,14,14,14,14
480617,1,1,0,0,7,0,14,0,0,0,0,0
480617,2,1,0,0,0,13,5,6,6,2,3,0
480618,1,1,12,0,0,0,6,17,0,0,17,0
480619,1,1,0,0,0,0,0,0,0,4,14,5
480619,2,1,3,3,3,3,3,3,3,3,3,3
480620,1,1,0,0,4,0,0,0,0,0,0,0
480620,2,1,18,0,0,0,0,0,0,0,0,0
480620,3,1,8,28,26,0,0,25,0,0,0,0
480620,4,1,7,0,0,9,11,14,8,0,0,5
480621,1,1,0,0,0,0,18,0,0,20,0,0
480621,2,1,0,0,0,0,0,0,0,0,0,0
480621,3,1,0,0,0,0,0,0,11,0,18,0
480621,4,1,0,0,0,0,0,0,0,0,0,0
480622,1,1,0,6,16,0,0,0,0,24,0,3
480622,2,1,10,23,0,0,0,8,0,0,19,7
480623,1,1,0,0,0,0,0,0,0,0,0,0
480624,1,1,23,23,23,23,23,23,23,23,23,23
480625,0,1,26,22,0,0,25,0,0,21,26,0
480625,1,1,0,0,0,6,0,0,18,0,0,0
480626,1,1,31,31,31,31,31,31,31,31,31,31
480626,2,1,11,18,4,6,0,0,17,0,0,0
480627,1,1,3,3,3,3,3,3,3,3,3,3
480627,2,1,0,0,0,21,0,0,0,0,0,6
480628,1,1,0,0,0,0,0,0,0,0,0,0
480628,2,1,6,0,0,14,0,0,0,14,15,0
480628,3,1,0,0,0,0,0,0,0,0,0,0
480629,1,1,12,0,0,0,0,0,6,0,0,26
480630,1,1,0,0,0,0,0,0,0,0,0,0
480631,1,1,0,0,0,0,0,0,0,0,0,5
480631,2,1,0,0,23,0,0,0,0,0,0,0
480632,1,1,14,24,4,18,30,24,17,22,3,9
480632,2,1,0,8,23,10,11,14,11,26,17,0
480633,1,1,21,21,21,21,21,21,21,21,21,21
480634,1,1,0,0,7,0,24,14,9,13,13,0
480635,1,1,0,0,0,0,0,0,0,0,0,0
480635,2,1,0,0,0,0,0,0,0,0,0,0
480636,0,1,0,0,0,0,0,0,0,0,0,0
480636,1,1,0,0,0,0,0,0,0,0,0,0
480637,0,1,0,15,0,0,0,0,0,0,0,0
480637,1,1,0,0,0,0,0,0,0,0,0,0
480637,3,1,0,0,0,0,0,0,0,0,0,0
480638,1,1,0,0,0,13,0,0,0,0,0,0
480639,1,1,0,0,0,0,0,0,0,0,0,0
480640,1,1,25,25,25,25,25,25,25,25,25,25
480641,1,1,12,12,12,12,12,12,12,12,12,12
480642,1,1,9,9,9,9,9,9,9,9,9,9
480642,2,1,0,0,0,0,0,0,0,0,0,0
480643,1,1,14,0,0,0,18,0,25,0,11,12
480643,2,1,0,0,0,0,0,0,11,0,0,0
480644,1,1,0,0,0,0,0,0,0,0,0,0
480644,2,1,0,0,0,0,0,14,17,21,0,0
480645,1,1,0,0,0,0,14,0,0,0,0,0
480645,2,1,0,0,0,0,0,0,0,0,0,0
480646,1,1,0,20,0,0,9,0,16,12,22,15
480646,2,1,0,0,0,0,0,0,0,0,0,0
480646,3,1,0,0,0,0,0,0,0,0,0,0
480647,1,1,15,22,0,0,0,0,0,10,23,38
480648,1,1,0,0,0,0,0,0,0,0,0,0
480648,2,1,0,0,9,0,0,20,12,0,0,0
480649,1,1,0,0,0,0,0,0,0,0,0,0
480649,2,1,0,0,0,0,0,7,0,10,0,0
480650,1,1,0,0,0,0,17,0,0,22,0,0
480650,2,1,0,0,0,0,0,0,0,0,0,0
480650,3,1,0,0,0,0,15,0,9,0,0,0
480651,0,1,26,26,26,26,26,26,26,26,26,26
480651,1,1,0,0,0,0,0,0,0,0,0,0
480652,0,1,0,0,0,0,0,0,0,0,0,0
480652,1,1,0,0,0,0,0,0,0,0,0,0
480653,1,1,0,0,0,0,0,0,0,0,0,0
480654,0,1,0,0,0,0,0,0,0,0,0,0
480654,1,1,0,7,0,0,0,32,28,0,0,12
480655,0,1,12,12,12,12,12,12,12,12,12,12
480655,1,1,0,0,0,0,0,0,0,0,0,22
480656,1,1,0,0,0,0,0,0,0,0,0,0
480656,2,1,0,0,0,0,0,0,0,0,0,0
480657,1,1,19,19,19,19,19,19,19,19,19,19
480658,1,1,9,9,9,9,9,9,9,9,9,9
480659,1,1,3,7,16,11,0,0,11,0,0,0
480660,1,1,0,28,25,20,22,11,15,4,24,12
480661,1,1,13,13,13,13,13,13,13,13,13,13
480662,0,1,0,34,14,0,8,22,15,14,20,4
480662,1,1,19,11,9,18,11,17,17,16,15,25
480663,1,1,12,12,12,12,12,12,12,12,12,12
480664,1,1,27,0,22,0,0,14,0,0,0,0
480664,2,1,0,0,0,0,0,0,0,0,0,15
480665,1,1,0,0,0,0,0,0,0,0,0,0
480666,1,1,0,0,27,0,0,20,14,0,0,18
480667,1,1,11,10,13,20,14,0,0,26,43,21
480668,1,1,0,0,0,0,0,0,0,0,0,0
480668,2,1,0,0,0,0,0,0,0,0,23,0
480669,0,1,0,0,0,0,0,0,0,0,0,0
480669,1,1,0,10,0,0,0,0,0,0,0,0
480670,1,1,0,0,0,0,12,0,0,0,0,0
480670,2,1,0,0,0,0,0,0,13,7,0,5
480671,1,1,13,13,13,13,13,13,13,13,13,13
480671,2,1,0,0,0,0,0,0,0,0,0,0
480671,3,1,0,0,0,0,0,0,0,0,0,12
480672,1,1,0,0,0,0,0,0,0,0,0,0
480672,2,1,0,0,0,0,0,0,0,0,0,0
480672,3,1,9,0,0,0,0,0,0,0,0,0
480673,1,1,0,0,0,0,0,0,0,0,0,0
480673,2,1,0,0,0,0,0,0,0,0,0,0
480674,0,1,0,0,0,0,0,0,0,12,0,0
480674,1,1,0,0,0,0,0,7,0,0,0,0
480675,0,1,0,0,0,13,0,0,32,0,0,0
480675,1,1,0,0,4,5,0,0,7,0,0,8
480675,2,1,0,14,0,10,0,16,0,0,0,0
480676,1,1,0,0,0,0,0,0,0,0,0,0
480677,1,1,6,0,0,0,0,0,0,0,0,0
480677,2,1,0,0,0,0,0,0,0,11,0,0
480677,3,1,0,0,12,5,0,0,0,11,14,0
480677,4,1,0,0,0,0,0,0,0,0,0,0
480678,0,1,5,5,5,5,5,5,5,5,5,5
480678,1,1,0,22,0,0,0,11,0,0,5,0
480679,0,1,0,0,0,0,0,0,0,0,0,0
480679,1,1,22,0,9,0,16,0,0,0,0,4
480679,3,1,8,15,16,0,29,0,6,0,0,0
480680,0,1,0,0,0,0,0,0,28,0,0,0
480680,1,1,0,0,0,0,0,0,0,0,0,0
480681,1,1,0,0,0,15,0,0,0,0,0,0
480681,2,1,0,0,0,0,0,0,0,0,0,0
480682,0,1,0,0,12,17,0,0,17,0,0,0
480682,1,1,0,0,13,7,19,0,15,4,0,27
480683,0,1,0,0,0,0,5,0,0,0,0,0
480683,1,1,0,0,19,0,0,9,0,0,0,0
480684,1,1,21,37,0,0,14,0,7,24,17,9
480685,1,1,0,0,0,0,0,0,24,0,0,0
480686,0,1,31,31,31,31,31,31,31,31,31,31
480686,1,1,15,15,10,32,20,20,6,0,8,15
480687,0,1,0,0,0,0,0,0,0,0,0,0
480687,1,1,0,0,0,6,0,0,0,0,0,0
480687,2,1,7,0,0,0,5,0,0,0,0,0
480688,1,1,0,6,0,0,0,0,0,0,0,0
480688,2,1,0,0,0,0,0,5,0,0,0,0
480688,3,1,23,23,23,23,23,23,23,23,23,23
480689,1,1,4,3,14,9,4,8,0,0,7,0
480690,0,1,0,0,0,0,0,0,0,0,0,0
480690,1,1,0,0,23,0,0,0,0,0,0,18
480691,1,1,0,0,0,32,12,24,16,0,25,0
480692,1,1,0,0,0,0,0,4,0,0,0,0
480692,2,1,0,0,0,0,0,0,0,0,0,0
480693,1,1,20,20,20,20,20,20,20,20,20,20
480693,2,1,12,0,0,9,23,0,4,0,0,0
480694,1,1,0,0,15,26,0,0,0,0,0,0
480696,1,1,0,0,19,0,0,36,0,0,35,0
480697,1,1,22,22,22,22,22,22,22,22,22,22
480698,1,1,0,0,0,0,0,0,0,0,0,0
480699,1,1,0,0,0,0,0,0,0,0,0,0
480700,1,1,0,0,0,0,0,0,0,0,0,0
480700,2,1,0,0,0,0,0,0,0,0,0,0
480701,1,1,0,0,0,0,0,0,0,0,0,0
480702,1,1,0,12,0,0,0,0,0,0,10,21
480702,2,1,0,27,0,0,0,0,0,18,0,11
480703,1,1,16,16,16,16,16,16,16,16,16,16
480703,2,1,0,0,0,0,0,0,18,6,0,0
480704,1,1,29,29,29,29,29,29,29,29,29,29
480705,1,1,0,0,0,0,0,0,0,0,0,0
480705,2,1,0,0,0,0,0,0,0,0,0,0
480705,3,1,0,0,0,0,0,0,0,0,0,0
480705,4,1,0,0,0,0,0,0,0,0,0,0
480705,5,1,0,0,0,0,0,0,0,0,0,0
480706,1,1,6,6,6,6,6,6,6,6,6,6
480707,1,1,0,0,0,0,0,0,0,0,0,0
480708,1,1,0,0,11,0,28,0,20,26,0,0
480709,1,1,27,0,0,0,0,0,0,0,18,22
480710,1,1,0,0,14,0,0,31,6,16,0,0
480711,1,1,0,4,0,0,0,0,0,0,16,0
480711,2,1,0,6,13,0,0,0,16,0,0,0
480712,1,1,0,0,0,0,0,0,0,0,0,0
480712,2,1,0,0,0,16,0,0,0,0,7,19
480712,3,1,15,0,0,0,0,0,0,16,0,0
480713,1,1,0,14,0,0,10,30,0,24,14,5
480714,1,1,23,23,23,23,23,23,23,23,23,23
480714,2,1,0,0,0,0,9,16,14,18,0,0
480715,1,1,0,0,0,0,0,0,0,0,0,0
480715,2,1,0,0,0,0,0,0,0,0,0,0
480716,1,1,20,0,0,0,0,0,0,0,40,0
480717,1,1,10,10,10,10,10,10,10,10,10,10
480717,2,1,0,0,4,0,0,0,0,0,0,0
480718,1,1,0,0,0,21,0,0,12,19,0,33
480719,1,1,24,24,24,24,24,24,24,24,24,24
480720,1,1,12,12,12,12,12,12,12,12,12,12
480721,1,1,0,0,0,0,29,10,14,15,0,0
480722,0,1,2,2,2,2,2,2,2,2,2,2
480722,1,1,0,0,0,0,0,0,0,0,0,0
480723,0,1,20,20,20,20,20,20,20,20,20,20
480723,1,1,0,12,0,12,2,0,0,9,17,21
480724,1,1,21,21,21,21,21,21,21,21,21,21
480725,1,1,2,0,12,0,0,0,0,0,0,0
480726,1,1,0,0,0,0,0,0,0,0,0,0
480726,2,1,0,0,21,0,0,0,0,0,0,0
480727,1,1,0,16,0,0,0,0,0,10,19,0
480727,2,1,0,0,0,0,0,9,0,0,0,0
480728,1,1,0,0,0,0,0,0,0,0,0,0
480729,1,1,0,0,0,0,0,0,0,0,0,0
480729,2,1,0,0,19,0,0,11,16,0,0,0
480730,1,1,0,16,0,0,0,0,0,0,0,0
480730,2,1,0,0,0,0,0,0,0,13,0,0
480730,3,1,0,0,0,13,3,0,10,0,0,0
480731,1,1,7,14,10,7,0,0,0,13,0,0
480732,1,1,0,20,15,15,24,19,16,14,13,21
480733,0,1,0,0,0,0,0,0,0,0,0,0
480733,1,1,0,0,0,11,0,0,0,0,0,0
480734,1,1,0,0,0,0,0,0,0,0,0,0
480735,1,1,3,10,0,2,8,14,0,0,11,12
480735,2,1,0,0,0,0,0,0,0,0,0,0
480736,1,1,14,17,25,0,10,5,0,30,0,0
480737,1,1,11,0,0,0,0,0,0,0,10,0
480738,0,1,0,0,0,0,0,0,0,0,0,0
480739,1,1,7,5,0,0,6,0,3,0,0,0
480739,2,1,0,0,0,9,0,26,0,0,0,0
480740,0,1,31,31,31,31,31,31,31,31,31,31
480740,1,1,0,0,0,7,0,18,15,0,0,0
480741,1,1,0,11,0,0,0,0,0,0,0,0
480741,2,1,0,0,0,0,16,0,0,0,0,0
480742,1,1,0,0,0,0,0,0,0,0,0,0
480743,0,1,0,0,14,11,0,0,0,0,0,0
480743,1,1,5,17,10,13,7,16,16,15,10,13
480744,1,1,0,0,0,0,0,0,0,0,0,0
480745,1,1,17,16,10,25,16,26,27,25,0,15
480746,1,1,11,11,11,11,11,11,11,11,11,11
480746,2,1,0,0,0,18,0,0,0,0,0,0
480747,0,1,0,0,0,0,6,0,0,0,0,0
480747,1,1,0,0,0,0,0,0,0,0,0,0
480748,0,1,13,13,13,13,13,13,13,13,13,13
480748,1,1,0,17,0,0,0,0,0,6,13,20
480749,1,1,0,0,0,0,0,0,0,0,0,0
480749,2,1,0,0,0,0,0,0,0,0,0,0
480749,3,1,0,0,0,0,0,0,0,0,0,0
480750,1,1,0,0,0,0,0,0,0,0,0,0
480750,2,1,0,0,0,0,0,0,0,0,0,0
480751,1,1,0,0,0,0,0,0,0,0,0,0
480751,2,1,0,0,0,0,10,0,0,0,0,0
480752,1,1,0,0,0,0,0,0,0,0,0,0
480753,1,1,0,0,0,0,0,0,0,0,0,0
480753,2,1,11,11,11,11,11,11,11,11,11,11
480754,1,1,10,23,15,0,2,18,25,10,3,20