ST_CASE,VEH_NO,PER_NO,P1,P2,P3,P4,P5,P6,P7,P8,P9,P10
480755,1,1,0,0,0,0,0,0,0,0,0,0
480755,2,1,0,0,0,0,0,0,0,0,0,0
480755,3,1,0,22,0,0,0,0,12,0,0,22
480756,1,1,0,0,0,0,0,0,0,0,0,0
480756,2,1,0,0,0,0,0,0,0,0,0,0
480757,1,1,14,0,0,0,0,0,0,0,0,0
480757,2,1,0,0,0,0,0,0,0,0,0,0
480758,1,1,0,0,0,0,2,0,0,0,0,0
480758,2,1,0,15,0,0,0,0,0,0,0,0
480759,1,1,0,0,0,0,0,0,0,0,0,0
480759,2,1,0,0,16,0,0,0,0,0,0,5
480760,1,1,0,0,0,0,0,0,0,0,0,0
480760,2,1,0,0,0,0,0,0,0,0,0,0
480761,1,1,7,0,0,0,0,0,10,0,0,28
480761,2,1,0,0,0,0,0,0,0,0,0,0
480762,1,1,7,7,7,7,7,7,7,7,7,7
480762,2,1,10,0,0,0,0,0,0,5,8,2
480763,1,1,8,0,0,0,0,0,0,0,0,0
480763,2,1,0,0,16,0,0,0,0,0,0,0
480764,1,1,18,18,18,18,18,18,18,18,18,18
480764,2,1,0,0,0,0,0,0,0,0,0,0
480765,1,1,25,25,25,25,25,25,25,25,25,25
480766,1,1,30,30,30,30,30,30,30,30,30,30
480767,1,1,20,20,20,20,20,20,20,20,20,20
480767,2,1,0,0,23,10,0,0,12,0,0,0
480767,3,1,0,0,12,27,0,0,0,8,0,19
480768,1,1,0,0,0,0,0,0,31,0,11,0
480768,2,1,0,0,0,0,15,23,0,16,0,0
480769,1,1,16,16,16,16,16,16,16,16,16,16
480770,1,1,0,0,0,0,0,0,0,0,0,0
480771,0,1,30,17,30,18,20,18,26,36,0,36
480771,1,1,0,13,0,0,0,0,14,0,0,12
480772,1,1,30,30,30,30,30,30,30,30,30,30
480773,1,1,0,0,0,0,0,0,0,0,0,0
480773,2,1,0,0,0,0,0,0,0,3,0,0
480774,1,1,13,13,13,13,13,13,13,13,13,13
480775,1,1,0,0,0,0,0,25,0,5,0,0
480775,2,1,0,0,0,0,0,0,0,0,0,0
480776,0,1,15,15,15,15,15,15,15,15,15,15
480776,1,1,0,12,0,0,10,0,0,0,0,0
480777,1,1,13,13,13,13,13,13,13,13,13,13
480777,2,1,4,4,4,4,4,4,4,4,4,4
480777,3,1,0,0,0,0,14,0,11,18,16,0
480778,1,1,28,28,28,28,28,28,28,28,28,28
480779,1,1,7,7,7,7,7,7,7,7,7,7
480779,2,1,0,0,0,0,22,0,0,0,0,25
480780,1,1,21,21,21,21,21,21,21,21,21,21
480780,2,1,0,12,0,0,0,0,0,14,14,0
480781,0,1,8,8,8,8,8,8,8,8,8,8
480781,1,1,0,22,0,11,8,20,9,0,0,44
480782,1,1,0,0,0,0,0,0,0,0,0,0
480783,1,1,0,0,0,0,0,0,0,0,0,0
480783,2,1,0,0,0,0,0,0,0,0,0,0
480784,1,1,11,11,11,11,11,11,11,11,11,11
480786,1,1,0,0,0,0,0,0,0,0,0,0
480787,1,1,0,0,0,5,0,0,0,0,0,0
480788,0,1,0,0,0,0,0,0,0,0,0,0
480788,1,1,0,0,0,0,0,0,0,0,17,0
480789,1,1,0,0,0,0,0,0,0,0,0,0
480790,1,1,0,0,19,0,15,0,5,0,0,0
480792,1,1,0,0,0,0,0,0,0,0,0,0
480792,2,1,0,0,4,0,0,0,0,0,0,0
480793,1,1,0,0,0,0,0,0,0,0,0,0
480793,2,1,0,0,0,0,0,0,0,0,0,0
480794,1,1,0,0,0,0,0,0,0,7,0,0
480794,2,1,0,0,0,0,0,0,0,0,0,0
480794,3,1,0,0,0,0,0,11,0,0,0,0
480795,1,1,0,0,0,10,22,0,13,13,16,15
480796,1,1,0,0,0,0,0,0,0,0,0,0
480796,2,1,0,0,0,0,0,0,0,0,0,0
480797,1,1,0,15,0,0,0,19,0,0,0,0
480798,0,1,19,19,19,19,19,19,19,19,19,19
480798,1,1,0,0,0,0,0,0,0,0,0,0
480799,1,1,0,0,0,0,0,0,0,0,0,0
480799,2,1,26,26,26,26,26,26,26,26,26,26
480800,1,1,0,0,0,0,0,9,0,0,0,0
480800,2,1,0,0,4,0,0,0,0,0,1,0
480801,1,1,11,11,11,11,11,11,11,11,11,11
480802,1,1,15,15,15,15,15,15,15,15,15,15
480802,2,1,0,0,0,0,0,0,0,0,0,0
480803,1,1,0,0,0,0,0,0,0,0,0,19
480803,2,1,0,0,0,12,0,0,0,0,0,0
480803,3,1,0,0,0,0,0,0,0,0,0,0
480803,4,1,3,0,0,0,0,0,0,0,0,0
480804,1,1,40,40,40,40,40,40,40,40,40,40
480805,1,1,0,0,0,0,0,0,0,0,0,0
480805,2,1,0,0,0,0,0,0,0,0,0,0
480806,1,1,0,0,0,0,0,0,0,0,0,0
480807,1,1,0,0,0,0,0,0,0,0,0,0
480808,1,1,0,0,0,0,0,0,0,0,0,0
480809,1,1,0,2,0,0,0,0,0,0,0,0
480809,2,1,0,0,0,0,0,0,0,0,0,0
480810,1,1,15,15,15,15,15,15,15,15,15,15
480811,0,1,0,0,0,0,0,0,0,0,0,0
480811,1,1,23,0,0,0,0,0,0,18,0,0
480812,1,1,17,0,0,0,0,25,18,0,28,18
480813,1,1,4,0,0,3,0,0,3,15,0,7
480813,2,1,0,0,0,16,0,0,0,0,0,0
480814,1,1,11,18,11,22,21,14,27,25,9,18
480815,1,1,0,0,0,0,0,0,0,0,0,0
480815,2,1,19,25,0,0,0,0,0,0,0,0
480815,3,1,0,0,0,0,0,0,0,0,0,0
480816,1,1,0,0,0,0,0,0,0,0,0,0
480816,2,1,0,13,0,0,6,9,0,3,0,0
480817,1,1,0,0,0,0,0,0,0,0,0,16
480818,1,1,9,0,0,0,0,0,8,0,7,14
480819,1,1,0,0,0,0,0,0,0,0,0,0
480819,2,1,8,8,8,8,8,8,8,8,8,8
480820,1,1,22,22,22,22,22,22,22,22,22,22
480820,2,1,25,25,25,25,25,25,25,25,25,25
480821,0,1,19,19,19,19,19,19,19,19,19,19
480821,1,1,0,0,29,5,0,0,12,0,0,14
480822,0,1,19,19,19,19,19,19,19,19,19,19
480822,1,1,34,12,0,0,0,0,30,0,0,20
480823,1,1,0,0,0,0,0,0,0,0,0,0
480824,1,1,0,0,0,0,0,0,0,0,0,0
480824,2,1,0,0,0,0,0,0,0,0,0,0
480824,3,1,0,0,0,0,0,0,0,0,0,0
480825,0,1,0,0,0,0,0,0,0,0,0,0
480825,1,1,0,0,0,0,0,0,0,0,0,0
480826,1,1,20,20,20,20,20,20,20,20,20,20
480826,2,1,0,0,0,0,0,6,0,0,0,0
480827,1,1,0,0,0,0,0,0,0,0,0,0
480828,0,1,0,0,0,0,0,0,0,0,0,0
480828,0,2,19,0,15,0,0,0,0,0,0,0
480828,1,1,0,0,0,0,0,0,0,0,0,0
480829,1,1,7,7,7,7,7,7,7,7,7,7
480830,0,1,28,28,28,28,28,28,28,28,28,28
480830,1,1,0,0,0,0,0,0,0,0,0,0
480831,1,1,19,19,19,19,19,19,19,19,19,19
480832,1,1,16,16,16,16,16,16,16,16,16,16
480833,1,1,0,0,0,0,0,0,0,0,0,0
480834,1,1,0,0,0,0,0,0,0,0,0,0
480835,1,1,0,0,0,0,0,30,0,0,11,45
480836,1,1,12,12,12,12,12,12,12,12,12,12
480837,1,1,24,24,24,24,24,24,24,24,24,24
480838,1,1,0,20,0,0,0,14,0,14,14,24
480839,0,1,0,0,0,0,0,0,0,0,7,0
480839,1,1,5,0,0,0,0,0,12,0,0,0
480840,1,1,0,0,0,0,0,0,0,0,0,0
480841,1,1,0,0,0,0,0,15,0,0,0,0
480841,2,1,0,0,0,0,0,0,0,0,0,0
480842,1,1,3,3,3,3,3,3,3,3,3,3
480843,1,1,19,19,19,19,19,19,19,19,19,19
480844,1,1,0,17,0,0,20,0,0,0,0,0
480845,1,1,14,14,14,14,14,14,14,14,14,14
480846,0,1,0,24,0,0,0,0,0,0,0,17
480846,2,1,0,0,0,0,0,0,0,0,0,0
480847,1,1,0,0,0,0,0,0,0,0,0,0
480847,2,1,0,0,0,0,0,0,0,0,0,0
480848,0,1,0,0,0,0,0,0,35,0,0,0
480848,1,1,0,0,0,0,0,0,0,0,0,0
480849,1,1,0,10,0,0,0,26,0,12,33,0
480850,1,1,26,26,26,26,26,26,26,26,26,26
480850,2,1,0,0,0,0,0,0,0,0,0,0
480851,1,1,0,0,0,0,0,0,0,0,0,0
480851,2,1,0,0,0,0,0,0,0,0,0,0
480852,1,1,0,0,0,0,0,0,0,0,0,0
480853,1,1,0,0,27,0,37,10,8,9,4,8
480854,1,1,22,22,22,22,22,22,22,22,22,22
480855,1,1,0,0,0,0,0,0,0,0,0,0
480855,2,1,0,0,0,0,0,0,0,0,0,0
480856,1,1,0,0,0,18,20,17,0,0,0,22
480857,1,1,0,0,0,0,0,0,0,0,0,0
480857,2,1,32,15,0,7,0,0,19,0,16,0
480858,1,1,0,0,0,0,0,0,19,0,0,0
480858,2,1,0,0,0,17,0,0,0,0,0,0
480859,1,1,20,0,0,0,0,0,0,0,0,0
480860,1,1,0,0,0,18,0,0,0,0,0,0
480860,2,1,0,0,0,0,0,0,0,0,0,0
480861,1,1,24,0,14,42,15,0,0,29,0,0
480862,1,1,0,0,0,0,0,0,0,0,0,0
480863,0,1,0,0,10,0,0,0,0,20,0,39
480863,1,1,0,0,0,0,0,0,0,0,0,0
480864,1,1,23,23,23,23,23,23,23,23,23,23
480864,2,1,0,0,0,0,0,0,0,0,0,0
480865,1,1,0,0,13,0,0,0,0,0,0,25
480865,2,1,0,0,0,0,0,0,0,7,0,0
480865,3,1,0,0,0,0,0,0,0,0,0,0
480865,4,1,0,0,0,0,0,0,0,0,0,0
480866,1,1,5,5,5,5,5,5,5,5,5,5
480867,1,1,23,23,23,23,23,23,23,23,23,23
480867,2,1,0,0,0,0,0,0,0,0,0,6
480868,0,1,33,23,0,0,0,0,0,0,13,0
480868,0,2,10,0,0,11,20,0,33,0,0,0
480868,1,1,0,0,0,0,0,0,0,0,0,0
480869,1,1,0,0,0,0,0,0,0,0,0,0
480870,1,1,21,21,21,21,21,21,21,21,21,21
480871,1,1,3,22,0,9,10,16,0,5,6,2
480871,2,1,0,0,0,0,0,0,0,0,0,0
480872,1,1,29,29,29,29,29,29,29,29,29,29
480873,1,1,0,0,0,0,0,0,0,0,0,0
480873,2,1,0,0,0,4,0,0,0,0,0,2
480874,0,1,0,0,0,0,0,0,0,0,0,0
480874,1,1,0,18,0,10,0,11,3,0,8,0
480876,1,1,19,0,0,0,21,0,0,0,14,0
480877,1,1,10,10,10,10,10,10,10,10,10,10
480878,1,1,6,6,6,6,6,6,6,6,6,6
480879,1,1,0,0,0,0,0,0,0,11,0,0
480879,2,1,0,0,0,0,0,0,0,0,0,0
480880,1,1,0,0,17,0,0,4,0,0,0,0
480881,0,1,0,0,0,0,0,0,0,0,0,0
480881,0,2,11,26,32,25,16,31,45,29,7,26
480881,1,1,0,0,17,0,0,0,0,11,0,0
480882,0,1,26,26,26,26,26,26,26,26,26,26
480882,1,1,0,23,17,7,7,15,2,13,0,0
480882,2,1,0,23,0,0,0,6,14,3,0,16
480883,1,1,0,0,0,0,0,0,0,0,0,0
480883,2,1,0,0,0,0,0,0,0,0,0,0
480884,0,1,0,18,13,11,13,12,28,18,22,24
480884,1,1,0,0,0,0,0,0,0,0,0,0
480885,1,1,0,0,0,0,0,0,0,0,0,0
480885,2,1,0,0,0,0,0,0,0,0,0,0
480886,1,1,11,11,11,11,11,11,11,11,11,11
480887,1,1,0,3,0,0,0,0,0,0,0,14
480887,2,1,0,0,0,0,0,0,0,0,0,0
480887,3,1,0,0,0,0,0,0,0,0,0,9
480888,0,1,0,0,0,0,0,0,0,0,0,0
480888,1,1,18,18,18,18,18,18,18,18,18,18
480889,1,1,0,0,0,0,0,0,0,0,0,0
480889,2,1,0,0,0,0,0,14,21,0,12,18
480890,1,1,24,21,7,19,8,0,12,16,0,23
480891,1,1,26,26,26,26,26,26,26,26,26,26
480892,1,1,22,22,22,22,22,22,22,22,22,22
480892,2,1,27,14,27,0,0,20,23,0,10,19
480892,3,1,19,0,4,26,20,0,0,20,21,0
480893,1,1,0,0,0,0,0,0,0,0,0,0
480893,2,1,0,0,0,0,0,0,15,0,0,27
480894,1,1,24,24,24,24,24,24,24,24,24,24
480895,0,1,33,33,33,33,33,33,33,33,33,33
480895,1,1,0,0,0,0,0,0,0,0,0,0
480896,1,1,8,8,8,8,8,8,8,8,8,8
480896,2,1,8,8,8,8,8,8,8,8,8,8
480896,3,1,0,0,0,0,0,0,0,0,0,0
480897,1,1,15,32,0,16,0,0,14,0,0,5
480897,2,1,0,20,0,25,12,17,0,0,0,16
480897,3,1,15,8,18,19,27,0,10,0,0,0
480897,4,1,0,0,0,5,0,0,8,0,4,0
480898,1,1,28,26,20,11,18,29,18,20,29,28
480899,1,1,18,18,18,18,18,18,18,18,18,18
480899,2,1,0,0,0,0,0,0,0,0,0,0
480900,1,1,0,5,0,0,0,0,10,0,0,0
480900,2,1,0,11,0,0,0,23,21,0,0,0
480901,1,1,18,12,0,0,0,11,6,15,18,12
480902,1,1,9,0,6,0,16,0,0,19,0,0
480904,0,1,26,0,20,41,21,0,39,0,0,29
480904,1,1,16,0,0,0,0,0,0,0,0,0
480905,1,1,0,2,0,11,10,16,0,20,9,0
480906,1,1,0,0,17,0,0,0,26,0,0,19
480906,2,1,0,0,0,0,0,0,0,0,0,0
480907,0,1,0,0,0,0,0,8,0,9,0,0
480907,1,1,0,0,0,9,0,0,0,7,0,11
480907,2,1,6,0,0,0,0,0,0,0,23,0
480908,0,1,0,25,10,12,18,0,0,9,33,0
480908,1,1,16,11,11,0,8,0,0,0,0,0
480909,1,1,23,23,23,23,23,23,23,23,23,23
480909,2,1,0,11,0,17,9,14,10,0,8,0
480910,1,1,0,0,0,0,0,0,0,0,0,0
480911,1,1,0,0,0,0,0,0,0,0,0,0
480912,1,1,0,0,0,14,0,0,0,0,0,0
480912,2,1,11,11,11,11,11,11,11,11,11,11
480913,1,1,0,0,0,0,0,0,0,0,0,0
480914,1,1,0,0,0,0,0,0,0,0,0,0
480914,2,1,0,0,0,0,0,0,0,0,0,0
480915,1,1,0,0,0,0,0,12,23,9,0,0
480916,1,1,0,0,0,0,0,0,0,0,0,0
480916,2,1,0,0,0,0,0,0,0,4,0,14
480917,1,1,11,11,11,11,11,11,11,11,11,11
480918,1,1,28,3,9,31,9,0,18,15,18,21
480918,2,1,0,17,8,0,0,12,0,0,0,0
480919,1,1,13,12,14,25,11,11,24,19,22,27
480920,1,1,0,0,0,0,0,0,0,0,0,0
480920,2,1,0,0,0,0,0,0,0,0,0,0
480920,3,1,0,0,0,0,0,0,0,0,0,22
480921,0,1,0,0,13,0,0,32,0,0,0,20
480921,1,1,14,0,0,0,0,0,12,0,0,0
480922,1,1,0,0,0,0,0,0,0,0,0,0
480923,1,1,0,0,0,0,0,0,0,0,0,0
480923,2,1,0,0,0,0,0,0,0,0,0,0
480923,3,1,0,0,0,0,0,0,0,5,6,0
480924,1,1,13,13,13,13,13,13,13,13,13,13
480925,1,1,22,22,22,22,22,22,22,22,22,22
480926,1,1,0,0,0,0,0,8,0,0,0,0
480926,2,1,0,0,0,0,0,0,0,0,0,0
480926,3,1,0,31,0,12,0,0,0,0,0,0
480926,4,1,0,8,0,0,0,0,0,0,0,0
480927,1,1,17,20,18,22,18,13,0,5,19,21
480928,1,1,0,0,0,0,0,0,0,0,0,0
480929,1,1,0,21,14,15,18,9,0,7,0,0
480930,1,1,0,0,0,0,0,0,0,0,0,0
480931,1,1,0,0,0,0,0,0,0,0,0,0
480931,2,1,0,0,0,0,0,0,0,0,0,0
480932,1,1,0,0,0,0,11,0,0,8,7,0
480933,1,1,0,0,0,0,0,0,0,0,0,0
480934,0,1,0,0,0,0,0,0,0,0,0,0
480934,1,1,0,15,0,0,0,0,0,0,0,0
480935,1,1,11,11,11,11,11,11,11,11,11,11
480935,2,1,0,0,0,0,0,0,0,0,0,0
480936,1,1,0,0,0,0,0,0,0,0,0,0
480936,2,1,23,0,20,0,0,0,0,34,0,0
480937,0,1,0,15,0,0,0,25,0,19,0,0
480937,1,1,0,0,0,19,0,0,0,0,0,0
480938,1,1,0,0,0,0,0,0,0,0,0,0
480938,2,1,0,0,0,10,0,0,0,0,0,0
480939,1,1,0,4,0,0,0,0,0,0,0,0
480939,2,1,0,0,0,0,0,0,0,0,0,0
480940,1,1,0,0,0,0,0,0,0,0,0,0
480940,2,1,0,0,0,0,0,0,0,0,0,0
480941,1,1,10,0,0,0,14,0,26,0,3,0
480941,2,1,5,5,5,5,5,5,5,5,5,5
480942,0,1,0,0,0,0,0,0,0,0,0,0
480942,1,1,29,16,0,0,0,19,0,11,31,0
480943,1,1,25,25,25,25,25,25,25,25,25,25
480943,2,1,0,0,0,0,0,0,0,0,0,0
480943,3,1,16,0,7,0,11,0,0,25,7,0
480943,4,1,0,0,0,0,0,0,0,0,0,0
480943,5,1,12,0,0,0,0,0,0,0,0,0
480944,1,1,0,0,0,0,0,0,0,0,0,21
480944,2,1,1,1,1,1,1,1,1,1,1,1
480945,1,1,0,0,0,0,0,0,0,0,0,0
480946,1,1,1,1,1,1,1,1,1,1,1,1
480946,2,1,0,0,0,0,0,0,0,0,0,0
480947,1,1,18,18,18,18,18,18,18,18,18,18
480948,0,1,0,0,0,0,0,0,0,0,0,0
480948,1,1,0,15,0,0,15,0,0,0,0,23
480949,1,1,17,17,17,17,17,17,17,17,17,17
480950,1,1,23,23,23,23,23,23,23,23,23,23
480950,2,1,0,0,0,0,0,0,0,0,0,0
480951,1,1,13,13,13,13,13,13,13,13,13,13
480952,0,1,0,0,0,0,0,0,0,0,0,0
480952,1,1,0,0,0,0,0,0,0,0,0,0
480953,1,1,0,17,14,0,0,0,0,17,0,0
480954,1,1,0,0,0,0,0,0,0,0,0,0
480954,2,1,0,0,0,0,0,0,0,0,0,0
480955,1,1,21,21,21,21,21,21,21,21,21,21
480955,2,1,0,0,0,0,0,0,0,0,0,0
480956,1,1,0,0,0,0,0,0,0,0,0,0
480956,2,1,0,0,0,3,0,0,0,9,0,7
480957,1,1,7,7,7,7,7,7,7,7,7,7
480958,0,1,0,0,0,0,0,0,0,0,0,0
480958,1,1,0,0,0,0,0,0,0,0,0,0
480959,1,1,17,17,17,17,17,17,17,17,17,17
480959,2,1,0,0,0,0,27,0,0,0,0,21
480959,3,1,0,0,0,0,0,0,4,0,0,16
480959,4,1,0,0,0,0,0,31,0,0,0,0
480960,1,1,42,18,15,20,30,13,11,23,14,32
480961,1,1,22,22,22,22,22,22,22,22,22,22
480961,2,1,0,27,11,0,14,13,28,12,17,0
480961,3,1,0,11,18,0,9,0,22,6,10,9
480962,1,1,18,18,18,18,18,18,18,18,18,18
480963,1,1,0,0,0,0,0,0,0,0,0,0
480963,2,1,0,0,16,0,0,0,0,0,10,0
480964,1,1,0,0,0,0,0,0,0,0,0,0
480964,2,1,0,0,0,0,0,0,0,0,0,0
480965,1,1,0,0,0,0,0,0,0,0,0,0
480966,1,1,10,19,4,5,21,11,17,15,15,12
480967,1,1,26,26,26,26,26,26,26,26,26,26
480968,1,1,14,14,14,14,14,14,14,14,14,14
480969,1,1,12,0,38,14,23,19,13,8,25,9
480969,2,1,43,0,9,10,0,0,0,2,0,0
480970,0,1,0,0,0,0,0,0,0,0,0,0
480970,1,1,2,0,32,18,2,8,5,18,30,22
480971,0,1,0,0,0,0,0,0,0,0,0,0
480971,1,1,0,0,0,15,0,0,0,27,19,0
480972,1,1,11,11,11,11,11,11,11,11,11,11
480973,1,1,10,10,10,10,10,10,10,10,10,10
480973,2,1,6,6,6,6,6,6,6,6,6,6
480974,1,1,7,0,0,0,0,0,0,0,0,0
480974,2,1,0,0,6,8,0,0,0,0,0,0
480975,1,1,0,15,0,12,25,43,26,0,0,0
480976,0,1,0,0,0,0,0,0,0,0,0,0
480976,1,1,0,0,0,0,0,0,0,0,0,0
480977,1,1,19,19,19,19,19,19,19,19,19,19
480978,1,1,32,13,15,7,15,17,0,0,29,0
480979,1,1,17,17,17,17,17,17,17,17,17,17
480980,1,1,0,0,0,0,0,0,0,0,0,0
480980,2,1,0,0,0,0,0,21,0,0,0,0
480981,1,1,11,11,11,11,11,11,11,11,11,11
480982,1,1,23,23,23,23,23,23,23,23,23,23
480983,1,1,0,0,6,0,0,0,0,0,24,0
480983,2,1,0,0,0,0,0,0,0,0,0,0
480984,1,1,10,10,10,10,10,10,10,10,10,10
480985,0,1,12,18,10,18,14,18,32,11,55,39
480985,1,1,33,0,0,0,17,0,8,0,0,0
480986,1,1,11,11,11,11,11,11,11,11,11,11
480987,1,1,0,0,0,0,0,0,0,0,0,0
480987,2,1,0,0,0,0,0,0,0,0,0,0
480988,1,1,0,0,0,0,0,0,0,0,0,0
480989,1,1,15,15,15,15,15,15,15,15,15,15
480989,2,1,29,29,29,29,29,29,29,29,29,29
480990,1,1,0,11,0,0,0,0,0,0,0,0
480990,2,1,0,0,0,0,0,0,0,0,0,0
480991,1,1,0,0,0,0,0,0,0,0,0,0
480991,2,1,0,0,0,0,0,0,0,0,0,0
480991,3,1,0,0,0,15,0,0,0,0,0,0
480991,4,1,0,0,0,0,0,0,0,0,0,0
480992,1,1,23,24,24,13,19,20,18,21,5,17
480993,1,1,0,0,0,0,0,0,0,0,0,0
480993,2,1,0,0,0,0,0,0,0,0,0,13
480993,3,1,0,0,0,0,0,0,0,0,0,0
480994,1,1,0,0,0,0,0,0,0,0,0,0
480994,2,1,8,0,0,0,0,0,0,0,0,0
480995,1,1,0,0,0,0,0,0,0,0,0,0
480995,2,1,2,2,2,2,2,2,2,2,2,2
480996,1,1,0,0,0,0,0,0,0,0,0,0
480997,1,1,0,0,0,0,0,0,0,0,0,0
480997,2,1,0,0,3,0,0,0,0,0,0,0
480998,1,1,0,0,0,0,0,0,0,0,0,0
480998,2,1,34,26,0,0,19,9,0,0,0,0
480999,1,1,0,0,0,0,0,0,0,0,0,0
480999,2,1,0,0,0,0,0,0,0,0,0,0
481000,1,1,0,0,0,0,13,0,0,0,0,0
481000,2,1,0,0,0,0,0,0,0,9,0,0
481000,3,1,28,0,0,0,0,0,30,0,14,0
481001,1,1,26,26,26,26,26,26,26,26,26,26
481002,1,1,0,0,0,0,0,0,0,0,0,0
481002,2,1,19,6,19,26,15,0,12,18,11,10
481002,3,1,0,0,0,0,24,12,0,0,0,0
481003,1,1,0,11,0,0,10,0,0,0,0,18
481003,2,1,0,0,5,23,0,0,0,0,0,0
481004,0,1,0,0,0,0,0,0,0,0,0,0
481004,1,1,0,0,0,0,0,25,0,0,17,0
481004,2,1,0,0,0,0,0,31,0,16,0,0
481005,1,1,20,20,20,20,20,20,20,20,20,20
481005,2,1,0,0,0,0,0,0,0,0,0,0
481006,1,1,4,4,4,4,4,4,4,4,4,4
481007,1,1,0,0,0,0,0,0,0,0,0,0
481008,0,1,8,0,0,0,0,0,22,14,0,0
481008,1,1,10,0,0,0,0,0,0,0,0,0
481009,0,1,16,16,16,16,16,16,16,16,16,16
481009,1,1,0,0,0,17,0,0,0,12,13,0
481010,1,1,35,12,20,12,16,21,23,3,9,58
481011,1,1,0,12,0,0,0,0,20,0,0,0
481011,2,1,0,0,0,14,0,0,0,0,0,11
481012,0,1,31,10,26,0,0,0,0,0,0,19
481012,1,1,0,0,20,0,0,0,0,0,0,0
481013,0,1,19,0,10,20,24,0,22,20,13,32
481013,1,1,0,0,10,0,0,0,0,0,12,19
481014,1,1,12,12,12,12,12,12,12,12,12,12
481015,1,1,0,0,0,0,0,0,0,0,0,0
481015,2,1,0,0,0,0,0,14,0,0,0,0
481016,0,1,0,0,0,0,0,0,0,0,0,0
481016,1,1,0,0,0,0,0,0,0,0,0,0
481017,1,1,0,9,0,0,0,24,0,13,0,21
481018,1,1,21,0,0,0,37,21,0,0,0,0
481019,1,1,0,0,0,0,0,0,0,0,0,0
481019,2,1,0,0,0,0,0,0,0,0,0,0
481019,3,1,0,0,0,0,0,0,0,0,0,0
481020,1,1,21,21,21,21,21,21,21,21,21,21
481021,0,1,0,0,0,0,0,0,0,0,0,0
481021,1,1,0,0,0,0,0,0,0,0,0,0
481022,1,1,0,11,0,0,0,0,0,0,0,0
481023,1,1,0,0,0,0,0,0,0,0,0,0
481023,2,1,25,4,0,0,0,0,0,17,0,3
481023,3,1,0,0,0,0,0,0,0,0,0,0
481025,1,1,8,8,8,8,8,8,8,8,8,8
481025,2,1,0,0,0,0,0,0,0,0,0,0
481026,1,1,0,22,0,0,0,0,6,20,0,0
481026,2,1,0,0,0,0,0,0,0,0,0,0
481027,1,1,0,0,0,0,0,0,0,0,0,0
481028,1,1,34,34,34,34,34,34,34,34,34,34
481029,1,1,0,0,0,0,0,0,0,0,0,0
481029,2,1,26,38,0,0,0,0,0,19,0,0
481030,1,1,20,0,39,17,0,13,14,7,10,36
481030,2,1,0,0,17,0,0,0,0,0,0,0
481031,1,1,0,0,0,0,9,11,0,0,32,15
481032,1,1,0,0,0,0,0,0,0,0,0,38
481033,1,1,17,25,18,8,5,27,0,25,29,28
481034,1,1,0,0,0,0,0,0,0,0,0,0
481035,1,1,0,0,0,0,16,0,0,0,0,0
481036,1,1,18,18,18,18,18,18,18,18,18,18
481036,2,1,0,0,0,0,0,0,0,0,0,0
481037,1,1,14,14,14,14,14,14,14,14,14,14
481038,0,1,19,19,19,19,19,19,19,19,19,19
481038,1,1,0,0,0,0,0,0,0,0,0,0
481039,1,1,17,17,17,17,17,17,17,17,17,17
481040,1,1,7,7,7,7,7,7,7,7,7,7
481040,2,1,23,23,23,23,23,23,23,23,23,23
481041,0,1,20,20,20,20,20,20,20,20,20,20
481041,1,1,23,40,11,5,7,7,22,23,11,15
481042,1,1,0,0,0,0,0,0,0,27,0,0
481042,2,1,0,0,0,2,0,0,0,0,0,0
481042,3,1,0,0,0,0,14,0,0,0,0,0
481042,4,1,0,0,0,0,0,0,0,0,0,0
481043,0,1,0,0,0,0,0,0,0,0,0,0
481043,1,1,11,11,11,11,11,11,11,11,11,11
481044,1,1,0,0,0,0,0,0,0,0,0,0
481045,1,1,0,0,0,0,0,0,13,0,0,0
481046,1,1,0,0,0,0,0,0,0,0,0,0
481047,1,1,0,0,0,0,0,0,0,0,0,0
481047,2,1,0,0,0,0,0,0,0,0,0,0
481048,1,1,4,4,4,4,4,4,4,4,4,4
481048,2,1,0,0,0,12,0,8,0,0,0,0
481048,3,1,0,0,0,9,0,0,0,0,0,0
481049,1,1,16,0,12,13,0,0,3,14,0,14
481050,1,1,25,25,25,25,25,25,25,25,25,25