ST_CASE,VEH_NO,PER_NO,P1,P2,P3,P4,P5,P6,P7,P8,P9,P10
481051,1,1,0,0,0,0,0,0,0,0,0,0
481052,1,1,10,10,10,10,10,10,10,10,10,10
481052,2,1,7,7,7,7,7,7,7,7,7,7
481052,3,1,13,26,0,0,8,10,4,20,0,0
481053,1,1,5,5,5,5,5,5,5,5,5,5
481053,2,1,10,0,0,16,30,28,15,15,0,25
481054,1,1,0,0,0,12,13,0,0,0,0,0
481055,0,1,0,30,0,6,17,0,30,0,14,0
481055,1,1,21,0,0,0,0,0,17,0,24,15
481056,1,1,10,10,10,10,10,10,10,10,10,10
481056,2,1,0,20,0,14,0,11,0,0,0,0
481057,1,1,12,12,12,12,12,12,12,12,12,12
481058,0,1,41,10,29,28,9,26,27,12,7,26
481058,1,1,8,0,0,0,0,0,0,0,8,0
481059,1,1,0,0,0,0,0,0,0,0,0,12
481059,2,1,0,0,0,0,0,0,0,0,0,0
481060,1,1,21,21,21,21,21,21,21,21,21,21
481061,1,1,0,0,0,0,0,0,0,0,0,0
481062,0,1,11,0,0,0,16,0,0,0,0,17
481062,1,1,11,11,11,11,11,11,11,11,11,11
481063,1,1,12,12,12,12,12,12,12,12,12,12
481063,2,1,0,0,0,0,0,0,0,0,0,0
481064,1,1,18,18,18,18,18,18,18,18,18,18
481065,1,1,0,14,0,0,0,0,4,0,0,0
481065,2,1,0,0,0,0,0,0,0,0,0,0
481065,3,1,0,0,0,0,13,4,0,0,0,0
481066,1,1,0,0,0,0,0,0,0,0,34,0
481066,2,1,0,0,0,0,0,0,0,0,0,11
481067,1,1,13,13,13,13,13,13,13,13,13,13
481067,2,1,8,14,15,18,8,16,8,14,6,18
481067,3,1,0,0,0,0,0,0,0,0,0,0
481068,1,1,0,0,0,0,0,0,0,0,0,0
481069,1,1,13,13,13,13,13,13,13,13,13,13
481069,2,1,0,9,4,0,0,0,0,0,0,0
481070,0,1,0,0,0,0,0,0,0,0,0,0
481070,1,1,0,0,0,0,0,20,0,0,13,0
481071,1,1,22,0,14,27,16,23,0,18,17,11
481072,1,1,19,19,19,19,19,19,19,19,19,19
481072,2,1,0,0,3,0,0,0,0,0,0,0
481073,1,1,0,19,0,0,0,0,0,0,0,0
481073,2,1,0,0,0,0,0,0,0,0,0,0
481074,1,1,18,18,18,18,18,18,18,18,18,18
481076,1,1,14,14,14,14,14,14,14,14,14,14
481077,1,1,13,13,13,13,13,13,13,13,13,13
481077,2,1,31,8,14,0,14,0,9,0,0,13
481078,1,1,0,0,0,0,0,0,0,0,0,0
481078,2,1,8,0,0,0,0,0,0,0,0,0
481079,1,1,0,0,0,0,0,0,0,15,0,0
481079,2,1,0,0,0,8,0,0,0,0,0,0
481081,1,1,0,0,0,0,0,0,10,0,0,0
481082,1,1,0,16,0,0,0,0,0,0,0,0
481082,2,1,12,0,0,0,0,15,0,0,19,0
481083,1,1,15,15,15,15,15,15,15,15,15,15
481084,1,1,5,5,5,5,5,5,5,5,5,5
481084,2,1,0,0,0,0,0,0,0,0,0,0
481085,0,1,0,0,0,0,0,0,0,0,0,0
481085,0,2,0,0,0,0,0,0,0,0,0,0
481085,1,1,0,0,0,0,0,0,0,0,0,0
481085,2,1,5,5,5,5,5,5,5,5,5,5
481086,0,1,0,0,0,0,0,0,0,0,0,0
481086,0,2,12,0,15,0,52,0,23,24,48,0
481086,1,1,20,20,20,20,20,20,20,20,20,20
481087,1,1,0,0,0,0,0,0,0,0,0,0
481087,2,1,0,0,0,0,0,0,0,0,0,0
481088,1,1,20,20,20,20,20,20,20,20,20,20
481089,0,1,0,0,0,20,0,0,0,0,0,0
481089,1,1,0,0,0,0,0,0,0,0,0,19
481090,1,1,0,0,0,0,0,0,0,0,0,0
481090,2,1,0,0,0,17,0,9,0,7,0,0
481091,1,1,27,0,0,0,16,24,0,0,0,0
481091,2,1,0,12,0,0,0,0,0,0,0,0
481092,1,1,0,0,0,3,0,0,0,0,13,0
481092,2,1,0,0,0,0,0,0,0,0,0,0
481092,3,1,0,0,0,0,0,0,0,0,0,0
481093,1,1,0,0,0,0,0,0,0,0,0,0
481093,2,1,0,0,0,0,0,0,0,0,0,0
481094,1,1,22,30,0,0,35,10,25,0,16,13
481095,1,1,0,0,0,0,0,0,0,0,0,0
481095,2,1,0,0,0,0,0,0,0,0,17,0
481095,3,1,0,0,0,0,0,0,0,0,0,0
481096,1,1,11,30,11,12,27,0,0,0,0,11
481097,1,1,0,0,0,0,0,0,0,0,0,0
481098,1,1,16,16,16,16,16,16,16,16,16,16
481099,0,1,0,0,0,0,0,0,0,0,0,0
481099,1,1,0,0,0,0,9,0,0,0,0,0
481100,1,1,0,0,0,0,0,0,0,0,0,0
481100,2,1,0,0,0,29,0,0,0,0,0,0
481101,1,1,4,23,18,17,18,20,16,15,26,24
481102,1,1,0,0,0,0,0,0,0,0,0,0
481102,2,1,0,0,0,0,0,0,0,0,0,0
481102,3,1,0,0,0,0,0,0,0,0,0,0
481103,1,1,0,0,12,0,0,0,0,0,0,0
481103,2,1,0,0,0,0,0,0,0,0,0,0
481103,3,1,0,0,16,0,17,0,0,0,0,0
481104,1,1,11,11,11,11,11,11,11,11,11,11
481105,1,1,0,0,0,0,0,0,11,0,0,0
481105,2,1,24,0,0,8,0,17,0,0,0,0
481106,1,1,0,0,0,0,0,0,0,0,0,0
481106,2,1,0,0,0,0,24,0,0,0,0,0
481107,1,1,2,2,2,2,2,2,2,2,2,2
481108,1,1,0,0,0,0,0,0,0,0,0,0
481108,2,1,0,0,0,0,0,0,0,0,0,0
481109,1,1,28,10,0,10,21,28,0,9,14,13
481110,0,1,15,15,15,15,15,15,15,15,15,15
481110,1,1,0,0,0,0,0,0,0,0,0,14
481111,1,1,21,13,0,18,0,11,14,7,21,11
481112,0,1,22,18,22,16,14,34,0,17,47,32
481112,1,1,19,0,19,0,9,0,0,9,0,0
481113,0,1,0,0,0,0,0,0,0,0,0,0
481113,1,1,0,0,0,8,0,18,0,26,0,0
481114,1,1,19,20,13,0,38,32,32,18,9,9
481115,1,1,26,26,26,26,26,26,26,26,26,26
481115,2,1,13,13,13,13,13,13,13,13,13,13
481116,1,1,0,0,0,0,0,0,0,0,0,0
481116,2,1,0,0,0,0,0,0,0,0,0,0
481117,1,1,27,27,27,27,27,27,27,27,27,27
481118,1,1,10,10,10,10,10,10,10,10,10,10
481119,1,1,0,0,0,0,0,0,0,0,0,0
481119,2,1,0,0,0,0,0,0,0,0,0,0
481120,1,1,0,0,0,0,28,27,0,0,0,19
481120,2,1,3,3,3,3,3,3,3,3,3,3
481121,0,1,0,0,15,38,16,0,8,18,0,0
481121,1,1,0,0,0,0,8,0,0,0,0,0
481122,1,1,0,0,26,0,0,0,0,0,0,0
481122,2,1,9,13,0,0,0,0,0,0,0,0
481123,1,1,0,0,0,0,0,0,0,0,0,0
481124,1,1,0,0,0,0,0,0,0,0,0,0
481124,2,1,0,0,5,18,4,0,0,30,22,7
481124,3,1,0,0,0,0,0,0,0,0,0,0
481125,1,1,0,0,0,0,0,0,0,0,0,0
481125,2,1,10,0,0,0,0,0,9,0,0,0
481126,0,1,0,0,0,0,0,0,0,0,0,0
481126,1,1,0,0,0,0,0,15,0,0,0,0
481126,2,1,0,0,0,0,0,0,0,0,0,0
481127,1,1,0,0,0,0,0,0,0,0,0,0
481128,1,1,6,19,0,0,0,0,18,0,0,0
481129,1,1,0,0,0,12,0,0,0,0,0,14
481129,2,1,0,0,16,0,0,0,0,0,0,0
481130,1,1,23,23,23,23,23,23,23,23,23,23
481131,1,1,0,0,0,0,0,15,0,0,0,0
481131,2,1,0,0,0,0,0,0,0,0,0,0
481132,0,1,0,0,22,0,0,14,0,0,0,23
481132,1,1,16,0,0,0,0,5,0,0,0,0
481132,2,1,0,0,6,0,19,0,0,0,0,10
481133,1,1,0,0,0,0,0,0,0,0,0,0
481133,2,1,0,0,0,0,0,0,0,0,0,0
481134,1,1,0,0,0,0,0,0,0,0,0,0
481134,2,1,0,0,0,3,0,0,0,0,0,0
481135,1,1,0,0,0,0,0,0,0,0,0,0
481135,2,1,0,0,13,0,0,0,0,0,20,0
481135,3,1,0,0,0,0,0,0,0,0,0,0
481136,1,1,42,0,17,19,14,23,25,6,25,11
481137,1,1,30,0,0,19,0,0,0,0,0,0
481138,1,1,0,0,0,0,0,0,0,0,0,12
481139,1,1,0,0,0,0,0,0,0,0,0,0
481139,2,1,0,0,0,0,0,0,0,0,0,0
481140,1,1,0,0,0,0,0,4,0,0,0,0
481141,1,1,26,26,26,26,26,26,26,26,26,26
481142,0,1,0,0,9,0,20,0,0,0,0,0
481142,1,1,0,15,14,0,0,0,17,6,0,0
481143,1,1,0,0,0,0,0,0,0,0,14,0
481143,2,1,18,0,0,0,0,9,20,0,12,5
481144,1,1,0,1,0,0,0,0,0,17,0,0
481144,2,1,0,0,0,0,0,0,0,0,0,0
481145,0,1,17,0,24,17,14,26,0,17,24,8
481145,1,1,0,14,0,0,0,0,0,0,0,0
481146,1,1,0,0,0,0,0,0,0,0,0,0
481147,1,1,23,15,2,0,0,5,0,0,32,0
481147,2,1,0,12,4,13,0,24,0,0,10,0
481148,1,1,0,28,0,0,0,0,0,0,0,0
481148,2,1,20,20,20,20,20,20,20,20,20,20
481148,3,1,0,0,0,0,0,0,0,0,0,0
481149,0,1,28,28,28,28,28,28,28,28,28,28
481149,1,1,0,0,0,0,0,0,0,0,0,0
481150,1,1,19,19,19,19,19,19,19,19,19,19
481151,1,1,0,0,0,0,0,0,0,0,0,0
481151,2,1,0,18,22,24,0,7,12,0,23,0
481152,1,1,22,31,24,32,23,34,11,29,28,13
481153,1,1,23,23,23,23,23,23,23,23,23,23
481154,1,1,20,20,20,20,20,20,20,20,20,20
481154,2,1,0,0,0,0,0,0,0,0,0,7
481155,1,1,11,11,11,11,11,11,11,11,11,11
481156,0,1,0,16,37,11,19,27,18,0,41,9
481156,1,1,15,0,0,0,0,16,21,4,0,38
481157,0,1,20,0,0,0,0,0,0,0,0,0
481157,1,1,0,0,0,0,0,21,0,10,9,0
481158,1,1,0,0,0,19,0,0,0,0,0,0
481158,2,1,0,0,0,0,0,0,0,0,0,0
481159,1,1,0,0,0,0,0,0,0,0,0,0
481159,2,1,0,0,0,0,0,0,0,0,0,0
481159,3,1,0,0,0,0,0,0,0,0,0,0
481159,4,1,0,0,1,8,0,0,0,0,0,0
481159,5,1,0,0,0,0,0,0,0,0,0,0
481159,6,1,0,0,0,0,4,0,0,0,0,13
481159,7,1,17,0,0,0,0,16,0,0,0,0
481159,8,1,0,0,0,0,0,0,0,12,0,0
481160,1,1,22,22,22,22,22,22,22,22,22,22
481161,1,1,28,28,28,28,28,28,28,28,28,28
481162,1,1,0,0,0,0,0,0,0,0,0,0
481162,2,1,0,0,15,0,0,0,0,9,0,0
481163,1,1,0,0,0,0,18,0,0,0,0,0
481164,1,1,0,0,11,0,0,0,15,0,0,14
481164,2,1,0,0,0,0,0,0,0,0,0,0
481165,1,1,0,0,0,0,0,0,0,0,0,0
481165,2,1,0,0,0,0,0,0,0,0,0,0
481166,1,1,15,15,15,15,15,15,15,15,15,15
481167,0,1,0,0,0,0,0,0,0,0,0,0
481167,1,1,0,7,0,0,0,0,0,0,0,0
481168,1,1,0,10,4,0,9,12,10,12,0,7
481168,2,1,0,0,0,0,0,0,0,0,0,0
481169,1,1,0,0,4,0,0,0,0,0,18,0
481170,1,1,18,0,0,0,0,0,0,0,0,0
481170,2,1,0,0,0,0,0,0,0,0,0,0
481171,1,1,12,0,0,0,18,0,0,0,0,15
481171,2,1,0,23,32,17,0,16,13,0,0,26
481172,1,1,0,0,0,0,0,0,0,0,0,0
481173,0,1,0,0,0,0,0,0,0,0,0,0
481173,1,1,0,24,9,16,15,3,0,28,12,10
481174,1,1,0,0,0,0,0,0,32,0,0,0
481175,1,1,0,0,0,0,0,0,0,0,0,0
481175,2,1,0,0,0,0,0,0,0,0,0,0
481176,1,1,0,0,0,0,0,0,0,0,0,0
481177,1,1,0,0,0,0,0,0,0,0,0,0
481177,2,1,16,16,16,16,16,16,16,16,16,16
481178,1,1,0,0,0,0,0,0,0,0,0,0
481178,2,1,0,0,0,0,0,0,0,0,0,0
481179,1,1,18,18,0,11,0,0,12,0,0,19
481180,1,1,0,0,12,2,0,0,0,14,0,0
481180,2,1,0,3,0,0,0,0,0,0,0,0
481181,1,1,0,0,0,0,0,0,0,0,0,0
481181,2,1,0,0,0,0,0,0,0,0,0,11
481182,1,1,0,0,0,0,0,0,0,0,0,0
481182,2,1,0,0,0,0,0,0,0,0,0,0
481183,1,1,0,0,0,0,0,0,0,0,0,0
481183,2,1,0,0,0,0,0,0,0,0,0,0
481184,1,1,0,0,0,0,0,0,0,0,0,0
481184,2,1,0,0,0,0,0,0,0,0,10,0
481185,1,1,0,0,0,0,17,11,0,0,0,0
481185,2,1,0,0,0,0,0,0,0,0,0,0
481186,1,1,0,0,0,0,0,0,0,0,0,0
481187,1,1,20,20,20,20,20,20,20,20,20,20
481188,1,1,0,0,0,0,0,0,0,0,0,0
481189,1,1,6,6,6,6,6,6,6,6,6,6
481190,1,1,0,0,0,0,0,0,0,0,0,0
481190,2,1,0,0,0,10,6,16,0,0,22,2
481191,1,1,0,0,0,0,25,0,0,0,0,0
481191,2,1,0,0,0,0,0,0,0,0,0,0
481191,3,1,0,0,0,0,0,0,0,0,0,0
481192,1,1,19,19,19,19,19,19,19,19,19,19
481192,2,1,0,0,0,0,0,0,0,0,0,0
481192,3,1,18,0,0,0,17,0,13,0,0,0
481193,1,1,0,0,0,0,6,23,0,6,0,0
481193,2,1,0,0,0,0,0,0,0,10,8,0
481194,1,1,13,0,0,0,0,15,25,0,6,0
481194,2,1,0,0,0,0,0,0,0,0,0,0
481195,1,1,0,0,0,0,0,0,0,0,0,0
481195,2,1,20,10,0,0,0,0,0,0,0,0
481196,0,1,0,0,0,0,0,0,0,0,0,0
481196,1,1,21,0,0,13,29,0,0,0,0,0
481197,1,1,14,14,14,14,14,14,14,14,14,14
481198,1,1,14,14,14,14,14,14,14,14,14,14
481199,1,1,0,0,0,0,0,0,0,0,0,0
481199,2,1,0,0,0,0,0,0,3,0,0,0
481200,0,1,26,26,26,26,26,26,26,26,26,26
481200,1,1,0,0,0,0,0,0,0,0,0,0
481201,1,1,0,8,0,23,0,0,0,0,0,0
481201,2,1,0,0,0,0,0,0,5,0,0,0
481202,1,1,23,23,23,23,23,23,23,23,23,23
481203,0,1,40,12,24,23,9,9,20,15,33,17
481203,1,1,0,0,12,0,21,0,23,0,0,0
481204,1,1,0,0,0,0,0,0,0,0,0,0
481204,2,1,0,0,0,0,0,0,0,0,0,0
481205,1,1,26,26,26,26,26,26,26,26,26,26
481206,1,1,0,0,0,0,0,8,0,12,0,0
481207,0,1,23,23,23,23,23,23,23,23,23,23
481207,1,1,0,0,0,0,0,0,0,0,0,0
481208,1,1,0,19,15,0,0,9,17,11,22,0
481209,1,1,19,15,33,29,0,18,21,28,18,31
481210,1,1,5,12,6,2,12,3,4,15,22,0
481211,0,1,0,0,0,0,0,0,0,0,0,0
481211,1,1,19,7,0,0,0,11,0,9,0,0
481212,1,1,13,13,13,13,13,13,13,13,13,13
481212,2,1,0,0,0,11,0,0,0,0,0,0
481213,1,1,36,36,36,36,36,36,36,36,36,36
481213,2,1,0,0,0,0,0,8,0,0,0,3
481213,3,1,0,0,0,0,0,0,0,0,0,0
481214,1,1,8,8,8,8,8,8,8,8,8,8
481215,1,1,24,28,16,8,20,10,16,27,30,17
481216,1,1,15,15,15,15,15,15,15,15,15,15
481216,2,1,0,12,28,0,9,0,20,0,7,24
481217,1,1,5,0,0,0,0,9,9,0,0,0
481218,1,1,0,0,0,0,0,0,0,0,0,0
481218,2,1,0,0,0,0,0,0,0,0,0,0
481219,1,1,0,0,0,0,0,0,0,0,0,0
481219,2,1,0,0,0,0,0,0,0,0,0,0
481220,0,1,0,0,0,0,0,0,0,0,0,0
481220,1,1,15,6,0,0,0,0,0,0,0,0
481221,0,1,0,0,0,0,30,0,0,0,0,0
481221,1,1,0,0,15,0,0,0,0,0,7,0
481222,1,1,13,15,15,17,17,27,26,12,28,7
481223,0,1,0,0,35,0,0,0,46,0,0,0
481223,0,2,0,0,0,0,0,0,0,0,0,0
481223,1,1,0,0,0,0,0,0,0,0,0,0
481223,2,1,0,0,0,0,0,0,0,0,0,0
481224,1,1,0,0,0,0,0,0,0,0,0,0
481224,2,1,0,0,0,0,0,0,0,0,0,0
481224,3,1,9,0,0,0,0,0,0,0,0,0
481225,1,1,0,0,0,0,0,0,0,0,0,0
481226,1,1,0,0,0,0,0,0,0,0,0,0
481228,1,1,4,0,0,0,0,0,0,0,20,0
481229,1,1,24,24,24,24,24,24,24,24,24,24
481230,1,1,0,8,0,0,0,0,0,0,0,14
481230,2,1,0,0,0,0,0,0,0,0,0,0
481230,3,1,0,0,0,0,0,0,0,0,0,0
481231,1,1,0,0,0,0,11,0,0,0,0,0
481231,2,1,0,0,0,0,0,0,0,0,0,0
481231,3,1,0,0,0,0,0,0,0,0,0,0
481232,1,1,0,0,0,0,0,16,0,0,0,0
481232,2,1,0,0,0,0,0,0,0,0,0,0
481233,1,1,0,0,0,0,0,0,20,0,0,0
481233,2,1,0,0,0,0,0,0,0,0,0,0
481234,0,1,0,0,0,0,0,0,0,0,0,0
481234,0,2,0,12,0,0,0,0,0,0,0,0
481234,1,1,0,0,0,0,0,12,0,0,10,18
481235,1,1,0,0,0,0,0,0,0,0,0,0
481235,2,1,0,0,0,0,0,0,0,0,0,0
481236,1,1,0,0,0,0,0,0,0,0,0,0
481237,1,1,0,0,0,0,0,0,0,0,0,0
481237,2,1,0,0,0,0,0,0,0,7,0,0
481238,1,1,0,0,0,0,0,0,0,0,0,0
481238,2,1,0,0,0,0,0,0,0,0,0,0
481239,1,1,0,0,0,0,0,0,0,0,0,0
481239,2,1,0,0,0,0,0,0,0,0,0,0
481240,1,1,0,0,0,0,0,0,0,0,0,0
481240,2,1,0,0,0,0,0,0,0,0,0,0
481241,1,1,0,0,0,0,0,0,0,0,0,0
481241,2,1,0,0,0,0,0,0,0,0,0,0
481242,1,1,0,0,0,0,0,0,0,0,0,0
481243,1,1,19,19,19,19,19,19,19,19,19,19
481243,2,1,0,0,0,0,0,0,0,4,0,0
481244,1,1,0,0,0,0,0,0,0,0,0,0
481244,2,1,0,0,0,0,0,0,0,0,0,0
481244,3,1,0,0,0,0,0,0,0,0,0,0
481245,1,1,0,0,8,20,0,0,0,0,0,0
481245,2,1,0,0,0,0,0,0,0,0,0,0
481246,1,1,0,0,0,0,0,0,0,0,0,0
481246,2,1,17,0,12,0,0,0,0,0,0,0
481247,1,1,0,0,0,0,0,0,0,0,0,0
481247,2,1,0,0,3,0,0,0,0,4,0,0
481248,1,1,23,23,23,23,23,23,23,23,23,23
481249,1,1,0,9,0,0,0,0,0,0,0,0
481249,2,1,0,21,0,0,14,14,0,0,0,0
481250,1,1,0,0,0,0,0,0,0,0,0,0
481250,2,1,0,0,0,0,3,0,0,0,0,0
481251,0,1,0,0,12,0,9,0,0,0,0,0
481251,1,1,0,8,0,0,0,0,0,14,0,0
481252,1,1,0,0,0,19,0,0,0,0,0,0
481252,2,1,0,0,0,0,0,0,0,0,0,0
481253,0,1,0,0,0,0,0,0,0,0,0,0
481253,1,1,0,0,0,0,0,0,0,0,0,0
481253,3,1,0,0,0,16,0,12,0,0,6,0
481254,1,1,19,19,19,19,19,19,19,19,19,19
481255,1,1,0,0,0,0,0,0,0,0,0,0
481255,2,1,0,13,0,17,0,0,3,0,0,15
481256,1,1,0,0,0,0,0,0,0,0,0,0
481256,2,1,0,0,0,0,0,0,0,0,0,0
481257,1,1,0,0,24,17,0,14,0,0,3,0
481258,1,1,18,18,18,18,18,18,18,18,18,18
481258,2,1,10,22,11,0,0,0,20,24,18,0
481259,1,1,0,0,0,0,0,0,0,0,0,0
481259,2,1,0,0,0,0,0,0,5,0,0,0
481260,1,1,0,9,0,0,0,0,0,0,0,0
481260,2,1,0,0,15,0,0,0,0,0,0,0
481261,1,1,0,0,0,0,0,0,0,0,0,0
481261,2,1,0,0,0,0,0,0,0,0,0,0
481262,1,1,31,31,31,31,31,31,31,31,31,31
481263,1,1,33,33,33,33,33,33,33,33,33,33
481264,1,1,0,0,2,28,15,20,0,26,6,5
481265,0,1,0,0,0,0,11,0,0,0,19,26
481265,1,1,0,0,16,12,14,18,20,15,0,29
481266,0,1,0,0,0,0,0,0,0,0,0,0
481266,1,1,0,0,0,0,0,0,0,0,0,0
481267,0,1,0,0,18,0,0,0,24,0,11,0
481267,1,1,12,12,14,2,17,20,0,15,15,13
481268,1,1,15,34,9,13,7,14,14,11,15,12
481268,2,1,0,16,9,0,0,24,0,11,10,14
481268,3,1,0,12,6,9,0,0,0,3,0,14
481269,1,1,0,19,0,10,0,0,0,0,0,0
481269,2,1,0,0,0,0,0,0,0,0,0,0
481270,1,1,8,0,18,0,15,0,0,0,0,0
481270,2,1,0,0,0,0,0,0,0,0,0,0
481271,1,1,11,11,11,11,11,11,11,11,11,11
481272,1,1,15,0,0,0,0,0,0,8,21,0
481272,2,1,0,0,0,0,0,0,0,0,0,0
481273,1,1,4,4,4,4,4,4,4,4,4,4
481274,0,1,25,25,25,25,25,25,25,25,25,25
481274,1,1,0,0,13,15,11,0,10,0,0,17
481274,2,1,6,0,40,3,9,40,0,22,18,6
481274,3,1,11,0,0,0,24,0,11,0,0,0
481275,0,1,23,0,0,10,13,0,21,0,13,0
481275,1,1,0,12,0,16,0,0,25,0,10,0
481276,1,1,16,16,16,16,16,16,16,16,16,16
481277,1,1,0,0,10,0,26,0,0,0,0,23
481278,1,1,0,0,0,0,9,0,0,0,14,0
481279,1,1,0,22,19,0,0,0,0,0,0,14
481279,2,1,0,0,0,6,0,0,6,0,0,0
481279,3,1,0,0,0,8,13,0,12,0,0,0
481280,0,1,16,16,16,16,16,16,16,16,16,16
481280,1,1,0,0,0,9,14,34,0,18,8,6
481281,1,1,23,23,23,23,23,23,23,23,23,23
481281,2,1,0,0,0,0,0,0,0,0,0,0
481282,1,1,24,24,24,24,24,24,24,24,24,24
481283,1,1,0,0,0,0,0,0,0,0,5,0
481283,2,1,17,17,17,17,17,17,17,17,17,17
481284,1,1,0,0,0,0,0,0,0,0,0,0
481284,2,1,0,0,0,0,0,0,0,0,0,0
481285,1,1,0,0,0,0,0,0,0,0,0,0
481286,0,1,14,0,31,19,0,0,0,0,0,0
481286,1,1,0,0,0,0,0,0,0,0,0,0
481287,1,1,0,0,0,0,0,0,0,0,0,0
481287,2,1,0,0,0,0,18,0,0,0,0,0
481288,1,1,22,22,22,22,22,22,22,22,22,22
481289,1,1,0,0,28,0,0,0,0,0,0,0
481290,1,1,0,0,0,22,0,0,0,0,0,0
481291,1,1,0,0,0,0,0,0,0,0,0,0
481292,1,1,0,0,0,0,0,0,0,0,0,0
481292,2,1,0,0,29,15,17,0,27,21,15,40
481293,1,1,0,0,0,0,0,0,0,0,0,0
481293,2,1,24,10,0,0,3,12,0,15,0,0
481294,1,1,19,27,0,0,23,0,16,27,0,0
481294,2,1,0,0,15,4,18,46,0,25,0,31
481295,1,1,0,18,0,0,0,9,0,14,0,0
481295,2,1,27,0,0,0,18,0,0,0,0,8
481296,1,1,0,0,0,6,0,0,0,0,7,0
481297,1,1,28,28,28,28,28,28,28,28,28,28
481299,1,1,0,0,0,0,0,0,0,0,0,0
481299,2,1,0,0,0,9,0,0,0,0,0,0
481300,1,1,0,0,0,0,0,0,0,0,0,0
481301,1,1,0,0,0,0,0,0,0,0,0,0
481302,1,1,0,0,0,0,0,0,0,0,0,0
481302,2,1,0,0,0,0,0,9,0,0,0,0
481303,1,1,0,0,0,0,0,0,0,0,0,12
481303,2,1,0,0,0,0,0,0,0,0,0,0
481304,1,1,0,24,0,0,0,0,0,0,0,0
481304,2,1,0,0,0,0,0,0,12,0,0,0
481305,1,1,16,0,0,0,0,0,10,0,0,0
481306,1,1,0,18,0,0,0,0,0,0,0,0
481306,2,1,0,0,0,0,0,0,0,0,0,0
481307,1,1,0,0,0,0,0,0,0,0,0,0
481307,2,1,0,0,0,11,0,0,0,0,0,14
481309,1,1,25,25,25,25,25,25,25,25,25,25
481310,1,1,0,14,0,15,0,0,0,0,0,0
481310,2,1,0,0,0,5,0,0,0,0,0,18
481311,1,1,21,21,21,21,21,21,21,21,21,21
481311,2,1,0,7,15,0,0,0,0,0,0,0
481312,1,1,9,9,9,9,9,9,9,9,9,9
481313,0,1,0,0,0,0,0,0,0,0,0,0
481313,1,1,0,0,0,0,0,0,0,10,0,0
481315,1,1,0,0,0,0,0,0,0,0,0,0
481315,2,1,0,0,0,0,0,0,0,0,0,0
481315,3,1,0,0,0,0,0,0,0,0,0,0
481316,1,1,0,21,0,2,28,17,13,0,8,9
481317,1,1,0,21,0,31,0,0,21,0,0,0
481318,1,1,4,4,4,4,4,4,4,4,4,4
481319,0,1,15,33,12,0,26,0,27,0,0,0
481319,2,1,0,0,0,0,20,0,0,9,0,0
481320,1,1,0,0,0,0,0,0,0,0,0,0
481320,2,1,0,0,0,0,0,0,0,0,0,0
481321,0,1,26,22,0,28,16,8,16,0,28,24
481321,1,1,0,0,0,0,0,0,0,0,0,0
481322,1,1,0,0,0,18,0,0,0,0,0,0
481322,2,1,14,14,14,14,14,14,14,14,14,14
481323,0,1,2,0,26,9,18,12,0,21,0,0
481323,1,1,0,0,0,0,10,0,0,0,0,0
481323,2,1,0,12,18,0,0,16,14,10,0,0
481324,1,1,0,0,0,0,0,0,0,0,0,0
481325,1,1,0,0,0,0,0,0,0,0,0,0
481326,1,1,0,0,0,0,0,0,0,0,0,0
481327,1,1,0,0,0,0,0,0,0,0,0,0
481327,2,1,0,0,0,0,0,0,0,0,0,0
481328,1,1,0,0,0,0,0,0,0,0,0,18
481329,1,1,30,0,32,0,25,25,0,19,7,7
481330,1,1,23,23,23,23,23,23,23,23,23,23
481331,1,1,30,30,30,30,30,30,30,30,30,30
481332,1,1,0,0,0,24,0,0,0,6,0,10
481333,1,1,0,0,0,0,0,0,0,30,0,0
481334,1,1,0,0,0,0,0,0,0,0,0,0
481334,2,1,0,0,0,0,0,0,0,0,0,0
481334,3,1,0,0,4,0,0,0,0,0,2,0
481335,1,1,0,0,0,0,0,0,0,0,0,0
481336,0,1,0,0,0,0,0,0,0,0,0,0
481336,1,1,9,0,0,0,0,0,0,30,27,0
481337,0,1,48,23,14,13,0,32,0,0,0,31
481337,1,1,23,0,0,6,22,0,0,0,0,0
481338,1,1,28,28,28,28,28,28,28,28,28,28
481338,2,1,0,0,0,0,0,0,0,18,0,0
481339,0,1,0,0,0,0,0,0,0,0,0,0
481339,1,1,4,10,0,0,0,0,0,5,0,0
481341,0,1,0,0,0,0,0,0,0,0,15,0
481341,1,1,0,0,0,0,0,0,0,0,0,0