ST_CASE,VEH_NO,PER_NO,P1,P2,P3,P4,P5,P6,P7,P8,P9,P10
481342,1,1,0,0,0,0,0,0,0,0,0,0
481342,2,1,0,34,0,0,0,0,0,0,0,16
481343,1,1,0,0,0,0,0,0,0,0,0,0
481344,1,1,0,0,0,0,0,0,0,0,0,0
481345,1,1,0,0,0,0,0,0,0,0,0,0
481345,2,1,1,1,1,1,1,1,1,1,1,1
481346,0,1,8,29,0,0,32,9,0,20,0,0
481346,1,1,0,19,26,0,0,0,15,16,0,7
481347,1,1,0,0,0,0,0,0,0,0,0,0
481347,2,1,0,0,0,0,0,0,0,0,0,0
481348,1,1,30,30,30,30,30,30,30,30,30,30
481349,1,1,0,13,0,0,6,22,0,17,19,10
481349,2,1,9,19,24,0,18,0,0,0,0,0
481350,1,1,14,15,17,7,35,39,36,17,31,14
481351,0,1,0,0,0,0,0,0,0,0,0,0
481351,1,1,9,10,3,0,0,27,14,0,0,0
481352,1,1,29,29,29,29,29,29,29,29,29,29
481353,1,1,22,22,22,22,22,22,22,22,22,22
481354,1,1,29,29,29,29,29,29,29,29,29,29
481354,2,1,0,0,0,0,12,0,0,0,0,0
481355,1,1,0,0,0,0,0,17,0,0,0,30
481355,2,1,0,0,2,6,0,0,0,0,0,0
481356,1,1,23,0,9,0,21,0,0,17,16,0
481356,2,1,0,0,0,0,0,0,0,0,0,0
481357,1,1,24,11,0,0,8,0,7,0,15,0
481358,1,1,0,0,0,0,0,0,0,0,0,0
481358,2,1,0,0,0,0,16,0,0,0,0,0
481359,0,1,29,26,20,35,22,53,12,27,13,24
481359,1,1,4,5,0,0,0,0,7,0,26,17
481360,1,1,19,14,23,8,28,17,24,15,16,4
481362,1,1,28,28,28,28,28,28,28,28,28,28
481362,2,1,0,0,0,0,0,0,0,0,0,0
481363,1,1,0,0,0,0,0,0,0,0,0,0
481363,2,1,0,0,0,0,0,0,0,0,0,0
481364,0,1,0,0,0,0,0,0,0,0,0,0
481364,1,1,0,0,0,0,0,0,11,0,0,0
481365,0,1,0,0,0,0,0,0,0,0,0,0
481365,1,1,0,21,20,0,0,9,15,0,0,9
481366,1,1,0,0,0,13,0,0,31,0,22,20
481367,1,1,0,0,0,0,0,0,0,0,0,0
481368,1,1,21,21,21,21,21,21,21,21,21,21
481369,1,1,17,17,17,17,17,17,17,17,17,17
481370,1,1,0,0,0,0,0,0,0,0,0,0
481371,1,1,20,20,20,20,20,20,20,20,20,20
481372,0,1,0,0,0,0,23,0,9,0,35,7
481372,1,1,11,0,10,0,13,22,0,0,0,0
481373,1,1,5,5,5,5,5,5,5,5,5,5
481373,2,1,0,0,0,3,0,0,0,0,0,0
481374,1,1,0,1,0,0,0,0,0,0,0,0
481374,2,1,11,14,26,27,0,14,8,19,12,20
481375,1,1,0,0,0,0,0,0,0,0,0,0
481376,1,1,15,15,15,15,15,15,15,15,15,15
481377,1,1,0,0,0,0,0,0,0,0,0,0
481377,2,1,0,0,0,0,0,0,0,0,0,0
481377,3,1,0,0,0,0,0,0,0,0,0,0
481378,1,1,0,3,0,0,13,12,10,0,23,15
481379,1,1,18,18,18,18,18,18,18,18,18,18
481379,2,1,14,0,0,16,12,0,0,9,0,8
481380,1,1,27,15,11,14,13,15,14,17,32,8
481380,2,1,28,28,28,28,28,28,28,28,28,28
481381,1,1,13,0,0,18,0,0,0,0,0,0
481382,1,1,45,21,16,25,14,19,15,10,24,15
481383,0,1,8,24,18,0,25,32,21,18,0,0
481383,1,1,35,11,22,0,27,9,0,0,12,0
481384,1,1,0,0,0,0,0,0,0,0,0,0
481384,2,1,8,8,8,8,8,8,8,8,8,8
481385,0,1,0,0,0,0,0,0,0,0,6,0
481385,0,2,0,0,0,0,0,0,11,0,0,0
481385,1,1,0,0,0,0,0,0,0,0,0,0
481386,1,1,13,13,13,13,13,13,13,13,13,13
481387,1,1,10,0,24,0,12,7,25,0,15,21
481388,1,1,0,0,0,0,0,0,0,0,0,0
481389,1,1,0,0,0,0,0,0,0,0,0,0
481389,2,1,0,12,0,0,0,0,0,0,0,0
481390,1,1,14,14,14,14,14,14,14,14,14,14
481390,2,1,0,0,0,0,0,0,0,0,0,0
481391,1,1,0,0,0,0,27,0,0,0,0,23
481391,2,1,0,0,0,0,0,0,0,0,0,0
481392,1,1,0,0,0,0,0,0,0,0,0,0
481392,2,1,0,0,0,0,0,0,0,0,0,0
481393,1,1,0,0,10,14,0,9,0,0,0,0
481394,1,1,0,0,0,0,0,0,0,0,6,0
481394,2,1,0,0,0,0,0,0,27,0,0,0
481395,1,1,0,0,0,0,0,0,0,0,0,0
481395,2,1,8,0,0,18,8,0,0,22,0,4
481396,0,1,33,33,33,33,33,33,33,33,33,33
481396,1,1,4,0,0,6,0,0,13,0,0,0
481397,1,1,16,0,0,7,0,0,0,0,0,0
481398,1,1,16,20,0,7,33,0,20,0,0,0
481398,2,1,0,0,0,0,0,0,0,0,0,0
481398,3,1,0,0,0,0,28,6,0,0,0,0
481399,1,1,21,21,21,21,21,21,21,21,21,21
481400,1,1,8,8,8,8,8,8,8,8,8,8
481401,1,1,0,0,0,6,0,0,0,29,0,0
481402,1,1,0,0,0,0,0,0,0,0,0,0
481403,1,1,0,0,0,0,0,0,0,0,0,0
481403,2,1,0,17,0,0,0,0,0,0,0,0
481404,1,1,24,24,24,24,24,24,24,24,24,24
481405,1,1,0,15,8,29,8,0,22,9,23,14
481405,2,1,0,0,0,19,12,0,0,0,0,0
481406,1,1,11,11,11,11,11,11,11,11,11,11
481408,1,1,0,0,0,21,0,0,0,0,19,0
481409,1,1,26,26,26,26,26,26,26,26,26,26
481409,2,1,0,0,0,0,0,0,0,0,0,0
481410,1,1,0,14,0,0,0,0,0,0,17,0
481411,1,1,15,0,0,0,14,0,21,8,0,0
481412,1,1,21,23,19,11,19,32,17,4,26,22
481412,2,1,0,0,0,10,18,10,0,13,11,0
481413,1,1,27,18,14,23,17,14,7,19,13,20
481414,1,1,0,17,25,9,11,23,18,17,47,17
481415,1,1,6,31,16,12,14,9,37,3,29,10
481416,1,1,0,13,0,16,0,0,0,0,0,0
481417,0,1,0,0,0,0,5,0,0,0,0,0
481417,1,1,0,0,27,8,0,0,0,0,0,0
481418,1,1,25,25,25,25,25,25,25,25,25,25
481419,1,1,0,0,0,0,0,0,0,0,0,0
481419,2,1,0,0,0,0,0,0,0,0,0,0
481420,0,1,0,0,0,0,0,0,3,0,0,0
481420,0,2,0,0,19,0,0,0,0,0,0,0
481420,1,1,18,0,0,0,14,7,0,0,0,0
481421,1,1,1,1,1,1,1,1,1,1,1,1
481421,2,1,0,0,0,10,0,0,0,0,0,0
481422,1,1,0,0,0,0,0,0,6,0,0,0
481422,2,1,0,0,0,0,0,0,0,0,0,0
481423,1,1,0,0,0,0,0,0,0,0,0,7
481423,2,1,0,0,0,0,0,0,0,13,0,0
481423,3,1,0,0,0,0,0,0,0,0,0,5
481424,1,1,0,17,0,0,0,0,0,0,0,0
481424,2,1,9,0,0,0,0,0,0,0,0,0
481425,1,1,0,0,0,0,0,0,0,0,0,0
481426,1,1,0,0,0,0,0,0,0,0,0,0
481426,2,1,0,0,0,0,0,0,0,0,1,0
481426,3,1,0,0,0,0,0,25,0,0,0,0
481426,4,1,0,0,0,10,0,0,0,0,0,0
481427,0,1,0,0,0,0,0,0,0,0,0,0
481427,1,1,0,0,0,0,0,0,0,0,0,0
481428,1,1,0,0,0,0,0,0,0,0,0,0
481428,2,1,0,0,0,0,0,0,0,0,0,0
481429,1,1,18,15,0,0,19,0,0,0,0,0
481429,2,1,0,0,0,0,0,0,0,0,0,0
481430,1,1,13,13,13,13,13,13,13,13,13,13
481431,1,1,11,11,11,11,11,11,11,11,11,11
481432,1,1,14,14,14,14,14,14,14,14,14,14
481433,0,1,0,0,0,0,0,0,4,0,0,0
481433,1,1,0,0,0,0,11,0,0,0,5,0
481434,0,1,0,0,0,0,0,0,0,0,0,0
481434,1,1,0,0,0,0,0,0,0,0,0,0
481435,1,1,0,0,0,0,0,0,0,0,0,0
481435,2,1,0,0,0,0,0,0,14,0,0,0
481436,1,1,0,0,0,0,0,0,0,0,0,0
481436,2,1,0,0,11,0,0,0,0,8,0,0
481437,0,1,8,8,8,8,8,8,8,8,8,8
481437,0,2,15,0,18,0,14,26,0,0,0,43
481437,1,1,0,4,0,0,0,0,0,0,6,15
481438,1,1,0,0,0,0,10,0,0,0,0,0
481438,2,1,0,0,0,0,0,0,0,0,0,0
481439,0,1,3,3,3,3,3,3,3,3,3,3
481439,1,1,17,0,10,0,28,0,0,0,0,26
481440,0,1,0,14,19,28,0,0,0,22,16,29
481440,1,1,20,21,0,22,0,0,0,0,0,0
481441,1,1,0,0,0,0,0,0,0,0,0,0
481441,2,1,0,0,0,0,12,0,12,0,0,0
481442,0,1,0,0,0,0,0,0,0,0,26,0
481442,1,1,0,3,0,4,10,0,17,0,0,13
481443,1,1,0,2,0,0,0,0,0,0,0,0
481444,1,1,9,9,9,9,9,9,9,9,9,9
481445,1,1,0,9,0,0,0,0,0,0,0,0
481446,1,1,0,21,0,0,0,7,14,0,0,0
481447,1,1,0,0,0,0,0,19,12,28,5,0
481448,1,1,15,15,15,15,15,15,15,15,15,15
481449,1,1,0,0,0,0,0,0,39,0,0,0
481449,2,1,0,0,0,0,0,3,0,0,0,0
481450,1,1,0,0,0,0,0,0,0,0,0,0
481451,1,1,4,4,4,4,4,4,4,4,4,4
481451,2,1,0,0,0,0,0,0,0,0,0,0
481452,1,1,0,0,0,9,6,0,16,0,8,0
481453,1,1,0,5,5,0,0,0,0,0,0,0
481453,2,1,8,8,8,8,8,8,8,8,8,8
481454,1,1,0,0,0,0,0,0,0,0,0,0
481455,1,1,15,15,15,15,15,15,15,15,15,15
481455,2,1,0,0,0,0,0,0,0,0,0,0
481456,1,1,9,9,9,9,9,9,9,9,9,9
481457,1,1,0,13,0,0,11,8,0,0,0,0
481458,1,1,0,0,8,0,0,0,5,0,0,0
481459,1,1,15,0,0,0,0,12,0,0,0,0
481459,2,1,0,13,0,0,0,0,0,0,7,0
481460,1,1,19,19,19,19,19,19,19,19,19,19
481460,2,1,0,0,0,0,0,0,0,0,0,0
481461,1,1,7,4,5,19,12,15,12,27,0,14
481461,2,1,0,0,0,0,9,0,0,0,0,0
481462,1,1,12,9,24,0,14,0,0,13,14,0
481463,1,1,0,0,0,0,0,0,0,0,0,0
481463,2,1,0,0,0,0,0,0,0,0,0,0
481464,1,1,21,21,0,32,6,0,12,0,0,0
481465,1,1,0,0,24,0,0,21,0,0,0,0
481466,1,1,32,0,0,0,0,0,0,0,0,0
481467,1,1,1,1,1,1,1,1,1,1,1,1
481467,2,1,0,0,15,0,0,0,0,15,0,0
481468,1,1,12,0,0,0,0,0,0,0,0,0
481468,2,1,0,0,0,0,0,0,0,0,0,0
481469,1,1,9,9,9,9,9,9,9,9,9,9
481469,2,1,0,0,12,0,0,0,0,0,0,0
481470,1,1,4,4,4,4,4,4,4,4,4,4
481471,1,1,0,0,0,8,0,0,0,0,0,0
481472,1,1,16,0,0,22,0,0,14,0,0,18
481472,2,1,13,0,0,0,0,0,0,0,0,0
481473,0,1,11,11,11,11,11,11,11,11,11,11
481473,1,1,0,17,17,0,19,0,13,0,0,0
481474,1,1,0,0,0,10,0,0,0,0,0,0
481475,1,1,0,0,0,0,0,0,0,0,0,0
481476,1,1,0,14,0,17,5,3,0,0,17,10
481477,1,1,0,0,0,15,0,0,0,0,0,0
481477,2,1,10,10,10,10,10,10,10,10,10,10
481478,0,1,0,30,0,17,14,0,0,16,0,0
481478,0,2,10,0,0,22,16,0,16,0,0,3
481478,0,3,0,0,18,0,0,7,0,0,0,6
481478,0,4,23,16,5,27,26,0,21,11,11,6
481478,1,1,24,24,24,24,24,24,24,24,24,24
481478,4,1,11,0,25,12,20,0,0,9,15,0
481479,0,1,0,0,0,0,0,0,4,0,0,0
481479,1,1,10,0,0,0,0,29,0,0,0,0
481480,1,1,0,0,0,0,0,0,0,0,0,0
481480,2,1,0,0,0,0,0,0,0,0,6,0
481480,3,1,0,0,0,0,0,0,0,0,0,0
481481,1,1,19,19,19,19,19,19,19,19,19,19
481482,0,1,0,0,48,0,15,0,15,38,21,21
481482,1,1,0,0,0,13,0,0,13,0,0,5
481483,0,1,0,0,13,0,0,0,0,0,0,0
481483,1,1,0,0,16,0,0,0,0,0,0,0
481484,0,1,0,0,0,0,0,0,0,0,0,0
481484,1,1,0,0,0,0,0,0,0,0,0,0
481485,1,1,0,0,0,0,0,0,0,0,0,0
481485,2,1,0,0,0,0,0,0,0,0,0,0
481486,1,1,0,0,6,0,0,0,0,0,0,0
481486,2,1,2,0,0,0,0,0,0,0,0,0
481487,1,1,0,24,0,0,0,0,24,0,26,0
481487,2,1,0,0,0,0,0,0,14,0,0,0
481488,1,1,0,0,0,0,0,0,0,0,0,0
481488,2,1,18,0,25,0,0,0,0,0,0,11
481489,1,1,17,17,17,17,17,17,17,17,17,17
481489,2,1,0,0,0,0,0,0,0,0,0,0
481490,1,1,25,25,25,25,25,25,25,25,25,25
481491,1,1,9,9,9,9,9,9,9,9,9,9
481492,1,1,19,19,19,19,19,19,19,19,19,19
481493,1,1,9,9,9,9,9,9,9,9,9,9
481494,1,1,0,0,0,0,0,14,0,0,0,0
481494,2,1,0,0,0,0,0,0,0,0,0,0
481495,1,1,0,0,0,0,0,0,0,0,0,0
481495,2,1,0,0,0,21,0,0,0,0,0,0
481496,1,1,0,0,0,0,18,0,0,0,22,0
481497,0,1,0,0,0,0,0,0,0,0,0,0
481497,1,1,0,21,0,0,0,10,0,0,0,0
481498,1,1,0,0,0,0,0,0,0,0,0,0
481499,1,1,0,0,0,0,0,0,0,17,0,0
481499,2,1,0,0,0,0,0,0,0,26,0,0
481500,1,1,0,2,0,0,0,0,0,0,0,0
481500,2,1,0,0,0,0,0,0,0,0,0,0
481501,0,1,0,0,0,0,0,0,0,0,0,0
481501,1,1,18,0,0,21,0,0,0,0,0,0
481501,2,1,14,0,0,12,30,30,18,0,0,20
481502,1,1,4,7,19,21,20,16,4,15,26,19
481503,0,1,0,0,0,0,0,0,0,0,0,0
481503,1,1,0,0,0,0,0,0,0,0,0,0
481504,1,1,20,20,20,20,20,20,20,20,20,20
481505,1,1,16,16,16,16,16,16,16,16,16,16
481505,2,1,20,0,0,0,0,0,0,12,19,0
481506,1,1,0,0,0,10,0,0,0,0,0,0
481506,2,1,0,0,0,0,0,13,0,0,0,0
481507,1,1,27,0,30,0,0,22,0,0,15,0
481507,2,1,19,18,0,0,0,0,0,0,0,0
481508,1,1,22,22,22,22,22,22,22,22,22,22
481509,1,1,0,0,8,5,0,0,0,5,20,0
481509,2,1,20,0,9,0,0,15,0,20,0,22
481510,1,1,0,0,0,0,0,0,0,0,0,0
481510,2,1,0,0,0,0,0,0,0,0,0,0
481511,1,1,0,21,0,0,0,0,15,0,0,2
481511,2,1,0,0,13,32,0,0,0,0,0,0
481512,1,1,10,16,11,3,20,14,17,10,17,7
481512,2,1,0,0,0,0,0,0,0,0,0,0
481513,0,1,6,6,6,6,6,6,6,6,6,6
481513,1,1,0,16,0,0,0,0,0,0,0,0
481514,1,1,23,0,0,0,17,11,0,0,0,0
481514,2,1,17,17,17,17,17,17,17,17,17,17
481515,1,1,0,0,0,0,0,0,0,0,0,0
481516,1,1,27,0,17,24,31,20,22,0,30,0
481517,1,1,19,19,19,19,19,19,19,19,19,19
481518,1,1,22,22,22,22,22,22,22,22,22,22
481519,1,1,0,0,0,0,0,0,0,0,0,0
481520,1,1,21,26,7,19,21,15,14,11,18,14
481520,2,1,13,11,0,0,0,0,0,4,18,0
481520,3,1,0,0,12,12,0,0,0,4,0,0
481521,1,1,0,8,0,0,0,0,0,12,0,0
481521,2,1,27,27,27,27,27,27,27,27,27,27
481522,1,1,0,0,0,0,0,0,0,0,0,0
481523,0,1,0,0,0,11,0,19,0,0,0,0
481523,1,1,0,0,0,0,0,0,0,0,0,0
481524,1,1,23,23,23,23,23,23,23,23,23,23
481525,1,1,25,19,45,33,27,35,30,32,23,16
481526,0,1,0,0,0,0,0,0,0,0,0,0
481526,1,1,0,0,0,0,0,2,0,0,6,0
481527,1,1,28,12,0,10,0,0,0,18,18,27
481528,1,1,11,17,12,14,27,20,5,12,10,22
481529,1,1,21,21,21,21,21,21,21,21,21,21
481530,1,1,0,3,7,0,0,12,22,17,8,0
481531,1,1,0,0,0,0,0,0,0,0,0,0
481531,2,1,0,0,0,12,0,0,0,0,0,0
481532,1,1,0,0,0,0,0,0,0,0,0,0
481533,1,1,14,9,16,32,12,25,0,6,10,10
481533,2,1,0,0,0,0,23,0,0,0,0,0
481534,1,1,0,0,0,19,0,13,0,12,0,0
481535,1,1,0,0,0,0,0,0,0,0,0,0
481536,1,1,0,0,0,0,0,0,0,0,0,0
481537,0,1,16,16,16,16,16,16,16,16,16,16
481537,0,2,14,17,0,18,19,0,12,0,0,13
481537,1,1,17,17,17,17,17,17,17,17,17,17
481538,1,1,0,0,0,0,0,0,0,0,0,0
481538,2,1,0,0,0,0,0,0,0,0,0,0
481539,1,1,8,0,12,7,13,0,6,8,6,14
481539,2,1,25,0,0,13,0,0,0,0,0,0
481540,1,1,21,21,21,21,21,21,21,21,21,21
481540,2,1,0,0,16,0,0,22,0,0,0,13
481541,1,1,10,0,0,0,0,5,0,0,0,0
481542,1,1,22,22,22,22,22,22,22,22,22,22
481543,0,1,10,10,10,10,10,10,10,10,10,10
481543,1,1,34,0,0,10,0,0,0,0,13,0
481544,1,1,0,0,0,0,9,0,0,18,0,0
481545,1,1,0,0,0,0,0,15,18,31,27,18
481545,2,1,0,0,28,0,0,6,0,0,0,28
481546,1,1,25,0,25,0,15,0,0,15,27,0
481547,1,1,0,0,0,0,9,0,0,0,0,25
481547,2,1,10,10,12,0,6,0,10,0,0,7
481548,1,1,0,0,0,0,0,0,0,0,0,0
481548,2,1,0,3,0,0,0,0,0,16,0,0
481549,0,1,0,0,16,0,0,0,12,0,10,27
481549,1,1,0,0,0,0,8,0,0,0,0,0
481550,1,1,28,28,28,28,28,28,28,28,28,28
481551,1,1,0,0,8,0,0,0,0,0,0,0
481552,1,1,0,0,0,0,0,0,0,0,0,0
481552,2,1,0,0,0,0,7,0,0,0,0,0
481553,1,1,23,23,23,23,23,23,23,23,23,23
481554,1,1,21,0,0,0,0,16,0,0,0,14
481555,1,1,0,0,0,0,0,0,0,0,0,0
481556,1,1,0,0,18,0,0,0,0,0,0,0
481556,2,1,0,0,0,0,0,0,0,0,0,0
481557,1,1,0,0,0,0,0,0,0,0,0,0
481557,2,1,0,0,0,0,0,0,0,0,0,0
481557,3,1,0,0,0,0,0,0,0,0,0,0
481558,1,1,0,0,0,0,0,0,0,0,0,0
481558,2,1,0,0,0,0,0,0,0,0,0,0
481558,3,1,0,0,0,0,0,0,0,0,4,0
481559,1,1,19,23,24,4,23,1,4,19,19,32
481559,2,1,0,15,19,0,10,0,0,0,25,0
481560,1,1,0,0,0,0,0,0,0,0,0,0
481560,2,1,0,0,0,0,0,0,0,0,0,0
481561,1,1,0,0,0,0,0,0,0,0,0,0
481561,2,1,0,0,0,0,0,0,0,0,0,0
481562,1,1,0,0,0,0,0,0,0,0,0,0
481564,1,1,14,0,0,14,15,24,0,20,21,0
481564,2,1,8,0,0,0,10,0,0,5,0,0
481565,1,1,0,0,0,0,0,0,0,0,0,0
481565,2,1,12,12,12,12,12,12,12,12,12,12
481565,3,1,13,0,22,0,22,0,0,0,0,0
481566,1,1,0,0,0,0,0,0,0,0,0,0
481566,2,1,0,0,0,6,0,0,0,0,0,0
481567,0,1,36,14,16,27,0,14,38,31,37,24
481567,1,1,0,0,0,0,0,0,17,0,0,0
481568,1,1,20,20,20,20,20,20,20,20,20,20
481569,1,1,0,19,0,0,0,0,0,0,0,0
481569,2,1,0,0,0,0,0,0,0,0,0,0
481570,1,1,0,0,0,0,5,0,17,0,0,0
481570,2,1,0,0,0,0,0,7,0,0,0,0
481571,0,1,0,0,0,0,0,0,0,0,0,0
481571,1,1,0,0,0,0,29,0,0,0,0,0
481572,1,1,0,0,0,0,0,0,0,0,0,0
481572,2,1,0,0,0,0,0,0,0,0,19,0
481573,1,1,0,14,0,3,18,17,12,11,0,0
481574,1,1,0,0,8,15,16,0,0,0,0,0
481575,1,1,0,0,0,0,0,0,0,0,0,0
481577,1,1,0,0,0,16,0,5,13,10,0,0
481578,1,1,11,0,0,18,0,0,0,0,0,0
481578,2,1,0,0,0,0,0,0,0,0,0,0
481578,3,1,15,5,0,0,0,17,0,0,0,0
481578,4,1,0,0,0,0,0,0,0,0,0,0
481579,1,1,8,0,0,0,0,19,0,0,0,19
481579,2,1,0,0,0,0,17,0,0,0,0,0
481580,1,1,0,44,0,0,3,10,12,0,20,0
481581,1,1,0,0,0,0,0,15,0,2,0,0
481581,2,1,1,1,1,1,1,1,1,1,1,1
481581,3,1,0,0,0,0,0,0,0,0,0,0
481582,1,1,10,10,10,10,10,10,10,10,10,10
481582,2,1,0,0,18,13,0,0,45,0,17,0
481583,1,1,0,0,0,5,0,0,7,0,0,0
481584,1,1,0,0,0,28,22,0,0,14,8,0
481585,0,1,25,23,27,17,41,31,41,41,18,25
481585,1,1,19,0,0,0,0,0,0,0,0,15
481586,1,1,8,7,35,10,7,13,14,7,12,3
481587,1,1,18,18,18,18,18,18,18,18,18,18
481588,1,1,0,0,0,0,0,0,0,0,0,0
481588,2,1,0,0,0,0,0,19,0,0,0,0
481589,1,1,0,0,0,0,0,0,0,0,0,0
481589,2,1,2,0,0,0,27,0,0,17,0,0
481590,1,1,0,0,0,0,0,0,0,0,0,0
481591,1,1,0,0,0,0,0,0,0,0,7,0
481592,1,1,0,0,0,0,0,0,0,0,0,0
481592,2,1,0,0,0,0,0,0,0,0,0,0
481593,1,1,0,0,0,0,0,0,23,0,14,9
481594,1,1,0,8,0,0,0,0,0,0,0,0
481594,2,1,0,0,0,0,0,0,0,0,0,0
481595,1,1,0,0,0,0,0,0,0,0,0,0
481596,1,1,0,0,0,0,19,0,0,0,0,0
481596,2,1,0,0,13,0,0,10,10,0,0,0
481597,1,1,12,12,12,12,12,12,12,12,12,12
481598,1,1,0,0,0,0,22,0,0,0,17,0
481599,1,1,0,0,0,0,0,0,0,0,0,0
481600,1,1,0,0,0,0,0,0,14,0,13,16
481601,1,1,0,0,0,0,0,0,0,0,9,0
481602,1,1,21,21,21,21,21,21,21,21,21,21
481602,2,1,0,0,0,23,0,15,0,0,13,8
481603,0,1,0,0,0,0,0,27,0,0,0,24
481603,1,1,0,0,0,21,2,0,0,15,14,0
481604,1,1,26,0,0,0,0,12,11,0,9,0
481605,1,1,9,9,9,9,9,9,9,9,9,9
481606,0,1,0,0,0,0,0,0,0,0,0,0
481606,1,1,25,0,0,0,4,0,6,22,0,0
481607,1,1,0,0,0,0,0,0,0,0,0,0
481607,2,1,0,0,0,0,0,0,17,0,0,14
481608,1,1,0,0,0,0,0,0,0,0,0,0
481608,2,1,0,0,0,0,0,0,0,0,8,0
481609,1,1,21,21,21,21,21,21,21,21,21,21
481610,1,1,0,0,0,0,0,0,0,0,0,0
481610,2,1,0,8,0,0,0,0,0,0,0,0
481611,1,1,21,0,0,0,0,0,0,0,0,0
481611,2,1,0,0,0,0,0,0,0,0,0,0
481612,1,1,0,0,0,0,0,0,0,0,0,0
481612,2,1,0,19,7,0,0,0,0,0,0,0
481613,0,1,0,0,0,0,0,0,0,0,0,0
481613,1,1,16,16,16,16,16,16,16,16,16,16
481614,0,1,0,0,0,0,0,0,0,0,0,0
481614,1,1,0,0,0,0,0,0,0,0,0,0
481615,0,1,0,0,0,0,0,0,0,0,0,0
481615,1,1,0,15,11,0,0,15,0,0,0,0
481616,1,1,15,15,15,15,15,15,15,15,15,15
481617,0,1,20,0,0,0,0,0,15,16,0,0
481617,1,1,0,21,0,7,10,0,0,0,0,13
481618,1,1,21,21,21,21,21,21,21,21,21,21
481619,1,1,0,0,0,0,0,0,0,0,0,0
481619,2,1,0,0,0,0,0,0,0,0,0,0
481620,1,1,17,24,5,5,17,9,3,19,7,10
481621,1,1,0,0,0,0,0,0,0,0,0,0
481621,2,1,0,0,0,0,0,0,0,0,0,0
481621,3,1,0,0,0,0,0,0,0,13,0,0
481622,0,1,0,0,0,0,0,0,0,0,0,0
481622,1,1,0,0,0,0,0,0,0,0,0,0
481623,0,1,16,16,16,16,16,16,16,16,16,16
481623,1,1,0,0,0,0,0,0,0,0,0,0
481624,0,1,20,20,20,20,20,20,20,20,20,20
481624,1,1,29,29,29,29,29,29,29,29,29,29
481625,0,1,0,0,0,0,0,0,0,0,0,0
481625,1,1,0,0,0,0,0,0,0,0,0,0
481626,0,1,0,0,0,0,0,0,0,0,0,0
481626,1,1,0,0,0,14,0,4,0,20,0,0
481627,1,1,3,3,3,3,3,3,3,3,3,3
481628,1,1,10,10,10,10,10,10,10,10,10,10
481629,0,1,0,0,0,0,0,0,0,0,0,0
481629,1,1,21,13,2,5,16,16,0,15,12,14
481630,1,1,12,12,12,12,12,12,12,12,12,12
481631,1,1,0,0,16,14,0,0,7,0,16,4
481632,0,1,33,33,33,33,33,33,33,33,33,33
481632,1,1,0,0,0,6,0,0,0,26,0,6
481633,1,1,8,0,0,4,5,0,0,0,0,0
481633,2,1,0,29,25,28,9,0,0,0,8,0
481634,1,1,19,29,11,20,15,20,27,19,20,24
481634,2,1,0,0,0,0,0,0,0,0,0,0
481635,1,1,10,18,9,0,0,22,8,19,0,7
481635,2,1,8,6,14,10,19,2,29,1,24,9
481636,1,1,0,0,0,0,0,0,0,0,0,0
481637,1,1,19,19,19,19,19,19,19,19,19,19
481637,2,1,20,14,0,7,0,0,0,18,0,0
481639,1,1,0,18,0,12,0,0,22,0,0,0
481640,0,1,35,35,35,35,35,35,35,35,35,35
481640,1,1,0,10,2,15,10,27,14,0,0,15
481641,1,1,22,22,22,22,22,22,22,22,22,22
481642,0,1,23,23,23,23,23,23,23,23,23,23
481642,1,1,18,0,0,0,7,8,0,0,0,17
481643,1,1,2,2,2,2,2,2,2,2,2,2
481644,1,1,6,0,0,24,0,0,0,0,0,0
481645,1,1,0,0,0,13,13,12,23,0,0,0
481645,2,1,0,0,0,0,0,10,18,0,0,0
481645,3,1,0,0,0,0,9,0,0,0,0,0
481645,4,1,14,0,0,0,0,21,0,0,0,0
481646,1,1,13,4,14,12,15,29,15,12,12,13
481647,1,1,0,0,0,0,0,0,0,0,0,0
481648,0,1,0,0,0,0,0,0,0,0,10,0
481648,0,2,0,6,0,0,0,0,28,0,0,0
481648,1,1,7,7,7,7,7,7,7,7,7,7
481649,1,1,19,19,19,19,19,19,19,19,19,19
481650,1,1,19,19,19,19,19,19,19,19,19,19