ST_CASE,VEH_NO,PER_NO,P1,P2,P3,P4,P5,P6,P7,P8,P9,P10
481953,3,1,0,0,0,0,0,0,0,0,0,0
481953,4,1,0,0,0,0,0,12,0,0,0,0
481954,1,1,7,4,0,0,0,0,0,12,0,0
481954,2,1,26,26,26,26,26,26,26,26,26,26
481955,1,1,0,0,0,0,0,0,0,0,0,0
481956,1,1,0,19,7,0,0,0,0,0,0,0
481956,2,1,0,0,0,0,0,0,0,0,0,0
481957,1,1,35,35,35,35,35,35,35,35,35,35
481957,2,1,0,0,0,0,0,0,0,0,0,23
481957,3,1,0,0,0,5,0,0,0,0,22,0
481958,1,1,1,1,1,1,1,1,1,1,1,1
481959,1,1,0,0,0,0,0,24,0,0,0,0
481959,2,1,0,0,0,0,12,11,0,0,0,0
481960,1,1,0,20,21,0,0,0,0,0,0,0
481961,0,1,0,26,0,6,9,11,0,13,0,0
481961,1,1,0,13,2,0,0,17,0,0,12,0
481962,1,1,0,0,0,0,0,0,0,0,0,0
481962,2,1,0,0,0,0,0,0,0,0,0,0
481962,3,1,0,0,0,0,4,0,0,0,6,0
481963,1,1,0,0,0,0,0,0,0,0,0,0
481965,1,1,0,0,0,0,0,0,0,0,0,0
481965,2,1,0,0,0,0,0,10,0,0,0,0
481966,0,1,1,1,1,1,1,1,1,1,1,1
481966,1,1,7,0,0,0,0,0,0,0,0,12
481967,1,1,0,0,0,11,3,9,0,0,17,0
481967,2,1,24,24,24,24,24,24,24,24,24,24
481968,1,1,4,4,4,4,4,4,4,4,4,4
481969,1,1,0,22,0,0,0,0,0,0,0,16
481969,2,1,0,0,0,0,0,0,0,0,0,0
481970,1,1,0,6,0,0,0,0,5,3,0,0
481970,2,1,0,0,0,0,5,0,0,0,0,0
481971,0,1,0,15,19,19,12,0,14,0,0,14
481971,1,1,29,0,0,0,11,6,0,0,0,0
481972,1,1,19,16,14,11,20,28,31,10,15,13
481973,1,1,15,15,15,15,15,15,15,15,15,15
481973,2,1,0,0,0,0,0,0,0,0,0,0
481974,1,1,16,16,16,16,16,16,16,16,16,16
481975,1,1,0,23,5,0,0,19,7,0,0,13
481975,2,1,0,0,0,0,0,0,0,0,0,0
481976,1,1,28,28,28,28,28,28,28,28,28,28
481977,1,1,13,15,24,17,11,6,10,32,15,23
481978,1,1,0,10,0,0,0,0,0,0,0,0
481978,2,1,6,27,18,10,16,0,16,2,6,17
481979,1,1,32,32,32,32,32,32,32,32,32,32
481979,2,1,0,22,0,0,0,5,0,0,8,17
481980,1,1,10,0,0,0,0,0,0,0,0,0
481980,2,1,0,0,0,0,0,0,0,0,0,0
481981,1,1,0,0,17,0,0,17,0,17,0,15
481981,2,1,0,0,0,0,7,0,0,0,0,0
481982,0,1,0,0,0,15,0,0,0,17,33,0
481982,1,1,13,0,28,21,0,0,11,0,0,0
481983,1,1,9,9,9,9,9,9,9,9,9,9
481984,1,1,0,0,0,0,19,24,0,15,6,0
481984,2,1,0,0,0,12,0,25,0,29,0,0
481985,1,1,0,0,0,0,0,0,10,0,0,0
481985,2,1,0,0,0,0,0,0,0,0,0,0
481986,0,1,35,0,0,5,0,0,0,0,0,0
481986,1,1,15,12,9,32,0,0,0,0,0,0
481987,1,1,19,19,19,19,19,19,19,19,19,19
481988,1,1,0,0,0,0,18,0,0,0,0,0
481988,2,1,0,0,0,0,0,0,0,0,0,0
481989,1,1,31,31,31,31,31,31,31,31,31,31
481989,2,1,0,7,0,0,0,0,0,11,13,0
481989,3,1,0,0,0,0,0,0,0,0,23,0
481989,4,1,0,0,0,0,0,0,0,0,0,10
481990,1,1,13,13,13,13,13,13,13,13,13,13
481990,2,1,0,0,0,0,0,0,0,0,0,0
481992,1,1,0,9,15,11,0,0,15,24,0,0
481993,1,1,0,0,0,0,0,0,0,0,0,0
481993,2,1,0,0,0,19,0,0,0,0,0,0
481994,1,1,9,22,16,0,15,0,15,10,0,19
481995,1,1,0,0,0,0,0,0,0,0,0,0
481996,1,1,11,11,11,11,11,11,11,11,11,11
481997,0,1,39,39,39,39,39,39,39,39,39,39
481997,1,1,5,0,0,0,0,0,15,0,12,0
481998,1,1,19,19,19,19,19,19,19,19,19,19
481999,1,1,0,0,0,0,0,0,0,0,0,0
481999,2,1,0,0,0,13,0,7,22,0,0,0
482000,1,1,0,0,0,0,0,0,0,0,17,0
482000,2,1,0,0,0,0,0,0,0,0,0,0
482000,3,1,0,0,0,0,0,0,0,0,0,13
482001,1,1,0,0,0,0,0,0,0,0,0,0
482001,2,1,0,0,0,0,0,0,0,0,0,0
482001,3,1,0,0,0,0,0,16,15,0,0,6
482001,4,1,0,0,0,0,0,0,0,0,0,0
482003,1,1,8,0,4,5,6,29,5,30,13,12
482004,1,1,0,0,0,0,0,0,0,0,0,0
482004,2,1,0,0,0,0,0,0,0,0,0,0
482005,1,1,7,0,0,0,0,0,0,0,0,0
482005,2,1,0,0,0,0,0,13,0,0,5,0
482006,1,1,0,6,0,0,0,0,0,0,0,0
482007,0,1,34,34,34,34,34,34,34,34,34,34
482007,1,1,0,0,0,0,0,0,0,24,14,22
482008,1,1,8,8,8,8,8,8,8,8,8,8
482009,1,1,0,0,0,0,0,0,0,0,0,0
482009,2,1,0,0,0,0,0,0,0,0,0,0
482011,1,1,0,0,0,0,0,0,2,0,0,0
482012,1,1,17,25,14,21,6,22,22,20,27,21
482013,1,1,3,13,14,7,11,6,5,4,27,26
482014,1,1,0,0,0,0,0,0,0,0,0,0
482014,2,1,0,0,0,12,0,0,0,0,0,0
482015,1,1,8,8,8,8,8,8,8,8,8,8
482016,1,1,0,11,0,0,0,0,0,6,0,0
482016,2,1,0,0,0,0,6,0,0,19,0,21
482017,1,1,19,0,0,0,0,0,0,0,0,18
482018,0,1,22,22,22,22,22,22,22,22,22,22
482018,1,1,0,0,9,0,31,22,0,0,0,0
482019,1,1,0,0,0,0,0,0,0,0,0,0
482019,2,1,0,0,0,0,0,0,0,0,0,0
482019,3,1,0,0,11,0,0,0,0,10,0,0
482020,1,1,16,11,22,17,21,11,13,19,20,14
482021,1,1,0,11,0,0,28,0,0,0,0,0
482021,2,1,0,0,0,0,0,0,0,0,0,8
482022,1,1,23,23,23,23,23,23,23,23,23,23
482023,1,1,0,0,0,0,0,0,0,0,0,0
482023,2,1,0,0,0,9,0,0,0,0,0,0
482024,0,1,0,12,0,3,0,25,0,0,0,0
482024,1,1,0,0,0,0,0,0,0,0,0,0
482025,1,1,0,0,0,0,0,0,0,0,0,0
482026,1,1,0,0,0,0,0,0,0,0,0,0
482027,1,1,0,0,0,0,2,0,0,14,5,0
482028,1,1,0,0,0,0,0,0,0,0,0,0
482029,1,1,11,22,20,7,4,7,18,20,13,13
482030,1,1,10,10,10,10,10,10,10,10,10,10
482030,2,1,2,11,0,12,0,0,0,14,0,0
482031,1,1,24,0,0,15,0,0,0,20,0,0
482032,1,1,23,23,23,23,23,23,23,23,23,23
482032,2,1,21,0,0,0,0,0,0,0,6,0
482033,1,1,0,0,0,0,0,0,0,0,0,0
482034,1,1,15,15,15,15,15,15,15,15,15,15
482035,1,1,0,21,0,0,8,0,0,18,0,0
482036,1,1,5,5,5,5,5,5,5,5,5,5
482037,1,1,26,16,12,0,15,0,0,3,0,14
482037,2,1,11,11,11,11,11,11,11,11,11,11
482038,0,1,0,0,0,8,0,0,12,17,0,0
482038,1,1,0,12,0,0,0,0,0,0,0,14
482039,1,1,0,0,0,0,0,0,0,0,0,0
482040,1,1,0,13,0,4,0,12,0,0,0,0
482040,2,1,0,0,0,13,0,0,0,0,0,0
482041,1,1,0,0,0,0,0,0,0,0,0,0
482041,2,1,0,0,0,9,0,0,0,0,0,0
482042,1,1,0,0,8,0,0,0,0,0,0,0
482042,2,1,0,23,0,0,0,10,27,8,0,0
482043,1,1,22,22,22,22,22,22,22,22,22,22
482044,0,1,0,5,0,13,0,0,0,21,25,0
482044,1,1,0,0,34,20,0,0,24,15,11,0
482045,1,1,2,2,2,2,2,2,2,2,2,2
482046,1,1,4,4,4,4,4,4,4,4,4,4
482047,1,1,0,0,0,0,0,0,0,0,8,0
482047,2,1,0,0,0,0,0,0,0,0,0,0
482048,1,1,0,0,0,0,0,0,0,0,0,0
482048,2,1,22,22,22,22,22,22,22,22,22,22
482050,1,1,19,19,19,19,19,19,19,19,19,19
482051,0,1,0,0,0,0,0,0,0,0,0,0
482051,1,1,0,0,0,0,0,0,0,0,0,0
482052,1,1,0,0,0,0,0,0,0,0,0,0
482052,2,1,0,0,0,0,0,21,0,0,13,0
482053,1,1,0,0,0,0,16,7,0,12,0,0
482054,1,1,0,26,0,0,0,0,0,0,0,0
482054,2,1,11,0,0,0,0,0,0,0,0,0
482055,0,1,0,0,0,0,0,0,0,0,0,0
482055,1,1,0,7,0,0,0,0,0,0,0,0
482056,1,1,0,0,0,0,0,0,0,0,29,12
482057,1,1,0,0,0,0,0,0,0,0,0,0
482057,2,1,0,0,0,0,0,0,0,0,0,0
482058,0,1,0,0,0,0,0,0,25,0,0,0
482058,1,1,0,0,0,0,0,0,8,0,3,0
482059,1,1,3,3,3,3,3,3,3,3,3,3
482060,1,1,19,19,19,19,19,19,19,19,19,19
482061,1,1,0,0,0,0,0,0,20,0,0,0
482062,1,1,0,0,13,0,0,0,0,37,10,0
482062,2,1,0,0,0,0,0,0,0,9,0,0
482062,3,1,0,0,0,0,0,0,0,0,0,0
482063,1,1,0,0,0,0,0,0,0,5,0,0
482063,2,1,0,0,0,0,0,0,0,0,0,0
482064,1,1,0,0,0,0,0,0,0,0,0,0
482064,2,1,0,0,0,0,0,0,0,0,0,0
482065,0,1,0,0,0,0,0,0,0,0,0,0
482065,1,1,0,13,0,10,0,19,0,14,0,0
482066,0,1,0,0,0,0,0,0,0,0,0,0
482066,1,1,10,10,10,10,10,10,10,10,10,10
482067,0,1,0,0,0,0,0,0,0,0,0,0
482067,1,1,0,0,20,24,0,18,33,0,0,0
482068,1,1,0,0,0,0,0,0,0,0,0,0
482068,2,1,0,0,0,0,0,0,0,0,0,0
482069,1,1,0,0,0,0,0,0,0,0,0,0
482069,2,1,0,8,0,0,0,0,0,7,0,0
482070,1,1,0,21,0,0,0,16,0,0,0,0
482071,1,1,0,30,5,24,0,17,0,0,0,0
482071,2,1,0,0,0,0,0,0,0,0,0,0
482072,1,1,0,0,0,0,0,0,0,0,0,0
482073,1,1,32,17,18,20,22,0,20,0,17,0
482074,1,1,0,20,0,0,0,0,3,0,0,0
482075,1,1,0,0,0,0,0,0,0,0,0,0
482076,0,1,32,32,32,32,32,32,32,32,32,32
482076,1,1,0,13,0,0,20,0,0,0,11,16
482077,1,1,0,0,0,0,0,0,0,0,0,0
482078,1,1,21,20,22,18,0,11,0,13,22,19
482079,1,1,0,0,0,0,0,0,0,0,0,0
482080,1,1,0,0,0,0,0,0,0,0,0,0
482080,2,1,0,0,0,0,0,0,0,0,0,0
482081,1,1,24,24,24,24,24,24,24,24,24,24
482082,1,1,0,0,0,0,0,0,0,0,0,0
482082,2,1,0,0,0,0,0,0,0,9,15,0
482082,3,1,0,0,0,0,0,0,0,0,0,0
482082,4,1,0,0,0,0,0,0,9,0,0,0
482082,5,1,0,0,0,0,0,0,11,14,23,0
482083,1,1,7,0,0,0,0,0,0,0,0,0
482084,1,1,0,8,0,0,0,0,0,0,0,16
482084,2,1,8,0,0,0,0,0,0,0,0,0
482085,1,1,21,21,21,21,21,21,21,21,21,21
482086,1,1,19,0,0,0,0,30,8,16,0,0
482087,1,1,0,0,0,19,0,0,0,0,0,0
482087,2,1,0,0,0,0,0,0,0,0,0,0
482088,1,1,0,0,0,0,0,0,0,0,0,0
482089,1,1,0,0,0,0,0,0,0,0,0,0
482089,2,1,0,0,0,0,0,0,0,0,0,0
482090,1,1,16,20,0,21,13,11,0,10,17,16
482091,0,1,0,0,0,0,0,0,0,0,0,0
482091,1,1,0,0,0,0,0,0,0,0,0,0
482092,1,1,20,7,0,0,0,12,22,0,24,8
482092,2,1,0,0,0,0,10,0,0,22,0,0
482092,3,1,0,32,0,0,5,0,0,32,0,21
482092,4,1,0,0,0,0,0,0,0,0,0,0
482093,1,1,0,0,0,0,0,0,0,0,0,0
482093,2,1,0,0,0,0,0,0,0,0,0,0
482094,1,1,0,0,0,0,2,0,0,0,0,0
482094,2,1,0,18,0,0,28,0,0,0,29,0
482095,1,1,18,18,18,18,18,18,18,18,18,18
482096,1,1,29,29,29,29,29,29,29,29,29,29
482097,0,1,22,22,22,22,22,22,22,22,22,22
482097,1,1,2,2,2,2,2,2,2,2,2,2
482098,1,1,17,17,17,17,17,17,17,17,17,17
482099,1,1,0,0,0,0,0,0,0,0,0,0
482099,2,1,0,0,0,0,0,0,16,7,0,0
482100,1,1,0,0,0,0,0,0,0,0,7,0
482101,1,1,5,0,0,13,17,0,0,0,0,0
482101,2,1,7,7,7,7,7,7,7,7,7,7
482102,1,1,0,0,0,10,0,0,0,0,0,0
482102,2,1,25,26,27,20,23,10,19,17,15,17
482103,1,1,11,11,11,11,11,11,11,11,11,11
482104,1,1,0,0,0,29,28,0,0,0,0,0
482105,1,1,0,0,0,0,0,0,0,0,0,0
482105,2,1,0,0,0,0,0,0,0,0,0,0
482105,3,1,0,0,0,0,0,0,0,0,0,0
482106,1,1,0,0,0,0,0,0,0,0,0,0
482107,1,1,0,0,0,0,0,0,0,0,0,0
482108,1,1,36,16,9,24,9,11,28,14,35,18
482108,2,1,0,15,0,0,0,13,0,10,0,7
482109,1,1,7,7,7,7,7,7,7,7,7,7
482110,1,1,14,21,21,3,17,34,26,19,21,17
482111,1,1,0,13,19,20,0,16,8,36,20,0
482111,2,1,0,0,0,0,0,0,0,0,10,0
482112,1,1,0,14,0,0,0,0,16,0,9,0
482112,2,1,0,0,20,0,0,0,0,0,0,0
482113,1,1,0,0,14,0,0,0,0,0,2,0
482113,2,1,9,9,9,9,9,9,9,9,9,9
482114,0,1,20,20,20,20,20,20,20,20,20,20
482114,1,1,0,0,0,0,0,0,0,17,18,0
482115,1,1,0,20,29,28,0,19,24,13,18,0
482116,1,1,0,0,0,0,0,0,0,0,0,0
482116,2,1,0,0,0,0,0,0,0,0,0,0
482117,1,1,0,0,0,0,0,0,24,0,0,27
482118,2,1,0,0,0,0,0,0,0,0,0,0
482119,1,1,0,0,0,0,0,0,0,0,0,0
482119,2,1,0,0,0,0,0,0,0,0,0,0
482119,3,1,0,0,0,10,0,0,0,0,0,7
482120,1,1,9,9,9,9,9,9,9,9,9,9
482120,2,1,11,11,11,11,11,11,11,11,11,11
482121,1,1,4,9,23,21,27,18,13,19,33,4
482122,1,1,11,11,11,11,11,11,11,11,11,11
482123,1,1,0,0,0,0,0,0,0,0,0,0
482124,1,1,0,0,0,0,0,0,0,28,0,0
482124,2,1,12,0,0,0,0,0,0,0,0,0
482125,1,1,23,0,0,0,0,0,0,0,0,0
482126,1,1,0,0,0,0,0,0,0,0,0,0
482126,2,1,7,7,7,7,7,7,7,7,7,7
482127,1,1,1,1,1,1,1,1,1,1,1,1
482127,2,1,0,0,0,0,0,0,0,0,0,0
482128,1,1,10,10,10,10,10,10,10,10,10,10
482128,2,1,5,5,5,5,5,5,5,5,5,5
482129,1,1,0,0,0,4,17,25,22,12,28,6
482130,1,1,11,16,0,11,8,0,0,0,0,0
482131,0,1,14,14,14,14,14,14,14,14,14,14
482131,1,1,0,0,0,0,0,0,0,0,0,0
482132,0,1,0,0,0,0,0,0,0,0,0,0
482132,1,1,0,0,0,0,0,0,0,0,0,0
482133,1,1,15,2,6,17,12,9,25,12,18,13
482134,0,1,26,26,26,26,26,26,26,26,26,26
482134,1,1,0,0,0,0,0,0,0,0,0,0
482135,1,1,0,0,0,0,0,0,0,0,0,12
482135,2,1,0,0,0,0,0,0,0,0,0,0
482136,1,1,2,2,2,2,2,2,2,2,2,2
482136,2,1,0,28,0,0,0,10,13,0,0,17
482137,0,1,0,0,0,0,0,0,0,0,0,0
482137,1,1,0,0,0,0,0,0,0,0,0,0
482138,1,1,0,0,0,0,0,0,0,10,0,0
482138,2,1,0,0,0,0,10,0,0,0,0,0
482139,1,1,3,0,0,0,0,0,0,0,0,0
482139,2,1,0,0,12,0,0,0,0,26,0,0
482140,1,1,16,0,27,0,0,0,0,0,0,0
482141,1,1,0,0,0,0,15,0,26,10,0,0
482142,1,1,26,26,26,26,26,26,26,26,26,26
482143,1,1,0,0,0,0,0,0,0,0,0,0
482143,2,1,0,0,0,0,0,0,0,0,0,0
482144,1,1,0,0,0,0,0,0,0,0,0,0
482144,2,1,3,0,4,0,0,0,0,0,0,0
482145,1,1,0,0,0,0,0,0,0,0,0,0
482145,2,1,0,0,0,7,0,15,0,0,0,0
482146,1,1,0,0,0,0,0,0,0,0,0,0
482147,1,1,7,7,7,7,7,7,7,7,7,7
482147,2,1,0,0,0,0,0,0,0,0,0,0
482148,1,1,0,0,0,0,0,0,0,0,0,0
482148,2,1,0,0,0,0,0,0,0,0,0,0
482149,1,1,0,0,0,0,0,0,0,0,0,0
482149,2,1,0,0,0,0,2,7,0,8,0,0
482150,1,1,7,7,7,7,7,7,7,7,7,7
482150,2,1,0,10,0,10,5,10,2,9,0,30
482151,1,1,8,10,0,6,21,0,16,18,17,9
482151,3,1,0,0,0,11,22,17,0,11,0,0
482152,0,1,31,31,31,31,31,31,31,31,31,31
482152,1,1,14,14,14,14,14,14,14,14,14,14
482153,0,1,0,0,0,0,0,0,0,0,0,0
482153,1,1,0,0,0,0,0,0,0,0,0,0
482154,1,1,9,9,9,9,9,9,9,9,9,9
482155,1,1,0,11,0,0,0,0,9,10,6,0
482155,2,1,9,0,23,0,0,0,22,0,20,8
482156,1,1,0,12,20,0,14,28,26,23,0,15
482157,0,1,0,0,0,0,0,0,0,0,0,0
482157,1,1,0,10,6,8,0,0,12,0,0,24
482158,1,1,0,0,0,0,0,0,0,0,0,0
482158,2,1,0,0,0,0,0,0,0,0,0,0
482159,1,1,0,0,0,0,0,0,0,0,0,0
482159,2,1,0,0,0,0,0,0,0,0,0,0
482160,0,1,0,10,13,3,0,0,0,8,10,18
482160,1,1,0,0,0,0,0,0,0,0,0,0
482161,1,1,21,21,21,21,21,21,21,21,21,21
482161,2,1,0,0,0,0,0,0,17,0,0,0
482161,3,1,0,0,10,0,8,0,22,0,0,0
482162,1,1,18,18,18,18,18,18,18,18,18,18
482163,0,1,7,19,23,16,48,10,18,28,13,31
482163,1,1,0,0,0,0,0,0,0,0,0,0
482164,1,1,0,0,12,0,0,0,0,0,0,25
482165,1,1,23,0,0,0,0,0,0,0,0,0
482165,2,1,0,0,0,0,0,0,0,0,0,0
482166,1,1,0,0,0,0,0,0,0,0,0,0
482167,1,1,0,0,0,17,0,0,0,16,23,22
482167,2,1,11,0,0,0,0,0,0,18,0,0
482168,1,1,0,0,0,0,10,0,0,0,0,0
482168,2,1,0,0,0,0,0,0,0,0,0,0
482169,1,1,9,9,9,9,9,9,9,9,9,9
482169,3,1,0,0,0,0,0,0,0,0,0,0
482170,1,1,1,1,1,1,1,1,1,1,1,1
482170,2,1,0,0,0,0,0,0,0,0,0,0
482171,0,1,11,10,0,13,0,0,0,0,0,6
482171,1,1,0,0,0,11,0,0,17,0,0,0
482171,2,1,19,0,0,0,0,0,0,0,0,0
482172,1,1,14,0,0,0,0,18,0,0,0,0
482173,1,1,15,18,31,0,7,22,32,0,25,0
482173,2,1,19,20,0,0,6,0,0,11,20,0
482174,1,1,0,18,0,5,0,0,8,0,12,25
482175,1,1,1,1,1,1,1,1,1,1,1,1
482175,2,1,0,0,0,0,0,0,0,0,0,0
482175,3,1,0,0,0,0,0,0,0,0,0,0
482176,1,1,0,0,17,0,0,0,0,0,0,15
482176,2,1,0,0,0,8,8,0,0,9,23,0
482177,1,1,0,0,0,0,0,0,0,0,0,0
482177,2,1,5,0,19,0,5,0,12,0,0,0
482178,1,1,0,0,0,0,0,0,0,12,0,0
482178,2,1,0,0,0,0,0,4,8,0,0,0
482179,1,1,14,14,14,14,14,14,14,14,14,14
482180,1,1,2,2,2,2,2,2,2,2,2,2
482180,2,1,0,0,0,0,0,0,0,0,0,0
482180,3,1,0,0,0,0,0,0,0,0,0,6
482181,1,1,7,7,7,7,7,7,7,7,7,7
482182,1,1,17,17,17,17,17,17,17,17,17,17
482183,1,1,0,0,0,0,0,0,0,0,0,0
482183,2,1,0,0,0,0,0,0,0,0,0,0
482184,1,1,10,10,10,10,10,10,10,10,10,10
482185,1,1,9,0,0,0,0,0,0,19,0,0
482185,2,1,0,0,0,0,0,0,0,0,0,0
482185,3,1,5,0,0,0,0,0,0,0,0,0
482185,4,1,0,0,0,12,0,0,6,0,0,0
482186,1,1,0,0,0,0,0,0,0,0,0,0
482186,2,1,0,0,0,28,0,38,11,0,0,0
482187,1,1,0,0,0,0,0,0,25,0,0,0
482187,2,1,0,0,0,0,0,0,0,0,0,0
482188,1,1,9,9,9,9,9,9,9,9,9,9
482188,2,1,8,8,8,8,8,8,8,8,8,8
482189,1,1,0,0,0,0,0,0,0,0,0,0
482190,1,1,14,14,14,14,14,14,14,14,14,14
482190,2,1,0,10,0,0,0,0,0,0,3,0
482190,3,1,0,0,0,1,0,27,0,0,0,0
482190,4,1,0,10,10,0,8,0,0,19,0,0
482191,1,1,13,13,13,13,13,13,13,13,13,13
482192,1,1,23,8,10,0,0,14,21,8,4,23
482192,2,1,0,8,0,0,0,0,0,0,0,0
482193,0,1,0,0,0,31,10,0,0,29,8,0
482193,1,1,0,0,0,0,0,0,0,0,0,0
482194,0,1,16,28,17,0,23,0,0,0,0,0
482194,1,1,0,0,0,0,0,0,0,9,0,0
482195,1,1,0,0,0,0,0,0,0,0,0,0
482195,2,1,0,0,0,0,0,0,0,0,0,0
482196,1,1,11,11,11,11,11,11,11,11,11,11
482196,2,1,0,0,0,0,0,0,0,0,0,0
482197,1,1,20,20,20,20,20,20,20,20,20,20
482198,1,1,15,15,15,15,15,15,15,15,15,15
482198,2,1,0,0,0,0,0,0,0,0,0,0
482198,3,1,16,0,0,0,0,0,0,7,0,0
482199,1,1,0,0,0,0,0,0,0,0,0,0
482200,0,1,0,0,0,0,0,0,0,0,0,0
482200,1,1,0,0,0,0,0,0,0,0,0,0
482201,0,1,0,0,0,11,29,25,37,0,0,0
482201,1,1,0,0,0,0,0,10,0,0,0,0
482202,1,1,0,9,12,12,21,0,16,6,9,0
482203,1,1,0,27,0,0,0,0,0,0,0,0
482203,2,1,0,0,0,0,0,0,3,0,0,0
482204,0,1,0,0,0,0,0,0,0,0,0,0
482204,1,1,0,0,0,0,0,0,0,0,0,0
482205,0,1,0,0,0,0,0,0,0,0,0,0
482205,1,1,0,0,0,0,0,12,12,10,0,0
482205,2,1,0,33,34,0,0,0,0,22,0,0
482206,1,1,0,0,0,0,0,0,0,0,0,0
482206,2,1,0,0,0,0,0,0,0,0,0,24
482207,1,1,0,0,0,0,0,0,0,0,0,0
482207,2,1,15,0,0,0,0,0,0,0,0,0
482208,1,1,23,23,23,23,23,23,23,23,23,23
482208,2,1,4,10,0,0,0,0,0,0,0,0
482208,3,1,0,0,0,0,0,0,0,0,0,0
482209,1,1,0,23,13,11,18,0,12,13,11,0
482209,2,1,12,0,0,0,8,0,0,0,0,15
482210,1,1,0,0,0,0,0,0,0,0,0,0
482211,1,1,0,0,0,0,0,41,0,0,0,0
482211,2,1,0,0,0,0,0,0,0,0,0,0
482212,1,1,0,0,0,0,0,0,0,0,0,0
482213,1,1,0,0,0,0,0,0,0,0,0,0
482213,2,1,0,2,0,9,0,0,0,0,8,0
482214,1,1,13,13,13,13,13,13,13,13,13,13
482214,2,1,0,0,0,18,0,0,0,0,0,0
482215,1,1,0,0,0,0,0,0,0,0,0,0
482215,2,1,0,0,0,0,0,0,0,0,0,0
482216,1,1,4,0,0,0,0,0,0,0,0,0
482216,2,1,0,0,0,0,0,0,0,0,0,0
482217,0,1,0,7,20,38,0,0,30,16,0,22
482217,1,1,15,24,0,0,0,9,0,0,6,15
482217,2,1,28,0,0,0,18,0,17,11,0,0
482218,0,1,7,0,20,0,0,0,0,0,0,0
482218,1,1,0,0,18,13,12,20,6,3,33,8
482219,1,1,0,0,0,0,0,0,0,0,0,0
482219,2,1,28,0,20,0,22,5,0,34,0,15
482220,1,1,0,0,20,0,0,0,0,0,0,0
482220,2,1,36,36,36,36,36,36,36,36,36,36
482221,1,1,17,10,10,0,0,0,5,9,18,0
482221,2,1,0,0,0,0,20,0,0,0,0,0
482222,1,1,0,0,0,0,0,0,0,0,0,0
482222,2,1,0,0,0,0,0,0,0,0,0,0
482223,1,1,0,0,0,0,0,0,0,0,0,0
482223,2,1,0,0,0,0,0,0,0,0,0,0
482224,1,1,18,18,18,18,18,18,18,18,18,18
482225,1,1,0,0,0,0,0,0,0,0,0,0
482225,2,1,14,0,0,0,0,0,0,0,0,0
482226,1,1,0,0,0,0,0,0,0,0,0,0
482227,1,1,16,16,16,16,16,16,16,16,16,16
482227,2,1,0,0,0,0,0,0,0,0,0,0
482228,0,1,0,0,0,0,0,0,0,0,0,0
482228,0,2,22,0,0,0,0,0,0,0,0,0
482228,0,3,0,0,0,0,0,0,0,0,0,0
482228,1,1,22,0,0,0,0,0,0,0,0,0
482229,1,1,0,0,0,0,0,0,0,0,0,0
482230,1,1,0,0,23,16,6,0,13,12,20,6
482230,2,1,6,0,0,0,0,0,0,0,0,0
482231,1,1,36,36,36,36,36,36,36,36,36,36
482232,1,1,25,18,0,12,19,16,15,7,12,16
482232,2,1,0,0,0,18,25,0,8,0,0,18
482233,1,1,12,12,12,12,12,12,12,12,12,12
482234,1,1,0,9,0,0,0,14,0,6,0,0
482235,1,1,0,0,0,0,0,0,0,0,0,0
482236,1,1,12,17,23,18,0,16,0,8,21,0
482237,1,1,0,0,0,0,0,0,0,0,0,0
482238,1,1,0,14,0,0,14,18,19,0,5,7
482239,1,1,20,0,11,0,0,0,0,0,0,0
482240,0,1,0,0,0,0,0,0,0,0,0,0
482240,1,1,32,0,13,0,0,13,0,0,0,12
482241,1,1,23,23,23,23,23,23,23,23,23,23
482242,1,1,0,0,0,0,0,0,0,0,12,0
482242,2,1,18,0,0,0,0,0,0,0,0,0
482243,1,1,0,0,0,0,0,0,0,0,0,0
482243,2,1,0,0,0,0,0,0,0,0,0,0
482244,1,1,0,0,0,0,23,0,0,0,0,0
482244,2,1,0,0,0,0,0,0,0,0,0,0
482245,1,1,0,0,0,0,0,0,0,0,0,0
482246,1,1,0,0,0,0,0,0,3,0,0,0
482247,1,1,23,23,23,23,23,23,23,23,23,23
482247,2,1,0,0,0,0,0,0,0,0,0,0
482248,1,1,0,0,0,0,0,0,0,0,0,0
482249,1,1,20,20,20,20,20,20,20,20,20,20
482249,2,1,0,0,0,0,0,0,0,0,0,0
482250,1,1,0,19,0,0,17,0,0,0,0,0
482251,1,1,0,0,0,0,0,0,0,0,0,0
482252,1,1,0,0,0,0,0,0,0,0,0,0
482252,2,1,0,0,0,0,0,0,0,0,0,0
482253,1,1,0,0,0,0,0,0,0,16,0,0
482254,1,1,0,0,0,0,0,0,0,0,0,0