ST_CASE,VEH_NO,PER_NO,P1,P2,P3,P4,P5,P6,P7,P8,P9,P10
482255,0,1,21,11,0,0,0,8,0,0,27,0
482255,1,1,0,0,0,0,7,0,0,17,0,13
482256,0,1,0,11,0,22,0,20,0,0,0,15
482256,1,1,8,0,0,0,0,0,0,0,0,0
482257,0,1,28,28,28,28,28,28,28,28,28,28
482257,1,1,0,0,17,0,0,0,0,0,8,0
482258,1,1,0,0,0,0,0,0,0,0,0,0
482258,2,1,0,0,0,0,0,0,0,0,0,0
482259,1,1,0,0,0,0,0,0,0,0,0,0
482259,2,1,7,7,7,7,7,7,7,7,7,7
482260,0,1,26,0,0,0,0,19,19,0,0,0
482260,1,1,0,0,0,0,0,0,0,0,14,0
482261,1,1,0,0,0,0,0,0,0,0,0,0
482262,1,1,0,0,0,0,0,0,0,0,0,0
482263,1,1,0,0,0,0,14,0,0,0,0,15
482263,2,1,0,0,0,0,0,0,0,0,0,0
482264,1,1,12,0,0,0,14,0,0,0,0,0
482264,2,1,0,0,0,0,0,0,0,0,0,0
482265,1,1,0,0,0,0,0,0,0,0,0,0
482266,0,1,0,0,0,0,0,0,0,0,0,0
482267,0,1,0,0,0,0,0,0,0,0,0,0
482267,1,1,0,0,0,0,0,0,0,11,12,20
482268,1,1,29,29,29,29,29,29,29,29,29,29
482269,1,1,0,0,0,0,0,0,0,0,0,0
482269,2,1,0,0,0,0,0,0,0,0,0,0
482270,1,1,21,21,21,21,21,21,21,21,21,21
482271,1,1,0,0,0,0,0,0,0,0,0,0
482272,1,1,16,16,16,16,16,16,16,16,16,16
482272,2,1,0,0,0,12,0,0,0,0,12,0
482272,3,1,0,0,0,0,0,0,0,0,0,0
482273,1,1,0,0,0,0,0,0,0,0,0,0
482273,2,1,0,0,0,0,0,0,0,0,0,0
482274,1,1,22,22,22,22,22,22,22,22,22,22
482275,1,1,13,14,19,0,0,0,0,11,17,0
482276,1,1,14,0,13,0,11,0,13,0,0,0
482277,1,1,17,17,17,17,17,17,17,17,17,17
482277,2,1,1,1,1,1,1,1,1,1,1,1
482278,0,1,0,0,0,0,0,0,0,0,0,0
482278,1,1,7,13,21,0,0,0,15,2,0,0
482279,1,1,13,13,13,13,13,13,13,13,13,13
482280,1,1,0,0,0,0,0,0,0,0,0,0
482280,2,1,0,0,0,0,0,0,0,0,0,0
482281,1,1,0,0,0,0,0,0,0,0,0,0
482282,0,1,12,12,12,12,12,12,12,12,12,12
482282,1,1,8,17,0,0,0,0,14,0,0,2
482283,1,1,0,21,20,0,25,0,7,6,0,0
482283,2,1,0,0,0,0,14,0,0,7,0,8
482284,1,1,21,0,0,0,0,0,25,0,0,0
482284,2,1,0,0,0,0,0,0,0,0,0,0
482284,3,1,0,0,0,0,0,0,0,8,3,0
482285,1,1,23,23,23,23,23,23,23,23,23,23
482286,1,1,0,0,0,0,0,0,0,0,0,0
482286,2,1,0,0,0,0,0,0,0,14,0,0
482287,1,1,9,9,9,9,9,9,9,9,9,9
482288,1,1,0,0,6,0,0,0,0,0,0,0
482288,2,1,0,0,0,0,0,0,0,0,0,0
482289,1,1,0,0,0,0,0,0,0,7,0,0
482289,2,1,0,0,0,0,0,0,0,0,0,0
482290,1,1,22,22,22,22,22,22,22,22,22,22
482290,2,1,0,0,0,0,0,0,0,0,0,0
482291,0,1,35,35,35,35,35,35,35,35,35,35
482291,1,1,0,2,2,15,0,0,0,0,0,0
482292,1,1,8,8,8,8,8,8,8,8,8,8
482293,1,1,19,19,19,19,19,19,19,19,19,19
482293,2,1,0,0,0,0,0,0,0,0,0,0
482294,1,1,30,30,30,30,30,30,30,30,30,30
482294,2,1,0,0,18,0,0,0,12,29,12,0
482295,1,1,0,0,0,4,0,0,0,0,0,0
482295,2,1,0,0,0,0,0,0,0,0,0,0
482296,0,1,0,0,22,0,5,0,0,3,0,18
482296,1,1,14,0,15,0,0,6,0,0,7,0
482297,1,1,18,18,18,18,18,18,18,18,18,18
482298,1,1,0,0,0,0,0,0,0,0,0,0
482298,2,1,0,0,0,0,0,0,33,0,0,0
482299,1,1,0,0,0,0,0,0,0,0,0,0
482299,2,1,0,16,0,0,0,12,11,0,0,7
482300,1,1,0,0,0,0,5,0,0,0,0,0
482301,1,1,16,0,30,0,0,0,6,0,0,0
482301,2,1,0,0,0,4,0,0,0,0,0,0
482303,1,1,18,18,18,18,18,18,18,18,18,18
482303,2,1,0,0,0,0,14,35,12,0,0,26
482304,1,1,0,0,0,0,0,0,0,5,33,0
482304,2,1,0,0,0,0,0,0,0,0,0,8
482305,0,1,0,0,0,4,0,0,27,0,0,15
482305,1,1,7,7,7,7,7,7,7,7,7,7
482305,2,1,11,6,20,11,0,2,23,0,16,21
482306,1,1,0,0,0,0,0,0,0,5,10,0
482307,1,1,0,0,0,0,0,0,0,0,0,0
482308,1,1,0,0,0,0,0,0,0,0,0,0
482309,1,1,16,16,16,16,16,16,16,16,16,16
482310,1,1,8,8,8,8,8,8,8,8,8,8
482311,1,1,11,0,13,0,0,27,29,26,16,0
482312,1,1,0,0,0,30,0,0,0,0,7,24
482312,2,1,1,1,1,1,1,1,1,1,1,1
482313,1,1,0,17,2,0,0,0,0,12,0,0
482313,2,1,10,0,0,0,0,0,0,0,4,10
482314,1,1,18,18,18,18,18,18,18,18,18,18
482314,2,1,0,0,0,0,0,0,0,0,0,0
482315,1,1,0,0,0,0,0,0,0,0,0,0
482316,1,1,0,18,13,0,10,6,0,4,32,0
482317,1,1,0,0,0,0,0,0,0,0,12,0
482317,2,1,0,0,22,5,24,0,0,0,0,25
482318,0,1,0,0,0,0,0,0,0,0,0,0
482318,1,1,12,12,12,12,12,12,12,12,12,12
482319,1,1,6,6,6,6,6,6,6,6,6,6
482320,1,1,0,0,11,0,0,0,0,0,0,13
482320,2,1,18,12,0,0,0,2,0,0,0,38
482321,1,1,15,11,0,10,0,0,0,0,8,0
482322,1,1,0,0,0,0,0,0,0,0,0,0
482322,2,1,23,0,0,0,0,0,0,19,0,0
482323,1,1,0,0,19,0,0,0,0,0,0,0
482324,1,1,24,24,24,24,24,24,24,24,24,24
482325,1,1,0,0,0,0,0,0,0,0,0,0
482325,2,1,0,0,0,0,0,0,0,0,0,0
482326,1,1,0,0,0,0,0,0,0,0,0,0
482327,1,1,12,26,13,20,31,2,9,23,28,15
482328,1,1,0,0,0,0,0,0,0,0,15,0
482328,2,1,19,0,0,13,0,0,0,0,0,0
482329,1,1,23,23,23,23,23,23,23,23,23,23
482330,0,1,27,36,5,14,27,23,16,15,19,63
482330,1,1,0,0,0,0,0,0,0,0,0,0
482331,0,1,8,0,0,0,0,0,0,29,0,0
482331,1,1,0,0,0,0,0,0,0,0,0,0
482332,1,1,24,24,24,24,24,24,24,24,24,24
482333,1,1,21,0,0,0,7,0,0,23,13,13
482333,2,1,0,0,0,0,0,11,0,0,0,0
482333,3,1,0,15,0,6,0,0,2,0,0,0
482334,1,1,0,15,0,0,0,0,0,0,0,18
482334,2,1,0,13,0,0,0,0,0,0,0,0
482334,3,1,0,9,0,0,0,0,0,9,0,0
482336,1,1,0,0,0,0,0,22,0,0,0,0
482336,2,1,0,0,0,0,0,0,0,12,0,0
482337,1,1,0,0,0,0,12,0,0,18,18,0
482337,2,1,0,0,0,0,0,0,0,0,0,0
482338,0,1,7,0,0,0,0,0,0,25,0,0
482338,0,2,0,0,0,0,0,0,0,0,0,0
482338,1,1,0,0,25,14,0,8,0,16,0,10
482339,1,1,0,0,0,0,0,0,0,0,0,0
482339,2,1,5,0,0,0,0,8,0,0,0,0
482340,1,1,0,0,0,0,0,0,0,14,0,0
482340,2,1,0,0,0,2,0,2,0,0,0,0
482341,1,1,10,28,14,0,39,14,43,0,0,14
482342,1,1,0,0,0,0,0,0,0,0,0,0
482342,2,1,0,0,11,14,0,4,0,0,0,0
482342,3,1,0,0,0,0,0,0,0,0,0,0
482343,0,1,20,20,20,20,20,20,20,20,20,20
482343,1,1,13,16,11,10,9,37,20,12,12,10
482344,1,1,0,0,7,0,0,0,0,0,0,19
482345,1,1,0,0,21,28,0,0,0,22,21,0
482346,1,1,0,0,0,0,0,0,0,0,0,0
482346,2,1,0,0,0,0,0,0,0,0,0,0
482347,1,1,3,3,3,3,3,3,3,3,3,3
482347,2,1,0,0,0,0,0,0,0,14,0,0
482348,1,1,12,0,0,19,0,0,0,0,23,0
482348,2,1,0,0,0,0,24,0,0,0,0,0
482350,1,1,21,16,0,0,12,8,15,17,0,0
482351,1,1,0,0,11,0,0,0,0,0,0,0
482351,2,1,0,0,3,0,0,0,0,0,0,0
482352,1,1,0,0,0,0,0,0,0,0,0,0
482353,1,1,0,0,0,0,0,0,0,0,0,0
482354,1,1,0,0,0,0,0,0,0,0,0,0
482354,2,1,0,0,0,0,0,8,0,0,0,0
482355,1,1,0,0,0,0,0,0,0,0,0,0
482355,2,1,0,0,0,0,0,0,0,0,0,0
482356,1,1,0,35,11,0,19,0,0,23,19,12
482357,1,1,0,6,12,0,9,0,0,0,8,0
482358,1,1,0,0,0,0,0,0,0,0,0,0
482359,1,1,0,0,0,0,0,0,0,0,0,0
482360,1,1,10,10,10,10,10,10,10,10,10,10
482361,1,1,9,9,9,9,9,9,9,9,9,9
482361,2,1,0,0,0,0,0,0,0,0,0,0
482362,1,1,14,20,14,7,35,20,17,17,12,13
482363,1,1,0,0,0,0,0,0,0,0,0,0
482363,2,1,0,0,0,0,0,0,0,0,5,0
482364,1,1,0,0,0,0,0,0,0,0,0,0
482364,2,1,0,0,0,0,0,0,0,0,0,0
482365,1,1,26,30,0,24,0,0,1,16,19,23
482366,1,1,0,0,0,0,0,0,0,0,0,0
482366,2,1,0,0,0,0,0,0,0,0,0,0
482367,1,1,0,0,0,0,0,0,0,0,0,0
482367,2,1,0,0,0,0,0,0,0,0,0,0
482367,3,1,0,0,0,0,0,0,0,0,0,0
482367,4,1,0,0,0,0,0,0,0,0,0,0
482368,1,1,0,0,13,0,0,0,0,0,0,0
482368,2,1,2,0,16,0,0,24,0,17,0,0
482369,1,1,0,0,0,0,0,0,0,0,0,0
482370,1,1,0,0,0,0,25,0,0,15,0,0
482370,2,1,38,27,8,0,0,13,0,0,0,0
482371,1,1,8,8,8,8,8,8,8,8,8,8
482371,2,1,0,16,27,10,17,11,0,0,0,0
482372,0,1,0,22,0,0,0,0,0,0,0,0
482372,1,1,0,0,0,0,0,0,0,0,0,0
482373,1,1,0,0,0,0,0,0,0,0,0,0
482373,2,1,0,0,0,0,0,0,0,0,0,0
482374,1,1,0,17,0,0,5,0,0,0,0,0
482374,2,1,0,16,0,0,0,0,0,0,0,0
482375,1,1,0,0,0,0,0,0,0,0,0,0
482375,2,1,0,0,0,0,0,0,0,0,0,0
482376,1,1,0,0,0,0,0,0,0,0,0,0
482376,2,1,19,19,19,19,19,19,19,19,19,19
482377,1,1,0,0,0,0,0,0,0,0,0,0
482377,2,1,0,0,0,0,6,8,0,0,0,0
482378,1,1,0,0,0,0,0,0,7,0,0,0
482378,2,1,0,0,0,0,0,0,0,8,29,0
482379,1,1,34,26,12,16,28,12,17,21,27,9
482380,1,1,19,19,19,19,19,19,19,19,19,19
482381,0,1,0,0,0,0,0,0,0,0,31,16
482381,1,1,0,25,0,0,9,7,24,0,0,0
482382,1,1,16,16,16,16,16,16,16,16,16,16
482383,1,1,13,13,13,13,13,13,13,13,13,13
482384,1,1,0,0,0,0,0,0,0,0,7,0
482385,1,1,0,0,0,0,0,0,0,0,0,0
482386,1,1,0,0,0,0,0,0,0,0,0,0
482386,2,1,8,0,0,9,19,20,16,3,4,0
482387,0,1,0,0,0,0,0,0,0,0,0,0
482387,0,2,0,0,0,0,0,0,0,0,0,0
482387,0,3,0,0,0,0,0,0,0,0,0,0
482387,1,1,0,16,0,0,0,0,0,0,0,8
482388,1,1,8,0,0,0,2,0,0,0,0,32
482388,2,1,0,0,0,0,0,0,0,0,0,0
482389,1,1,0,0,0,0,0,0,0,0,0,34
482389,2,1,0,0,0,0,0,0,0,0,0,0
482391,1,1,18,14,11,34,21,28,8,15,0,0
482391,2,1,0,0,9,0,0,17,0,10,16,4
482392,1,1,11,27,17,0,16,0,12,18,28,12
482393,1,1,0,0,0,0,0,0,0,0,0,0
482393,2,1,0,0,0,0,0,0,0,0,0,0
482395,1,1,0,0,0,0,0,0,0,0,0,0
482395,2,1,0,0,0,0,0,28,0,0,0,0
482395,3,1,0,0,0,0,0,0,0,0,0,0
482395,4,1,0,0,0,0,0,0,0,0,0,0
482395,5,1,12,12,12,12,12,12,12,12,12,12
482396,0,1,0,0,0,0,0,0,0,0,0,0
482396,1,1,0,0,16,0,0,10,0,26,0,23
482397,1,1,0,0,0,0,0,0,0,0,0,0
482397,2,1,0,22,0,0,0,0,0,0,0,0
482398,1,1,0,0,0,0,0,0,0,0,0,0
482399,1,1,18,12,13,6,13,40,10,36,10,14
482400,0,1,0,0,0,0,19,0,11,0,0,27
482400,1,1,0,0,0,0,0,4,0,0,0,0
482401,1,1,0,0,0,0,0,0,0,0,0,0
482401,2,1,0,0,0,0,0,0,0,0,0,0
482401,3,1,0,0,0,0,0,0,0,0,0,0
482402,1,1,0,0,0,0,0,0,0,0,0,0
482403,1,1,11,35,0,0,36,11,20,0,13,0
482404,1,1,0,0,0,0,0,0,0,0,0,0
482405,1,1,0,0,0,0,0,10,0,0,0,0
482405,2,1,0,0,0,4,0,0,0,0,0,0
482406,1,1,0,0,0,0,0,7,0,0,0,0
482407,1,1,21,21,21,21,21,21,21,21,21,21
482408,1,1,27,27,27,27,27,27,27,27,27,27
482408,2,1,8,0,14,0,0,31,0,0,0,0
482409,1,1,17,0,20,10,21,0,36,13,11,28
482410,1,1,13,22,45,11,0,29,30,28,24,0
482411,1,1,5,21,23,31,25,19,22,17,27,28
482412,1,1,0,0,0,0,0,0,0,0,0,0
482412,2,1,0,6,16,7,0,0,0,6,0,0
482413,1,1,0,0,0,0,0,0,0,0,0,0
482413,2,1,0,0,0,0,0,0,0,0,0,0
482414,1,1,9,0,0,29,0,16,0,23,0,0
482415,1,1,0,11,0,0,0,14,0,26,0,0
482416,1,1,0,0,0,0,0,0,0,0,0,0
482416,2,1,0,0,0,0,0,0,0,4,0,0
482417,0,1,0,0,0,0,0,0,0,0,0,0
482417,1,1,23,23,23,23,23,23,23,23,23,23
482418,1,1,0,0,5,0,0,0,0,0,0,0
482418,2,1,0,0,0,0,0,0,0,0,0,0
482418,3,1,0,0,0,0,0,0,0,0,0,0
482419,1,1,0,16,0,0,9,0,0,0,0,0
482419,2,1,0,0,0,0,0,0,26,0,0,0
482420,1,1,8,8,8,8,8,8,8,8,8,8
482420,2,1,0,0,0,0,0,0,0,0,0,0
482421,1,1,10,10,10,10,10,10,10,10,10,10
482422,0,1,8,0,12,35,0,23,18,0,0,0
482422,1,1,0,0,0,0,0,0,0,0,0,0
482423,1,1,13,0,0,15,0,0,0,0,0,0
482424,1,1,19,19,19,19,19,19,19,19,19,19
482425,1,1,15,15,15,15,15,15,15,15,15,15
482425,2,1,18,18,18,18,18,18,18,18,18,18
482426,0,1,21,21,21,21,21,21,21,21,21,21
482426,1,1,16,16,16,16,16,16,16,16,16,16
482427,1,1,16,16,16,16,16,16,16,16,16,16
482427,2,1,6,15,0,0,0,6,0,14,0,0
482428,1,1,19,21,0,15,5,6,15,0,28,0
482429,0,1,0,0,0,0,0,0,0,0,0,0
482429,1,1,0,0,0,0,0,0,0,0,0,0
482430,1,1,0,0,2,0,0,0,0,0,0,0
482430,2,1,13,21,0,18,0,16,0,0,22,0
482430,3,1,19,19,19,19,19,19,19,19,19,19
482431,0,1,0,0,0,30,9,0,0,21,11,12
482431,1,1,33,0,10,9,20,12,12,15,9,22
482432,1,1,0,10,12,10,0,0,0,38,0,26
482432,2,1,0,0,0,0,0,0,0,0,0,0
482433,1,1,11,0,0,5,9,0,14,0,0,0
482433,2,1,0,0,0,0,0,0,0,0,0,0
482434,1,1,0,0,0,0,0,0,0,0,0,0
482435,0,1,0,0,0,0,0,12,0,0,0,0
482435,0,2,0,0,0,0,0,0,0,0,0,0
482435,1,1,0,0,0,0,0,0,0,0,0,0
482436,1,1,0,0,0,0,0,0,0,0,0,0
482437,1,1,0,25,11,0,0,0,0,0,0,0
482438,1,1,21,21,21,21,21,21,21,21,21,21
482438,2,1,0,42,0,0,0,0,9,20,0,0
482438,3,1,0,0,9,0,0,18,0,0,10,0
482439,1,1,18,15,6,0,23,0,0,30,0,13
482440,1,1,13,6,0,0,0,8,0,0,0,0
482440,2,1,7,0,0,0,0,0,0,16,0,0
482441,1,1,0,0,0,0,0,0,0,0,0,15
482442,1,1,24,6,0,12,12,26,0,0,0,0
482442,2,1,0,0,0,0,0,0,0,0,0,0
482443,1,1,0,0,0,0,0,0,0,0,0,0
482444,1,1,0,0,0,7,0,15,21,21,0,0
482445,1,1,0,8,0,19,0,30,0,0,17,0
482445,2,1,0,0,7,0,0,0,0,0,11,0
482446,1,1,0,0,26,9,0,20,10,0,18,6
482446,2,1,0,0,0,0,0,0,0,0,0,0
482447,1,1,17,17,17,17,17,17,17,17,17,17
482448,1,1,21,21,21,21,21,21,21,21,21,21
482449,1,1,18,18,18,18,18,18,18,18,18,18
482449,2,1,0,0,0,0,0,0,32,0,0,0
482450,1,1,18,18,18,18,18,18,18,18,18,18
482450,2,1,0,9,0,0,0,0,0,0,0,0
482451,0,1,0,0,0,10,0,0,17,2,0,0
482451,1,1,17,26,10,5,11,15,8,0,22,0
482452,1,1,0,0,0,0,0,0,0,0,0,0
482453,1,1,22,16,0,15,0,15,0,0,8,16
482454,1,1,0,0,0,0,0,0,0,0,0,0
482454,2,1,28,28,28,28,28,28,28,28,28,28
482455,1,1,19,19,19,19,19,19,19,19,19,19
482456,0,1,0,0,0,0,0,0,0,0,0,13
482456,1,1,0,0,0,0,0,0,0,0,0,0
482457,1,1,0,0,35,31,0,0,0,16,0,0
482457,2,1,0,0,0,0,0,0,0,0,0,0
482458,1,1,0,0,0,17,0,0,0,11,0,10
482459,0,1,0,0,0,17,0,0,12,0,0,0
482459,1,1,0,0,0,0,0,0,0,0,0,0
482460,1,1,5,0,0,6,0,0,0,0,0,0
482460,2,1,0,0,0,0,0,0,0,0,0,0
482462,1,1,51,0,19,0,0,0,0,0,0,0
482463,0,1,0,0,0,0,0,0,0,0,0,0
482463,1,1,0,0,0,0,0,8,0,0,4,0
482464,0,1,0,0,0,0,0,0,0,0,0,0
482464,1,1,0,0,0,0,0,0,0,0,0,0
482465,0,1,12,12,12,12,12,12,12,12,12,12
482465,1,1,0,17,0,0,0,0,0,0,12,21
482466,1,1,0,0,0,0,0,0,0,0,0,0
482467,1,1,21,21,21,21,21,21,21,21,21,21
482468,1,1,13,0,0,0,13,0,0,0,0,0
482468,2,1,0,0,10,0,0,0,12,0,0,0
482469,1,1,0,0,0,0,0,0,0,0,0,0
482469,2,1,0,0,0,0,0,0,0,0,0,0
482470,0,1,0,32,0,0,0,0,0,0,0,11
482470,1,1,0,0,0,0,0,0,0,0,0,0
482471,0,1,0,0,0,0,0,18,0,0,10,0
482471,1,1,13,5,8,0,0,0,0,0,0,0
482472,1,1,0,0,0,0,0,0,0,0,0,12
482472,2,1,7,17,0,24,0,9,23,5,6,6
482473,1,1,3,3,3,3,3,3,3,3,3,3
482474,1,1,19,19,19,19,19,19,19,19,19,19
482475,0,1,27,27,27,27,27,27,27,27,27,27
482475,1,1,0,0,0,0,0,0,6,13,8,0
482476,1,1,19,19,19,19,19,19,19,19,19,19
482476,2,1,0,0,0,0,0,0,0,0,0,0
482477,1,1,0,0,14,0,0,0,14,7,0,0
482477,2,1,0,0,0,0,0,0,0,0,0,0
482478,1,1,16,16,16,16,16,16,16,16,16,16
482479,1,1,23,23,23,23,23,23,23,23,23,23
482480,1,1,0,0,0,0,0,0,0,0,0,0
482480,2,1,0,0,0,0,4,0,6,18,4,0
482481,0,1,11,13,10,22,26,0,26,0,0,0
482481,1,1,18,0,0,0,0,13,0,0,0,0
482482,1,1,0,0,0,0,0,0,0,0,0,0
482482,2,1,0,0,0,0,12,0,0,18,9,0
482483,0,1,0,0,0,0,0,0,0,0,0,0
482483,1,1,0,0,0,0,0,0,0,0,0,0
482484,1,1,0,0,0,0,0,0,3,0,21,0
482484,2,1,0,0,0,0,0,0,0,0,0,0
482485,1,1,15,15,15,15,15,15,15,15,15,15
482486,1,1,0,0,0,0,0,0,0,0,0,0
482486,2,1,0,0,0,0,0,0,0,0,0,0
482487,1,1,0,0,0,0,0,0,0,0,0,0
482488,1,1,13,13,13,13,13,13,13,13,13,13
482488,2,1,0,0,0,0,0,0,0,0,0,0
482489,0,1,0,0,7,0,17,0,0,0,0,0
482489,1,1,0,0,0,0,0,0,0,17,0,0
482490,1,1,11,19,11,0,9,19,17,8,0,0
482491,1,1,0,0,0,0,0,0,0,0,0,0
482491,2,1,0,0,1,0,0,0,0,0,0,0
482492,0,1,20,20,20,20,20,20,20,20,20,20
482492,1,1,0,0,0,0,0,0,0,0,0,0
482493,0,1,0,0,0,14,0,15,0,0,0,0
482493,1,1,0,20,0,17,0,7,0,0,0,0
482494,1,1,0,0,0,0,0,0,9,0,0,0
482494,2,1,13,0,0,0,0,0,0,0,0,0
482495,1,1,0,0,0,0,0,0,0,0,0,0
482495,2,1,0,10,0,0,0,0,0,0,0,0
482495,3,1,0,0,0,24,0,0,0,0,0,0
482496,0,1,0,0,0,0,0,0,0,0,0,0
482496,1,1,0,0,0,0,10,0,13,0,0,0
482497,1,1,0,12,0,14,0,0,0,0,0,0
482497,2,1,0,0,0,0,0,0,0,0,0,0
482498,1,1,0,0,0,0,0,0,0,0,0,0
482498,2,1,0,0,0,0,0,0,0,0,0,0
482499,1,1,12,12,12,12,12,12,12,12,12,12
482500,1,1,15,15,15,15,15,15,15,15,15,15
482500,2,1,0,0,0,0,0,0,6,0,0,0
482501,1,1,14,14,14,14,14,14,14,14,14,14
482502,1,1,9,14,2,10,2,12,1,0,4,0
482502,2,1,0,18,46,0,0,0,0,0,20,23
482503,1,1,0,0,20,0,0,0,3,0,0,0
482504,1,1,0,0,0,0,0,0,0,0,0,0
482504,2,1,0,0,0,0,0,0,0,0,0,0
482505,1,1,0,22,23,34,0,11,0,22,29,0
482506,1,1,0,0,23,8,0,15,0,0,10,5
482507,1,1,0,0,0,0,0,11,0,0,0,0
482507,2,1,20,12,0,27,21,28,16,19,15,22
482509,1,1,1,1,1,1,1,1,1,1,1,1
482510,1,1,0,0,0,0,0,0,0,0,0,0
482510,2,1,0,0,0,0,0,0,0,0,0,0
482510,3,1,0,0,0,0,0,0,0,0,0,0
482511,1,1,0,0,0,0,0,0,0,0,0,0
482511,2,1,8,0,0,0,0,0,0,8,0,0
482512,1,1,14,14,14,14,14,14,14,14,14,14
482513,0,1,0,0,0,0,0,0,0,0,0,0
482513,1,1,0,0,0,0,0,0,0,0,0,0
482514,1,1,20,0,0,0,0,0,0,0,17,0
482514,2,1,0,0,0,0,0,0,0,0,0,0
482515,1,1,11,0,0,0,0,0,0,0,0,0
482515,2,1,0,0,18,0,27,0,0,0,0,0
482516,0,1,0,25,22,7,0,0,0,11,0,18
482516,1,1,0,0,16,18,0,0,23,18,0,27
482517,1,1,14,4,5,28,14,10,17,19,9,9
482518,1,1,18,18,18,18,18,18,18,18,18,18
482519,1,1,0,0,0,0,0,0,0,0,0,0
482519,2,1,0,0,13,0,0,0,0,0,0,0
482520,0,1,0,0,0,0,0,0,0,0,0,0
482520,1,1,18,0,0,3,0,36,0,16,13,8
482521,0,1,13,13,13,13,13,13,13,13,13,13
482521,1,1,0,0,0,0,0,0,0,0,0,0
482522,1,1,0,0,0,0,0,0,0,0,0,0
482522,2,1,0,0,0,0,15,0,0,0,0,0
482523,1,1,0,0,17,2,9,0,7,5,0,2
482523,2,1,0,0,0,0,0,0,0,0,0,0
482524,0,1,13,13,13,13,13,13,13,13,13,13
482524,1,1,0,0,0,0,0,0,17,16,0,0
482525,1,1,18,18,18,18,18,18,18,18,18,18
482526,1,1,4,4,4,4,4,4,4,4,4,4
482526,2,1,0,0,0,0,0,0,0,0,0,0
482527,1,1,22,8,12,0,0,23,0,0,16,0
482527,2,1,0,0,0,0,0,0,0,0,0,0
482528,1,1,12,0,0,22,0,0,0,0,0,10
482529,0,1,28,28,28,28,28,28,28,28,28,28
482529,1,1,0,9,0,0,0,0,0,0,0,0
482530,1,1,0,0,0,0,0,0,0,0,0,0
482531,1,1,14,0,18,0,5,0,3,16,0,28
482532,0,1,26,20,18,0,0,0,14,0,28,0
482532,1,1,0,0,18,0,0,7,0,0,7,0
482533,1,1,0,0,0,0,0,0,0,0,0,0
482533,2,1,0,0,0,0,0,8,0,0,0,0
482534,0,1,14,0,0,27,17,9,0,14,0,0
482534,0,2,0,0,5,0,0,12,25,0,0,21
482534,1,1,0,0,0,0,0,0,0,0,0,0
482535,1,1,0,0,0,0,0,0,0,0,0,0
482535,2,1,0,0,0,0,0,0,0,0,0,0
482535,3,1,0,0,0,0,0,0,0,0,0,0
482536,1,1,24,16,3,29,0,14,0,0,0,25
482537,1,1,0,0,18,0,0,0,0,23,0,0
482537,2,1,0,10,0,0,0,15,0,0,0,0
482538,1,1,0,0,0,0,0,0,0,0,0,0
482539,0,1,0,0,0,6,0,0,0,0,0,0
482539,1,1,0,0,0,0,0,0,0,0,0,0
482540,0,1,29,29,29,29,29,29,29,29,29,29
482540,1,1,10,0,0,0,0,0,10,18,19,0
482541,1,1,0,0,0,0,0,0,0,0,0,0
482541,2,1,0,16,0,0,0,0,0,0,0,0
482542,1,1,0,0,0,15,0,0,0,0,0,0
482542,2,1,0,0,0,0,0,0,0,0,24,0
482543,1,1,3,3,3,3,3,3,3,3,3,3
482543,2,1,0,0,18,0,11,0,0,0,0,18
482544,1,1,13,19,0,10,0,0,0,0,0,10
482544,2,1,0,0,0,0,0,0,0,0,0,0
482545,1,1,0,0,0,0,0,0,0,0,0,0
482545,2,1,11,0,0,0,0,0,0,0,0,0
482546,0,1,0,0,0,0,0,0,0,0,0,0
482546,1,1,21,0,0,0,0,0,0,0,0,15
482547,1,1,0,0,0,0,7,0,0,0,0,0
482547,2,1,0,0,0,0,0,0,0,0,0,4
482548,0,1,32,0,10,33,14,28,0,34,30,23
482548,1,1,0,6,0,0,0,0,27,0,0,0
482549,1,1,0,0,0,0,8,0,0,0,0,0
482549,2,1,0,0,0,7,0,0,0,19,0,0
482550,1,1,0,0,13,0,0,0,0,0,0,0
482550,2,1,12,12,12,12,12,12,12,12,12,12
482551,1,1,0,0,0,0,0,0,0,0,0,0
482551,2,1,0,0,0,0,0,0,0,0,0,0
482552,1,1,0,0,0,0,0,0,0,0,0,0
482553,1,1,0,0,0,14,0,0,0,0,0,0
482553,2,1,0,0,0,5,0,0,0,0,0,0
482554,0,1,12,12,12,12,12,12,12,12,12,12
482554,1,1,0,0,7,0,10,0,4,0,0,0