ST_CASE,VEH_NO,PER_NO,P1,P2,P3,P4,P5,P6,P7,P8,P9,P10
482555,1,1,0,0,0,0,0,0,0,0,3,0
482555,2,1,0,0,0,0,0,0,29,0,9,0
482555,3,1,0,0,9,0,0,0,7,12,0,0
482555,4,1,6,0,0,2,0,0,26,0,0,0
482555,5,1,0,0,0,0,0,0,0,0,0,0
482556,1,1,11,0,0,0,0,0,0,0,0,0
482556,2,1,0,0,0,0,0,0,0,2,0,0
482557,1,1,0,0,0,0,0,0,0,0,0,0
482558,1,1,0,15,0,6,0,32,0,18,0,8
482559,1,1,0,0,0,0,0,0,0,0,0,0
482559,2,1,0,17,0,0,0,0,0,6,0,0
482560,0,1,0,0,0,0,0,0,0,0,0,0
482560,1,1,0,0,0,0,0,0,0,0,0,0
482561,1,1,0,7,0,0,0,0,0,0,14,0
482562,1,1,29,0,8,14,25,0,0,21,21,0
482562,2,1,0,0,0,0,0,19,14,0,6,15
482563,1,1,0,0,0,0,0,0,0,0,0,0
482563,2,1,26,26,26,26,26,26,26,26,26,26
482564,1,1,0,0,0,6,0,0,0,0,0,0
482564,2,1,0,0,6,15,0,0,0,0,0,0
482564,3,1,0,0,0,0,0,0,0,0,0,0
482565,1,1,11,11,11,11,11,11,11,11,11,11
482565,2,1,0,0,0,0,0,0,0,0,0,0
482566,1,1,0,0,0,0,0,0,0,0,0,0
482566,2,1,0,0,0,0,0,0,0,0,0,0
482567,1,1,25,25,25,25,25,25,25,25,25,25
482568,1,1,0,0,0,0,0,0,0,0,0,0
482569,1,1,0,0,0,0,0,0,0,0,0,0
482569,2,1,0,0,0,0,0,0,0,0,0,0
482570,1,1,27,27,27,27,27,27,27,27,27,27
482570,2,1,0,0,17,0,0,0,0,0,0,0
482571,0,1,0,0,0,0,0,0,0,0,0,0
482571,1,1,0,0,0,0,0,21,0,0,0,0
482572,1,1,35,0,0,17,0,0,0,0,0,0
482572,2,1,0,0,0,0,0,0,0,0,0,0
482572,3,1,0,0,0,0,0,0,0,0,0,0
482573,1,1,0,0,0,0,20,0,32,21,0,11
482574,1,1,0,21,0,21,14,0,0,0,0,0
482574,2,1,0,15,0,0,0,0,0,0,0,0
482574,3,1,21,21,21,21,21,21,21,21,21,21
482575,0,1,0,0,0,0,0,0,0,0,0,0
482575,1,1,0,0,0,0,0,0,0,0,0,0
482576,1,1,0,0,0,0,15,0,0,0,22,0
482577,1,1,11,0,0,12,0,15,0,0,0,0
482578,1,1,0,0,0,27,0,0,0,25,0,0
482578,2,1,0,0,14,0,0,0,0,23,0,0
482579,1,1,0,0,0,0,0,0,0,0,0,0
482580,1,1,2,2,2,2,2,2,2,2,2,2
482581,1,1,0,29,0,0,0,11,11,0,0,26
482582,1,1,0,0,0,0,0,0,0,0,0,0
482582,2,1,0,0,0,0,0,0,0,0,0,0
482583,0,1,14,14,14,14,14,14,14,14,14,14
482583,1,1,0,0,0,0,0,0,0,12,0,24
482584,1,1,24,24,24,24,24,24,24,24,24,24
482585,1,1,0,0,0,0,0,0,0,0,0,0
482586,1,1,0,0,7,0,0,0,0,0,0,0
482586,2,1,0,0,0,16,0,0,0,0,0,0
482587,1,1,0,31,0,26,0,0,0,0,0,10
482588,1,1,18,15,26,23,23,23,17,38,12,13
482589,0,1,0,0,0,0,0,0,9,0,0,0
482589,1,1,0,9,0,6,0,19,0,0,0,0
482590,1,1,0,0,0,0,0,0,0,0,0,0
482591,1,1,22,22,22,22,22,22,22,22,22,22
482592,1,1,14,14,14,14,14,14,14,14,14,14
482593,0,1,25,13,0,0,17,0,0,0,20,12
482593,1,1,14,0,0,0,36,0,0,21,0,0
482594,1,1,0,0,0,0,0,0,0,0,0,0
482594,2,1,21,0,0,0,0,0,0,0,0,0
482595,1,1,19,18,0,24,21,14,25,35,0,29
482596,0,1,13,13,13,13,13,13,13,13,13,13
482596,1,1,13,9,0,0,26,0,15,11,12,0
482597,1,1,0,0,0,0,0,0,0,0,0,0
482597,2,1,6,6,6,6,6,6,6,6,6,6
482598,1,1,14,0,0,0,0,18,0,0,0,0
482598,2,1,0,0,0,0,28,0,28,24,4,0
482599,1,1,0,0,0,0,0,0,0,0,14,36
482600,0,1,0,0,0,0,0,0,0,0,0,0
482600,1,1,0,0,0,0,0,15,0,0,0,0
482601,1,1,0,0,0,0,0,0,0,0,0,0
482601,2,1,0,0,0,0,0,0,0,0,0,0
482602,0,1,0,0,0,0,0,0,0,0,0,0
482602,1,1,21,0,0,0,0,0,0,0,0,14
482603,0,1,10,10,10,10,10,10,10,10,10,10
482603,1,1,21,0,0,0,0,0,0,0,0,13
482604,1,1,14,14,14,14,14,14,14,14,14,14
482605,0,1,0,0,0,0,0,0,0,0,0,0
482605,1,1,0,0,0,0,0,0,0,0,0,0
482606,1,1,0,0,0,0,0,0,0,0,0,0
482606,2,1,0,0,0,0,0,0,0,0,0,0
482607,1,1,0,0,0,0,0,0,0,0,0,0
482607,2,1,0,13,0,0,0,0,0,0,0,0
482608,1,1,0,0,28,0,0,20,0,0,0,0
482608,2,1,0,0,0,0,0,0,0,0,0,0
482609,0,1,1,1,1,1,1,1,1,1,1,1
482609,1,1,9,0,0,3,0,2,15,18,4,0
482610,1,1,0,0,0,0,0,0,0,0,0,0
482610,2,1,22,22,22,22,22,22,22,22,22,22
482611,1,1,14,8,0,18,0,20,10,0,0,13
482611,2,1,0,4,0,11,32,4,0,0,0,0
482612,1,1,25,25,25,25,25,25,25,25,25,25
482612,2,1,13,0,10,11,0,26,0,0,13,18
482613,1,1,0,0,0,0,0,0,0,0,0,0
482614,1,1,0,0,0,0,0,0,0,0,0,2
482615,1,1,20,20,20,20,20,20,20,20,20,20
482616,1,1,0,0,0,0,0,0,0,0,0,0
482616,2,1,11,0,0,13,4,0,0,0,16,2
482617,1,1,0,0,0,0,0,0,0,0,0,0
482618,1,1,0,0,0,0,0,0,0,0,0,0
482618,2,1,0,0,17,9,0,0,0,0,17,0
482619,1,1,9,13,0,0,14,0,10,3,0,12
482619,2,1,22,22,22,22,22,22,22,22,22,22
482620,1,1,7,7,7,7,7,7,7,7,7,7
482620,2,1,0,0,3,15,0,10,0,10,0,5
482621,1,1,0,0,0,0,0,0,0,18,0,0
482621,2,1,0,0,0,18,0,4,0,0,0,0
482622,0,1,0,0,0,0,0,0,34,0,16,0
482622,1,1,0,0,0,0,0,0,0,0,0,0
482623,1,1,0,0,0,0,0,0,14,0,31,0
482624,1,1,12,0,0,11,13,0,0,0,0,0
482624,2,1,0,7,5,0,0,0,0,0,12,0
482625,1,1,0,0,24,0,0,0,0,2,0,0
482625,2,1,6,21,21,0,0,0,0,15,0,26
482626,0,1,0,0,0,0,0,0,0,0,0,0
482626,1,1,0,0,0,0,0,5,0,0,0,0
482627,1,1,0,0,0,0,0,0,0,0,0,0
482628,1,1,0,23,0,0,0,0,0,0,0,0
482628,2,1,0,0,0,0,0,0,0,0,0,0
482628,3,1,0,0,0,0,0,0,0,0,0,0
482628,4,1,0,0,0,0,0,0,0,12,0,0
482628,5,1,0,0,0,0,0,0,0,0,0,0
482629,1,1,0,0,0,0,0,0,0,0,0,0
482630,1,1,0,0,0,0,0,0,0,0,0,0
482630,2,1,10,10,10,0,0,0,0,0,0,0
482631,1,1,11,11,11,11,11,11,11,11,11,11
482631,2,1,0,0,13,20,11,0,25,0,0,0
482632,1,1,0,0,0,0,0,0,0,0,0,0
482632,2,1,14,0,0,0,0,0,0,15,0,0
482633,1,1,0,13,4,0,12,10,11,0,19,0
482634,0,1,19,0,0,0,0,0,0,0,0,0
482634,1,1,0,0,0,0,0,0,22,0,0,0
482635,1,1,35,14,23,29,27,27,24,20,22,19
482636,1,1,30,30,30,30,30,30,30,30,30,30
482637,1,1,0,0,0,17,0,0,0,0,0,0
482637,2,1,0,0,0,0,0,0,0,0,0,0
482638,1,1,0,0,0,0,0,0,0,0,0,0
482638,2,1,0,6,0,0,6,0,0,0,0,0
482638,3,1,0,0,0,0,0,0,13,0,0,0
482638,4,1,0,0,0,0,0,0,0,0,0,11
482638,5,1,0,0,0,0,0,0,0,15,0,21
482639,1,1,0,0,0,0,0,0,0,0,0,0
482639,2,1,20,26,0,0,0,0,17,0,0,23
482640,1,1,10,0,0,0,0,0,0,0,0,0
482641,1,1,18,18,18,18,18,18,18,18,18,18
482642,1,1,0,0,0,0,0,0,0,0,0,0
482643,1,1,0,0,0,0,0,0,0,0,0,0
482643,2,1,0,0,0,6,0,14,14,0,0,0
482644,1,1,0,0,0,9,12,0,0,0,0,0
482645,0,1,0,0,0,0,0,0,0,0,0,0
482645,1,1,0,0,0,0,0,0,0,0,0,0
482646,1,1,0,12,46,6,21,19,15,12,8,0
482647,0,1,0,0,0,0,0,0,0,0,0,0
482647,1,1,0,0,0,0,7,0,0,0,0,0
482648,1,1,7,4,10,4,11,2,12,22,3,13
482649,1,1,14,14,14,14,14,14,14,14,14,14
482650,1,1,19,19,19,19,19,19,19,19,19,19
482651,1,1,10,0,0,0,0,0,0,0,0,0
482652,1,1,0,0,0,0,0,0,0,0,0,0
482652,2,1,0,0,0,0,0,0,0,0,0,0
482653,0,1,28,0,0,0,0,0,0,19,0,0
482653,1,1,9,0,0,0,0,0,0,0,0,0
482654,1,1,2,0,0,0,0,13,13,0,19,0
482655,0,1,0,0,0,0,0,0,0,0,0,0
482655,1,1,0,0,0,0,0,15,0,0,0,0
482656,0,1,0,0,0,0,0,0,0,0,0,0
482656,1,1,0,21,0,0,10,0,24,0,0,0
482657,1,1,0,0,0,0,0,0,15,0,0,0
482657,2,1,0,0,0,0,0,0,0,0,0,0
482658,1,1,0,0,0,26,0,28,19,0,0,0
482659,1,1,12,12,12,12,12,12,12,12,12,12
482660,1,1,24,24,24,24,24,24,24,24,24,24
482661,1,1,0,0,0,0,0,0,0,11,0,0
482661,2,1,20,20,20,20,20,20,20,20,20,20
482662,1,1,0,0,0,0,0,0,0,0,0,0
482662,2,1,0,0,0,0,0,0,0,0,0,0
482663,1,1,21,21,21,21,21,21,21,21,21,21
482664,0,1,0,0,0,0,0,0,0,0,0,0
482664,1,1,20,0,20,0,0,0,0,0,0,0
482665,0,1,0,0,0,0,0,0,0,0,0,0
482665,1,1,0,0,13,0,0,0,0,0,0,0
482666,1,1,17,17,17,17,17,17,17,17,17,17
482667,1,1,0,0,20,52,14,19,0,0,0,19
482667,2,1,0,0,0,0,0,0,0,0,0,13
482668,1,1,0,34,29,31,0,0,15,0,15,11
482670,1,1,0,18,13,0,0,0,0,13,0,22
482671,1,1,17,17,17,17,17,17,17,17,17,17
482672,1,1,16,0,17,0,0,0,21,0,0,0
482673,0,1,0,0,0,0,0,0,0,0,0,0
482673,1,1,0,0,0,0,0,0,0,0,0,0
482674,0,1,0,0,0,0,0,0,0,0,0,0
482674,1,1,0,0,8,0,20,0,0,0,0,17
482675,1,1,0,24,0,0,0,0,0,0,0,0
482675,2,1,0,0,0,0,15,0,0,0,0,0
482675,3,1,0,17,0,0,12,0,0,6,0,0
482676,1,1,11,6,0,14,0,0,13,18,11,16
482677,0,1,0,0,0,28,0,23,36,8,28,16
482677,1,1,0,5,0,0,0,0,0,15,0,0
482678,1,1,0,0,0,0,0,0,0,0,0,0
482678,2,1,0,0,0,0,0,0,0,18,0,0
482679,1,1,17,17,17,17,17,17,17,17,17,17
482680,1,1,0,0,20,0,0,0,0,0,0,0
482680,2,1,7,0,0,0,0,0,0,0,0,0
482680,3,1,0,0,0,0,0,0,0,0,0,0
482680,4,1,0,0,0,0,0,0,0,0,0,0
482681,0,1,0,0,0,0,0,0,0,0,0,0
482681,1,1,16,0,0,0,0,18,0,0,0,5
482682,0,1,19,19,19,19,19,19,19,19,19,19
482682,1,1,0,0,0,0,0,0,0,0,0,0
482683,1,1,0,3,0,0,0,25,0,24,6,11
482684,1,1,15,15,15,15,15,15,15,15,15,15
482684,2,1,0,0,0,0,0,0,0,0,0,19
482684,3,1,0,32,0,9,0,0,10,0,0,0
482685,0,1,0,40,38,27,21,25,0,0,21,0
482685,1,1,0,0,0,0,0,0,0,0,5,0
482686,1,1,0,0,19,0,3,0,0,0,0,0
482687,1,1,0,0,0,0,0,0,0,0,0,0
482687,2,1,0,0,0,0,0,0,0,0,11,0
482688,1,1,0,0,0,0,27,0,8,36,0,19
482689,1,1,13,0,12,4,7,5,0,0,0,0
482689,2,1,0,0,0,0,0,13,21,0,0,0
482690,1,1,31,7,9,18,27,18,26,19,37,35
482691,1,1,7,22,8,22,0,0,15,0,0,0
482692,1,1,22,24,17,26,27,13,28,10,30,51
482693,1,1,0,0,0,17,0,9,0,0,33,0
482694,1,1,0,0,0,0,31,0,0,0,0,0
482694,2,1,0,0,0,0,0,9,14,0,0,0
482695,1,1,0,0,0,0,0,0,0,0,0,0
482695,2,1,0,0,0,8,0,0,0,11,0,0
482696,1,1,8,13,14,17,0,17,6,9,12,4
482697,0,1,0,0,0,0,0,0,0,0,0,0
482697,1,1,0,0,20,6,12,0,0,0,0,0
482698,0,1,1,1,1,1,1,1,1,1,1,1
482698,1,1,0,0,0,0,0,0,0,0,0,0
482699,1,1,4,0,0,17,0,25,0,0,0,14
482699,2,1,24,0,0,0,0,12,0,0,0,0
482699,3,1,0,0,0,0,13,15,10,0,0,11
482700,1,1,0,0,0,0,0,0,0,0,0,0
482700,2,1,19,19,19,19,19,19,19,19,19,19
482701,1,1,21,21,21,21,21,21,21,21,21,21
482701,2,1,0,0,0,0,0,10,0,0,0,0
482702,1,1,0,18,0,0,0,0,0,0,0,13
482702,2,1,0,0,0,0,0,0,0,0,0,0
482703,0,1,0,0,0,0,0,0,0,0,0,0
482703,0,2,0,0,0,0,15,0,19,0,0,0
482703,1,1,0,0,0,0,0,0,0,0,0,0
482704,1,1,0,0,0,0,8,0,22,0,16,0
482704,2,1,0,22,0,20,0,0,0,0,0,0
482704,3,1,13,0,0,10,0,20,0,13,0,0
482705,1,1,0,50,0,0,15,15,24,0,0,0
482706,1,1,27,27,27,27,27,27,27,27,27,27
482707,0,1,2,2,2,2,2,2,2,2,2,2
482707,1,1,7,0,0,9,0,0,0,0,0,0
482708,1,1,21,21,21,21,21,21,21,21,21,21
482709,0,1,0,0,0,0,0,0,0,0,0,0
482709,1,1,0,0,13,0,0,16,0,0,0,0
482709,2,1,0,0,0,0,0,0,0,0,0,0
482710,0,1,0,0,6,0,0,0,0,0,0,0
482710,1,1,11,0,0,0,0,0,0,0,0,0
482711,1,1,0,0,0,0,0,0,0,0,0,0
482711,2,1,0,11,0,0,0,0,0,0,0,0
482712,1,1,22,22,22,22,22,22,22,22,22,22
482712,2,1,0,0,0,0,0,0,0,0,0,0
482713,1,1,0,0,0,0,0,15,0,0,0,15
482714,1,1,18,0,0,10,18,0,25,0,0,17
482715,1,1,0,0,0,0,0,0,0,0,0,0
482715,2,1,0,0,0,0,0,0,0,0,0,0
482715,3,1,0,0,30,0,0,0,0,0,0,0
482716,1,1,25,25,25,25,25,25,25,25,25,25
482717,0,1,16,46,13,38,31,24,42,19,29,17
482717,1,1,0,0,0,0,0,0,0,0,0,0
482718,1,1,0,0,0,9,0,0,0,0,0,0
482719,1,1,0,0,0,0,0,0,0,0,0,0
482719,2,1,0,0,0,0,0,0,0,0,0,0
482720,1,1,0,23,0,0,0,14,13,0,0,0
482720,2,1,8,0,0,0,0,0,0,10,0,0
482721,1,1,0,0,0,0,8,13,7,24,0,0
482721,2,1,16,16,16,16,16,16,16,16,16,16
482722,1,1,16,16,16,16,16,16,16,16,16,16
482723,0,1,0,0,0,0,0,0,0,0,0,0
482723,1,1,0,0,0,0,0,0,0,0,0,0
482724,1,1,0,0,0,0,0,0,0,0,0,0
482724,2,1,0,0,0,0,0,0,0,0,0,0
482725,1,1,0,0,0,0,0,0,0,0,0,0
482725,2,1,0,0,0,6,0,0,0,0,0,0
482725,3,1,0,0,0,0,0,0,0,0,0,0
482726,0,1,0,0,0,0,0,0,0,0,0,0
482726,1,1,0,0,0,0,0,0,0,0,0,0
482727,0,1,0,0,29,0,0,10,28,0,34,32
482727,1,1,0,0,0,0,0,0,0,0,0,0
482727,2,1,0,0,0,0,8,0,0,0,16,0
482727,3,1,0,0,0,0,0,0,0,19,0,0
482728,0,1,23,0,25,17,16,17,35,34,25,19
482728,1,1,0,0,0,23,17,11,16,7,0,0
482729,1,1,20,20,20,20,20,20,20,20,20,20
482729,2,1,12,21,0,17,0,17,0,23,0,20
482730,1,1,0,15,14,19,11,14,6,22,9,8
482731,1,1,0,0,11,0,0,0,0,0,0,0
482731,2,1,10,10,10,10,10,10,10,10,10,10
482731,3,1,0,0,0,0,0,0,0,18,0,0
482732,1,1,27,0,21,0,22,14,12,0,0,10
482733,1,1,9,13,0,0,0,0,13,0,15,23
482734,1,1,21,21,21,21,21,21,21,21,21,21
482734,2,1,21,21,21,21,21,21,21,21,21,21
482735,1,1,12,0,15,0,15,20,23,12,17,15
482736,1,1,0,0,0,0,26,6,11,0,0,0
482736,2,1,0,0,0,0,0,0,0,0,0,0
482736,3,1,18,0,0,0,12,0,0,0,0,0
482736,4,1,4,5,0,0,0,0,0,0,0,0
482737,1,1,21,21,21,21,21,21,21,21,21,21
482737,2,1,0,11,7,23,0,0,0,5,0,0
482738,0,1,20,20,20,20,20,20,20,20,20,20
482738,1,1,0,36,14,0,0,0,0,28,0,0
482738,2,1,0,0,18,0,10,0,0,12,0,0
482739,1,1,0,0,0,0,0,0,0,0,0,0
482740,0,1,0,0,0,0,0,0,0,0,0,0
482740,1,1,0,0,18,0,6,0,0,0,0,13
482741,1,1,0,0,0,0,0,0,0,0,0,0
482742,1,1,0,0,9,0,0,0,0,0,0,17
482742,2,1,0,0,21,0,0,0,0,0,0,0
482743,1,1,25,7,15,23,16,8,9,7,9,9
482744,1,1,17,17,17,17,17,17,17,17,17,17
482745,1,1,15,0,0,0,0,9,0,0,0,0
482745,2,1,0,0,0,0,0,0,0,0,0,6
482746,1,1,19,19,19,19,19,19,19,19,19,19
482747,1,1,18,50,15,15,19,20,9,21,21,22
482748,1,1,0,0,0,21,0,29,0,17,8,0
482749,1,1,0,0,0,0,0,0,0,0,0,0
482749,2,1,0,0,0,0,0,0,0,0,0,0
482749,3,1,0,0,0,0,0,0,0,0,0,0
482750,1,1,0,0,0,0,0,0,0,0,0,0
482751,1,1,11,11,11,11,11,11,11,11,11,11
482752,1,1,26,26,26,26,26,26,26,26,26,26
482752,2,1,0,0,0,0,8,0,10,0,0,6
482753,1,1,9,14,18,3,15,14,18,10,6,21
482754,1,1,0,0,0,0,0,0,0,0,0,0
482754,2,1,21,0,0,0,0,0,0,0,0,0
482755,1,1,0,0,0,0,0,0,0,0,0,0
482755,2,1,0,18,0,0,0,0,0,0,3,0
482756,1,1,20,20,20,20,20,20,20,20,20,20
482756,2,1,5,0,0,13,0,0,15,18,0,0
482757,1,1,32,32,32,32,32,32,32,32,32,32
482759,1,1,0,0,0,26,17,0,0,0,37,18
482759,2,1,0,0,16,0,22,0,7,9,6,0
482760,1,1,0,0,0,0,0,0,0,0,0,0
482760,2,1,0,0,0,0,0,0,0,0,0,0
482761,1,1,25,25,25,25,25,25,25,25,25,25
482762,1,1,0,0,0,0,0,0,0,0,0,0
482762,2,1,0,8,0,0,0,0,0,0,24,0
482763,0,1,0,0,0,0,0,0,0,0,0,0
482763,1,1,0,0,0,0,0,0,0,0,14,0
482764,0,1,0,24,18,0,0,6,9,0,0,24
482764,1,1,0,0,0,0,33,0,0,20,0,22
482765,1,1,0,0,0,0,0,0,0,0,0,0
482765,2,1,0,0,0,0,0,0,0,0,0,0
482766,0,1,19,13,0,22,24,0,0,0,18,0
482766,1,1,0,0,0,18,0,0,12,0,5,6
482767,0,1,0,0,0,0,0,0,0,18,0,0
482767,1,1,0,8,7,0,0,0,0,0,0,0
482768,1,1,6,0,0,0,0,0,25,24,26,12
482768,2,1,11,10,0,0,7,31,0,0,0,0
482769,1,1,0,0,0,0,0,0,0,0,28,0
482769,2,1,0,0,0,0,0,17,0,0,0,0
482770,1,1,15,6,20,7,23,6,12,13,17,9
482771,1,1,0,0,0,0,0,0,0,0,0,0
482772,0,1,0,0,0,0,0,0,0,0,0,0
482772,1,1,0,0,0,0,0,0,0,0,0,0
482772,2,1,0,0,0,0,0,0,0,0,0,0
482773,1,1,16,0,0,0,0,0,0,5,0,26
482773,2,1,20,18,0,0,0,0,0,17,18,0
482773,3,1,0,0,0,18,9,10,0,13,0,0
482774,1,1,0,0,0,0,0,0,0,0,0,0
482775,1,1,0,11,0,16,16,0,11,14,0,11
482776,0,1,0,0,0,0,0,0,0,0,0,0
482776,1,1,0,0,12,0,0,5,21,0,0,0
482777,1,1,0,0,0,0,18,0,5,8,0,0
482777,2,1,0,0,0,0,0,0,0,0,0,0
482777,3,1,0,0,0,0,0,0,0,0,0,0
482778,1,1,22,22,22,22,22,22,22,22,22,22
482779,1,1,0,0,0,0,0,0,0,0,0,0
482780,0,1,9,9,9,9,9,9,9,9,9,9
482780,1,1,8,0,0,0,0,8,15,18,0,12
482781,0,1,23,24,33,36,27,24,21,15,33,25
482781,1,1,0,0,0,0,0,0,0,0,0,0
482782,1,1,17,17,17,17,17,17,17,17,17,17
482783,1,1,0,0,0,0,0,0,0,0,0,0
482784,1,1,14,14,14,14,14,14,14,14,14,14
482786,1,1,0,0,0,0,0,0,0,0,0,0
482786,2,1,0,0,0,0,0,0,0,0,0,0
482787,1,1,0,0,0,0,0,0,0,0,0,0
482787,2,1,0,0,0,0,0,0,0,0,0,0
482788,1,1,19,19,19,19,19,19,19,19,19,19
482789,1,1,0,0,0,0,0,0,0,0,0,0
482789,2,1,0,0,0,0,0,0,0,0,0,0
482790,1,1,0,0,0,0,17,0,0,9,0,0
482790,2,1,0,0,0,0,0,0,0,0,0,0
482791,1,1,10,3,0,15,4,11,16,3,19,10
482791,2,1,0,0,0,0,0,17,8,0,11,0
482792,1,1,21,21,21,21,21,21,21,21,21,21
482792,2,1,0,0,0,0,0,0,0,0,0,0
482792,3,1,0,28,0,0,0,4,0,9,0,0
482793,1,1,0,0,0,0,0,0,0,0,0,0
482793,2,1,0,0,0,0,0,0,0,0,0,0
482794,1,1,0,0,18,0,0,0,0,0,0,0
482794,2,1,0,0,0,0,0,0,0,0,0,0
482795,1,1,19,19,19,19,19,19,19,19,19,19
482796,1,1,0,0,0,0,8,0,0,0,0,0
482796,2,1,0,0,0,0,0,0,0,0,0,0
482797,1,1,0,0,0,0,0,0,0,0,0,0
482797,2,1,5,0,0,0,0,0,0,0,0,0
482798,1,1,27,27,27,27,27,27,27,27,27,27
482799,0,1,0,0,16,0,6,17,0,24,0,0
482799,1,1,7,0,0,0,0,0,0,0,0,19
482800,1,1,9,9,9,9,9,9,9,9,9,9
482800,2,1,0,0,0,0,0,0,0,0,0,0
482801,1,1,0,0,0,0,0,0,0,0,0,0
482802,1,1,0,0,0,0,0,0,0,0,0,5
482802,2,1,0,0,0,0,0,0,0,0,0,0
482803,1,1,0,0,0,0,0,0,0,0,0,0
482803,2,1,0,20,0,0,0,0,21,11,13,9
482804,1,1,0,7,0,0,0,46,0,0,0,0
482804,2,1,0,12,7,12,20,0,37,24,46,12
482805,1,1,0,0,0,0,0,0,0,0,5,0
482805,2,1,0,0,0,0,0,0,0,0,0,0
482806,1,1,6,9,0,0,17,0,0,0,0,0
482806,2,1,0,0,0,0,0,0,0,0,0,0
482807,0,1,25,14,0,42,0,0,12,0,0,26
482807,0,2,0,0,0,0,0,0,0,0,0,0
482807,1,1,0,16,0,0,0,14,0,0,0,7
482807,2,1,0,0,0,0,0,0,0,0,0,0
482808,1,1,0,0,0,0,0,0,0,0,0,0
482808,2,1,0,0,0,0,0,0,0,0,0,0
482809,0,1,0,0,0,0,0,0,0,0,0,0
482809,1,1,0,0,15,0,0,0,0,0,0,0
482810,1,1,0,0,0,0,0,0,0,0,0,0
482810,2,1,0,0,0,0,0,0,9,0,0,0
482811,1,1,0,12,0,0,0,0,0,0,16,0
482811,2,1,3,15,0,0,0,0,0,0,0,0
482811,3,1,0,0,0,0,0,0,0,0,0,0
482813,1,1,0,0,0,0,0,0,0,0,0,0
482813,2,1,0,6,0,0,0,0,0,0,0,0
482814,0,1,0,0,0,0,0,0,0,0,0,0
482814,1,1,0,0,0,0,23,9,0,0,10,3
482814,3,1,0,6,0,25,0,0,0,0,7,0
482815,1,1,26,26,26,26,26,26,26,26,26,26
482816,1,1,0,0,10,0,11,20,0,0,0,15
482817,1,1,19,19,19,19,19,19,19,19,19,19
482818,1,1,18,18,18,18,18,18,18,18,18,18
482819,1,1,0,0,0,0,0,0,0,16,0,4
482820,1,1,12,0,16,22,0,0,0,0,0,0
482821,1,1,11,11,11,11,11,11,11,11,11,11
482822,1,1,26,26,26,26,26,26,26,26,26,26
482823,0,1,0,14,17,14,15,32,0,0,0,8
482823,1,1,9,8,7,0,0,9,0,10,0,0
482823,2,1,0,0,10,0,10,0,7,0,0,0
482823,3,1,0,0,0,8,0,0,0,0,0,0
482823,4,1,0,0,0,0,15,0,0,8,16,0
482824,1,1,24,24,24,24,24,24,24,24,24,24
482825,1,1,27,27,27,27,27,27,27,27,27,27
482825,2,1,0,0,0,0,0,0,0,0,0,0
482826,1,1,13,13,13,13,13,13,13,13,13,13
482826,2,1,0,0,36,0,0,12,16,0,6,0
482827,1,1,0,0,0,0,0,0,23,0,0,20
482828,1,1,0,0,0,0,0,26,24,0,0,25
482829,1,1,0,0,0,0,0,0,0,0,0,0
482830,1,1,0,0,0,0,0,0,0,0,0,0
482830,2,1,0,0,0,18,0,0,0,20,0,0
482830,3,1,25,5,0,0,0,0,0,27,6,0
482830,4,1,0,0,0,0,0,0,0,0,0,0
482831,1,1,18,18,18,18,18,18,18,18,18,18
482832,1,1,0,0,0,0,0,0,0,0,0,0
482833,1,1,12,12,12,12,12,12,12,12,12,12
482833,2,1,24,0,0,0,6,0,30,9,10,7
482834,0,1,0,0,0,0,0,0,0,0,0,0
482834,1,1,11,0,0,0,0,0,14,0,0,16
482835,0,1,28,28,28,28,28,28,28,28,28,28
482835,1,1,0,4,0,0,0,0,0,0,0,0
482836,1,1,0,0,0,0,0,5,11,0,0,0
482837,0,1,29,22,0,20,20,8,0,0,23,16
482837,1,1,13,30,0,0,14,17,0,30,15,26
482838,1,1,0,0,0,0,0,0,0,0,0,0
482838,2,1,0,25,0,0,0,0,0,0,6,0
482839,1,1,0,0,0,0,0,0,0,0,0,0
482840,1,1,15,15,15,15,15,15,15,15,15,15
482840,2,1,0,0,0,0,0,0,0,0,0,0
482841,1,1,0,0,0,0,0,0,0,0,0,0
482841,2,1,0,0,0,0,0,0,0,0,0,0
482841,3,1,0,28,0,0,0,0,0,0,0,0
482843,1,1,0,0,0,0,13,0,0,0,0,16
482843,2,1,0,0,9,0,0,0,0,0,0,0