ST_CASE,VEH_NO,PER_NO,P1,P2,P3,P4,P5,P6,P7,P8,P9,P10
490029,2,1,0,0,0,0,0,0,0,0,0,0
490030,1,1,0,0,0,0,0,0,0,0,0,0
490030,2,1,0,0,0,0,0,0,0,0,0,0
490031,1,1,0,0,0,0,0,0,0,0,0,26
490032,0,1,0,0,0,0,0,0,0,0,0,0
490032,1,1,0,0,0,0,0,0,0,0,0,0
490033,1,1,17,0,0,0,15,0,0,0,0,0
490034,1,1,19,19,19,19,19,19,19,19,19,19
490035,1,1,14,14,14,14,14,14,14,14,14,14
490036,1,1,29,29,29,29,29,29,29,29,29,29
490037,1,1,0,0,0,0,0,0,0,0,0,0
490038,1,1,0,0,0,0,0,0,0,0,0,0
490038,2,1,0,0,0,0,0,0,0,0,0,0
490039,1,1,21,21,21,21,21,21,21,21,21,21
490041,0,1,0,0,0,0,0,0,0,0,0,0
490042,1,1,0,0,0,0,0,0,0,0,0,0
490042,2,1,0,9,0,12,0,0,0,0,0,0
490043,1,1,12,8,0,0,14,13,0,0,7,18
490044,1,1,0,0,0,0,0,0,0,0,0,0
490045,1,1,0,0,0,0,0,0,0,0,0,0
490046,0,1,0,0,0,0,0,0,0,0,0,0
490046,0,2,0,0,0,0,0,0,0,0,0,0
490046,0,3,0,0,0,0,0,0,0,0,0,0
490046,0,4,6,6,6,6,6,6,6,6,6,6
490046,1,1,0,0,0,0,0,0,0,0,0,0
490046,2,1,0,0,0,0,0,0,0,0,0,0
490047,1,1,0,0,0,0,0,0,0,0,0,0
490048,1,1,0,0,0,0,0,0,0,0,0,0
490049,0,1,12,0,0,0,11,0,0,0,0,18
490049,0,2,0,16,0,0,0,18,0,0,0,0
490049,0,3,0,0,0,0,0,0,0,0,0,0
490049,0,4,0,24,0,0,0,0,24,0,0,22
490049,1,1,0,0,0,0,0,0,0,0,0,0
490050,1,1,0,0,0,0,0,0,0,0,0,0
490050,2,1,0,0,0,0,0,0,0,0,0,0
490052,1,1,0,0,0,0,0,0,0,0,0,0
490052,2,1,0,0,0,0,0,0,0,0,0,0
490053,1,1,0,0,0,0,0,0,0,0,0,0
490053,2,1,0,0,0,0,0,0,0,0,0,0
490054,1,1,0,0,0,0,0,0,0,0,0,0
490054,2,1,0,0,0,0,0,0,0,0,0,0
490055,1,1,0,0,0,0,0,0,0,0,0,0
490055,2,1,0,0,0,0,0,0,0,0,0,0
490056,1,1,0,0,0,0,0,0,0,0,0,0
490057,1,1,0,21,0,7,26,0,0,31,2,0
490058,1,1,0,0,0,0,0,0,0,0,0,0
490059,0,1,0,0,0,0,0,0,0,0,0,0
490059,1,1,0,0,15,0,0,9,15,0,0,0
490060,1,1,0,0,0,0,0,0,0,0,0,0
490060,2,1,0,0,0,0,0,0,0,0,0,0
490061,1,1,0,0,0,0,0,0,0,0,0,0
490061,2,1,0,0,0,0,0,0,0,0,0,0
490061,3,1,0,0,0,0,3,0,0,0,0,0
490062,1,1,0,0,0,0,0,0,0,0,0,0
490062,2,1,0,0,0,0,0,0,0,0,0,0
490063,1,1,0,0,0,0,0,0,0,0,0,0
490063,2,1,0,0,0,0,0,0,0,0,0,0
490064,1,1,9,0,0,0,0,0,0,0,0,0
490064,2,1,0,0,0,0,0,0,0,0,0,0
490064,3,1,0,0,0,0,0,0,0,0,0,0
490065,1,1,10,0,0,0,0,0,0,0,0,0
490065,2,1,0,0,0,0,0,0,0,0,0,0
490066,1,1,0,0,0,0,0,0,0,0,0,0
490066,2,1,0,0,0,0,0,0,0,0,0,0
490067,1,1,0,0,0,0,6,0,14,0,0,6
490068,1,1,23,23,23,23,23,23,23,23,23,23
490069,0,1,0,0,0,0,0,0,0,0,0,0
490069,0,2,0,0,0,0,27,0,0,0,0,0
490069,0,3,4,0,0,0,0,0,0,0,0,0
490069,1,1,0,0,0,0,0,0,0,0,0,0
490069,5,1,0,0,0,0,0,0,0,0,0,0
490070,1,1,0,0,0,0,18,16,0,0,0,0
490071,1,1,0,0,0,0,0,0,0,0,0,0
490071,2,1,0,0,0,0,0,0,0,0,0,0
490071,3,1,0,0,0,0,0,16,0,0,0,0
490072,1,1,24,24,24,24,24,24,24,24,24,24
490073,1,1,72,72,72,72,72,72,72,72,72,72
490074,0,1,0,0,0,0,0,0,0,0,0,0
490074,1,1,0,0,0,0,0,0,0,0,0,0
490075,0,1,0,0,0,0,0,0,0,0,0,0
490075,1,1,0,0,0,0,0,0,0,0,0,0
490076,1,1,0,0,0,0,0,0,0,0,0,0
490076,2,1,0,0,0,0,0,9,0,0,5,0
490077,1,1,0,0,0,8,0,0,0,0,0,0
490078,1,1,0,0,0,0,0,0,0,0,0,0
490079,1,1,0,0,0,0,0,0,0,0,21,0
490080,1,1,0,0,0,0,0,0,0,0,0,0
490081,1,1,0,0,0,0,0,0,0,0,0,0
490082,1,1,0,0,0,0,0,0,0,0,0,0
490083,1,1,0,0,0,0,0,0,0,0,0,0
490084,1,1,0,0,0,7,0,0,0,0,0,0
490084,2,1,0,0,0,0,0,0,0,0,0,0
490085,1,1,0,0,0,0,0,0,0,0,0,11
490085,2,1,0,0,0,0,0,0,0,0,0,0
490086,0,1,0,0,0,0,0,0,0,0,0,0
490086,1,1,0,0,0,0,0,0,0,0,0,0
490087,1,1,0,0,0,0,0,0,8,0,0,0
490088,1,1,0,0,0,0,0,0,0,0,0,0
490089,1,1,0,0,0,0,0,0,0,0,0,0
490089,2,1,0,0,0,0,0,0,0,0,0,0
490090,1,1,0,0,0,0,0,0,0,0,0,0
490090,2,1,0,0,0,0,0,0,0,0,0,0
490090,3,1,0,0,0,0,0,0,0,0,0,0
490090,4,1,0,0,0,0,0,0,0,0,0,0
490091,1,1,21,14,9,31,28,27,0,36,22,9
490091,2,1,0,0,0,0,0,0,0,0,0,0
490092,1,1,0,0,0,0,0,0,0,0,0,0
490092,2,1,0,0,0,0,0,0,0,0,0,0
490093,1,1,28,28,28,28,28,28,28,28,28,28
490093,2,1,0,0,0,0,0,0,0,0,0,0
490094,1,1,0,0,17,0,0,24,6,0,0,0
490095,1,1,0,0,0,0,0,0,0,7,0,0
490096,0,1,12,12,12,12,12,12,12,12,12,12
490096,1,1,0,0,0,0,0,0,0,0,0,0
490097,0,1,8,0,23,0,0,0,0,0,0,0
490097,1,1,6,0,0,0,0,0,16,0,0,0
490098,1,1,0,0,0,0,0,0,0,0,0,0
490099,1,1,0,0,0,0,0,0,0,0,0,0
490100,1,1,11,26,15,15,15,30,14,15,15,16
490101,1,1,0,0,0,6,0,0,0,0,0,6
490102,1,1,20,20,20,20,20,20,20,20,20,20
490103,1,1,0,0,0,0,0,0,0,0,0,14
490103,2,1,0,0,0,0,0,0,0,0,0,0
490104,1,1,0,0,0,0,0,13,0,0,0,0
490105,1,1,0,0,0,0,0,0,0,0,0,15
490106,0,1,30,0,29,23,0,0,13,16,29,0
490106,0,2,0,0,0,0,0,0,0,0,0,0
490106,1,1,0,0,0,0,0,0,0,0,0,0
490107,1,1,0,0,0,0,0,0,0,0,0,0
490108,1,1,8,0,0,0,0,0,0,0,10,0
490109,1,1,0,0,0,0,0,0,0,0,0,0
490109,2,1,0,0,0,0,0,0,0,0,0,0
490110,1,1,0,0,0,0,0,0,0,0,0,0
490111,1,1,18,7,16,7,23,18,10,15,5,8
490112,1,1,0,13,0,0,0,0,0,0,0,0
490112,2,1,0,0,0,0,0,0,0,0,0,0
490113,1,1,13,13,13,13,13,13,13,13,13,13
490114,1,1,0,0,0,0,0,0,0,0,0,0
490115,1,1,0,0,0,0,0,0,0,0,0,0
490116,1,1,0,0,0,0,0,0,0,0,0,0
490116,2,1,0,0,0,0,0,0,0,0,0,0
490117,1,1,0,0,0,40,0,0,0,0,0,0
490118,0,1,0,39,10,28,0,39,0,23,19,18
490118,1,1,0,0,0,0,0,0,0,0,0,0
490119,0,1,0,16,0,9,23,0,0,0,0,27
490119,1,1,0,0,0,0,0,0,0,0,0,0
490120,1,1,0,0,0,0,0,0,0,0,0,0
490121,0,1,0,0,0,0,25,0,0,19,0,0
490121,1,1,0,0,0,0,0,0,0,0,0,0
490121,2,1,0,0,0,0,0,0,0,0,0,0
490122,1,1,0,0,0,0,0,0,0,0,0,0
490122,2,1,0,0,16,0,0,0,11,0,0,0
490123,1,1,0,0,0,0,0,0,0,0,0,0
490123,2,1,0,0,0,0,0,0,0,0,0,0
490124,1,1,0,0,0,0,0,15,0,0,0,0
490125,1,1,0,0,0,0,0,0,0,0,0,0
490125,2,1,0,21,0,8,0,0,0,0,12,0
490125,3,1,0,0,11,0,0,9,0,17,0,0
490125,4,1,0,8,0,0,0,15,12,17,0,0
490126,1,1,0,0,0,0,0,0,0,0,0,0
490127,1,1,0,0,0,0,0,0,0,0,0,0
490128,1,1,31,31,31,31,31,31,31,31,31,31
490129,1,1,0,0,0,0,0,0,0,0,0,0
490130,1,1,0,0,0,0,0,0,0,0,0,0
490131,1,1,17,17,17,17,17,17,17,17,17,17
490132,1,1,0,15,0,0,0,0,0,0,0,0
490132,2,1,0,0,0,0,0,0,7,0,0,0
490133,1,1,0,0,0,0,0,0,0,0,0,0
490133,2,1,0,9,0,0,0,0,0,0,0,0
490134,1,1,0,0,0,0,0,0,0,0,0,0
490134,2,1,0,0,0,0,0,0,0,0,0,0
490135,1,1,0,0,0,0,0,0,0,0,0,0
490136,1,1,11,11,11,11,11,11,11,11,11,11
490137,1,1,0,0,0,0,0,0,0,0,0,0
490137,2,1,7,0,0,0,0,0,0,0,0,0
490138,1,1,15,15,15,15,15,15,15,15,15,15
490139,1,1,38,38,38,38,38,38,38,38,38,38
490139,2,1,2,2,2,2,2,2,2,2,2,2
490140,1,1,0,0,0,0,0,5,0,0,0,6
490141,1,1,0,0,0,0,0,0,0,0,0,0
490142,1,1,0,0,6,0,0,0,0,0,0,0
490143,1,1,0,0,0,0,0,0,0,0,0,0
490144,0,1,38,38,38,38,38,38,38,38,38,38
490144,1,1,0,0,0,0,0,0,0,0,0,0
490145,1,1,0,0,0,0,0,0,7,0,23,0
490146,1,1,8,0,0,0,0,0,0,0,0,0
490147,0,1,0,0,0,0,0,0,0,0,0,0
490147,1,1,0,2,0,0,0,0,0,0,0,0
490148,1,1,0,0,0,0,0,0,0,0,0,0
490149,1,1,0,0,0,0,0,0,0,0,0,0
490149,2,1,0,0,0,0,0,0,0,0,0,5
490149,3,1,0,0,0,0,0,0,0,0,0,0
490150,1,1,7,0,0,8,3,14,15,0,0,0
490151,1,1,12,12,12,12,12,12,12,12,12,12
490152,1,2,11,11,11,11,11,11,11,11,11,11
490153,1,1,0,0,0,0,0,0,0,0,0,0
490153,2,1,0,0,0,0,0,0,0,0,0,0
490154,1,1,0,0,0,0,0,0,0,0,0,0
490155,1,1,0,0,0,36,0,0,0,0,15,11
490156,1,1,0,0,0,0,0,0,0,0,0,0
490157,1,1,8,8,8,8,8,8,8,8,8,8
490158,0,1,34,34,34,34,34,34,34,34,34,34
490158,1,1,0,0,0,0,0,0,0,0,0,0
490159,1,1,0,0,0,0,0,18,0,0,0,0
490160,1,1,0,0,0,0,0,0,0,0,0,0
490161,0,1,0,0,0,0,0,0,0,0,0,0
490161,1,1,19,19,19,19,19,19,19,19,19,19
490162,1,1,8,12,9,29,0,14,18,19,0,15
490163,1,1,10,14,0,0,14,0,13,0,0,0
490164,1,1,0,0,27,0,0,28,0,28,0,0
490164,2,1,0,0,0,0,0,0,0,0,0,0
490165,0,1,0,0,0,0,0,0,0,0,0,0
490165,1,1,0,0,0,0,0,0,0,0,0,0
490166,1,1,0,0,0,0,0,0,0,0,0,0
490166,2,1,0,0,0,0,0,0,0,0,0,0
490166,4,1,0,0,0,0,0,0,0,0,0,0
490167,1,1,0,0,0,0,0,0,0,0,0,0
490167,2,1,0,0,0,0,0,0,0,0,0,0
490167,3,1,0,0,0,0,0,0,0,0,0,0
490168,1,1,0,0,0,0,0,0,0,0,0,0
490169,1,1,21,21,21,21,21,21,21,21,21,21
490170,1,1,0,0,0,0,0,0,0,0,0,0
490170,2,1,0,0,0,0,0,0,0,0,0,0
490171,1,1,0,0,0,0,0,0,0,0,0,0
490172,1,1,0,0,0,0,0,0,0,0,0,0
490172,2,1,0,0,0,0,0,0,0,0,0,0
490172,3,1,0,0,0,0,0,0,0,0,0,0
490173,1,1,0,0,0,0,0,0,0,0,0,0
490173,2,1,0,0,0,0,0,0,0,0,0,0
490174,0,1,34,22,0,0,0,24,0,0,0,0
490174,0,2,0,0,0,0,0,0,0,0,0,0
490174,1,1,0,0,0,0,0,0,0,0,0,0
490175,0,1,23,23,23,23,23,23,23,23,23,23
490175,1,1,0,0,0,0,0,0,0,0,0,0
490176,0,1,0,0,0,0,0,0,0,0,0,0
490176,1,1,0,0,0,0,0,0,0,0,0,0
490177,0,1,0,0,0,0,0,0,0,0,0,0
490177,1,1,0,0,0,0,28,0,0,0,0,0
490178,1,1,0,0,0,0,0,0,0,0,0,0
490178,2,1,0,19,0,0,0,0,0,0,0,0
490179,1,1,0,0,0,0,0,0,0,0,0,0
490179,2,1,0,0,0,0,0,0,0,0,0,0
490180,1,1,0,0,0,0,0,0,0,0,0,0
490180,2,1,0,0,0,0,0,0,0,0,0,0
490181,1,1,0,0,0,0,0,0,0,0,0,0
490181,2,1,0,0,0,0,0,0,0,0,0,0
490182,0,1,12,12,12,12,12,12,12,12,12,12
490182,1,1,0,0,0,0,0,0,0,0,0,0
490183,1,1,0,0,0,0,0,0,0,0,0,0
490183,2,1,0,0,0,0,0,0,0,0,0,0
490184,0,1,0,0,0,0,0,0,0,0,0,0
490184,1,1,0,0,0,0,0,0,0,0,0,0
490185,1,1,0,0,0,0,0,0,0,0,0,0
490186,0,1,0,0,0,0,0,0,0,0,0,0
490186,1,1,0,0,0,0,0,0,0,0,0,0
490186,2,1,0,16,0,0,10,0,0,0,8,12
490186,3,1,0,0,0,0,0,0,20,0,0,0
490187,1,1,0,19,0,0,0,0,0,0,0,21
490188,1,1,0,0,0,0,0,0,0,0,0,0
490189,1,1,10,5,25,30,4,9,0,3,0,21
490190,1,1,0,0,0,0,0,0,0,0,0,0
490190,2,1,0,0,0,0,0,0,0,0,0,0
490191,1,1,0,0,0,0,0,0,0,0,0,0
490192,1,1,0,0,0,0,0,0,0,0,0,0
490192,2,1,0,0,0,0,0,0,16,0,0,0
490194,1,1,0,0,0,0,0,0,0,0,0,0
490195,1,1,0,0,0,0,0,0,0,0,0,0
490196,1,1,7,12,0,13,0,0,0,0,0,20
490197,1,1,0,0,0,0,0,0,0,0,0,0
490197,2,1,0,0,0,0,0,0,0,0,0,0
490198,1,1,0,0,0,0,0,0,0,0,0,0
490198,2,1,0,0,0,0,0,0,0,0,0,0
490199,0,1,0,0,0,0,0,0,0,0,0,0
490199,1,1,0,0,0,0,0,0,0,0,0,0
490200,1,1,0,0,0,0,0,0,0,0,0,0
490201,1,1,0,0,0,0,0,0,0,0,0,0
490201,2,1,0,0,0,0,0,0,0,0,0,0
490202,1,1,0,9,0,18,0,0,0,0,0,0
490202,2,1,0,0,0,0,0,0,0,0,0,0
490202,3,1,0,0,0,0,0,0,0,0,0,0
490203,0,1,0,0,0,0,0,0,0,0,0,0
490203,1,1,0,0,0,0,0,0,0,0,0,0
490204,1,1,0,0,0,0,0,0,0,0,0,0
490205,0,1,0,0,0,0,0,0,0,0,0,0
490205,1,1,0,0,0,0,0,0,0,0,0,0
500001,1,1,0,0,0,0,0,0,0,0,0,0
500002,0,1,0,0,0,0,0,0,0,0,0,0
500002,1,1,0,0,0,0,0,0,0,0,0,0
500003,1,1,0,0,0,0,0,0,0,0,0,0
500003,2,1,0,0,0,0,0,0,0,0,0,0
500004,1,1,4,4,4,4,4,4,4,4,4,4
500005,1,1,0,0,0,0,0,0,0,0,0,0
500006,1,1,0,0,0,0,0,0,0,0,0,0
500006,2,1,0,0,0,0,0,0,0,0,0,0
500007,1,1,15,15,15,15,15,15,15,15,15,15
500008,1,1,0,0,0,0,0,0,0,0,0,0
500008,2,1,0,0,0,0,0,0,0,0,0,0
500008,3,1,0,0,0,0,0,0,0,0,0,0
500009,1,1,0,0,0,0,0,0,0,0,0,0
500010,0,1,0,0,0,0,0,0,0,0,0,0
500010,1,1,18,14,24,23,11,9,19,10,0,2
500011,1,1,17,17,17,17,17,17,17,17,17,17
500012,1,1,19,19,19,19,19,19,19,19,19,19
500012,2,1,0,0,0,0,0,0,0,0,0,0
500012,3,1,0,0,0,0,0,0,0,0,0,0
500013,1,1,12,12,12,12,12,12,12,12,12,12
500013,2,2,0,0,0,0,0,0,0,0,0,0
500014,1,1,0,0,0,0,0,0,0,0,0,0
500014,2,1,0,0,0,0,0,0,0,0,0,0
500015,1,1,26,26,26,26,26,26,26,26,26,26
500016,1,1,0,0,0,0,0,0,0,0,0,0
500016,2,1,0,0,0,0,0,0,0,0,0,0
500016,3,1,0,0,0,0,0,0,0,0,0,0
500017,1,1,0,0,0,0,0,0,0,0,0,0
500017,2,1,0,0,0,0,0,0,0,0,0,0
500018,1,1,0,0,0,0,0,0,0,0,0,0
500019,1,1,21,30,16,21,24,20,16,23,15,12
500020,1,1,0,0,0,0,0,0,0,0,0,0
500021,1,1,0,0,0,0,0,0,0,0,0,0
500021,2,1,0,0,0,0,0,0,0,0,0,0
500022,1,1,0,0,0,0,0,0,0,0,0,0
500022,2,1,3,3,3,3,3,3,3,3,3,3
500023,1,1,17,17,17,17,17,17,17,17,17,17
500024,1,1,0,0,0,0,0,0,0,0,0,0
500024,2,1,0,0,0,0,0,0,0,0,0,0
500025,1,1,0,0,0,0,0,4,0,0,0,0
500026,1,2,0,0,0,0,0,0,0,0,0,0
500026,2,1,0,0,0,0,0,0,0,0,0,0
500027,1,1,20,20,20,20,20,20,20,20,20,20
500028,1,1,0,0,0,0,0,0,0,0,0,0
500029,1,1,0,0,0,0,0,0,0,0,0,0
500030,1,1,0,0,0,0,0,0,0,0,0,0
500031,1,1,0,0,0,0,0,0,0,0,0,0
500031,2,1,0,0,0,0,0,0,0,0,0,0
500032,1,1,0,0,0,0,0,0,0,0,0,0
500033,1,1,22,22,22,22,22,22,22,22,22,22
500034,1,1,9,9,9,9,9,9,9,9,9,9
500035,1,1,0,0,0,0,0,0,0,0,0,0
500036,1,1,16,16,16,16,16,16,16,16,16,16
500037,1,1,0,0,0,0,0,0,0,0,0,0
500038,1,1,0,0,0,0,0,0,0,0,0,0
500038,2,1,2,2,2,2,2,2,2,2,2,2
500038,3,1,0,0,0,0,0,0,0,0,0,0
500039,1,1,0,0,0,0,0,5,0,0,0,0
500039,2,1,0,0,0,0,0,0,0,0,0,0
500040,1,1,0,0,0,0,0,0,0,0,0,0
500040,2,1,0,39,0,0,0,0,0,0,0,0
500041,1,1,18,18,18,18,18,18,18,18,18,18
500042,1,1,0,4,0,0,0,0,0,0,0,0
500043,0,1,0,0,0,0,0,0,0,0,0,0
500043,1,1,0,0,0,0,0,0,0,0,0,0
500044,1,1,0,0,0,0,0,0,0,0,0,0
500045,1,1,8,8,8,8,8,8,8,8,8,8
500046,1,1,22,22,22,22,22,22,22,22,22,22
500047,1,1,0,0,0,0,0,0,0,0,0,0
500048,1,1,0,0,0,0,0,0,0,0,0,0
500048,2,1,0,0,0,0,0,0,0,0,0,0
500049,1,1,0,0,0,0,0,0,0,0,0,0
500050,1,1,23,23,23,23,23,23,23,23,23,23
500051,1,1,0,0,0,0,0,0,0,0,0,0
500051,2,1,0,0,0,0,0,0,0,0,0,0
500052,1,1,7,7,7,7,7,7,7,7,7,7
500053,1,1,0,9,0,0,0,0,0,0,0,0
500054,1,1,0,0,0,0,0,0,0,0,0,0
500055,1,1,25,25,25,25,25,25,25,25,25,25
500056,1,1,0,0,0,0,0,0,0,0,0,0
500057,0,1,0,0,0,0,0,0,0,0,0,0
500057,1,1,26,13,9,0,19,0,21,0,0,16
500058,1,1,0,0,0,0,0,0,0,0,0,0
500059,0,1,25,25,25,25,25,25,25,25,25,25
500059,1,1,0,0,0,0,0,0,0,0,0,0
500060,1,1,0,0,0,0,0,0,0,0,0,0
500060,2,1,0,0,0,0,0,0,0,0,0,11
500061,1,1,4,4,4,4,4,4,4,4,4,4
500061,2,1,0,0,0,0,0,0,0,0,0,0
500062,1,1,0,0,0,0,0,0,0,0,0,0
500062,2,1,0,0,0,0,0,0,0,0,0,0
500063,1,1,0,0,0,0,0,0,32,0,0,0
500063,2,1,0,0,0,0,0,0,0,0,0,0
510001,1,1,26,26,26,26,26,26,26,26,26,26
510002,1,1,0,0,0,0,0,0,0,0,0,0
510003,1,1,0,0,0,0,0,0,0,0,0,0
510003,2,1,0,0,0,0,0,0,0,0,0,0
510004,0,1,0,0,0,0,0,0,0,0,0,0
510004,1,1,0,0,0,0,0,0,0,0,0,0
510005,1,1,0,0,0,0,0,0,0,0,0,0
510005,2,1,0,0,0,0,0,0,0,0,0,0
510006,1,1,20,20,20,20,20,20,20,20,20,20
510007,1,1,21,21,21,21,21,21,21,21,21,21
510008,1,1,17,17,17,17,17,17,17,17,17,17
510009,1,1,0,0,0,0,0,0,0,13,0,0
510010,1,1,0,0,0,0,0,0,0,0,0,0
510010,2,1,0,0,0,0,0,18,0,0,0,0
510011,1,1,0,0,0,0,0,0,0,0,0,0
510012,1,1,13,0,37,27,9,30,0,11,0,0
510013,1,1,16,16,16,16,16,16,16,16,16,16
510014,1,1,0,0,0,0,0,0,0,0,0,0
510014,2,1,0,0,0,0,0,0,0,0,0,0
510015,1,1,24,24,5,0,21,22,14,15,0,17
510016,1,1,0,0,0,0,0,0,0,0,0,0
510016,2,1,0,0,0,0,0,0,0,0,0,0
510016,3,1,0,0,0,0,0,0,0,0,0,0
510017,1,1,0,0,0,0,0,0,0,0,0,0
510018,1,1,2,2,2,2,2,2,2,2,2,2
510019,1,1,0,0,0,0,0,0,0,0,0,0
510019,2,1,0,0,0,0,0,0,0,0,0,0
510019,3,1,0,0,8,0,0,0,0,0,0,0
510020,1,1,17,17,17,17,17,17,17,17,17,17
510021,1,1,0,0,0,0,0,0,0,0,0,0
510022,1,1,16,16,16,16,16,16,16,16,16,16
510022,2,1,0,0,0,0,0,0,0,0,0,0
510023,1,1,0,0,0,0,0,0,0,0,0,0
510024,1,1,0,2,0,13,0,7,0,0,0,0
510024,2,1,0,14,0,0,0,0,0,0,0,0
510024,3,1,0,0,0,0,0,0,0,0,0,0
510025,1,1,13,13,13,13,13,13,13,13,13,13
510025,2,1,0,0,0,0,0,0,0,0,0,0
510026,1,1,0,0,0,0,0,0,0,0,0,0
510026,2,1,0,0,0,0,0,0,0,0,0,0
510027,1,1,0,0,0,0,0,0,0,0,0,0
510027,2,1,0,0,0,0,0,0,0,0,0,0
510028,1,1,10,0,0,0,0,0,0,10,0,0
510028,2,1,0,0,0,0,0,0,0,0,0,0
510029,1,1,0,0,0,0,0,0,0,0,0,0
510029,2,1,0,0,0,0,0,0,0,0,0,0
510030,1,1,0,0,0,0,0,0,0,0,0,0
510030,2,1,0,0,0,0,0,0,0,0,0,0
510031,1,1,0,0,0,0,0,0,0,0,0,0
510031,2,1,0,0,0,0,0,0,0,0,0,0
510032,1,1,11,11,11,11,11,11,11,11,11,11
510033,1,1,18,18,18,18,18,18,18,18,18,18
510034,1,1,0,0,0,0,0,0,0,0,0,0
510034,2,1,0,0,2,0,15,0,0,0,0,0
510035,1,1,19,19,19,19,19,19,19,19,19,19
510036,1,1,18,18,18,18,18,18,18,18,18,18
510037,1,1,0,0,0,0,0,0,0,0,0,0
510037,2,1,0,0,0,0,0,0,0,0,0,0
510037,3,1,0,0,0,0,0,0,0,0,0,0
510038,1,1,0,0,0,0,0,0,0,0,0,0
510038,2,1,0,0,0,0,0,0,0,0,0,0
510039,1,1,0,0,0,0,0,0,0,0,0,0
510040,1,1,9,9,9,9,9,9,9,9,9,9
510040,2,1,0,0,0,0,0,0,0,0,0,0
510040,3,1,0,0,0,0,0,0,0,0,0,0
510041,1,1,0,0,0,0,0,0,0,0,0,0
510041,2,1,0,0,0,0,0,0,0,0,0,0
510042,1,1,20,20,20,20,20,20,20,20,20,20
510043,1,1,24,24,24,24,24,24,24,24,24,24
510043,2,1,5,11,5,6,0,18,3,0,8,6
510044,0,1,0,0,0,0,0,0,0,0,0,0
510044,1,1,0,0,0,0,0,0,0,0,0,0
510045,0,1,0,0,0,0,0,0,0,0,0,0
510046,1,1,0,12,13,9,17,0,0,7,13,20
510047,1,1,23,23,23,23,23,23,23,23,23,23
510047,2,1,0,0,0,0,0,0,0,0,0,0
510048,1,1,0,0,0,0,0,0,0,0,0,0
510049,0,1,0,0,0,0,0,0,0,0,0,0
510049,1,1,17,0,0,0,0,0,0,0,16,18
510050,1,1,0,0,0,0,0,0,0,0,0,0
510051,1,1,31,31,31,31,31,31,31,31,31,31
510052,1,1,17,17,17,17,17,17,17,17,17,17
510053,1,1,0,0,34,13,10,0,0,13,4,27
510054,1,1,0,0,0,0,0,0,0,0,0,0
510055,1,1,0,0,0,0,0,0,0,0,0,0
510056,1,1,0,0,0,0,0,0,0,0,0,0
510057,0,1,0,0,0,0,0,0,0,0,0,0
510057,1,1,0,0,0,0,0,0,0,0,0,0
510058,1,1,0,0,0,0,0,0,0,0,0,0
510058,2,1,16,12,7,14,0,0,8,0,6,2
510059,1,1,0,0,0,0,0,0,0,0,0,0
510059,2,1,0,0,0,0,0,0,0,0,0,0
510060,1,1,18,18,18,18,18,18,18,18,18,18
510061,0,1,23,23,23,23,23,23,23,23,23,23
510061,1,1,0,10,0,0,12,0,0,0,0,0
510062,0,1,7,7,7,7,7,7,7,7,7,7
510062,1,1,0,0,0,0,0,0,0,0,0,0
510063,1,1,0,17,0,10,0,20,0,0,0,0
510064,1,1,0,0,0,0,0,0,0,0,0,0
510064,2,1,0,0,0,0,0,0,0,0,0,0
510065,0,1,0,0,0,0,0,0,0,0,0,0
510065,1,1,24,19,0,0,0,0,0,9,10,16
510066,1,1,0,0,0,0,0,0,0,0,0,0
510067,1,1,9,9,9,9,9,9,9,9,9,9
510068,1,1,0,0,0,0,0,0,0,0,0,0
510069,1,1,31,31,31,31,31,31,31,31,31,31
510069,2,1,0,0,0,0,0,0,0,0,0,0
510070,1,1,0,0,0,0,0,0,0,0,0,0
510070,2,1,0,0,0,0,0,0,0,0,0,0
510071,1,1,21,21,21,21,21,21,21,21,21,21
510072,0,1,7,7,7,7,7,7,7,7,7,7
510072,1,1,0,0,0,0,0,0,0,0,0,0
510073,1,1,1,1,1,1,1,1,1,1,1,1
510073,2,1,12,0,0,7,0,0,0,0,0,0
510074,1,1,38,38,38,38,38,38,38,38,38,38
510075,1,1,29,29,29,29,29,29,29,29,29,29
510076,1,1,0,0,10,0,0,0,0,0,0,0
510077,1,1,5,3,0,0,0,0,0,0,0,0
510077,2,1,0,0,0,0,0,0,0,0,0,0
510078,1,1,2,2,2,2,2,2,2,2,2,2
510079,1,1,26,26,26,26,26,26,26,26,26,26
510080,1,1,0,0,0,0,0,0,0,0,0,0
510081,1,1,28,28,28,28,28,28,28,28,28,28
510083,1,1,27,27,27,27,27,27,27,27,27,27
510084,1,1,0,30,0,0,17,0,0,15,25,12
510085,1,1,0,0,0,0,0,0,0,0,0,0
510086,1,1,2,2,2,2,2,2,2,2,2,2
510087,1,1,27,27,27,27,27,27,27,27,27,27
510088,1,1,0,0,0,0,7,0,0,0,0,0
510089,1,1,7,18,10,30,13,11,17,19,17,12
510089,2,1,0,0,0,0,0,0,0,0,0,0
510090,1,1,0,0,0,0,0,0,0,0,0,0
510091,1,1,28,28,28,28,28,28,28,28,28,28