ST_CASE,VEH_NO,PER_NO,P1,P2,P3,P4,P5,P6,P7,P8,P9,P10
530355,0,2,0,0,20,0,0,0,0,0,0,0
530355,1,1,0,0,0,0,0,0,7,0,0,0
530356,1,1,17,17,17,17,17,17,17,17,17,17
530357,0,1,0,0,0,0,0,0,0,0,0,0
530357,1,1,0,0,0,0,25,17,25,10,35,0
530358,1,1,0,0,0,0,0,0,0,0,0,0
530359,1,1,11,11,11,11,11,11,11,11,11,11
530360,1,1,0,0,0,0,0,0,0,0,0,0
530361,1,1,24,24,24,24,24,24,24,24,24,24
530362,1,1,0,0,0,0,0,0,0,0,0,0
530362,2,1,16,0,0,0,25,0,0,0,0,0
530362,3,1,0,0,0,0,0,0,0,0,0,0
530363,0,1,0,0,0,0,0,0,0,0,0,0
530363,1,1,0,0,0,0,0,0,0,0,0,0
530364,0,1,0,0,0,0,0,0,0,0,0,0
530364,1,1,0,0,13,0,0,0,0,0,0,0
530365,1,1,0,0,0,0,0,0,0,0,0,0
530365,2,1,0,0,0,0,0,0,0,0,0,0
530366,1,1,0,0,0,0,0,0,0,0,0,0
530367,1,1,12,12,12,12,12,12,12,12,12,12
530368,1,1,19,19,19,19,19,19,19,19,19,19
530369,1,1,24,24,24,24,24,24,24,24,24,24
530370,1,1,7,7,7,7,7,7,7,7,7,7
530371,1,1,19,19,19,19,19,19,19,19,19,19
530372,1,1,26,11,13,20,16,22,22,23,17,3
530373,1,1,0,0,0,0,0,0,0,0,0,0
530373,2,1,0,0,0,0,0,0,0,0,0,0
530374,1,1,0,0,0,0,0,0,0,0,0,0
530375,1,1,20,20,20,20,20,20,20,20,20,20
530375,2,1,19,19,19,19,19,19,19,19,19,19
530376,1,1,0,0,0,0,0,0,0,0,0,0
530377,1,1,0,0,0,0,0,0,0,0,0,0
530377,2,1,0,0,0,0,0,0,0,0,0,0
530377,3,1,0,0,0,0,0,0,0,0,0,0
530377,4,1,0,0,0,0,0,0,0,0,0,0
530378,1,1,0,0,0,0,0,0,0,0,0,0
530378,2,1,12,0,0,0,0,0,0,0,0,0
530379,1,1,24,24,24,24,24,24,24,24,24,24
530380,1,1,0,0,0,0,0,0,0,0,0,0
530380,2,1,0,0,0,0,0,0,0,0,0,0
530381,0,1,0,0,0,0,0,0,0,0,0,0
530381,1,1,0,0,0,0,0,0,0,0,0,17
530382,1,1,0,0,0,0,0,0,0,0,0,0
530382,2,1,0,0,0,0,0,0,0,0,0,0
530383,0,1,0,0,0,0,0,0,0,0,0,0
530383,1,1,0,26,17,0,0,0,19,0,15,42
530384,1,1,0,0,0,0,0,0,0,0,0,0
530384,2,1,0,0,0,0,0,0,0,0,0,0
530385,1,1,14,14,14,14,14,14,14,14,14,14
530386,0,1,25,25,25,25,25,25,25,25,25,25
530386,1,1,0,0,10,2,0,0,0,23,0,6
530387,1,1,0,0,0,0,0,0,0,0,0,0
530389,1,1,12,12,12,12,12,12,12,12,12,12
530389,2,1,0,0,0,0,0,0,0,0,0,0
530390,1,1,0,14,12,0,0,0,0,0,0,0
530391,0,1,11,11,11,11,11,11,11,11,11,11
530391,1,1,0,0,0,0,0,0,0,0,0,0
530392,1,1,0,0,0,0,0,0,0,0,0,0
530392,2,1,0,0,0,0,0,0,0,0,0,0
530392,3,1,0,0,0,0,0,0,0,0,0,0
530393,1,1,0,0,0,0,0,0,0,0,0,0
530393,2,1,0,0,0,0,0,0,13,0,0,0
530394,1,1,0,0,0,0,0,0,0,0,0,0
530395,0,1,0,0,0,0,0,0,0,0,0,0
530395,1,1,0,0,0,0,0,0,0,0,0,0
530396,1,1,0,0,0,0,0,0,0,0,0,0
530396,2,1,0,0,0,0,0,0,10,0,0,0
530396,3,1,0,0,0,0,0,0,0,0,0,0
530397,1,1,2,15,11,9,24,18,18,11,12,23
530398,1,1,0,0,0,0,13,0,0,0,0,0
530398,2,1,0,0,0,0,0,0,0,0,0,0
530400,0,1,0,0,0,0,0,0,0,0,0,0
530400,1,1,12,0,0,0,0,0,0,0,0,0
530401,1,1,16,16,16,16,16,16,16,16,16,16
530402,1,1,0,0,0,0,0,0,0,0,0,0
530402,2,1,0,0,0,0,0,0,0,0,0,0
530403,1,1,14,14,14,14,14,14,14,14,14,14
530403,2,1,0,0,0,0,0,0,0,6,0,0
530403,3,1,16,9,0,0,12,0,0,0,0,0
530403,4,1,0,0,0,0,0,7,0,0,6,0
530403,5,1,0,0,0,0,0,0,0,0,0,0
530404,1,1,0,0,0,0,0,0,0,0,0,0
530405,1,1,14,14,14,14,14,14,14,14,14,14
530406,1,1,0,0,0,0,0,0,0,0,0,0
530406,2,1,0,0,0,0,0,0,0,0,0,0
530408,1,1,0,0,0,0,0,0,0,0,0,0
530409,1,1,0,18,16,0,0,8,0,22,16,20
530410,0,1,0,0,0,0,0,0,0,0,0,18
530410,1,1,12,0,30,11,14,15,3,0,21,21
530411,1,1,21,21,21,21,21,21,21,21,21,21
530412,1,1,0,0,0,0,0,0,0,0,0,0
530413,1,1,0,0,0,0,0,0,0,0,0,0
530414,1,1,0,0,0,0,0,0,0,0,0,0
530414,2,1,0,0,0,0,0,0,0,0,0,0
530415,0,1,0,18,0,11,0,0,0,0,0,0
530415,1,1,0,0,0,0,0,0,0,0,0,0
530417,0,1,0,0,0,0,0,0,0,0,0,0
530417,1,1,0,0,0,0,0,0,0,0,0,0
530418,1,1,0,0,0,0,0,0,0,0,0,0
540001,1,1,0,10,16,0,14,17,15,2,14,21
540001,2,1,16,16,16,16,16,16,16,16,16,16
540002,1,1,21,21,21,21,21,21,21,21,21,21
540003,0,1,17,17,17,17,17,17,17,17,17,17
540003,1,1,0,0,0,0,0,0,0,0,0,0
540004,1,1,0,0,0,0,0,0,0,0,0,0
540004,2,1,0,0,0,0,0,0,0,0,0,0
540005,1,1,0,0,0,0,0,0,0,0,0,0
540005,2,1,0,0,0,0,0,0,0,0,0,0
540006,1,1,12,14,3,18,15,7,4,1,11,22
540007,1,1,10,10,10,10,10,10,10,10,10,10
540008,1,1,0,0,0,0,0,0,0,0,0,0
540008,2,1,0,0,0,0,0,0,0,0,0,0
540009,1,1,0,0,0,0,0,0,0,0,0,0
540010,1,1,0,0,0,0,0,0,0,0,0,0
540010,2,1,0,0,0,0,0,0,0,0,0,0
540011,0,1,0,0,0,0,0,0,0,0,0,0
540011,1,1,0,0,0,0,0,0,0,0,0,0
540012,1,1,17,17,17,17,17,17,17,17,17,17
540013,1,1,0,0,0,0,0,0,0,0,0,0
540014,1,1,0,0,0,0,0,0,0,0,0,0
540014,2,1,0,0,0,9,0,0,0,0,0,0
540016,1,1,0,0,0,0,0,0,0,0,0,0
540016,2,1,0,0,0,0,0,0,0,0,0,0
540017,1,1,0,0,0,0,0,17,0,0,0,20
540017,2,1,0,0,0,0,0,0,0,0,0,0
540017,3,1,0,0,0,0,0,0,0,0,0,0
540018,1,1,0,0,0,0,0,0,0,0,0,0
540019,1,1,0,0,0,0,0,0,0,0,0,0
540019,2,1,0,0,0,0,0,0,0,0,0,0
540020,1,1,0,0,0,0,0,0,0,0,0,0
540020,2,1,0,0,0,0,0,0,0,0,0,0
540021,1,1,0,0,0,0,0,0,0,0,0,0
540021,2,1,0,0,0,0,0,0,0,0,0,0
540022,1,1,0,0,0,0,0,0,0,0,0,0
540022,2,1,0,0,0,0,0,0,0,0,0,0
540023,0,1,31,31,13,39,0,21,32,12,34,0
540023,1,1,0,0,0,0,0,0,0,0,8,0
540024,1,1,0,0,0,0,0,0,0,0,0,0
540024,2,1,0,0,0,0,0,0,0,0,0,0
540025,1,1,23,23,23,23,23,23,23,23,23,23
540026,1,1,0,0,0,0,0,0,0,0,0,0
540026,2,1,0,0,0,0,0,0,0,0,15,0
540026,3,1,0,0,0,0,0,0,0,0,0,0
540026,4,1,0,0,0,0,0,0,0,0,0,0
540027,0,1,0,0,0,0,0,0,0,0,0,0
540027,1,1,0,9,0,0,0,0,0,0,0,0
540028,1,1,0,0,0,0,0,0,0,0,0,0
540028,2,1,0,0,0,0,0,0,0,0,0,0
540029,1,1,15,15,15,15,15,15,15,15,15,15
540030,1,1,26,26,26,26,26,26,26,26,26,26
540031,1,1,0,0,0,0,0,0,0,0,0,0
540032,1,1,13,13,13,13,13,13,13,13,13,13
540033,1,1,0,18,0,0,0,0,0,0,0,0
540033,2,1,0,0,0,0,0,0,0,0,0,0
540034,1,1,0,0,0,0,0,0,0,0,0,0
540035,1,1,0,0,0,0,0,0,0,0,0,0
540036,1,1,0,0,0,0,0,0,0,0,0,0
540037,0,1,0,0,0,0,0,0,0,0,0,0
540037,1,1,0,0,0,0,0,0,0,0,0,0
540038,1,1,0,0,0,0,0,0,0,0,0,0
540039,1,1,23,23,23,23,23,23,23,23,23,23
540040,1,1,0,0,0,0,0,0,0,0,0,0
540040,2,1,0,0,0,0,0,0,0,0,0,0
540041,1,1,0,0,0,0,0,0,0,0,0,0
540042,1,1,0,0,0,0,0,0,0,0,0,0
540043,1,1,0,0,0,0,0,0,0,0,0,0
540044,1,1,0,0,0,0,0,0,0,0,0,0
540045,1,1,0,0,0,0,0,0,0,0,0,0
540045,2,1,0,0,0,0,0,0,0,0,0,0
540046,0,1,0,0,0,0,0,0,0,0,0,0
540046,1,1,0,0,0,0,0,0,0,0,0,0
540047,1,1,24,24,24,24,24,24,24,24,24,24
540048,1,1,0,0,0,0,0,0,0,0,0,0
540049,1,1,24,24,24,24,24,24,24,24,24,24
540050,1,1,22,22,22,22,22,22,22,22,22,22
540050,2,1,0,0,0,0,21,0,0,0,0,0
540051,1,1,20,20,20,20,20,20,20,20,20,20
540052,1,1,11,11,11,11,11,11,11,11,11,11
540053,1,1,0,0,0,0,0,0,0,0,0,0
540053,2,1,0,0,0,0,10,0,0,0,0,0
540054,1,1,0,0,0,0,0,0,0,0,0,0
540055,1,1,0,0,0,0,0,0,0,0,0,0
540055,2,1,0,0,0,0,0,0,0,0,0,0
540056,1,1,23,0,0,0,0,0,0,0,0,0
540057,1,1,0,0,0,0,0,0,0,0,0,0
540058,1,1,12,12,12,12,12,12,12,12,12,12
540059,1,1,0,0,0,0,0,0,0,0,0,0
540059,2,1,0,0,0,0,0,0,0,0,0,0
540059,3,1,0,0,0,0,0,0,0,0,0,0
540060,1,1,8,8,8,8,8,8,8,8,8,8
540060,2,1,5,24,0,15,23,25,0,16,14,18
540061,1,1,0,0,0,0,0,0,0,0,0,0
540061,2,1,0,0,0,0,0,0,0,0,0,0
540062,1,1,7,7,7,7,7,7,7,7,7,7
540063,1,1,0,0,0,0,0,0,0,0,0,0
540064,1,1,0,0,0,0,0,0,0,0,0,0
540065,1,1,10,13,8,11,23,17,12,11,12,14
540066,1,1,0,0,0,0,0,0,0,0,0,0
540066,2,1,0,0,0,0,0,0,0,0,0,0
540066,3,1,0,0,0,0,0,0,0,0,0,0
540067,1,1,0,0,0,0,0,0,0,10,0,0
540068,1,1,20,20,20,20,20,20,20,20,20,20
540069,1,1,0,0,0,0,0,0,0,0,0,0
540070,1,1,0,0,0,0,0,0,0,0,0,0
540071,1,1,0,0,24,0,0,0,0,0,0,0
540072,1,1,0,0,0,0,0,0,0,0,0,0
540073,1,1,0,0,0,0,0,0,13,0,0,0
540074,1,1,17,17,17,17,17,17,17,17,17,17
540075,1,1,0,0,0,0,0,0,0,0,0,0
540075,2,1,0,0,0,0,0,0,0,0,0,0
540076,1,1,20,20,20,20,20,20,20,20,20,20
540076,2,1,0,0,0,0,0,0,0,0,0,0
540077,1,1,0,0,0,0,0,0,0,0,0,0
540078,0,1,0,0,0,0,0,0,0,0,0,0
540078,1,1,0,17,0,0,0,9,0,0,0,0
540079,1,1,27,27,27,27,27,27,27,27,27,27
540080,1,1,0,0,0,0,0,0,0,0,0,0
540080,2,1,0,0,0,0,0,0,0,0,0,0
540080,3,1,0,0,0,15,0,0,0,0,0,0
540080,4,1,0,0,0,0,0,0,0,0,0,0
540081,1,1,27,27,27,27,27,27,27,27,27,27
540081,2,1,0,0,0,0,0,0,0,0,0,0
540082,1,1,8,8,8,8,8,8,8,8,8,8
540083,1,1,0,0,0,0,0,0,0,0,0,0
540083,2,1,0,0,0,0,0,0,0,0,0,0
540084,1,1,23,14,36,16,13,31,23,9,0,3
540084,2,1,0,0,0,0,0,0,0,0,0,0
540084,3,1,0,0,0,0,0,0,0,0,0,0
540085,1,1,0,0,0,0,0,0,0,0,0,0
540085,2,1,0,24,12,0,0,0,12,0,0,0
540086,1,1,18,18,18,18,18,18,18,18,18,18
540087,1,1,0,0,0,0,0,0,0,0,0,0
540087,2,1,0,0,0,0,0,0,0,0,0,0
540088,1,1,1,1,1,1,1,1,1,1,1,1
540088,2,1,0,0,0,0,0,0,0,0,0,0
540089,1,1,0,0,0,0,0,0,0,0,0,0
540090,2,1,29,29,29,29,29,29,29,29,29,29
540091,1,1,0,0,0,0,0,0,0,0,0,0
540092,1,1,16,16,16,16,16,16,16,16,16,16
540093,1,1,0,0,0,0,0,0,0,0,0,0
540094,1,1,20,20,20,20,20,20,20,20,20,20
540095,1,1,0,0,0,0,0,0,0,0,0,0
540097,0,1,0,0,0,0,0,0,0,0,0,0
540097,0,2,0,0,0,0,0,0,0,0,0,0
540097,1,1,0,0,0,0,0,0,0,0,0,0
540098,1,1,0,0,0,0,0,0,0,0,14,0
540098,2,1,0,0,0,0,0,0,0,0,0,0
540099,1,1,19,19,19,19,19,19,19,19,19,19
540100,1,1,22,22,22,22,22,22,22,22,22,22
540101,1,1,0,0,0,0,0,0,0,0,0,0
540102,1,1,5,5,5,5,5,5,5,5,5,5
540103,1,1,26,26,26,26,26,26,26,26,26,26
540104,1,1,0,0,0,0,0,0,0,0,0,0
540105,1,1,11,11,11,11,11,11,11,11,11,11
540106,1,1,0,0,0,0,0,0,0,0,0,0
540107,0,1,0,0,0,0,0,0,0,0,0,0
540107,0,2,33,23,0,24,0,0,0,0,29,0
540107,2,1,0,0,0,0,0,0,0,0,0,0
540108,1,1,19,19,19,19,19,19,19,19,19,19
540109,1,1,18,18,18,18,18,18,18,18,18,18
540110,1,1,0,0,0,0,0,0,0,0,0,0
540110,2,1,0,0,0,0,0,0,0,0,0,0
540111,1,1,0,0,0,0,0,0,0,0,0,0
540111,2,1,0,0,0,0,0,0,0,0,0,0
540112,1,1,0,0,0,0,0,0,0,0,0,0
540112,2,1,0,0,0,0,0,0,0,0,0,0
540113,1,1,0,0,0,0,0,0,0,0,0,0
540114,1,1,3,3,3,3,3,3,3,3,3,3
540115,1,1,0,0,0,0,0,0,0,0,0,0
540116,1,1,1,1,1,1,1,1,1,1,1,1
540116,2,1,0,0,0,0,0,0,0,0,0,0
540116,3,1,0,0,0,0,0,0,0,0,0,0
540117,1,1,0,0,0,0,0,0,0,0,0,0
540117,2,1,0,0,0,0,0,0,0,0,0,0
540118,1,1,0,0,0,0,0,0,0,0,0,0
540119,1,1,0,0,0,0,0,0,0,0,0,0
540119,2,1,0,0,0,0,0,0,0,0,0,0
540120,1,1,0,0,0,0,0,0,0,0,0,0
540120,2,1,0,0,0,6,0,0,0,0,0,0
540121,1,1,0,0,0,22,0,0,0,0,0,0
540121,2,1,0,0,0,0,0,0,0,0,0,0
540122,1,1,0,0,0,0,0,0,0,0,0,0
540122,2,1,0,0,0,0,0,0,0,0,0,0
540122,3,1,0,0,0,0,0,0,0,0,0,0
540123,1,1,7,7,7,7,7,7,7,7,7,7
540124,1,1,0,0,0,0,0,0,0,0,0,0
540125,1,1,0,0,0,0,0,0,0,0,0,0
540126,1,1,0,0,0,0,0,0,0,0,0,0
540127,2,1,0,0,0,0,0,0,0,0,0,0
540128,1,1,0,0,0,0,0,0,0,0,0,0
540129,1,1,0,0,0,0,0,0,0,0,0,0
540129,2,1,0,0,0,0,0,0,0,0,0,0
540129,3,1,0,0,0,0,0,0,0,0,0,0
540130,1,1,0,0,0,0,0,0,0,0,0,0
540131,1,1,0,0,0,0,0,0,0,0,0,0
540131,2,1,0,0,0,0,0,0,0,0,0,0
540132,1,1,9,24,13,7,0,30,0,0,0,9
540132,2,1,0,0,0,0,0,0,0,0,0,0
540133,1,1,0,0,0,0,0,0,0,0,0,0
540133,2,1,19,2,12,0,6,0,9,17,0,16
540134,1,1,0,0,0,0,0,0,0,0,0,0
540135,1,1,0,0,0,0,0,3,0,0,0,0
540135,2,1,0,0,0,0,0,0,0,0,0,0
540136,1,1,0,0,0,0,0,0,0,0,0,0
540137,1,1,0,0,0,0,0,0,0,0,0,0
540137,2,1,0,0,0,0,0,0,0,0,0,0
540137,3,1,0,0,0,0,0,0,0,0,0,0
540138,1,1,0,0,0,0,0,0,0,0,0,0
540138,2,1,0,0,0,0,0,0,0,0,0,0
540139,1,1,17,17,17,17,17,17,17,17,17,17
540140,1,1,0,0,0,0,12,0,9,0,19,0
540141,1,1,0,4,0,18,0,0,0,0,0,0
540141,2,1,0,0,0,0,0,0,0,0,0,0
540142,1,1,0,0,0,0,0,0,0,0,0,0
540142,2,1,0,0,0,0,0,0,0,0,0,0
540143,0,1,0,0,0,0,0,0,0,0,0,0
540143,1,1,0,0,0,0,0,0,0,0,0,0
540144,1,1,17,17,17,17,17,17,17,17,17,17
540145,0,1,8,8,8,8,8,8,8,8,8,8
540145,1,1,0,0,0,0,0,0,0,0,0,0
540146,1,1,0,0,0,0,0,0,0,0,0,0
540146,2,1,0,0,0,0,0,0,0,0,0,0
540147,1,1,0,0,0,0,0,0,0,0,0,0
540148,1,1,0,0,0,0,29,0,0,0,0,0
540149,1,1,0,0,0,0,0,0,0,0,0,0
540149,2,1,0,0,0,0,0,0,0,0,0,0
540150,1,1,11,11,11,11,11,11,11,11,11,11
540151,1,1,0,0,0,0,0,0,0,0,0,0
540152,1,1,23,12,15,22,19,14,13,6,17,16
540152,2,1,9,22,31,31,4,6,0,8,16,0
540153,1,1,0,0,0,0,0,0,0,0,0,0
540153,2,1,0,0,0,0,0,0,0,0,0,0
540153,3,1,0,0,0,0,0,0,0,0,0,0
540154,1,1,0,0,0,0,0,0,0,0,0,0
540154,2,1,0,0,0,0,0,0,0,0,0,0
540155,1,1,0,0,0,0,0,0,0,0,0,0
540156,1,1,0,0,0,0,0,0,0,0,0,0
540156,2,1,0,0,0,0,0,0,0,0,0,0
540157,1,1,0,0,0,0,0,0,0,0,0,0
540158,1,1,20,5,0,0,0,0,0,0,26,0
540158,2,1,0,0,3,0,0,10,0,35,12,0
540159,1,1,0,0,0,0,0,0,0,0,0,0
540160,1,1,5,5,5,5,5,5,5,5,5,5
540161,1,1,0,0,0,0,0,0,0,0,0,0
540162,1,1,3,3,3,3,3,3,3,3,3,3
540163,0,1,0,0,0,0,0,0,0,0,0,0
540163,0,2,9,0,0,0,0,0,0,14,21,0
540163,1,1,22,15,23,31,4,0,18,7,10,10
540164,1,1,0,0,0,0,0,26,0,0,0,0
540164,2,1,0,0,0,0,0,0,0,0,0,0
540165,1,1,0,0,0,0,0,0,0,0,0,0
540166,1,1,0,0,0,0,0,0,0,0,0,0
540167,1,1,0,0,0,0,0,0,0,0,0,0
540168,1,1,7,7,16,23,11,11,9,33,18,13
540169,1,1,1,1,1,1,1,1,1,1,1,1
540170,1,1,0,0,0,0,0,0,0,0,0,0
540170,2,1,2,2,2,2,2,2,2,2,2,2
540171,1,1,0,0,0,0,0,0,0,0,0,0
540172,1,1,25,25,25,25,25,25,25,25,25,25
540172,2,1,0,0,0,0,0,0,0,0,0,0
540173,0,1,0,0,0,0,0,0,0,0,0,0
540173,1,1,0,0,0,0,7,0,0,0,20,0
540174,1,1,7,7,7,7,7,7,7,7,7,7
540175,1,1,11,9,19,11,12,23,12,20,0,29
540176,1,1,0,0,0,0,0,0,0,0,0,0
540177,1,1,0,0,0,0,0,0,0,0,0,0
540177,2,1,0,0,0,0,0,0,0,0,0,0
540178,1,1,0,0,0,0,0,0,0,0,0,0
540179,1,1,1,1,1,1,1,1,1,1,1,1
540180,1,1,26,0,0,0,0,0,0,0,0,0
540181,1,1,0,0,0,0,0,0,0,0,0,0
540181,2,1,0,0,0,0,0,0,0,0,0,0
540182,0,1,2,2,2,2,2,2,2,2,2,2
540182,1,1,0,0,0,0,0,0,0,0,0,0
540183,1,1,0,0,0,0,0,0,0,0,0,0
540183,2,1,0,0,0,0,0,0,0,0,0,0
540184,1,1,0,0,0,0,0,0,0,0,0,0
540185,1,1,24,24,24,24,24,24,24,24,24,24
540186,1,1,0,0,0,0,0,0,0,0,0,0
540187,1,1,0,0,0,0,0,0,15,0,0,0
540188,1,1,30,30,30,30,30,30,30,30,30,30
540189,1,1,13,13,13,13,13,13,13,13,13,13
540190,1,1,17,17,17,17,17,17,17,17,17,17
540191,1,1,0,0,0,0,0,0,0,0,0,0
540192,1,1,0,0,0,0,0,0,0,0,0,0
540192,2,1,0,0,0,0,0,0,0,0,0,0
540193,1,1,25,25,25,25,25,25,25,25,25,25
540194,1,1,0,0,0,0,0,0,0,0,0,0
540195,1,1,22,22,22,22,22,22,22,22,22,22
540196,1,1,10,10,10,10,10,10,10,10,10,10
540197,1,1,17,19,12,18,10,24,19,25,22,20
540198,1,1,12,12,12,12,12,12,12,12,12,12
540199,1,1,0,0,0,0,0,0,0,0,0,0
540200,1,1,0,0,0,0,0,0,0,0,0,0
540201,1,1,13,16,0,22,14,15,40,27,11,21
540202,1,1,12,12,12,12,12,12,12,12,12,12
540203,1,1,0,0,0,0,0,0,0,0,0,0
540204,0,1,0,0,0,0,0,0,0,0,0,0
540204,1,1,0,0,0,0,0,14,0,0,0,0
540205,1,1,0,0,0,0,0,0,0,0,0,0
540206,1,1,0,0,0,0,0,0,0,0,0,0
540206,2,1,0,0,0,0,0,0,0,0,0,0
540207,1,1,19,19,19,19,19,19,19,19,19,19
540208,1,1,0,0,0,0,0,0,0,0,0,0
540209,1,1,0,0,0,0,0,0,0,0,0,0
540210,1,1,0,0,0,0,0,0,0,0,0,0
540210,2,1,0,0,0,0,0,0,0,0,0,0
540211,1,1,0,0,0,0,0,0,0,0,0,0
540211,2,1,0,0,0,0,0,0,0,0,0,0
540212,1,1,0,0,0,0,0,0,0,0,0,0
540212,2,1,0,0,0,0,0,0,0,0,0,0
540213,1,1,0,0,0,0,0,0,0,0,0,0
540213,2,1,17,0,6,0,14,0,26,17,15,0
540214,1,1,0,0,0,0,0,0,0,0,0,0
540215,1,1,0,0,0,0,0,0,0,0,0,0
540215,2,1,0,0,0,0,0,0,0,0,0,0
540216,1,1,19,19,19,19,19,19,19,19,19,19
540217,0,1,0,0,0,0,0,0,0,0,0,0
540217,0,2,18,18,18,18,18,18,18,18,18,18
540217,1,1,0,0,0,0,0,0,0,0,0,0
540218,1,1,18,18,18,18,18,18,18,18,18,18
540219,0,1,0,0,0,0,0,0,0,0,0,0
540219,1,1,0,0,0,0,0,0,0,0,0,0
540220,1,1,0,0,14,0,0,0,0,0,0,0
540220,2,1,0,0,0,0,0,0,0,0,0,0
540221,1,1,0,0,0,0,0,0,0,0,0,0
540221,2,1,0,0,0,0,0,0,0,0,0,7
540222,1,1,8,8,8,8,8,8,8,8,8,8
540223,1,1,31,31,31,31,31,31,31,31,31,31
540224,1,1,0,0,0,0,0,0,0,0,0,0
540225,1,1,17,17,17,17,17,17,17,17,17,17
540226,1,1,0,0,0,0,0,0,0,0,0,18
540226,2,1,3,3,3,3,3,3,3,3,3,3
540227,1,1,0,0,0,0,0,0,0,0,0,0
540227,2,1,0,0,0,0,0,0,0,0,0,0
540228,1,1,0,0,0,0,0,0,0,0,0,0
540228,2,1,0,0,0,0,0,0,0,0,0,0
540229,1,1,0,0,0,0,0,0,0,0,0,0
540229,2,1,0,0,0,0,0,0,0,0,0,0
540230,0,1,16,16,16,16,16,16,16,16,16,16
540230,1,1,0,0,0,0,0,0,0,0,0,0
540231,1,1,0,0,0,0,0,0,0,0,0,0
540232,1,1,0,0,0,0,0,0,0,0,0,0
540233,1,1,0,0,0,0,0,0,0,0,0,0
540233,2,1,31,31,31,31,31,31,31,31,31,31
540234,1,1,0,0,0,0,0,0,0,0,0,0
540235,0,1,16,16,16,16,16,16,16,16,16,16
540235,1,1,0,6,0,0,26,0,23,0,18,0
540236,1,1,7,7,7,7,7,7,7,7,7,7
540237,0,1,0,0,0,0,0,0,0,0,0,0
540237,1,1,0,0,0,0,0,0,0,0,0,0
540238,1,1,0,0,16,27,4,23,12,26,11,0
540239,1,1,0,0,0,0,0,0,0,0,0,0
540239,2,1,0,0,0,0,0,0,0,0,0,0
540240,1,1,18,18,20,23,24,26,10,21,7,0
540241,1,1,0,0,0,0,0,0,0,0,0,0
540241,2,1,0,0,0,0,0,0,0,0,0,0
540241,3,1,0,0,0,0,0,0,0,0,0,0
540242,1,1,11,11,11,11,11,11,11,11,11,11
540243,1,1,0,0,0,0,0,0,0,0,0,0
540243,2,1,0,0,0,0,0,0,0,0,0,0
540244,1,1,0,0,0,0,0,0,0,0,0,0
540245,1,1,0,19,14,20,14,18,6,23,12,13
540246,0,1,0,0,0,0,0,0,0,0,0,0
540246,1,1,0,0,12,0,0,12,22,7,0,0
540247,1,1,0,0,0,31,0,0,0,0,0,0
540248,1,1,0,0,0,0,0,0,0,0,0,0
540249,1,1,0,0,0,0,0,0,0,0,0,0
540250,1,1,8,8,8,8,8,8,8,8,8,8
540251,1,1,0,0,0,0,0,0,0,0,0,0
540252,1,1,0,0,0,0,0,0,0,0,0,0
540252,2,1,0,0,0,0,0,0,0,0,0,0
540253,1,1,0,0,0,0,0,0,0,0,0,0
540253,2,1,0,0,0,0,0,0,0,0,21,0
540254,1,1,23,23,23,23,23,23,23,23,23,23
540254,2,1,31,19,2,9,0,12,18,9,35,7
540255,1,1,0,0,0,0,0,0,0,0,0,0
540255,2,1,0,0,0,0,0,0,0,0,0,0
540255,3,1,0,4,0,0,0,0,0,0,0,0
540256,1,1,0,0,0,0,0,0,0,0,0,0
540256,2,1,0,0,0,0,0,0,0,0,0,0
540258,1,1,0,0,0,0,0,0,0,0,0,0
540258,2,1,11,11,11,11,11,11,11,11,11,11
540259,1,1,0,0,0,0,0,0,0,0,0,0
540260,1,1,0,0,0,0,0,0,0,0,0,3
540260,2,1,0,0,0,19,0,0,0,0,0,0
540261,1,1,30,0,4,10,9,9,12,17,3,15
540262,1,1,22,22,22,22,22,22,22,22,22,22
540263,0,1,0,0,0,0,0,0,0,0,0,0
540263,1,1,0,0,0,0,0,0,0,0,0,0
540264,1,1,0,0,0,0,0,0,0,0,0,0
540265,1,1,16,16,16,16,16,16,16,16,16,16
540266,1,1,22,22,22,22,22,22,22,22,22,22
540267,1,1,15,15,15,15,15,15,15,15,15,15
540268,0,1,0,0,0,21,0,25,0,0,0,0
540268,1,1,0,0,15,0,33,0,26,15,16,0
540269,1,1,0,0,0,0,0,0,0,0,0,0
540270,1,1,23,23,23,23,23,23,23,23,23,23
540271,1,1,0,0,0,0,0,0,0,0,0,0
540271,2,1,7,7,7,7,7,7,7,7,7,7
540272,1,1,18,18,18,18,18,18,18,18,18,18
540273,1,1,0,0,0,0,0,0,0,0,0,0
540273,2,1,0,0,0,0,0,0,0,0,0,0
540274,1,1,0,0,0,0,0,0,0,0,0,0
540274,2,1,0,0,0,0,0,0,0,0,0,0
540275,1,1,0,0,0,0,0,0,0,0,0,0
540275,2,1,0,0,0,0,0,0,0,0,0,0