ST_CASE,VEH_NO,PER_NO,P1,P2,P3,P4,P5,P6,P7,P8,P9,P10
540276,1,1,12,12,12,12,12,12,12,12,12,12
540276,2,1,0,0,0,0,0,0,0,0,0,0
540277,1,1,0,0,0,0,0,0,0,0,0,0
540277,2,1,0,0,0,0,0,0,0,0,0,0
540277,3,1,0,0,0,0,0,0,0,0,0,0
540278,1,1,0,0,0,0,0,0,0,0,0,0
540279,0,1,0,0,0,0,0,0,0,0,0,0
540279,1,1,8,8,8,8,8,8,8,8,8,8
540280,1,1,0,0,0,0,0,0,0,0,0,0
540281,1,1,0,0,0,0,0,0,0,0,0,0
540282,1,1,0,0,0,0,0,0,0,0,0,0
540283,1,1,0,0,0,0,0,0,0,0,0,0
540283,2,1,0,0,0,0,0,0,0,0,0,0
540284,1,1,0,0,0,0,0,0,0,0,0,0
540284,2,1,0,0,0,0,0,0,0,0,0,0
540285,1,1,0,0,0,0,0,0,0,0,0,0
540285,2,1,0,6,0,0,0,0,0,0,0,0
540286,1,1,0,0,0,0,0,0,0,0,0,0
540287,0,1,0,0,0,0,0,0,0,0,0,0
540287,1,1,0,0,0,0,0,0,0,0,0,0
540288,0,1,32,32,32,32,32,32,32,32,32,32
540288,1,1,0,0,0,0,0,0,0,0,0,0
540289,1,1,0,0,0,0,0,0,0,0,0,0
540289,2,1,0,0,0,0,0,0,0,0,0,0
540290,1,1,0,0,0,0,0,0,0,0,0,0
540291,0,1,0,0,0,0,0,0,0,0,0,0
540291,1,1,0,0,0,0,0,0,0,0,0,0
540292,1,1,0,0,0,0,0,0,0,0,0,0
540292,2,1,0,0,0,0,0,0,0,0,0,0
540293,1,1,1,1,1,1,1,1,1,1,1,1
540294,1,1,0,0,0,0,0,0,0,0,0,0
540295,1,1,0,0,0,0,0,0,0,0,0,0
540296,1,1,0,0,0,0,0,0,0,0,0,0
540297,1,1,0,0,0,0,0,0,0,0,0,0
540298,1,1,17,10,7,8,7,0,19,10,14,27
540299,1,1,0,0,0,0,0,0,0,0,0,0
540299,2,1,0,0,0,0,0,0,0,0,0,0
540300,1,1,0,0,0,0,0,0,0,0,0,0
540300,2,1,0,0,0,0,0,0,0,0,0,0
540301,1,1,0,0,0,0,0,0,0,0,0,0
540301,2,1,0,0,0,0,0,0,0,0,0,0
540302,1,1,0,0,0,0,0,0,0,0,0,0
540302,2,1,0,0,0,0,0,0,0,0,0,0
540302,3,1,0,0,0,0,0,0,0,0,0,0
540303,1,1,0,0,0,0,0,0,0,0,0,0
540303,2,1,0,0,0,0,0,0,0,0,0,0
540304,1,1,0,0,0,0,0,0,0,0,0,0
540304,2,1,0,0,0,0,0,0,0,0,0,0
540304,3,1,20,0,0,0,0,0,0,0,0,0
540305,0,1,26,26,26,26,26,26,26,26,26,26
540305,1,1,0,0,0,0,0,0,0,0,0,12
540306,1,1,0,0,0,0,0,0,0,0,0,0
540307,1,1,0,0,0,0,0,0,0,0,0,0
540308,1,1,0,0,0,0,0,0,0,0,0,0
550001,1,1,0,0,0,0,0,0,0,0,0,0
550001,2,1,0,0,0,0,0,0,0,0,0,0
550002,1,1,23,23,23,23,23,23,23,23,23,23
550003,1,1,0,0,0,0,0,0,0,0,0,0
550003,2,1,0,0,0,0,0,0,0,0,0,0
550004,1,1,0,0,0,0,0,0,0,0,0,0
550004,2,1,0,0,0,0,0,0,0,0,0,0
550005,1,1,0,0,0,0,0,0,0,0,0,0
550005,2,1,0,0,0,0,0,0,0,0,0,0
550006,1,1,0,0,0,0,0,0,0,0,0,0
550006,2,1,0,0,0,0,0,0,0,0,0,0
550007,0,1,0,0,0,0,0,0,0,0,0,0
550007,1,1,0,0,0,0,0,0,0,0,0,0
550008,1,1,0,0,0,0,0,0,0,0,0,0
550009,1,1,0,0,0,0,0,0,0,0,0,0
550009,2,1,0,0,0,0,0,0,0,0,0,0
550010,1,1,0,0,0,0,0,0,0,0,0,0
550010,2,1,0,0,0,0,0,0,0,0,0,0
550011,1,1,25,25,25,25,25,25,25,25,25,25
550011,2,1,0,0,0,0,0,0,0,0,0,0
550012,0,1,8,8,8,8,8,8,8,8,8,8
550012,1,1,0,0,0,0,0,0,0,0,0,0
550013,1,1,0,0,0,0,0,0,0,0,0,0
550014,1,1,12,12,12,12,12,12,12,12,12,12
550015,1,1,0,0,0,0,0,0,0,0,0,0
550016,1,1,11,11,11,11,11,11,11,11,11,11
550017,1,1,13,13,13,13,13,13,13,13,13,13
550018,1,1,0,0,0,0,0,0,0,0,0,0
550019,1,1,18,18,18,18,18,18,18,18,18,18
550020,1,1,14,14,14,14,14,14,14,14,14,14
550021,1,1,0,0,0,0,0,0,0,0,0,0
550022,1,1,12,12,12,12,12,12,12,12,12,12
550022,2,1,0,0,0,0,0,0,0,0,0,0
550023,1,1,21,21,21,21,21,21,21,21,21,21
550024,1,1,24,24,24,24,24,24,24,24,24,24
550025,1,1,31,31,31,31,31,31,31,31,31,31
550026,1,1,19,19,19,19,19,19,19,19,19,19
550027,1,1,0,0,0,0,0,0,0,0,0,0
550028,1,1,8,8,8,8,8,8,8,8,8,8
550029,1,1,0,0,0,0,0,0,0,0,0,0
550029,2,1,0,0,0,0,0,0,0,0,0,0
550029,3,1,0,0,0,0,0,0,0,0,0,0
550030,1,1,0,0,0,0,0,0,0,0,0,0
550031,1,1,21,21,21,21,21,21,21,21,21,21
550032,1,1,0,0,0,0,0,0,0,0,0,0
550033,1,1,0,0,0,0,0,0,0,0,0,0
550033,2,1,0,0,0,0,0,0,0,0,0,0
550034,1,1,27,27,27,27,27,27,27,27,27,27
550035,1,1,20,20,20,20,20,20,20,20,20,20
550036,1,1,0,0,0,0,0,0,0,0,0,0
550036,2,1,0,0,0,0,0,0,0,0,0,0
550036,3,1,0,0,0,0,0,0,0,0,0,0
550037,1,1,0,0,0,0,0,0,0,0,0,0
550038,0,1,14,14,14,14,14,14,14,14,14,14
550038,1,1,0,0,0,0,22,0,0,20,12,16
550039,1,1,0,0,0,0,0,0,0,0,0,0
550040,1,1,0,19,16,0,0,0,0,0,21,24
550041,0,1,12,12,12,12,12,12,12,12,12,12
550041,0,2,26,0,0,0,14,0,19,0,0,0
550041,1,1,0,0,0,0,0,0,0,0,0,0
550042,1,1,18,0,0,0,0,13,0,0,30,10
550043,0,1,0,0,0,0,0,0,0,0,0,0
550043,0,2,0,0,0,0,10,0,0,0,0,0
550043,1,1,0,0,0,0,0,0,0,0,0,0
550044,1,1,0,0,0,0,0,0,0,0,0,0
550044,2,1,0,0,0,0,0,0,0,0,0,0
550045,1,1,0,0,0,0,0,0,0,0,0,0
550045,2,1,0,0,0,0,0,0,0,0,0,0
550046,1,1,12,12,12,12,12,12,12,12,12,12
550047,1,1,20,20,20,20,20,20,20,20,20,20
550047,2,1,0,0,0,0,0,0,0,0,0,0
550048,1,1,0,0,0,0,0,0,0,0,0,0
550048,2,1,0,0,0,0,0,0,0,0,0,0
550049,1,1,0,0,0,0,0,0,0,0,0,0
550049,2,1,0,0,0,0,0,0,0,0,0,0
550051,1,1,35,24,19,13,34,19,22,18,15,20
550052,1,1,16,16,16,16,16,16,16,16,16,16
550053,1,1,0,0,0,0,0,0,0,0,0,0
550054,1,1,27,27,27,27,27,27,27,27,27,27
550054,2,1,0,0,0,0,0,0,0,18,0,0
550054,3,1,0,0,0,0,0,0,0,0,0,0
550055,1,1,0,0,0,0,0,0,0,0,0,0
550055,2,1,0,0,0,0,0,0,0,0,0,0
550056,1,1,0,0,0,0,0,0,0,0,0,0
550056,2,1,0,0,0,0,0,0,0,0,0,0
550057,1,1,0,0,0,0,0,0,0,0,0,0
550057,2,1,0,0,0,0,0,0,0,0,0,0
550058,1,1,0,0,0,0,0,0,0,0,0,0
550058,2,1,0,0,0,0,0,0,0,0,0,0
550059,1,1,0,0,0,0,0,0,0,0,0,0
550059,2,1,0,0,0,0,0,0,0,0,0,0
550059,3,1,0,0,0,0,0,0,0,0,0,0
550060,1,1,30,30,30,30,30,30,30,30,30,30
550061,1,1,0,0,0,0,0,0,0,0,0,0
550061,2,1,15,10,0,18,0,0,39,0,12,0
550062,1,1,0,0,0,0,0,0,0,0,0,0
550062,2,1,0,0,0,0,0,0,0,0,0,0
550063,1,1,0,0,0,0,0,0,0,0,0,0
550063,2,1,0,0,0,0,0,0,0,0,0,0
550064,1,1,0,0,0,0,0,0,0,0,0,0
550064,2,1,0,0,0,0,0,0,0,0,0,0
550065,1,1,28,28,28,28,28,28,28,28,28,28
550066,1,1,18,18,18,18,18,18,18,18,18,18
550067,1,1,19,19,19,19,19,19,19,19,19,19
550068,0,1,0,0,0,0,0,0,0,0,0,0
550068,1,1,0,0,0,0,0,0,0,0,0,0
550069,1,1,19,19,19,19,19,19,19,19,19,19
550069,2,1,14,14,14,14,14,14,14,14,14,14
550070,1,1,0,0,0,0,0,0,0,0,0,0
550071,1,1,12,12,12,12,12,12,12,12,12,12
550072,1,1,0,0,0,0,0,0,0,0,0,0
550072,2,1,0,0,0,0,0,0,0,0,0,0
550073,1,1,12,12,12,12,12,12,12,12,12,12
550073,2,1,21,21,21,21,21,21,21,21,21,21
550074,1,1,0,0,0,0,0,0,0,0,0,0
550074,2,1,0,0,0,0,0,0,0,0,0,0
550075,1,1,0,0,0,0,0,0,0,0,0,0
550075,2,1,0,0,0,0,0,0,0,0,0,0
550076,1,1,10,0,0,0,0,0,0,0,0,28
550076,2,1,0,0,0,0,0,0,0,0,0,0
550077,1,1,0,0,0,0,0,0,0,0,0,0
550077,2,1,0,0,0,0,0,0,0,0,0,0
550078,1,1,0,0,0,0,0,0,0,0,0,0
550079,1,1,0,0,0,0,0,0,0,0,0,0
550081,1,1,0,0,0,0,0,0,0,0,0,0
550081,2,1,0,0,0,0,0,0,0,0,3,0
550082,1,1,0,0,0,0,0,0,0,0,0,0
550082,2,1,0,0,0,13,0,0,0,0,0,0
550082,3,1,0,0,0,0,0,0,0,0,0,0
550083,1,1,0,0,0,0,0,0,0,0,0,0
550083,2,1,0,0,0,0,0,0,0,0,0,0
550084,1,1,0,0,0,0,0,0,0,0,0,0
550084,2,1,0,0,0,0,0,0,0,0,0,0
550085,1,1,0,0,0,0,0,0,0,0,0,0
550086,1,1,28,28,28,28,28,28,28,28,28,28
550087,1,1,10,10,10,10,10,10,10,10,10,10
550087,2,1,0,0,0,0,0,0,0,0,0,0
550087,3,1,34,15,14,0,37,28,0,25,0,6
550088,1,1,28,28,28,28,28,28,28,28,28,28
550089,1,1,11,11,11,11,11,11,11,11,11,11
550089,2,1,0,0,0,0,0,0,0,0,0,0
550090,1,1,0,0,0,0,0,0,0,0,0,0
550091,1,1,3,3,3,3,3,3,3,3,3,3
550092,1,1,0,0,0,0,0,0,0,0,0,0
550093,1,1,0,0,0,0,0,0,0,0,0,0
550093,2,1,0,0,0,0,0,0,0,0,0,0
550094,1,1,0,0,0,0,0,0,0,0,0,0
550094,2,1,0,0,0,0,0,0,0,0,0,0
550095,1,1,0,0,0,0,0,0,0,0,0,0
550096,0,1,0,0,0,0,0,0,0,0,0,0
550096,1,1,0,0,0,0,0,0,0,0,0,0
550097,1,1,0,0,0,0,0,0,0,0,0,0
550097,2,1,0,0,0,0,0,0,0,0,0,0
550098,0,1,0,0,0,0,0,0,0,0,0,0
550098,1,1,12,12,12,12,12,12,12,12,12,12
550098,2,1,0,17,0,0,26,0,0,0,0,0
550099,1,1,0,0,0,0,0,0,0,0,0,0
550099,2,1,0,0,0,0,0,0,0,0,0,0
550100,0,1,0,0,0,0,0,0,0,0,0,0
550100,1,1,0,0,0,0,0,0,0,0,0,0
550101,1,1,4,4,4,4,4,4,4,4,4,4
550102,1,1,0,0,0,0,0,0,0,0,0,0
550102,2,1,0,0,0,0,0,0,0,0,0,0
550103,1,1,26,26,26,26,26,26,26,26,26,26
550104,1,1,0,0,0,0,0,0,0,0,0,0
550104,2,1,0,0,0,0,0,0,0,0,0,0
550105,2,1,0,0,0,0,0,0,0,0,0,0
550105,4,1,0,0,0,0,0,5,0,0,0,0
550105,5,1,0,0,0,0,0,0,0,0,0,0
550106,1,1,0,0,0,0,0,0,0,0,0,0
550106,2,1,0,0,0,0,0,0,0,0,0,0
550107,1,1,0,0,0,0,0,0,0,0,0,0
550107,2,1,0,0,0,0,0,0,0,0,0,0
550108,0,1,21,21,21,21,21,21,21,21,21,21
550108,1,1,0,0,0,0,0,0,0,0,0,0
550109,1,1,0,0,0,0,0,0,0,0,0,0
550110,1,2,0,14,0,23,29,26,0,11,0,11
550111,1,1,0,0,0,0,0,0,0,0,0,0
550112,1,1,0,0,0,0,0,0,0,0,0,0
550113,1,1,33,33,33,33,33,33,33,33,33,33
550114,1,1,0,0,23,0,0,0,0,0,0,0
550114,2,1,0,0,0,0,0,0,0,0,0,0
550115,1,1,19,19,19,19,19,19,19,19,19,19
550116,0,1,31,31,31,31,31,31,31,31,31,31
550116,1,1,7,7,7,7,7,7,7,7,7,7
550117,1,1,0,0,0,0,0,0,0,0,0,0
550117,2,1,0,0,0,0,0,0,0,0,0,0
550118,1,1,0,0,0,0,0,0,0,0,0,0
550118,2,1,0,0,0,0,0,0,0,0,0,0
550119,1,1,19,19,19,19,19,19,19,19,19,19
550120,1,1,0,0,0,0,0,0,0,0,0,0
550121,1,1,0,0,0,0,0,0,0,0,0,0
550121,2,1,0,0,0,0,0,0,0,0,0,0
550122,1,1,26,26,26,26,26,26,26,26,26,26
550122,2,1,0,0,0,0,4,0,0,0,0,0
550123,1,1,0,0,0,0,0,0,0,0,0,0
550123,2,1,0,0,0,0,0,0,0,0,0,0
550124,1,1,0,0,0,0,0,0,0,0,0,0
550125,1,1,0,0,0,0,0,0,0,0,0,0
550126,1,1,0,0,0,0,0,0,0,0,0,0
550126,2,1,4,4,4,4,4,4,4,4,4,4
550127,1,1,0,0,0,0,0,0,0,0,0,0
550127,2,1,0,0,0,0,0,0,0,0,0,0
550128,1,1,0,0,0,0,0,0,0,0,0,0
550128,2,1,0,0,0,0,0,0,0,0,0,0
550129,1,1,0,0,0,0,0,0,0,0,0,0
550130,1,1,0,0,0,0,0,0,0,0,0,0
550130,2,1,0,0,0,0,0,0,0,0,0,0
550131,0,1,0,0,0,0,0,0,0,0,0,0
550131,0,2,9,0,0,0,3,0,0,0,0,0
550131,1,1,0,0,0,0,0,0,0,0,0,0
550132,1,1,0,0,0,0,0,0,0,0,0,0
550133,1,1,0,0,0,0,0,0,0,0,0,0
550133,2,1,0,0,0,0,0,0,0,0,0,0
550134,1,1,16,16,16,16,16,16,16,16,16,16
550135,1,1,0,0,0,0,0,0,0,0,0,0
550135,2,1,0,0,0,0,0,0,0,0,0,0
550136,1,1,0,0,0,0,0,0,0,0,0,0
550137,1,1,28,28,28,28,28,28,28,28,28,28
550138,1,1,13,13,13,13,13,13,13,13,13,13
550139,0,1,0,0,0,0,0,0,0,0,0,0
550139,1,1,0,0,0,0,0,0,0,0,0,0
550140,1,1,0,0,0,0,0,0,0,0,0,0
550140,2,1,0,0,0,0,0,0,0,0,0,0
550141,1,1,0,0,0,0,0,0,0,0,0,0
550141,2,1,0,0,0,0,0,0,0,0,0,0
550142,1,1,0,0,0,0,0,0,0,0,0,0
550142,2,1,0,0,0,0,0,0,0,0,0,0
550143,1,1,0,0,0,0,0,0,0,0,0,0
550144,1,1,25,25,25,25,25,25,25,25,25,25
550145,1,1,20,20,20,20,20,20,20,20,20,20
550146,1,1,0,0,0,0,0,0,0,0,0,0
550147,0,1,0,0,0,0,0,0,0,0,0,0
550147,1,1,0,29,0,0,0,0,9,23,0,0
550148,1,1,0,0,0,0,0,0,0,0,0,0
550149,1,1,0,0,0,0,0,0,0,0,0,0
550149,2,1,0,0,0,25,0,0,0,0,0,0
550150,1,1,25,25,25,25,25,25,25,25,25,25
550151,1,1,0,0,0,0,0,0,0,0,0,0
550151,2,1,0,0,0,0,0,0,0,0,0,0
550151,3,1,0,0,0,0,0,0,0,0,0,0
550152,1,1,0,0,0,0,0,0,0,0,0,0
550153,1,1,3,3,3,3,3,3,3,3,3,3
550153,2,1,0,0,0,0,0,0,0,0,0,0
550154,1,1,0,0,0,0,0,0,0,0,0,0
550154,2,1,1,1,1,1,1,1,1,1,1,1
550154,3,1,0,0,0,0,0,0,0,0,0,0
550154,4,1,0,0,0,0,0,0,0,0,0,0
550155,1,1,22,22,22,22,22,22,22,22,22,22
550156,1,1,0,0,0,0,0,0,0,0,0,0
550157,1,1,0,0,0,0,0,0,0,0,0,0
550158,1,1,20,20,20,20,20,20,20,20,20,20
550159,1,1,26,0,0,0,0,0,0,0,0,0
550159,2,1,0,0,0,0,0,0,0,0,0,0
550160,1,1,0,0,0,0,0,0,0,0,0,0
550160,2,1,0,0,0,0,0,0,0,0,0,0
550161,1,1,0,0,0,0,0,0,0,0,0,0
550162,1,1,0,0,0,0,0,0,0,0,0,0
550162,2,1,0,0,0,0,0,0,0,0,0,0
550163,1,1,0,0,0,0,0,0,0,0,0,0
550163,2,1,0,0,0,0,0,0,0,0,0,0
550164,1,1,0,0,0,10,0,0,0,0,0,0
550164,2,1,0,0,0,0,0,0,0,0,0,0
550165,0,1,0,0,0,0,0,0,0,0,0,0
550165,1,1,0,0,0,0,0,0,0,0,0,0
550166,1,1,21,21,21,21,21,21,21,21,21,21
550167,1,1,0,0,0,0,0,0,0,0,0,0
550167,2,1,0,0,0,0,0,0,0,0,0,0
550168,1,1,0,0,0,0,0,0,0,0,0,0
550168,2,1,0,0,0,0,0,0,0,0,0,5
550168,3,1,0,0,0,0,0,0,0,0,0,0
550169,1,1,16,16,16,16,16,16,16,16,16,16
550170,1,1,0,0,0,0,0,0,0,0,0,0
550170,2,1,0,0,0,0,0,0,0,0,0,0
550171,1,1,0,0,0,0,0,7,0,18,30,0
550172,1,1,5,5,5,5,5,5,5,5,5,5
550173,1,1,0,0,0,0,0,0,0,0,0,0
550174,1,1,41,41,41,41,41,41,41,41,41,41
550175,1,1,0,0,0,0,0,0,0,0,0,0
550175,2,1,0,0,0,0,0,0,0,0,0,0
550176,1,1,0,0,0,0,0,0,0,0,0,0
550177,1,1,0,0,0,0,0,0,0,0,0,0
550178,1,1,0,0,0,0,0,0,0,0,0,0
550178,2,1,0,0,0,0,0,0,0,0,0,0
550179,1,1,0,0,0,0,0,0,0,0,0,0
550180,1,1,13,0,20,0,17,0,0,0,15,0
550181,1,1,34,34,34,34,34,34,34,34,34,34
550182,1,1,4,4,4,4,4,4,4,4,4,4
550182,2,1,0,0,0,0,33,0,0,17,9,30
550183,1,1,0,0,0,0,0,0,0,0,0,0
550183,2,1,0,0,0,0,0,0,0,0,0,0
550184,1,1,1,1,1,1,1,1,1,1,1,1
550184,2,1,0,0,0,0,0,18,0,0,0,5
550185,1,1,0,0,0,0,0,0,0,0,0,0
550185,2,1,0,0,0,0,0,0,0,0,0,0
550186,1,1,1,1,1,1,1,1,1,1,1,1
550187,1,1,25,25,25,25,25,25,25,25,25,25
550188,1,1,25,25,25,25,25,25,25,25,25,25
550189,1,1,27,27,27,27,27,27,27,27,27,27
550190,1,1,0,0,0,0,0,0,0,0,0,0
550191,1,1,0,0,0,0,0,0,0,0,0,0
550192,1,1,0,0,0,0,0,0,0,0,0,0
550193,1,1,0,0,0,0,0,0,0,0,0,0
550194,1,1,0,0,0,0,0,0,0,0,0,33
550194,2,1,0,0,0,0,0,0,0,0,0,0
550195,1,1,4,4,4,4,4,4,4,4,4,4
550196,0,1,20,20,20,20,20,20,20,20,20,20
550196,1,1,0,0,0,0,0,0,0,0,0,0
550197,1,1,9,9,9,9,9,9,9,9,9,9
550197,2,1,0,0,0,0,0,0,0,0,0,0
550198,1,1,0,0,0,0,0,0,0,0,0,0
550198,2,1,0,0,0,0,0,0,0,0,0,0
550199,1,1,0,0,0,0,0,0,0,0,0,0
550199,2,1,0,0,0,0,0,0,0,0,0,0
550200,0,1,0,0,0,0,0,0,0,0,0,0
550200,1,1,0,0,0,0,0,0,0,0,0,0
550201,0,1,0,0,0,0,0,0,0,0,0,0
550201,1,1,0,0,0,0,0,0,0,0,0,0
550202,0,1,0,0,0,0,0,0,0,0,0,0
550202,1,1,21,21,21,21,21,21,21,21,21,21
550203,1,1,0,0,0,0,15,0,0,0,0,0
550203,2,1,0,0,0,0,0,0,0,0,0,0
550203,3,1,0,0,0,0,0,0,0,0,0,0
550204,1,1,0,0,0,0,0,0,0,0,0,0
550204,2,1,0,0,0,0,0,0,0,0,0,0
550205,1,1,0,0,0,0,0,0,0,0,0,0
550205,2,1,0,0,0,0,0,0,0,0,0,0
550206,0,1,45,45,45,45,45,45,45,45,45,45
550206,1,1,0,0,0,0,0,0,0,0,0,0
550207,1,1,13,13,13,13,13,13,13,13,13,13
550208,0,1,23,23,23,23,23,23,23,23,23,23
550208,1,1,0,0,0,0,12,0,24,17,0,0
550209,1,1,0,0,0,0,0,0,0,0,0,0
550209,2,1,0,0,0,0,0,0,0,0,0,0
550210,0,1,0,0,0,0,0,0,0,0,0,0
550210,1,1,0,0,0,0,0,0,0,0,0,0
550211,1,1,0,0,0,0,0,0,0,14,0,0
550211,2,1,0,0,0,0,0,0,0,0,0,0
550211,3,1,0,18,0,0,0,0,15,0,0,25
550211,4,1,0,0,0,0,0,0,0,0,0,0
550212,0,1,0,0,0,0,0,0,0,0,0,0
550212,1,1,5,5,5,5,5,5,5,5,5,5
550213,1,1,25,25,25,25,25,25,25,25,25,25
550214,1,1,20,20,20,20,20,20,20,20,20,20
550214,2,1,0,0,0,0,0,0,0,0,0,0
550215,1,1,0,0,0,0,0,0,0,0,0,0
550216,1,1,0,0,0,0,0,0,0,0,0,0
550217,1,1,0,0,0,0,0,0,0,0,0,0
550218,0,1,0,0,0,0,0,0,0,0,0,0
550218,1,1,0,0,0,0,0,0,0,0,0,0
550219,1,1,12,12,12,12,12,12,12,12,12,12
550220,1,1,0,0,0,0,0,0,0,0,0,0
550221,1,1,0,0,0,0,0,0,0,0,0,0
550221,2,1,0,0,0,0,0,0,0,0,0,0
550222,1,1,23,23,23,23,23,23,23,23,23,23
550223,1,1,0,0,0,0,0,0,0,0,0,0
550224,1,1,0,0,0,0,0,0,0,0,0,0
550224,2,1,0,0,0,0,0,0,0,0,0,0
550224,3,1,0,0,0,0,22,0,0,0,0,0
550225,1,1,0,0,0,0,0,0,0,0,0,0
550225,2,1,0,0,0,0,0,0,0,0,0,0
550226,1,1,13,13,13,13,13,13,13,13,13,13
550227,1,1,0,0,0,0,0,0,0,0,0,0
550227,2,1,0,0,0,0,0,0,0,0,0,0
550228,1,1,0,0,0,0,0,0,0,0,0,0
550228,2,1,0,0,0,0,0,0,0,0,0,0
550229,1,1,8,0,0,13,11,13,0,0,0,0
550230,1,1,8,8,8,8,8,8,8,8,8,8
550230,2,1,0,0,0,0,0,0,0,0,8,0
550231,1,1,0,0,0,0,0,0,0,0,0,0
550231,2,1,0,0,0,0,0,0,0,0,0,0
550232,0,1,3,3,3,3,3,3,3,3,3,3
550232,1,1,2,2,2,2,2,2,2,2,2,2
550233,1,1,0,0,0,0,0,0,0,0,0,0
550233,2,1,0,0,0,0,0,0,0,0,0,0
550234,1,1,0,0,0,0,0,0,0,0,0,0
550234,2,1,0,0,0,0,0,0,0,0,0,0
550235,1,1,1,1,1,1,1,1,1,1,1,1
550236,1,1,0,0,0,0,0,0,0,0,0,0
550236,2,1,0,0,0,0,0,0,0,0,0,0
550237,1,1,11,11,11,11,11,11,11,11,11,11
550238,1,1,0,0,0,0,0,0,0,0,0,0
550238,2,1,0,0,0,0,0,0,0,0,0,0
550239,1,1,0,0,0,0,0,0,0,0,0,0
550240,1,1,0,16,0,0,0,0,0,0,0,21
550240,2,1,0,0,0,0,0,0,0,0,0,0
550241,1,1,0,0,0,0,0,0,0,0,0,0
550241,2,1,0,0,0,0,0,0,0,0,0,0
550242,1,1,10,10,10,10,10,10,10,10,10,10
550242,2,1,0,0,0,0,0,0,0,0,0,0
550243,0,1,0,0,0,0,0,0,0,0,0,0
550243,1,1,0,0,0,0,0,0,0,0,0,0
550244,1,1,19,19,19,19,19,19,19,19,19,19
550245,1,1,0,0,0,7,22,0,0,10,0,0
550246,1,1,1,1,1,1,1,1,1,1,1,1
550246,2,1,0,0,0,0,0,0,0,0,0,3
550247,1,1,0,0,0,0,0,0,0,0,0,0
550248,1,1,0,0,0,0,0,0,0,0,0,0
550249,1,1,19,19,19,19,19,19,19,19,19,19
550250,1,1,0,0,0,0,0,0,0,0,0,0
550250,2,1,0,0,17,11,0,24,0,0,17,0
550251,1,1,31,31,31,31,31,31,31,31,31,31
550252,1,1,0,0,0,0,0,0,0,0,0,0
550252,2,1,18,18,18,18,18,18,18,18,18,18
550253,1,1,0,0,0,0,0,0,0,0,0,0
550253,2,1,0,0,0,0,0,0,0,0,0,0
550254,1,1,0,0,0,0,0,0,0,0,0,0
550254,2,1,0,0,0,0,0,0,0,0,0,0
550255,0,1,0,0,0,0,0,0,0,0,0,0
550255,1,1,0,0,0,0,0,0,0,0,0,0
550256,1,1,0,0,0,0,0,0,0,0,0,0
550257,1,1,0,0,15,0,0,0,0,0,0,0
550258,1,1,24,24,24,24,24,24,24,24,24,24
550259,1,1,0,0,0,0,0,0,0,0,0,0
550259,2,1,0,0,0,0,0,0,0,0,0,0
550259,3,1,0,0,0,0,0,0,0,0,0,0
550260,1,1,0,0,0,0,0,0,0,0,0,0
550261,1,1,0,0,0,0,0,0,10,0,0,0
550262,1,1,18,18,18,18,18,18,18,18,18,18
550263,1,1,0,0,0,0,0,0,0,0,0,0
550264,1,1,0,0,0,0,0,0,0,0,0,0
550265,1,1,21,21,21,21,21,21,21,21,21,21
550265,2,1,7,7,7,7,7,7,7,7,7,7
550265,3,1,7,7,7,7,7,7,7,7,7,7
550266,1,1,0,0,0,0,0,0,0,0,0,0
550266,2,1,0,0,0,0,0,0,0,0,0,0
550266,3,1,0,0,0,0,0,0,0,0,0,0
550266,4,1,0,19,7,16,0,0,0,0,0,0
550266,5,1,0,0,0,5,0,22,0,0,0,0
550266,6,1,0,13,0,0,0,12,0,0,0,0
550266,7,1,0,3,0,0,0,0,0,0,0,0
550267,1,1,0,0,0,0,0,0,0,0,0,0
550267,2,1,0,0,0,0,0,0,0,0,0,0
550268,0,1,0,0,0,0,0,0,0,0,0,0
550268,0,2,0,10,22,0,0,20,0,26,0,26
550268,1,1,0,0,0,0,0,0,0,0,0,0
550269,1,1,16,16,16,16,16,16,16,16,16,16
550270,1,1,0,0,0,0,0,0,0,0,0,0
550270,2,1,0,0,0,0,0,0,0,0,0,0
550271,1,1,20,21,10,34,26,10,9,22,7,11
550272,1,1,21,21,21,21,21,21,21,21,21,21
550273,1,1,19,19,19,19,19,19,19,19,19,19
550273,2,1,0,0,0,0,0,0,0,0,0,0
550274,1,1,10,10,10,10,10,10,10,10,10,10
550274,2,1,0,0,0,0,0,0,0,0,0,0
550275,1,1,0,0,0,0,25,0,0,0,0,14
550276,1,1,23,23,23,23,23,23,23,23,23,23
550277,1,1,3,3,3,3,3,3,3,3,3,3
550278,1,1,9,9,9,9,9,9,9,9,9,9
550279,0,1,0,0,0,0,0,0,0,0,0,0
550279,1,1,17,0,0,0,0,0,0,5,0,0
550280,1,1,0,0,0,0,0,0,0,0,0,0
550280,2,1,12,12,12,12,12,12,12,12,12,12
550281,1,1,0,0,0,0,0,0,0,0,0,0
550282,1,1,26,26,26,26,26,26,26,26,26,26