ST_CASE,VEH_NO,PER_NO,P1,P2,P3,P4,P5,P6,P7,P8,P9,P10
550283,1,1,0,0,27,0,0,0,0,0,0,0
550283,2,1,15,15,15,15,15,15,15,15,15,15
550284,1,1,0,0,0,0,0,0,0,0,0,0
550284,2,1,0,0,0,0,0,0,0,0,0,0
550285,1,1,15,0,0,0,0,0,0,0,0,12
550286,1,1,0,0,0,0,0,0,0,0,0,0
550286,2,1,0,0,0,0,0,0,0,0,0,0
550287,1,1,17,17,17,17,17,17,17,17,17,17
550287,2,1,0,0,0,0,0,0,0,0,0,0
550289,0,1,0,0,0,0,0,0,0,0,0,0
550289,1,1,0,0,0,0,0,0,0,0,0,0
550290,0,1,0,0,0,0,0,0,0,0,0,0
550290,1,1,0,0,0,0,0,0,0,0,0,0
550291,1,1,0,0,0,0,0,0,0,0,0,0
550291,2,1,0,0,0,0,0,0,0,0,0,0
550292,1,1,0,0,0,0,0,0,0,0,0,0
550293,1,1,0,0,0,0,0,0,0,0,0,0
550293,2,1,0,0,0,0,0,0,0,0,0,0
550294,1,1,19,19,19,19,19,19,19,19,19,19
550295,1,1,0,0,0,0,0,0,0,0,0,0
550295,2,1,0,0,0,0,0,0,0,0,0,0
550296,1,1,18,18,18,18,18,18,18,18,18,18
550297,1,1,0,0,0,0,0,0,0,0,0,0
550297,2,1,0,0,0,0,0,0,0,0,0,0
550298,1,1,0,0,0,0,0,0,0,0,0,0
550299,1,1,0,0,0,0,0,0,0,0,0,0
550299,2,1,0,0,0,0,0,0,0,0,0,0
550300,1,1,0,0,0,0,0,0,0,0,0,0
550300,2,1,0,0,0,0,0,0,0,0,0,0
550301,1,1,17,17,17,17,17,17,17,17,17,17
550302,1,1,0,0,0,0,0,0,0,0,0,0
550302,2,1,0,0,0,0,0,0,0,0,0,0
550303,1,1,0,0,0,0,0,0,0,0,0,0
550303,2,1,0,0,0,0,0,0,0,0,0,0
550304,1,1,17,17,17,17,17,17,17,17,17,17
550305,1,1,0,0,0,0,0,0,0,0,0,0
550305,2,1,0,0,0,0,0,0,0,0,0,0
550306,1,1,0,0,0,0,0,0,0,0,0,0
550307,1,1,0,0,0,0,0,0,0,0,0,0
550307,2,1,2,2,2,2,2,2,2,2,2,2
550307,3,1,0,0,0,0,0,0,0,0,0,6
550308,1,1,0,0,0,0,0,0,0,0,0,0
550308,2,1,0,0,0,0,0,0,0,0,0,0
550309,0,1,0,0,0,0,0,0,0,0,0,0
550309,1,1,0,0,0,0,0,0,0,0,0,0
550310,1,1,0,0,0,0,0,0,0,0,0,0
550311,1,1,12,12,12,12,12,12,12,12,12,12
550312,1,1,0,0,0,0,0,0,0,0,0,0
550312,2,1,16,16,16,16,16,16,16,16,16,16
550313,1,1,0,0,0,0,0,0,0,0,0,0
550313,2,1,0,0,0,0,0,0,0,0,0,0
550314,1,1,18,18,18,18,18,18,18,18,18,18
550315,1,1,9,9,9,9,9,9,9,9,9,9
550315,2,1,4,4,4,4,4,4,4,4,4,4
550316,1,1,0,0,0,0,0,0,0,0,0,0
550316,2,1,0,0,0,0,0,0,0,0,0,0
550317,1,1,15,15,15,15,15,15,15,15,15,15
550318,1,1,0,0,0,0,0,0,0,0,0,0
550318,2,1,0,0,0,13,0,0,0,0,0,0
550319,1,1,0,0,0,0,0,0,0,0,0,0
550320,1,1,0,0,0,0,0,0,0,0,0,0
550320,2,1,0,0,0,0,0,0,0,0,0,0
550321,1,1,6,6,6,6,6,6,6,6,6,6
550321,2,1,0,0,0,0,0,0,0,0,0,0
550321,3,1,0,0,0,0,0,0,0,0,0,0
550321,4,1,0,0,0,0,0,0,0,0,0,0
550321,5,1,0,0,0,0,0,0,0,0,0,0
550321,6,1,7,0,9,0,10,21,4,11,0,0
550322,1,1,0,0,0,0,0,0,0,0,14,0
550323,1,1,16,16,16,16,16,16,16,16,16,16
550324,1,1,0,0,0,0,0,0,0,0,0,0
550324,2,1,0,0,0,0,0,0,0,0,0,0
550325,1,1,16,5,0,0,0,0,0,0,0,0
550325,2,1,0,0,0,0,0,0,0,0,0,0
550326,1,1,0,0,0,0,0,0,0,0,0,0
550327,1,1,0,0,0,0,0,0,0,0,0,0
550328,1,1,15,0,0,0,0,0,0,0,0,0
550328,2,1,0,0,0,0,0,0,0,0,0,0
550329,1,1,13,13,13,13,13,13,13,13,13,13
550330,1,1,0,0,0,0,0,0,0,0,0,0
550330,2,1,0,0,0,0,0,0,0,0,0,0
550331,1,1,0,0,0,0,0,0,0,0,0,0
550332,1,1,0,0,0,0,0,0,0,0,0,0
550333,1,1,23,23,23,23,23,23,23,23,23,23
550334,1,1,19,19,19,19,19,19,19,19,19,19
550335,1,1,0,0,0,0,0,0,0,0,0,0
550335,2,1,12,12,12,12,12,12,12,12,12,12
550336,1,1,0,0,0,0,0,0,0,0,0,0
550336,2,1,0,0,0,0,0,0,0,32,0,0
550336,3,1,0,0,0,0,0,0,0,0,0,0
550336,4,1,0,0,0,0,0,0,0,10,0,0
550337,1,1,10,10,10,10,10,10,10,10,10,10
550338,1,1,0,0,0,0,0,0,0,0,0,0
550338,2,1,0,0,0,0,0,0,0,0,0,0
550339,1,1,0,0,0,0,0,0,0,0,0,0
550339,2,1,0,0,0,0,0,0,0,0,0,0
550340,1,1,22,22,22,22,22,22,22,22,22,22
550340,2,1,0,0,0,0,0,0,0,0,0,0
550341,1,1,9,9,9,9,9,9,9,9,9,9
550341,2,1,0,0,0,0,0,0,0,0,0,0
550342,0,1,0,0,0,0,0,0,0,0,0,0
550342,1,1,0,0,0,0,0,0,0,0,0,0
550343,1,1,22,22,22,22,22,22,22,22,22,22
550343,2,1,0,0,0,0,0,0,0,0,0,0
550344,1,1,22,22,22,22,22,22,22,22,22,22
550345,1,1,0,0,0,0,0,0,0,0,0,0
550346,1,1,0,0,0,0,0,0,0,0,0,0
550346,2,1,0,0,0,0,0,0,0,0,0,0
550347,1,1,0,0,0,0,0,0,0,0,0,0
550347,2,1,0,0,0,0,0,0,0,0,0,0
550348,1,1,26,26,26,26,26,26,26,26,26,26
550349,1,1,2,2,2,2,2,2,2,2,2,2
550350,1,1,16,16,16,16,16,16,16,16,16,16
550351,1,1,29,29,29,29,29,29,29,29,29,29
550352,1,1,0,0,17,0,0,0,0,0,0,0
550352,2,1,0,0,0,0,0,0,0,0,0,0
550353,1,1,0,0,0,0,0,0,0,0,0,0
550353,2,1,9,0,0,0,0,0,0,0,0,0
550354,1,1,0,0,0,0,0,0,0,32,0,0
550354,2,1,0,0,0,2,0,0,0,0,0,0
550355,1,1,16,16,16,16,16,16,16,16,16,16
550356,1,1,0,0,0,0,0,0,0,0,0,0
550357,0,1,0,0,0,0,0,0,0,0,0,0
550357,1,1,0,0,0,0,0,0,0,0,0,0
550358,1,1,0,0,0,0,0,0,0,0,0,0
550358,2,1,0,0,0,0,0,0,0,0,0,0
550359,1,1,0,0,0,0,0,0,0,0,0,0
550359,2,1,0,0,0,0,0,0,0,0,0,0
550361,1,1,18,18,18,18,18,18,18,18,18,18
550362,1,1,0,0,0,0,0,0,0,0,0,0
550362,2,1,0,0,0,0,0,0,0,0,0,0
550363,0,1,0,0,0,0,0,0,0,0,0,0
550363,1,1,0,0,0,0,0,0,0,0,0,0
550364,1,1,23,23,23,23,23,23,23,23,23,23
550364,2,1,0,0,0,0,0,0,0,0,0,0
550364,3,1,0,0,0,0,0,0,0,0,0,0
550364,4,1,0,0,0,0,0,0,0,0,0,0
550365,1,1,0,0,0,0,0,0,0,0,0,0
550366,0,1,0,0,0,0,0,0,0,0,0,0
550366,1,1,0,0,0,0,0,0,0,0,0,0
550367,1,1,24,24,24,24,24,24,24,24,24,24
550368,1,1,34,34,34,34,34,34,34,34,34,34
550369,0,1,20,20,20,20,20,20,20,20,20,20
550369,0,2,0,10,0,8,0,0,0,0,0,0
550369,1,1,0,0,0,0,0,0,0,0,0,10
550370,1,1,0,0,0,0,0,0,0,0,0,0
550370,2,1,0,0,0,0,0,0,0,0,0,0
550371,1,1,0,0,0,0,0,0,0,0,0,0
550372,1,1,1,1,1,1,1,1,1,1,1,1
550373,1,1,16,16,16,16,16,16,16,16,16,16
550374,1,1,0,0,0,0,0,0,0,0,0,0
550375,1,1,0,0,0,0,0,0,0,0,0,0
550375,2,1,0,0,0,0,0,0,0,0,0,0
550376,1,1,0,0,0,0,0,0,0,0,0,0
550377,1,1,0,0,0,0,0,0,0,0,0,0
550377,2,1,0,0,0,0,0,0,0,0,0,0
550378,1,1,15,15,15,15,15,15,15,15,15,15
550378,2,1,0,0,0,0,12,0,0,0,0,0
550379,1,1,30,30,30,30,30,30,30,30,30,30
550380,0,1,0,0,0,0,0,0,0,0,0,0
550380,1,1,0,0,0,0,0,0,0,0,0,0
550381,1,1,22,22,22,22,22,22,22,22,22,22
550382,1,1,24,0,0,0,0,0,0,0,0,5
550382,2,1,0,0,0,0,0,0,0,0,0,0
550383,1,1,0,0,0,0,0,0,0,0,0,0
550383,2,1,0,0,0,0,0,0,0,0,0,0
550384,1,1,20,20,20,20,20,20,20,20,20,20
550385,1,1,11,11,11,11,11,11,11,11,11,11
550386,1,1,25,25,25,25,25,25,25,25,25,25
550387,1,1,0,0,0,0,0,0,0,0,0,0
550387,2,1,0,0,0,0,0,0,0,0,0,0
550388,1,1,31,31,31,31,31,31,31,31,31,31
550389,1,1,0,0,0,0,0,0,0,0,0,0
550389,2,1,0,0,0,0,0,0,0,0,0,0
550390,1,1,8,8,8,8,8,8,8,8,8,8
550390,2,1,0,0,0,0,0,0,0,0,0,0
550391,1,1,0,0,0,0,0,0,0,0,0,7
550391,2,1,0,0,0,0,0,0,0,0,0,0
550392,1,1,27,27,27,27,27,27,27,27,27,27
550392,2,1,0,0,0,0,0,0,0,0,0,0
550393,1,1,20,20,20,20,20,20,20,20,20,20
550393,2,1,0,0,0,0,0,0,0,0,0,0
550394,1,1,15,15,15,15,15,15,15,15,15,15
550395,1,1,0,0,0,0,0,0,0,0,0,0
550395,2,1,0,0,0,0,0,0,0,0,0,0
550396,1,1,0,0,0,0,0,0,0,0,0,0
550396,2,1,0,0,0,0,0,0,0,0,0,0
550397,1,1,0,0,0,0,0,0,0,0,0,0
550397,2,1,0,0,0,0,0,0,0,0,0,0
550398,1,1,0,0,0,0,0,0,0,0,0,0
550398,2,1,0,0,0,0,0,0,0,0,0,0
550399,1,1,1,1,1,1,1,1,1,1,1,1
550399,2,1,0,0,0,0,0,0,0,0,0,0
550400,1,1,0,0,0,0,0,0,0,0,0,0
550400,2,1,20,20,20,20,20,20,20,20,20,20
550401,1,1,16,16,16,16,16,16,16,16,16,16
550402,1,2,7,7,7,7,7,7,7,7,7,7
550403,1,1,0,0,0,0,0,0,0,0,0,0
550403,2,1,0,0,0,0,0,0,0,0,0,0
550404,1,1,0,0,0,0,0,0,0,0,0,0
550404,2,1,0,0,0,0,0,0,0,0,0,0
550405,1,1,0,0,0,0,0,0,0,0,0,0
550405,2,1,0,0,0,0,0,0,0,0,0,0
550406,1,1,0,0,0,0,0,0,0,0,0,0
550407,1,1,0,0,0,0,0,0,0,0,0,0
550407,2,1,0,0,0,0,0,0,0,0,0,0
550408,1,1,0,0,0,0,0,0,0,0,0,0
550408,2,1,0,0,0,0,0,0,0,0,0,0
550409,1,1,25,25,25,25,25,25,25,25,25,25
550410,1,1,0,0,0,0,0,0,0,0,0,0
550411,1,1,0,0,0,0,0,0,0,0,0,0
550412,1,1,10,10,10,10,10,10,10,10,10,10
550413,1,1,20,20,20,20,20,20,20,20,20,20
550414,1,1,0,0,0,0,0,0,0,0,0,0
550414,2,1,0,0,0,0,0,0,0,0,0,0
550415,0,1,30,30,30,30,30,30,30,30,30,30
550415,1,1,18,18,18,18,18,18,18,18,18,18
550416,0,1,0,0,0,0,0,0,0,0,0,0
550416,1,1,0,0,0,0,0,0,0,0,0,0
550417,0,1,0,0,0,0,0,0,0,0,0,0
550417,1,1,0,0,0,0,0,0,0,0,0,0
550418,1,1,0,9,24,0,0,17,0,0,0,0
550419,1,1,0,0,0,0,0,0,0,0,0,0
550419,2,1,0,0,0,0,0,0,0,0,0,0
550420,1,1,11,13,18,19,0,65,0,32,11,18
550421,1,1,23,23,23,23,23,23,23,23,23,23
550422,1,1,13,13,13,13,13,13,13,13,13,13
550423,1,1,25,25,25,25,25,25,25,25,25,25
550424,1,1,32,32,32,32,32,32,32,32,32,32
550424,2,1,0,0,0,0,0,0,0,0,0,0
550425,1,1,11,11,11,11,11,11,11,11,11,11
550426,1,1,6,6,6,6,6,6,6,6,6,6
550427,1,1,16,16,16,16,16,16,16,16,16,16
550428,1,1,0,0,0,0,0,0,0,0,0,0
550428,2,1,0,0,0,0,0,0,0,0,0,0
550429,1,1,0,0,0,0,0,0,0,0,0,0
550430,0,1,0,0,0,0,0,0,0,0,0,0
550430,1,1,0,0,0,0,0,0,0,0,0,0
550431,1,1,0,0,0,0,0,0,0,0,0,0
550431,2,1,0,0,0,0,0,0,0,0,0,0
550432,1,1,22,22,22,22,22,22,22,22,22,22
550433,1,1,0,0,0,0,0,0,0,0,0,0
550433,2,1,0,0,0,0,0,0,0,0,0,0
550434,1,1,0,0,0,0,0,0,0,0,0,0
550435,1,1,0,0,0,0,0,0,0,0,0,0
550435,2,1,0,0,0,0,0,0,0,0,0,0
550436,1,1,0,0,0,0,0,0,0,0,0,0
550436,2,1,0,0,0,0,0,0,0,0,0,0
550437,1,1,13,13,13,13,13,13,13,13,13,13
550437,2,1,0,0,0,0,0,0,0,0,0,2
550438,1,1,0,0,0,0,0,0,0,0,0,0
550439,1,1,19,11,0,0,0,0,13,0,20,14
550439,2,1,0,0,0,0,0,0,0,0,0,0
550440,1,1,0,0,0,0,0,0,0,0,0,0
550441,1,1,0,0,0,0,0,0,0,0,0,0
550441,2,1,0,0,0,0,0,0,0,0,0,0
550442,1,1,0,0,0,0,0,0,0,0,0,0
550442,2,1,0,0,0,0,0,0,0,0,0,0
550443,0,1,0,0,0,0,0,0,0,0,0,0
550443,1,1,0,0,0,0,0,0,0,0,0,0
550444,1,1,0,0,0,0,0,0,0,0,0,0
550444,2,1,0,0,0,0,0,0,0,0,0,0
550445,1,1,0,0,0,0,0,0,0,0,0,0
550445,2,1,26,26,26,26,26,26,26,26,26,26
550446,1,1,13,13,13,13,13,13,13,13,13,13
550447,1,1,0,0,0,0,0,0,0,0,0,0
550448,1,1,0,0,0,0,0,0,0,0,0,0
550448,2,1,2,2,2,2,2,2,2,2,2,2
550449,1,1,0,0,0,0,0,0,0,0,0,0
550450,1,1,7,7,7,7,7,7,7,7,7,7
550450,2,1,0,0,0,0,0,0,0,0,0,0
550451,1,1,0,0,0,0,0,0,0,0,0,0
550452,1,1,9,7,2,21,0,0,0,0,0,0
550453,1,1,0,0,0,0,0,0,0,0,0,0
550453,2,1,0,0,0,0,0,0,0,0,0,0
550454,1,1,16,16,16,16,16,16,16,16,16,16
550454,2,1,13,13,13,13,13,13,13,13,13,13
550455,1,1,0,0,0,0,0,0,0,0,0,0
550456,1,1,16,16,16,16,16,16,16,16,16,16
550457,1,1,0,0,0,0,0,0,0,0,0,0
550457,2,1,0,0,0,0,0,0,0,0,0,0
550458,1,1,0,0,0,0,0,0,0,0,0,0
550458,2,1,0,0,0,0,0,0,0,0,0,0
550459,0,1,0,0,0,0,0,0,0,0,0,0
550459,0,2,0,0,0,0,0,0,0,0,0,0
550459,1,1,0,0,0,0,0,0,0,0,20,0
550460,1,1,27,27,27,27,27,27,27,27,27,27
550461,1,1,1,1,1,1,1,1,1,1,1,1
550461,2,1,0,0,0,0,0,0,0,0,0,0
550462,1,1,0,0,0,0,0,0,0,0,0,0
550463,1,1,0,0,0,0,0,0,0,0,0,0
550463,2,1,0,0,0,0,0,0,0,0,0,0
550464,1,1,0,0,0,0,0,0,0,0,0,0
550464,2,1,0,0,0,0,0,0,0,0,0,0
550465,0,1,0,0,0,0,0,0,0,0,0,0
550465,1,1,0,0,0,0,0,0,0,0,0,0
550466,1,1,7,7,7,7,7,7,7,7,7,7
550467,1,1,0,0,0,0,0,0,0,0,0,0
550467,2,1,0,0,0,0,0,0,0,0,0,0
550468,1,1,0,0,0,0,0,0,0,0,0,0
550468,2,1,0,0,0,0,0,0,0,0,0,0
550469,1,1,22,22,22,22,22,22,22,22,22,22
550469,2,1,0,0,0,0,0,0,0,0,0,0
550470,0,1,37,0,16,0,13,0,0,8,0,0
550470,0,2,0,0,0,0,0,0,0,34,0,12
550470,1,1,19,19,19,19,19,19,19,19,19,19
550471,1,1,19,0,0,0,0,0,0,0,0,0
550471,2,1,0,0,0,0,0,0,0,0,0,0
550472,0,1,0,0,0,0,0,0,0,0,0,0
550472,1,1,0,0,0,2,0,0,0,0,0,0
550473,1,1,58,58,58,58,58,58,58,58,58,58
550473,2,1,0,0,0,0,0,0,0,0,0,0
550474,1,1,0,0,0,0,0,0,0,0,0,0
550474,2,1,0,0,0,0,0,0,0,0,0,0
550475,1,1,0,0,0,0,0,0,0,0,0,0
550476,1,1,15,15,15,15,15,15,15,15,15,15
550477,1,1,4,13,0,0,0,0,0,0,0,0
550477,2,1,0,0,0,0,0,0,0,0,0,0
550477,3,1,11,0,0,0,0,0,11,0,0,0
550477,4,1,0,0,12,0,0,2,0,0,13,0
550477,5,1,0,0,0,0,0,0,0,0,0,0
550477,6,1,0,14,0,0,0,0,0,0,0,0
550477,7,1,0,0,0,0,0,0,0,0,0,0
550478,1,1,0,0,0,0,0,0,0,0,0,0
550479,1,1,0,0,0,0,0,0,0,0,0,0
550479,2,1,0,0,0,0,0,0,0,0,0,0
550480,1,1,0,8,0,0,0,0,0,10,25,0
550480,2,1,0,0,0,0,0,0,0,0,0,0
550481,1,1,1,1,1,1,1,1,1,1,1,1
550481,2,1,0,0,0,0,0,0,0,0,0,0
550481,3,1,0,0,0,0,0,0,0,0,0,0
550481,4,1,0,0,0,0,0,0,0,0,0,0
550481,5,1,0,0,0,0,0,0,0,0,0,0
550482,1,1,0,0,0,0,0,0,0,0,0,0
550482,2,1,0,0,0,0,0,0,0,0,0,0
550483,1,1,0,0,0,0,0,0,0,0,0,0
550483,2,1,0,0,0,0,0,0,0,0,0,0
550483,3,1,0,0,0,0,0,0,0,0,0,0
550484,1,1,0,0,0,0,0,0,0,0,0,0
550484,2,1,0,0,0,0,0,0,0,0,0,0
550485,1,1,0,0,0,0,0,0,0,0,0,0
550485,2,1,0,0,0,0,0,0,0,0,0,0
550486,1,1,17,17,17,17,17,17,17,17,17,17
550487,1,1,17,17,17,17,17,17,17,17,17,17
550488,1,1,0,0,0,0,0,0,0,0,0,0
550489,1,1,0,0,0,0,0,0,0,0,0,0
550489,2,1,0,0,0,0,0,0,0,0,0,0
550490,1,1,39,39,39,39,39,39,39,39,39,39
550490,2,1,0,0,0,0,0,0,0,0,0,0
550490,3,1,0,0,0,0,0,0,0,0,0,0
550491,1,1,0,0,0,0,0,0,0,0,0,0
550492,1,1,13,13,13,13,13,13,13,13,13,13
550493,1,1,0,0,0,0,0,0,0,0,0,0
550493,2,1,0,0,0,0,0,0,0,0,0,0
550494,1,1,0,0,0,0,0,0,0,0,0,0
550494,2,1,0,0,0,0,0,0,0,0,0,0
550495,1,1,0,0,0,0,0,0,0,0,0,0
550495,2,1,0,0,0,0,0,0,0,0,0,0
550496,1,1,14,14,14,14,14,14,14,14,14,14
550497,1,1,0,0,0,0,0,0,20,0,0,0
550498,1,1,0,0,0,0,0,0,0,0,0,0
550499,1,1,16,16,16,16,16,16,16,16,16,16
550500,1,1,0,0,0,0,0,0,0,0,0,0
550500,2,1,0,0,0,0,0,0,0,0,0,0
550500,3,1,0,0,0,0,0,0,0,0,0,0
550500,4,1,0,0,0,0,0,0,0,0,0,0
550500,5,1,0,0,0,0,0,0,0,0,0,0
550500,6,1,0,0,0,0,0,0,0,0,0,0
550500,7,1,0,0,0,0,0,0,0,0,0,0
550500,8,1,0,0,0,0,0,0,0,0,0,0
550500,9,1,0,0,0,0,0,0,0,0,0,0
550500,10,1,0,0,0,0,0,13,0,0,0,0
550500,11,1,0,0,0,0,0,0,0,0,0,0
550500,12,1,0,0,0,0,0,0,0,0,0,0
550500,13,1,0,0,0,0,0,0,0,0,0,0
550500,14,1,0,0,0,0,0,0,0,0,15,0
550500,15,1,0,0,0,0,0,0,0,0,0,0
550500,16,1,0,0,0,0,0,0,0,0,0,0
550500,17,1,0,0,0,0,0,0,0,0,0,0
550500,18,1,0,0,0,0,0,0,0,0,0,0
550500,19,1,0,0,0,0,0,0,0,0,0,0
550500,20,1,0,0,0,0,0,0,0,0,0,0
550500,21,1,0,0,0,0,0,0,0,0,0,0
550500,22,1,25,0,14,8,11,0,14,0,14,0
550501,1,1,13,13,13,13,13,13,13,13,13,13
550502,1,1,12,12,12,12,12,12,12,12,12,12
550503,1,1,0,0,0,0,0,0,0,0,0,0
550503,2,1,0,0,0,0,0,0,0,0,0,0
550504,1,6,9,23,10,18,12,0,8,25,24,18
550505,1,1,27,27,27,27,27,27,27,27,27,27
550506,1,1,17,17,17,17,17,17,17,17,17,17
550507,1,1,0,0,0,16,0,0,0,22,14,12
550508,1,1,0,21,20,0,29,0,11,0,0,0
550509,0,1,24,24,24,24,24,24,24,24,24,24
550509,1,1,0,6,4,10,0,0,0,0,14,12
550510,1,1,15,15,15,15,15,15,15,15,15,15
550511,1,1,0,0,0,0,0,0,0,0,0,0
550511,2,1,0,0,23,0,0,0,0,0,0,0
560001,1,1,0,0,0,0,0,0,0,0,0,0
560002,1,1,8,8,8,8,8,8,8,8,8,8
560003,1,1,0,0,0,0,0,0,0,0,0,0
560004,1,1,0,0,0,0,0,0,0,0,0,0
560004,2,1,0,0,0,0,0,0,0,0,0,0
560005,1,1,27,27,27,27,27,27,27,27,27,27
560006,1,1,0,0,0,0,0,0,0,0,0,0
560007,1,1,0,0,0,0,0,0,0,0,0,0
560008,1,1,0,0,0,0,0,0,0,0,0,0
560009,1,1,0,0,0,0,0,0,0,0,0,0
560010,1,1,0,0,0,0,0,0,0,0,0,0
560010,2,1,0,0,0,0,0,0,0,0,0,0
560011,1,1,0,0,0,0,0,0,0,0,0,0
560012,1,1,0,0,0,0,0,0,0,0,0,0
560012,2,1,9,9,9,9,9,9,9,9,9,9
560013,1,1,28,28,28,28,28,28,28,28,28,28
560014,1,1,0,0,0,0,0,0,0,0,0,0
560014,2,1,0,0,0,0,0,0,0,0,0,0
560015,1,1,0,0,0,0,0,0,0,0,0,0
560015,2,1,0,0,0,0,0,0,0,0,0,0
560016,1,1,0,14,0,0,13,0,0,0,23,24
560017,1,1,23,23,23,23,23,23,23,23,23,23
560018,1,1,13,13,13,13,13,13,13,13,13,13
560019,1,1,21,21,21,21,21,21,21,21,21,21
560020,1,1,0,0,0,0,0,0,0,0,0,0
560020,2,1,0,0,0,0,0,0,0,0,0,0
560021,1,1,0,0,0,0,0,0,0,0,0,0
560021,2,1,0,0,0,0,0,0,0,0,0,0
560022,1,1,26,26,26,26,26,26,26,26,26,26
560023,0,1,0,0,0,0,0,0,0,0,0,0
560023,1,1,0,0,0,0,0,0,0,0,0,23
560024,1,1,0,19,0,0,0,0,0,0,0,0
560024,2,1,0,0,0,0,0,0,0,0,0,0
560024,3,1,0,0,0,0,0,17,0,0,0,0
560025,1,1,0,0,0,0,0,0,0,22,0,0
560026,1,1,0,0,0,0,0,0,0,0,0,0
560027,1,1,0,0,0,0,0,0,0,0,0,0
560028,1,1,0,0,0,0,0,0,0,0,0,0
560029,1,1,28,28,28,28,28,28,28,28,28,28
560029,2,1,0,0,0,0,0,0,0,0,0,0
560030,1,1,0,0,0,0,0,0,0,0,0,0
560030,2,1,0,0,0,0,0,0,0,0,0,0
560031,1,1,25,25,25,25,25,25,25,25,25,25
560032,1,1,0,0,0,0,0,0,0,0,0,0
560032,2,1,0,0,0,0,0,0,0,0,0,0
560033,1,1,0,0,0,0,0,0,0,0,0,0
560034,1,1,0,0,0,0,0,0,0,0,0,0
560035,1,1,0,0,0,0,0,0,0,21,0,0
560036,1,1,0,0,0,0,0,0,0,0,0,0
560036,2,1,0,0,0,0,0,0,0,0,0,0
560037,1,1,0,0,0,0,0,0,0,0,0,0
560037,2,1,0,0,0,0,0,0,0,0,0,0
560038,1,1,0,0,0,0,0,0,0,0,0,0
560038,2,1,0,0,0,0,0,0,0,0,0,0
560039,1,1,0,0,0,0,0,0,0,0,0,0
560040,1,1,0,0,0,0,0,0,0,0,0,0
560041,1,1,14,14,14,14,14,14,14,14,14,14
560042,1,1,0,0,0,0,0,0,0,0,0,0
560042,2,1,0,0,0,0,0,0,0,0,0,0
560043,1,1,3,3,3,3,3,3,3,3,3,3
560044,1,1,3,3,3,3,3,3,3,3,3,3
560045,1,1,7,7,7,7,7,7,7,7,7,7
560046,1,1,23,23,23,23,23,23,23,23,23,23
560047,1,1,0,0,0,0,0,23,18,0,0,0
560048,1,1,0,0,0,0,0,0,0,0,0,0
560048,2,1,0,0,0,0,0,0,0,0,0,0
560049,1,1,0,0,0,0,5,0,0,0,0,0
560049,2,1,0,0,0,0,0,0,0,0,0,0
560050,1,1,0,0,0,0,0,0,0,0,0,0
560051,1,1,18,18,18,18,18,18,18,18,18,18
560052,0,1,0,0,0,0,0,0,0,0,0,0
560052,1,1,0,0,0,0,0,0,0,0,0,0
560053,1,1,0,0,0,0,0,0,0,0,0,0
560054,1,1,0,0,0,0,0,0,0,0,0,0
560054,2,1,0,0,0,0,0,0,0,0,0,0
560054,3,1,0,0,0,0,12,0,0,0,0,0
560055,1,1,18,18,18,18,18,18,18,18,18,18
560056,1,1,0,0,0,0,0,0,0,0,0,0
560056,2,1,0,0,0,0,0,0,0,0,0,0
560057,1,1,0,0,0,0,0,0,0,0,0,0
560057,2,1,0,0,0,0,0,0,0,0,0,0
560058,1,1,0,0,0,0,0,0,0,0,0,0
560058,2,1,0,0,0,0,0,0,0,0,0,0
560059,1,1,0,0,0,0,0,0,0,0,0,0
560060,1,1,0,0,0,0,0,0,0,0,0,0
560060,2,1,0,0,0,0,0,0,0,0,0,0
560061,1,1,20,20,20,20,20,20,20,20,20,20
560061,2,1,0,0,0,0,0,0,0,0,0,0
560062,1,1,0,0,0,0,0,0,0,0,0,0
560063,1,1,19,19,19,19,19,19,19,19,19,19
560064,1,1,2,2,2,2,2,2,2,2,2,2
560065,1,1,0,8,0,0,0,0,0,0,0,0
560065,2,1,0,0,0,0,0,0,0,0,0,0
560066,0,1,5,5,5,5,5,5,5,5,5,5
560066,1,1,0,21,0,0,0,0,0,0,0,0
560067,1,1,26,26,26,26,26,26,26,26,26,26
560068,1,1,0,0,0,0,0,0,0,0,8,0
560069,1,1,0,0,0,0,33,0,0,0,0,0
560069,2,1,0,0,0,0,0,0,0,0,0,0
560070,1,1,0,0,0,0,0,0,0,0,0,0
560070,2,1,0,0,0,0,0,0,0,0,0,0
560071,1,1,0,0,0,0,0,0,0,0,0,0
560071,2,1,0,0,0,0,0,0,0,0,0,0
560072,1,1,25,25,25,25,25,25,25,25,25,25
560072,2,1,0,0,0,0,16,0,0,0,0,0
560073,1,1,0,0,0,0,0,0,0,0,0,0
560073,2,1,0,0,0,0,0,0,0,0,0,0
560074,0,1,0,0,0,0,0,0,0,0,0,0
560074,1,1,0,0,0,0,0,0,0,0,0,0
560075,1,1,12,12,12,12,12,12,12,12,12,12