ST_CASE,VEH_NO,PER_NO,P1,P2,P3,P4,P5,P6,P7,P8,P9,P10
60001,0,1,32,32,32,32,32,32,32,32,32,32
60001,1,1,0,0,0,0,0,0,8,10,0,16
60002,1,1,0,0,0,0,0,0,0,0,0,0
60002,2,1,0,0,0,0,0,0,0,0,0,0
60003,1,1,0,0,0,0,0,0,0,0,0,0
60003,2,1,0,0,0,10,0,0,0,0,0,0
60004,0,1,0,0,0,0,0,0,0,0,0,0
60004,1,1,0,0,0,0,0,0,0,0,0,0
60005,0,1,0,0,0,0,0,0,0,0,0,0
60005,1,1,0,0,0,0,0,0,0,0,0,0
60006,1,1,25,25,25,25,25,25,25,25,25,25
60007,1,1,15,15,15,15,15,15,15,15,15,15
60008,1,1,0,0,0,0,0,0,0,0,0,0
60008,2,1,0,0,0,0,0,0,0,0,0,0
60009,1,1,23,23,23,23,23,23,23,23,23,23
60010,1,1,0,0,0,0,0,0,0,0,0,0
60010,2,1,0,0,0,0,0,0,0,0,0,0
60011,0,1,0,0,0,0,0,0,0,0,0,0
60011,1,1,0,0,0,0,0,0,0,0,0,0
60012,1,1,0,5,0,0,0,0,0,0,0,0
60012,2,1,0,0,0,0,0,0,0,0,0,0
60013,1,1,0,0,0,0,0,0,0,0,0,0
60014,1,1,0,0,0,0,0,0,0,0,0,0
60014,2,1,2,2,2,2,2,2,2,2,2,2
60014,3,1,0,0,0,0,0,0,0,0,0,0
60015,0,1,17,17,17,17,17,17,17,17,17,17
60015,1,1,0,0,0,0,0,0,0,0,0,0
60016,0,1,0,0,0,0,0,0,0,0,0,0
60016,1,1,0,0,0,0,0,0,0,0,0,0
60017,0,1,0,0,0,0,0,0,0,0,0,0
60017,1,1,0,0,0,0,0,0,0,0,0,0
60018,1,1,0,0,0,0,0,0,0,0,0,0
60018,2,1,0,0,0,0,0,0,0,0,0,0
60019,0,1,33,33,33,33,33,33,33,33,33,33
60019,1,1,0,0,0,0,0,0,0,0,0,0
60020,1,1,0,0,0,0,0,0,0,0,0,0
60020,2,1,0,0,0,0,0,0,0,0,0,0
60021,1,1,0,18,22,0,0,0,5,17,0,0
60021,2,1,0,0,0,0,0,17,0,0,0,0
60022,1,1,0,0,0,0,0,0,0,0,0,0
60022,2,1,0,0,0,0,0,0,0,0,0,0
60023,1,1,0,0,0,0,0,0,0,0,0,0
60023,2,1,0,0,0,0,0,0,0,0,0,0
60024,0,1,0,0,0,0,0,0,0,0,0,0
60024,1,1,0,0,0,0,11,0,0,0,0,0
60025,0,1,23,0,32,26,34,17,0,10,23,12
60025,1,1,0,0,0,0,0,0,0,0,0,0
60026,0,1,0,0,0,0,0,0,0,0,0,0
60026,1,1,4,4,4,4,4,4,4,4,4,4
60027,0,1,0,0,0,0,0,0,0,0,0,0
60027,1,1,28,0,0,21,0,0,0,0,9,17
60028,0,1,0,14,0,10,0,0,0,0,0,0
60028,1,1,0,7,0,0,0,0,0,0,8,0
60029,1,1,0,0,0,0,0,0,0,0,0,0
60030,0,1,0,0,0,0,0,0,0,0,0,0
60030,1,1,0,0,0,0,0,0,0,0,0,0
60031,0,1,28,28,28,28,28,28,28,28,28,28
60031,1,1,0,0,0,0,0,0,25,0,0,9
60032,1,1,2,2,2,2,2,2,2,2,2,2
60033,0,1,0,0,0,0,0,0,0,0,0,0
60033,1,1,8,8,8,8,8,8,8,8,8,8
60034,1,1,0,0,0,0,0,0,0,0,0,0
60035,1,1,22,22,22,22,22,22,22,22,22,22
60036,1,1,8,8,8,8,8,8,8,8,8,8
60037,0,1,0,0,0,0,0,0,0,0,0,0
60037,0,2,0,0,0,0,0,0,0,0,0,0
60037,1,1,0,0,0,0,0,0,0,0,17,0
60038,1,1,0,0,0,0,0,0,0,0,0,0
60038,2,1,0,0,0,0,0,0,0,0,0,0
60039,1,1,0,0,0,0,0,0,0,0,0,0
60039,2,1,0,0,0,0,0,0,0,0,0,0
60040,0,1,2,2,2,2,2,2,2,2,2,2
60040,0,2,0,0,0,0,0,0,0,0,0,0
60040,1,1,0,0,0,0,0,0,0,0,0,0
60041,1,1,16,16,16,16,16,16,16,16,16,16
60042,0,1,0,0,0,0,0,0,0,0,0,0
60042,1,1,0,0,0,0,0,0,0,0,0,0
60043,0,1,0,0,0,0,0,0,0,0,0,0
60043,1,1,0,0,0,0,0,0,0,0,0,0
60044,1,1,21,21,21,21,21,21,21,21,21,21
60045,1,1,15,9,6,0,21,11,0,26,9,10
60045,2,1,0,0,0,0,0,0,0,0,0,0
60046,1,1,0,0,0,0,0,0,0,0,0,0
60046,2,1,0,0,0,0,0,0,0,0,0,0
60047,1,1,10,10,10,10,10,10,10,10,10,10
60048,1,1,24,24,24,24,24,24,24,24,24,24
60049,1,1,29,29,29,29,29,29,29,29,29,29
60050,1,1,0,0,0,0,0,0,0,0,0,0
60050,2,1,0,0,0,0,0,0,0,0,12,0
60051,0,1,24,24,24,24,24,24,24,24,24,24
60051,1,1,0,0,0,0,0,0,0,0,0,0
60052,0,1,0,0,0,0,0,0,0,0,0,0
60052,1,1,0,0,0,0,0,0,0,0,0,0
60053,1,1,17,17,17,17,17,17,17,17,17,17
60054,1,1,13,13,13,13,13,13,13,13,13,13
60054,2,1,0,0,0,0,0,0,0,0,0,0
60055,1,1,0,0,0,0,0,0,0,0,0,0
60056,1,1,0,0,0,0,0,0,0,0,0,0
60057,1,1,0,0,0,0,0,0,0,0,0,0
60058,1,1,0,0,0,0,0,0,0,0,0,0
60058,2,1,0,0,0,0,0,0,0,0,0,0
60059,1,1,0,0,0,0,0,0,0,0,0,0
60060,0,1,0,0,0,0,0,0,0,0,0,0
60060,1,1,0,0,0,0,0,0,0,0,0,0
60061,1,1,0,0,0,0,0,0,0,0,0,0
60061,2,1,0,0,0,0,0,8,0,0,0,0
60062,1,1,0,0,0,0,0,0,0,0,0,0
60062,2,1,0,0,11,0,0,10,0,0,0,6
60063,0,1,0,0,0,0,0,0,0,0,0,0
60063,1,1,0,0,0,0,0,0,0,0,0,0
60064,1,1,0,0,0,0,0,0,0,0,0,0
60065,0,1,10,10,10,10,10,10,10,10,10,10
60065,1,1,0,0,0,0,0,0,0,0,0,0
60066,1,1,0,15,0,0,0,0,0,0,0,0
60067,1,1,0,0,20,0,33,11,8,0,0,0
60068,0,1,0,0,0,0,0,0,0,0,0,0
60068,1,1,0,0,0,0,0,0,0,0,0,0
60069,0,1,0,0,0,0,0,0,0,0,0,0
60069,1,1,0,0,0,0,0,0,0,0,0,0
60070,1,1,0,0,0,0,0,0,0,0,0,0
60070,2,1,0,0,0,0,0,0,0,0,0,0
60071,1,1,0,0,0,0,0,0,0,0,0,0
60072,1,1,8,8,8,8,8,8,8,8,8,8
60073,1,1,0,0,0,0,0,0,0,0,0,0
60074,0,1,0,0,0,0,0,0,0,0,0,0
60074,1,1,0,0,0,0,0,0,0,0,0,0
60075,1,1,35,35,35,35,35,35,35,35,35,35
60076,0,1,24,24,24,24,24,24,24,24,24,24
60076,1,1,0,0,0,0,0,0,0,0,0,0
60077,1,1,0,0,0,0,0,0,0,0,0,0
60078,0,1,0,0,0,0,0,0,0,0,0,0
60078,1,1,0,0,0,0,0,0,0,0,0,0
60079,0,1,11,11,11,11,11,11,11,11,11,11
60079,1,1,0,0,0,0,0,11,20,0,0,0
60080,1,1,18,18,18,18,18,18,18,18,18,18
60081,1,1,18,18,18,18,18,18,18,18,18,18
60082,1,1,0,0,0,0,0,0,0,19,0,0
60082,2,1,0,0,0,0,0,0,0,0,0,0
60083,1,1,0,0,0,0,0,0,0,0,0,0
60083,2,1,0,0,0,0,0,0,0,0,0,0
60083,3,1,0,0,0,0,0,0,0,0,0,0
60083,4,1,0,0,0,0,0,0,0,0,0,0
60083,5,1,0,0,0,0,0,0,0,0,0,0
60084,1,1,0,0,0,0,0,0,0,0,0,0
60084,2,1,0,0,0,0,0,0,0,0,0,0
60085,1,2,15,15,15,15,15,15,15,15,15,15
60086,0,1,0,0,0,0,0,0,0,0,0,0
60086,1,1,18,18,18,18,18,18,18,18,18,18
60087,0,1,0,0,0,0,0,0,0,0,0,0
60087,1,1,0,0,0,0,0,0,0,0,0,0
60088,1,1,0,0,0,0,0,0,0,0,0,0
60088,2,1,2,2,2,2,2,2,2,2,2,2
60089,1,1,19,19,19,19,19,19,19,19,19,19
60090,0,1,19,19,19,19,19,19,19,19,19,19
60090,1,1,0,0,0,0,16,0,0,0,0,0
60091,0,1,0,0,0,0,0,0,0,0,0,0
60091,1,1,0,0,0,0,0,0,0,0,0,0
60092,1,1,14,14,14,14,14,14,14,14,14,14
60092,2,1,0,0,0,0,0,0,0,0,0,0
60093,1,1,0,0,0,0,0,0,0,0,0,0
60094,0,1,0,0,0,0,0,0,0,0,0,0
60094,1,1,0,19,0,0,12,0,0,0,0,0
60095,1,1,0,0,0,0,0,0,0,0,0,0
60096,1,1,0,0,0,0,0,0,0,0,0,0
60097,0,1,0,0,0,0,0,0,0,0,0,0
60097,1,1,0,0,0,0,20,0,0,0,0,0
60098,1,1,0,0,0,0,0,0,0,0,0,0
60098,2,1,0,0,0,0,0,0,0,0,0,0
60099,0,1,12,7,0,0,0,0,0,0,0,0
60099,1,1,0,0,8,22,0,0,12,28,0,0
60100,0,1,0,0,0,0,0,0,0,0,0,0
60100,1,1,0,0,0,3,5,3,25,10,0,6
60101,1,1,25,25,25,25,25,25,25,25,25,25
60102,1,1,0,0,0,0,0,0,0,0,0,0
60102,2,1,0,4,0,0,0,0,0,0,0,0
60103,0,1,0,0,0,0,0,0,0,0,0,0
60103,1,1,0,0,0,0,0,0,0,14,0,9
60104,1,1,0,0,0,0,0,0,0,0,0,0
60104,2,1,0,0,0,0,0,0,0,0,0,0
60105,1,1,0,0,0,0,0,0,0,0,0,0
60106,0,1,0,0,0,0,0,0,0,0,0,0
60106,1,1,0,0,0,0,0,0,0,0,0,0
60107,1,1,0,0,0,0,0,0,0,0,0,0
60107,2,1,0,0,0,0,0,0,22,0,0,0
60108,1,1,0,0,0,0,0,0,0,0,0,0
60108,2,1,0,0,0,0,0,0,0,0,0,0
60109,0,1,0,0,0,0,0,0,0,0,0,0
60109,1,1,0,0,0,0,0,0,0,0,0,0
60110,1,1,0,0,0,0,0,0,0,0,0,0
60110,2,1,0,0,0,0,0,0,0,0,0,0
60111,1,1,0,0,0,0,0,0,0,0,0,0
60111,2,1,0,0,0,0,0,0,0,0,0,0
60112,1,1,0,0,0,0,0,0,0,0,0,0
60112,2,1,0,0,0,0,0,0,0,0,0,0
60113,1,1,0,0,0,0,0,0,0,0,0,0
60114,0,1,25,25,25,25,25,25,25,25,25,25
60114,1,1,0,0,0,0,0,15,13,0,0,0
60115,1,1,0,0,0,0,14,0,0,0,17,0
60116,1,1,31,31,31,31,31,31,31,31,31,31
60116,2,1,0,0,0,0,0,0,0,0,0,0
60117,1,1,0,0,0,0,0,0,0,0,0,0
60117,2,1,0,0,0,0,0,0,0,0,0,0
60118,0,1,21,21,21,21,21,21,21,21,21,21
60118,1,1,8,8,8,8,8,8,8,8,8,8
60119,1,1,0,0,0,0,0,0,0,0,0,0
60119,2,1,0,0,0,0,0,0,0,0,0,0
60120,1,1,0,0,0,0,0,0,0,0,0,0
60120,2,1,0,0,0,0,0,0,0,0,0,0
60121,0,1,0,0,0,0,0,0,0,0,0,0
60121,1,1,0,0,0,0,0,0,0,0,0,0
60122,0,1,0,0,0,0,0,0,0,0,0,0
60122,1,1,0,0,0,0,0,0,0,0,0,0
60123,1,1,0,0,0,0,0,0,0,0,0,0
60123,2,1,0,0,0,0,0,0,0,0,0,0
60124,1,1,35,35,35,35,35,35,35,35,35,35
60124,2,1,0,0,0,0,0,0,0,0,0,0
60125,1,1,0,0,0,0,0,0,0,0,0,0
60126,1,1,0,0,0,0,0,0,0,0,0,0
60127,0,1,0,0,0,0,20,0,32,0,6,0
60127,1,1,0,0,0,0,0,0,0,0,0,0
60127,2,1,0,0,0,0,0,0,0,0,0,0
60128,1,1,0,0,0,0,0,0,0,0,0,0
60129,1,1,22,22,22,22,22,22,22,22,22,22
60130,0,1,16,16,16,16,16,16,16,16,16,16
60130,0,2,26,26,26,26,26,26,26,26,26,26
60130,1,1,0,13,0,0,21,0,0,0,20,22
60131,0,1,0,0,0,0,0,0,0,0,0,0
60131,1,1,0,0,0,0,0,0,0,0,0,0
60132,0,1,2,2,2,2,2,2,2,2,2,2
60132,1,1,0,18,0,24,15,0,12,0,7,0
60133,1,1,0,0,0,0,0,0,0,0,0,0
60133,2,1,0,0,0,0,0,0,0,0,0,0
60134,0,1,0,0,0,0,0,0,0,0,0,0
60134,2,1,0,0,0,0,0,0,0,0,0,0
60135,1,1,0,0,0,0,0,0,0,0,0,0
60135,2,1,0,0,0,0,0,0,0,0,0,0
60136,1,1,0,0,0,0,0,0,0,0,0,0
60136,2,1,0,0,0,0,0,0,0,0,0,0
60137,0,1,0,0,0,0,0,0,21,0,0,0
60137,0,2,0,0,0,0,0,0,0,0,0,0
60137,0,3,0,0,0,0,0,0,0,0,0,0
60137,0,4,0,0,0,0,0,0,0,0,0,0
60137,1,1,0,0,0,0,0,0,0,0,0,0
60138,1,1,13,13,13,13,13,13,13,13,13,13
60139,0,1,0,0,0,0,0,0,0,32,15,0
60139,0,2,0,0,0,0,0,0,0,0,0,0
60139,1,1,0,0,0,0,0,0,0,0,0,0
60140,1,1,0,0,0,0,0,0,0,0,0,0
60140,2,1,0,0,0,0,0,0,0,0,0,0
60141,1,1,0,0,0,0,0,0,0,0,0,0
60141,2,1,0,0,0,0,0,0,0,0,0,0
60142,1,1,10,10,10,10,10,10,10,10,10,10
60143,1,1,0,0,0,0,0,0,0,0,0,0
60143,2,1,0,0,0,0,0,0,0,0,0,0
60144,1,1,0,0,0,0,0,0,0,0,0,0
60145,0,1,39,39,39,39,39,39,39,39,39,39
60145,1,1,0,0,0,0,0,0,0,0,0,0
60146,1,1,0,0,0,0,0,0,0,0,0,0
60147,1,1,0,10,6,0,0,0,0,0,20,0
60147,2,1,0,0,0,11,0,0,0,0,0,0
60148,0,1,0,0,0,0,0,0,0,0,0,0
60148,1,1,0,0,32,0,0,0,0,0,0,0
60149,0,1,0,0,0,0,0,0,0,0,0,0
60149,1,1,0,0,0,0,0,0,0,0,0,0
60150,0,1,0,0,0,0,0,0,0,0,0,0
60150,0,2,0,0,0,0,0,0,0,0,0,0
60150,1,1,0,0,0,0,0,0,0,0,0,0
60151,1,1,16,16,16,16,16,16,16,16,16,16
60152,0,1,2,2,2,2,2,2,2,2,2,2
60152,1,1,0,0,0,0,0,0,0,0,0,0
60153,0,1,0,0,0,0,0,0,0,0,0,0
60153,1,1,0,0,0,0,0,0,0,0,0,0
60153,2,1,0,0,0,0,0,9,0,0,0,0
60153,3,1,0,0,0,0,0,0,0,0,0,0
60153,4,1,0,0,0,0,0,0,0,0,0,0
60154,1,1,0,0,0,0,10,0,4,0,0,0
60154,2,1,0,0,0,0,26,0,0,0,0,0
60155,1,1,0,0,17,0,0,0,0,0,26,0
60155,2,1,0,0,0,0,0,0,0,0,0,0
60156,1,1,0,0,0,0,0,0,0,0,0,0
60156,2,1,0,0,0,0,0,0,0,0,0,0
60157,1,1,21,21,21,21,21,21,21,21,21,21
60158,0,1,0,0,0,0,0,0,0,0,0,0
60158,1,1,0,0,0,0,0,0,0,0,0,0
60159,1,1,14,14,14,14,14,14,14,14,14,14
60159,2,1,18,18,18,18,18,18,18,18,18,18
60160,0,1,0,0,0,0,0,0,0,0,0,0
60160,1,1,0,0,0,9,0,10,0,0,0,0
60161,1,1,0,0,0,0,0,0,0,0,0,18
60162,1,1,0,0,0,0,0,0,0,0,0,0
60163,1,1,0,0,0,0,0,0,0,0,0,0
60163,2,1,0,0,0,0,0,0,0,0,0,0
60164,0,1,0,0,0,0,0,0,0,0,0,0
60164,1,1,0,0,0,0,0,0,0,0,0,0
60165,0,1,0,0,0,0,0,0,0,0,0,0
60165,1,1,16,0,0,0,17,0,0,0,0,0
60166,1,1,37,37,37,37,37,37,37,37,37,37
60167,1,1,0,0,0,0,0,0,0,0,0,0
60167,2,1,0,0,0,0,0,0,0,0,0,0
60168,1,1,0,0,0,0,0,0,0,0,0,0
60168,2,1,0,0,0,0,0,0,0,0,0,0
60169,0,1,0,0,0,0,0,0,0,0,0,0
60169,1,1,0,0,0,0,0,0,0,0,0,0
60170,1,1,0,0,0,0,0,0,0,0,0,0
60170,2,1,0,0,0,0,0,0,0,0,0,0
60171,0,1,0,0,0,0,0,0,0,0,0,0
60171,1,1,0,0,0,0,0,0,0,0,0,0
60172,1,1,20,20,20,20,20,20,20,20,20,20
60173,0,1,32,32,32,32,32,32,32,32,32,32
60173,1,1,0,0,0,0,0,0,0,0,0,0
60174,1,1,12,12,12,12,12,12,12,12,12,12
60174,2,1,0,0,0,0,0,0,3,0,0,0
60175,1,1,5,0,0,0,0,0,0,8,0,0
60175,2,1,0,0,0,0,0,0,0,0,0,0
60176,1,1,6,6,6,6,6,6,6,6,6,6
60176,2,1,0,0,0,0,0,0,0,0,0,0
60177,0,1,0,0,0,0,0,0,0,0,0,0
60177,0,2,0,0,0,0,0,0,0,0,0,0
60177,0,3,0,0,0,0,0,0,0,0,0,0
60177,1,1,11,11,11,11,11,11,11,11,11,11
60178,1,1,0,0,0,0,0,0,0,0,0,0
60179,1,1,0,0,0,0,0,0,0,0,0,0
60179,2,1,0,0,0,0,0,0,0,0,0,0
60180,0,1,22,22,22,22,22,22,22,22,22,22
60180,1,1,0,0,0,0,0,0,0,0,0,0
60181,1,1,0,10,0,0,0,0,0,0,0,0
60181,2,1,0,0,0,0,0,0,0,0,0,0
60182,0,1,26,26,26,26,26,26,26,26,26,26
60182,1,1,0,0,0,0,0,0,0,0,0,0
60183,1,1,2,2,2,2,2,2,2,2,2,2
60184,1,1,11,0,8,4,0,0,0,16,0,0
60184,2,1,0,0,0,0,0,0,0,0,0,0
60185,0,1,0,0,0,0,0,0,0,0,0,0
60185,1,1,20,29,0,0,0,0,0,18,0,0
60186,0,1,19,19,19,19,19,19,19,19,19,19
60186,1,1,0,0,0,0,0,23,0,0,10,0
60187,1,1,0,0,0,0,0,0,0,0,0,0
60188,1,1,0,6,7,9,24,17,0,7,15,18
60189,1,1,0,0,0,0,0,0,0,0,0,0
60189,2,1,0,0,0,0,0,0,0,0,0,0
60189,3,1,0,0,0,0,0,0,0,0,0,0
60190,1,1,0,0,0,0,0,0,0,0,0,0
60191,1,1,0,0,0,0,0,0,0,0,0,0
60191,2,1,0,0,0,0,0,0,0,0,0,0
60191,3,1,0,5,0,0,0,0,0,0,0,0
60191,4,1,0,0,0,0,0,0,0,0,0,0
60192,1,1,0,0,0,0,0,0,0,0,0,0
60193,0,1,0,0,0,0,0,0,0,0,0,0
60193,1,1,0,8,0,0,0,0,0,0,8,0
60194,0,1,0,0,0,0,0,0,0,0,0,0
60194,1,1,0,0,0,0,0,0,0,0,0,0
60195,1,1,14,14,14,14,14,14,14,14,14,14
60195,2,1,7,0,8,0,7,0,0,17,10,0
60195,3,1,0,0,0,0,0,0,0,0,0,0
60195,4,1,0,0,0,0,0,0,0,0,0,0
60196,1,1,0,0,0,0,0,0,0,0,0,0
60196,2,1,0,0,0,0,0,0,0,0,0,0
60197,1,1,0,0,0,0,0,0,0,0,0,0
60197,2,1,15,0,0,0,0,0,0,0,0,0
60197,3,1,0,0,0,0,0,0,0,0,0,0
60197,4,1,0,0,0,0,0,0,0,0,0,0
60198,0,1,0,0,0,0,0,0,0,0,0,0
60198,1,1,0,0,0,0,0,0,0,0,0,0
60199,1,1,15,15,15,15,15,15,15,15,15,15
60199,2,1,0,0,0,0,0,0,0,0,0,0
60200,0,1,0,0,0,0,0,0,0,0,0,0
60200,1,1,0,0,0,0,0,0,12,0,0,0
60201,0,1,12,12,12,12,12,12,12,12,12,12
60201,1,1,0,0,0,0,0,0,0,0,0,0
60202,0,1,0,0,0,0,0,0,0,0,0,0
60202,1,1,0,0,0,0,0,0,0,0,0,0
60203,1,1,0,0,0,2,0,0,0,0,0,0
60203,2,1,0,0,0,0,0,0,0,0,0,0
60204,1,1,0,0,0,0,0,0,0,0,0,0
60205,1,1,0,0,0,0,0,0,0,0,0,0
60205,2,1,0,0,0,0,0,0,0,0,0,0
60205,3,1,0,0,0,0,0,0,0,0,0,0
60205,4,1,0,0,0,0,0,0,0,0,0,0
60206,0,1,0,0,0,0,0,0,0,0,0,0
60206,1,1,0,0,0,0,0,0,0,0,0,0
60207,1,1,7,0,0,0,0,0,0,0,0,0
60208,1,1,0,0,0,0,0,0,0,0,0,0
60208,2,1,0,0,0,14,0,0,0,0,0,0
60209,0,1,20,20,20,20,20,20,20,20,20,20
60209,1,1,0,0,0,0,0,0,0,0,0,0
60210,1,1,24,24,24,24,24,24,24,24,24,24
60211,1,1,0,0,0,0,0,0,0,0,0,0
60212,1,1,0,0,0,0,0,0,0,0,0,0
60213,0,1,0,0,0,0,0,0,0,0,0,0
60213,1,1,0,16,0,0,0,0,0,0,0,0
60214,1,1,0,0,0,0,0,0,0,0,0,0
60214,2,1,0,0,0,0,0,0,0,0,0,0
60215,1,1,0,0,0,0,0,0,0,0,0,0
60215,2,1,0,0,0,0,0,0,0,0,0,0
60216,1,1,0,0,0,0,0,0,0,0,0,0
60217,0,1,19,19,19,19,19,19,19,19,19,19
60217,1,1,0,0,0,0,0,0,0,0,0,0
60218,1,1,0,0,0,0,0,0,0,0,0,0
60218,2,1,0,0,0,0,0,0,0,0,0,0
60219,1,1,0,0,0,0,0,0,0,0,0,0
60219,2,1,0,0,0,0,0,0,0,0,0,0
60220,1,1,19,19,19,19,19,19,19,19,19,19
60221,0,1,0,0,0,0,0,0,0,0,0,0
60221,1,1,0,0,0,0,0,0,0,0,0,0
60222,1,1,15,15,15,15,15,15,15,15,15,15
60222,2,1,0,0,0,0,0,0,0,0,0,0
60223,0,1,0,0,0,0,0,0,0,0,0,0
60223,1,1,13,0,0,0,0,0,0,0,0,0
60224,1,1,13,13,13,13,13,13,13,13,13,13
60225,1,1,41,41,41,41,41,41,41,41,41,41
60226,1,1,25,25,25,25,25,25,25,25,25,25
60227,1,1,0,0,0,0,0,0,0,0,0,0
60228,0,1,27,27,27,27,27,27,27,27,27,27
60228,1,1,0,0,12,0,0,0,0,0,0,0
60228,2,1,0,0,0,0,0,0,0,0,0,0
60229,1,1,0,0,0,0,0,0,0,0,0,0
60229,2,1,0,0,0,9,0,0,12,0,12,0
60230,1,1,0,0,0,0,0,0,0,0,0,0
60230,2,1,0,0,0,0,0,0,0,0,0,0
60231,0,1,0,0,0,0,0,0,0,0,0,0
60231,1,1,21,17,19,25,0,16,5,11,25,0
60231,2,1,0,0,0,0,0,0,0,0,0,0
60232,1,1,25,25,25,25,25,25,25,25,25,25
60233,0,1,0,0,0,0,0,0,0,0,0,0
60234,1,1,11,11,11,11,11,11,11,11,11,11
60235,1,1,13,13,13,13,13,13,13,13,13,13
60235,2,1,0,0,8,0,0,0,0,0,0,0
60235,3,1,0,0,0,0,0,0,0,0,0,0
60235,4,1,0,0,0,0,0,0,0,0,0,0
60235,5,1,0,18,0,0,0,0,0,0,0,0
60236,1,1,0,0,0,0,0,0,0,0,0,0
60236,2,1,0,0,0,0,0,0,0,0,0,0
60237,0,1,0,0,0,0,0,0,0,0,0,0
60237,1,1,0,0,0,5,0,0,0,0,6,0
60238,0,1,0,0,0,0,0,0,0,0,0,0
60238,1,1,0,0,0,0,0,0,0,0,0,0
60239,0,1,0,0,0,0,0,0,0,0,0,0
60239,1,1,0,0,0,0,0,0,0,0,0,0
60240,0,1,0,0,0,0,0,0,0,0,0,0
60240,1,1,22,0,25,0,0,10,5,0,0,0
60241,1,1,0,0,0,0,0,0,0,0,0,0
60242,1,1,0,0,0,0,0,0,0,0,0,0
60243,1,1,36,36,36,36,36,36,36,36,36,36
60244,0,1,0,0,0,0,0,0,0,0,0,0
60244,1,1,0,0,0,0,0,0,0,0,0,0
60245,0,1,0,0,0,0,0,0,0,0,0,0
60245,1,1,0,0,0,0,0,0,0,0,0,0
60246,1,1,0,0,0,0,0,0,0,0,0,0
60247,1,1,0,0,0,0,0,0,0,0,0,0
60247,2,1,0,0,0,0,0,0,0,0,0,0
60248,1,1,0,0,0,0,0,0,0,0,0,0
60248,2,1,0,0,0,0,0,12,11,0,0,17
60249,0,1,0,0,0,0,0,0,0,0,0,0
60249,1,1,0,0,0,13,0,0,0,0,8,0
60250,0,1,0,0,0,0,0,0,0,0,0,0
60250,1,1,0,0,0,0,0,0,0,0,0,0
60251,1,1,0,0,0,0,0,0,0,0,0,0
60251,2,1,0,0,0,0,10,0,0,0,0,0
60252,1,1,0,0,0,0,0,0,0,0,0,0
60253,1,1,0,0,0,0,0,0,0,0,0,0
60254,0,1,0,0,0,0,0,0,0,0,0,0
60254,1,1,0,0,0,0,0,0,0,0,0,0
60255,1,1,11,11,11,11,11,11,11,11,11,11
60256,0,1,6,6,6,6,6,6,6,6,6,6
60256,1,1,15,0,0,0,0,19,31,22,24,0
60257,1,1,18,18,18,18,18,18,18,18,18,18
60258,1,1,14,14,14,14,14,14,14,14,14,14
60259,0,1,0,10,17,31,0,31,0,21,33,25
60259,1,1,13,13,13,13,13,13,13,13,13,13
60260,1,1,0,0,0,0,0,0,0,0,0,0
60260,2,1,0,0,0,0,0,0,0,0,0,0
60260,3,1,0,0,0,0,0,0,0,0,0,0
60261,0,1,16,16,16,16,16,16,16,16,16,16
60261,1,1,0,0,0,0,0,0,0,0,0,0
60262,1,1,24,24,24,24,24,24,24,24,24,24
60263,1,1,0,0,0,0,0,0,0,0,0,0
60263,2,1,0,0,0,0,0,0,0,0,0,0
60264,1,1,0,0,0,0,0,0,0,0,0,0
60264,2,1,0,0,0,0,0,0,0,0,0,0
60265,0,1,0,0,0,0,0,0,0,0,0,0
60265,1,1,0,0,14,10,0,0,17,0,0,5
60266,1,1,20,20,20,20,20,20,20,20,20,20
60267,1,1,0,0,0,0,0,0,0,0,0,0
60267,2,1,0,0,0,0,0,0,0,0,0,0
60268,0,1,31,31,31,31,31,31,31,31,31,31
60268,1,1,0,0,0,0,0,0,0,0,0,0
60269,1,1,32,32,32,32,32,32,32,32,32,32
60270,0,1,0,20,0,0,0,0,0,0,0,0
60270,1,1,0,0,0,0,0,0,0,0,0,0
60271,1,1,0,0,0,0,0,0,0,0,0,0
60271,2,1,0,0,0,0,0,0,0,0,0,0
60272,1,1,0,0,0,0,0,0,0,0,0,0
60273,0,1,22,22,22,22,22,22,22,22,22,22
60273,1,1,0,0,0,0,0,0,0,0,0,0
60273,2,1,0,0,0,0,0,0,0,0,0,0
60273,3,1,3,0,0,0,0,0,0,0,0,0
60274,1,1,0,0,0,0,0,0,0,0,0,0
60275,0,1,0,0,0,0,0,0,0,0,0,0
60275,1,1,0,0,6,0,14,21,0,14,21,0
60276,0,1,0,0,0,0,0,0,0,0,0,0
60276,1,1,0,0,0,0,0,0,0,0,0,0
60277,1,1,0,0,0,0,19,0,14,0,0,0
60277,2,1,0,0,0,0,0,0,0,0,0,0
60278,1,1,37,37,37,37,37,37,37,37,37,37
60278,2,1,0,0,0,0,0,0,0,0,0,0
60279,0,1,24,24,24,24,24,24,24,24,24,24
60279,1,1,7,7,7,7,7,7,7,7,7,7
60279,2,1,0,22,0,0,12,0,20,0,0,0
60280,1,1,23,23,23,23,23,23,23,23,23,23
60281,1,1,0,0,0,0,0,0,0,0,0,0
60281,2,1,0,0,0,0,0,0,0,0,0,0
60282,0,1,0,0,0,0,0,0,0,0,0,0
60282,1,1,0,0,0,0,0,0,0,0,0,0
60283,1,1,0,0,0,0,0,0,0,0,0,0
60284,0,1,18,18,18,18,18,18,18,18,18,18
60284,1,1,0,0,0,0,0,0,0,0,0,0
60285,1,1,23,23,23,23,23,23,23,23,23,23
60286,1,1,0,0,0,0,0,0,0,0,0,0
60286,2,1,0,0,0,0,0,0,0,0,0,0
60287,1,1,0,0,0,0,23,0,0,0,0,0
60288,0,1,0,0,0,0,0,0,0,0,0,0
60288,1,1,0,0,0,0,0,0,0,0,0,0
60289,1,1,0,0,0,0,0,0,0,0,0,0
60290,1,1,0,0,0,0,0,0,0,0,0,0