ST_CASE,VEH_NO,PER_NO,P1,P2,P3,P4,P5,P6,P7,P8,P9,P10
60291,1,1,0,0,0,0,0,0,0,0,0,0
60291,2,1,0,0,0,0,0,0,0,0,0,0
60292,0,1,0,0,0,0,0,0,0,0,0,0
60292,1,1,0,0,0,0,0,0,0,0,0,0
60293,0,1,0,0,0,0,0,0,0,0,0,0
60293,1,1,0,0,0,0,0,0,0,0,0,0
60294,1,1,30,0,0,0,0,0,0,0,0,0
60294,2,1,24,24,24,24,24,24,24,24,24,24
60295,0,1,0,0,0,0,0,0,0,0,0,0
60295,0,2,31,9,17,0,0,0,29,20,0,30
60295,1,1,0,9,0,0,14,6,0,0,0,0
60296,1,1,0,0,0,0,0,0,0,0,0,0
60296,2,1,0,0,0,0,0,0,0,0,0,0
60297,1,1,0,0,0,0,0,0,0,0,0,0
60297,2,1,0,0,0,0,0,0,0,0,0,0
60298,1,1,18,18,18,18,18,18,18,18,18,18
60298,2,1,0,0,0,0,0,0,0,0,0,0
60299,0,1,15,15,15,15,15,15,15,15,15,15
60299,1,1,0,32,0,0,15,0,0,27,0,0
60299,2,1,0,0,0,0,0,0,0,0,0,0
60300,1,1,0,0,0,0,0,0,0,0,0,0
60301,0,1,0,0,0,0,0,0,0,0,0,0
60301,1,1,0,0,0,0,8,0,0,0,0,16
60302,0,1,0,0,0,0,0,0,0,0,0,0
60302,1,1,0,0,0,0,0,0,0,0,0,0
60303,1,1,0,0,0,14,15,0,0,0,0,0
60304,1,1,0,0,0,0,0,0,0,0,0,0
60304,2,1,0,0,0,0,0,0,0,0,0,0
60305,1,1,0,0,0,0,0,0,0,0,0,0
60305,2,1,0,0,0,0,0,0,0,0,0,0
60306,1,1,16,16,16,16,16,16,16,16,16,16
60307,0,1,0,0,0,0,0,0,0,0,0,0
60307,1,1,0,0,0,0,27,10,0,0,0,0
60308,1,1,0,0,0,0,0,0,0,0,0,0
60308,2,1,0,0,0,4,0,0,0,0,0,0
60309,1,1,23,23,23,23,23,23,23,23,23,23
60310,0,1,0,0,0,0,0,0,0,0,0,0
60310,1,1,0,0,0,0,0,0,0,0,0,0
60311,1,1,12,12,12,12,12,12,12,12,12,12
60311,2,1,0,9,0,0,0,0,0,0,0,0
60312,1,1,25,25,25,25,25,25,25,25,25,25
60313,1,1,0,0,0,0,0,0,0,0,0,0
60314,1,1,6,6,6,6,6,6,6,6,6,6
60314,2,1,0,0,0,0,0,0,0,0,0,0
60315,1,1,1,1,1,1,1,1,1,1,1,1
60315,2,1,0,0,0,0,0,0,0,0,0,0
60316,1,1,0,0,0,0,0,0,0,0,0,0
60316,2,1,0,0,0,0,0,0,0,0,0,0
60316,3,1,0,0,0,0,0,0,0,0,0,0
60317,1,1,0,0,0,0,0,0,0,0,0,0
60317,2,1,0,0,0,15,0,0,0,0,0,0
60318,1,1,0,0,0,0,0,0,0,0,0,0
60319,1,1,21,21,21,21,21,21,21,21,21,21
60319,2,1,0,0,0,0,0,0,0,0,0,0
60320,0,1,0,0,0,0,0,0,0,0,0,0
60320,1,1,12,0,0,12,18,6,0,0,0,19
60321,1,1,1,1,1,1,1,1,1,1,1,1
60322,1,1,21,21,21,21,21,21,21,21,21,21
60323,1,1,0,0,0,0,0,0,0,0,0,0
60324,1,1,16,16,16,16,16,16,16,16,16,16
60325,0,1,13,13,13,13,13,13,13,13,13,13
60325,1,1,0,0,0,0,0,0,0,0,0,0
60326,0,1,0,0,0,0,0,0,0,0,0,0
60326,1,1,0,0,0,0,0,0,0,0,9,0
60327,0,1,0,0,0,0,0,0,0,0,0,0
60327,1,1,0,0,0,0,0,0,0,0,0,0
60328,1,1,0,0,0,0,0,0,0,0,0,0
60328,2,1,0,0,0,0,0,0,0,0,0,0
60329,0,1,26,26,26,26,26,26,26,26,26,26
60329,1,1,0,0,0,0,0,0,0,0,0,0
60330,0,1,0,0,0,0,0,0,0,0,0,0
60330,1,1,0,0,0,0,0,0,0,0,0,17
60331,1,1,0,0,0,0,0,0,0,0,0,0
60331,2,1,0,0,0,0,0,0,0,0,0,0
60332,0,1,0,0,0,0,0,0,0,0,0,0
60332,1,1,10,17,3,9,21,0,6,20,7,11
60333,1,1,0,0,0,0,0,0,0,0,0,0
60334,1,1,0,0,0,0,0,0,0,0,0,0
60335,1,1,19,19,19,19,19,19,19,19,19,19
60336,1,1,0,0,0,0,0,0,0,0,0,0
60337,1,1,18,18,18,18,18,18,18,18,18,18
60338,1,1,17,17,17,17,17,17,17,17,17,17
60339,1,1,0,0,0,0,22,0,0,0,0,0
60339,2,1,0,0,0,0,4,0,0,0,0,0
60339,3,1,0,0,0,0,0,0,0,0,0,0
60339,4,1,0,0,0,0,0,0,0,0,0,0
60340,0,1,0,0,0,0,0,0,0,0,0,0
60340,0,2,0,0,0,0,0,0,0,0,0,0
60340,0,3,0,0,0,0,0,0,0,0,0,0
60340,0,4,0,0,0,0,0,0,0,0,0,5
60340,0,5,0,0,0,10,0,0,0,0,0,0
60340,1,1,0,0,0,0,0,0,0,0,0,0
60341,1,1,23,23,23,23,23,23,23,23,23,23
60342,1,1,0,0,0,0,0,0,0,0,0,0
60342,2,1,0,0,0,0,0,0,0,0,0,0
60343,1,1,0,0,0,0,0,0,0,0,0,0
60344,1,1,27,27,27,27,27,27,27,27,27,27
60344,2,1,0,0,0,0,0,0,0,0,0,0
60345,1,1,0,0,0,0,0,0,0,0,0,0
60345,2,1,0,0,0,0,0,0,0,0,8,0
60345,3,1,0,0,0,0,0,0,0,0,0,0
60346,0,1,22,22,22,22,22,22,22,22,22,22
60346,1,1,15,15,15,15,15,15,15,15,15,15
60347,0,1,12,12,12,12,12,12,12,12,12,12
60347,1,1,0,0,0,0,16,0,3,0,0,0
60348,0,1,0,0,0,0,0,0,0,0,0,0
60348,1,1,9,0,12,27,19,19,4,5,7,0
60349,1,1,0,15,0,16,10,7,6,17,19,8
60350,1,1,0,0,0,0,0,0,0,0,0,0
60350,2,1,0,0,0,0,0,0,0,0,0,0
60351,1,1,17,17,17,17,17,17,17,17,17,17
60351,2,1,0,0,0,0,0,0,0,0,0,0
60352,1,1,0,0,0,0,0,0,0,0,0,0
60352,2,1,0,0,0,0,0,0,0,0,0,0
60352,3,1,0,0,0,0,0,0,0,0,0,0
60353,1,1,0,0,0,0,0,0,0,0,0,0
60353,2,1,0,10,0,0,0,0,0,0,0,0
60353,3,1,0,0,0,0,0,0,0,0,0,0
60354,1,1,0,0,0,0,0,0,0,0,0,0
60355,1,1,0,0,0,0,0,0,0,0,0,0
60356,1,1,10,10,10,10,10,10,10,10,10,10
60357,0,1,13,13,13,13,13,13,13,13,13,13
60357,1,1,0,0,0,0,0,0,0,0,0,0
60358,1,1,0,0,0,0,0,0,0,0,0,13
60358,2,1,0,0,0,0,0,0,0,0,0,0
60358,3,1,0,0,0,0,0,0,0,0,0,0
60359,1,1,0,0,0,0,0,0,0,0,0,0
60360,1,1,0,0,0,0,0,0,0,0,0,0
60360,2,1,9,9,9,9,9,9,9,9,9,9
60361,1,1,16,16,16,16,16,16,16,16,16,16
60362,1,1,14,14,14,14,14,14,14,14,14,14
60363,0,1,31,31,31,31,31,31,31,31,31,31
60363,1,1,0,0,0,16,0,0,0,0,0,0
60364,1,1,15,15,15,15,15,15,15,15,15,15
60364,2,1,22,14,0,0,0,23,13,0,9,0
60364,3,1,0,0,6,15,2,0,0,0,15,0
60365,1,1,19,19,19,19,19,19,19,19,19,19
60366,1,1,11,11,11,11,11,11,11,11,11,11
60366,2,1,0,0,0,0,0,0,0,0,0,0
60367,1,1,0,0,0,0,0,0,0,0,0,0
60367,2,1,20,0,0,4,0,0,0,0,0,0
60368,1,1,15,15,15,15,15,15,15,15,15,15
60368,2,1,0,0,0,0,0,0,0,0,0,0
60369,1,1,18,18,18,18,18,18,18,18,18,18
60369,2,1,0,0,0,0,0,0,0,0,0,0
60370,0,1,4,4,4,4,4,4,4,4,4,4
60370,1,1,0,0,0,0,0,0,0,0,0,9
60371,0,1,0,0,0,0,0,0,0,0,0,0
60371,1,1,0,0,0,0,0,0,0,0,0,0
60372,1,1,0,0,0,0,0,0,0,0,0,0
60373,1,1,0,0,0,0,0,0,0,0,0,0
60373,2,1,0,0,0,0,0,0,0,0,0,0
60374,1,1,0,0,0,0,0,0,0,0,0,0
60375,1,1,0,0,0,0,0,0,0,0,0,0
60375,2,1,0,0,0,0,0,0,0,0,0,0
60376,1,1,0,0,0,0,0,0,0,0,0,0
60376,2,1,0,0,0,0,12,0,0,0,0,0
60376,3,1,0,0,0,0,0,0,0,0,0,0
60377,1,1,0,0,0,0,0,0,0,0,0,0
60377,2,1,0,0,0,0,0,0,0,0,0,5
60378,1,1,8,8,8,8,8,8,8,8,8,8
60379,1,1,0,0,0,0,0,0,0,0,0,0
60380,0,1,0,0,0,0,0,0,0,0,0,0
60380,1,1,0,0,0,0,14,0,0,0,0,0
60381,1,1,0,0,0,0,0,0,0,0,0,0
60382,1,1,17,17,17,17,17,17,17,17,17,17
60382,2,1,0,19,0,17,17,17,0,0,0,0
60383,1,1,4,4,4,4,4,4,4,4,4,4
60384,0,1,2,2,2,2,2,2,2,2,2,2
60384,1,1,0,0,0,0,0,0,0,0,0,0
60385,1,1,0,0,0,0,0,0,0,0,0,0
60386,1,1,0,0,0,0,0,0,0,0,0,0
60386,2,1,0,0,0,0,0,0,0,0,0,0
60386,3,1,0,0,0,0,0,0,0,0,0,0
60387,1,1,27,27,27,27,27,27,27,27,27,27
60388,1,1,6,6,6,6,6,6,6,6,6,6
60389,1,1,0,0,0,0,0,0,0,0,0,0
60390,1,1,31,31,31,31,31,31,31,31,31,31
60391,1,1,0,0,0,0,0,0,0,0,0,0
60391,2,1,0,0,0,0,0,0,0,0,0,0
60392,1,1,0,0,0,0,0,0,0,0,0,0
60392,2,1,0,0,0,0,0,0,0,0,0,0
60393,1,1,0,0,0,0,0,0,0,0,0,0
60393,2,1,0,0,0,0,0,0,0,0,0,0
60393,3,1,0,0,0,0,0,0,14,0,9,0
60394,1,1,0,0,0,0,0,0,0,0,0,0
60394,2,1,0,0,0,0,0,0,0,0,0,0
60395,0,1,0,0,0,0,0,0,0,0,0,0
60395,1,1,0,0,0,0,0,0,0,0,0,0
60396,0,1,0,0,0,0,0,0,0,0,0,0
60396,0,2,0,0,0,0,0,0,0,0,0,0
60396,1,1,0,0,0,0,0,0,0,0,0,0
60397,1,1,21,21,21,21,21,21,21,21,21,21
60397,2,1,0,0,0,0,0,0,0,0,0,0
60398,1,1,0,0,0,0,0,0,0,0,0,0
60398,2,1,0,0,0,0,0,0,0,0,0,0
60399,1,1,0,0,0,0,0,0,0,0,0,0
60399,2,1,0,0,0,0,0,0,0,0,0,0
60400,0,1,25,25,25,25,25,25,25,25,25,25
60400,1,1,0,0,0,0,0,0,0,0,0,0
60401,0,1,0,0,18,0,0,0,0,0,0,0
60401,1,1,6,16,12,0,0,0,0,0,0,0
60402,0,1,0,0,0,0,0,0,0,0,0,0
60402,1,1,0,0,0,0,0,0,0,0,0,0
60403,1,1,0,0,0,0,0,0,0,0,0,0
60403,2,1,0,0,0,0,0,0,0,0,0,0
60404,1,1,9,9,9,9,9,9,9,9,9,9
60404,2,1,0,0,0,0,0,0,0,0,0,0
60405,1,1,16,16,16,16,16,16,16,16,16,16
60406,1,1,0,0,0,0,0,0,0,0,0,0
60406,2,1,0,0,0,10,0,0,0,0,0,5
60407,1,1,0,0,0,0,0,0,0,0,0,0
60408,0,1,23,23,23,23,23,23,23,23,23,23
60408,1,1,0,0,0,0,0,0,0,0,0,0
60409,1,1,0,0,0,0,0,0,0,0,0,0
60409,2,1,0,5,0,0,0,0,0,0,0,0
60409,3,1,0,0,0,0,0,0,0,0,0,0
60410,1,1,0,0,0,0,0,0,0,0,0,0
60410,2,1,0,0,0,0,0,0,0,0,0,0
60410,3,1,0,0,0,0,0,0,0,0,0,0
60410,4,1,0,0,0,0,0,9,0,0,0,0
60411,1,1,0,0,0,0,0,0,0,0,0,0
60412,1,1,0,0,0,0,0,0,0,0,0,0
60412,2,1,21,0,0,0,0,0,0,9,0,0
60412,3,1,0,0,0,18,0,0,0,0,0,0
60412,4,1,0,0,0,0,6,0,0,0,0,0
60413,1,1,27,27,27,27,27,27,27,27,27,27
60413,2,1,0,0,0,0,0,0,0,0,0,0
60414,1,1,0,0,0,0,0,0,0,0,0,0
60415,0,1,17,17,17,17,17,17,17,17,17,17
60415,1,1,0,0,0,0,0,0,0,23,0,0
60416,1,1,6,6,6,6,6,6,6,6,6,6
60416,2,1,0,0,0,0,0,0,0,0,0,0
60417,1,1,0,0,6,0,0,0,9,0,0,0
60418,1,1,0,0,0,0,0,0,0,0,0,0
60419,1,1,25,25,25,25,25,25,25,25,25,25
60420,1,1,14,0,6,0,0,14,0,0,0,0
60420,2,1,20,0,0,0,12,0,0,0,0,0
60421,1,1,26,26,26,26,26,26,26,26,26,26
60421,2,1,0,0,0,0,0,0,0,0,0,0
60422,1,1,0,0,0,0,13,0,0,0,0,0
60422,2,1,0,0,0,0,0,45,0,0,0,0
60423,1,1,25,25,25,25,25,25,25,25,25,25
60424,1,1,20,20,20,20,20,20,20,20,20,20
60424,2,1,0,0,0,0,0,0,0,0,0,15
60425,0,1,0,0,0,0,0,0,0,0,0,0
60425,1,1,0,0,0,0,0,0,0,0,0,0
60426,0,1,32,32,32,32,32,32,32,32,32,32
60426,1,1,0,0,0,0,0,0,0,0,0,0
60427,1,1,20,20,20,20,20,20,20,20,20,20
60428,1,1,9,9,9,9,9,9,9,9,9,9
60429,1,1,12,12,12,12,12,12,12,12,12,12
60430,1,1,35,35,35,35,35,35,35,35,35,35
60431,1,1,23,23,23,23,23,23,23,23,23,23
60432,1,1,0,0,0,0,0,0,0,0,0,0
60433,1,1,0,0,0,0,0,0,0,0,0,0
60434,1,1,6,6,6,6,6,6,6,6,6,6
60435,1,1,0,0,0,0,0,0,0,0,0,0
60436,1,1,18,18,18,18,18,18,18,18,18,18
60436,2,1,0,0,0,0,0,0,0,0,0,0
60436,3,1,0,0,0,0,0,0,0,0,0,0
60436,4,1,0,0,0,0,0,0,0,0,0,0
60437,1,1,0,0,0,0,0,0,0,0,0,0
60438,1,1,0,0,9,0,0,0,0,9,10,0
60439,1,1,0,0,0,0,0,0,0,0,0,0
60439,2,1,0,0,0,0,0,0,0,0,0,0
60440,1,1,19,19,19,19,19,19,19,19,19,19
60441,1,1,11,11,11,11,11,11,11,11,11,11
60442,1,1,15,15,15,15,15,15,15,15,15,15
60443,1,1,0,0,0,0,0,0,0,0,0,0
60443,2,1,0,0,0,0,0,0,0,0,0,0
60443,3,1,0,0,0,0,5,0,0,0,0,0
60444,1,1,0,0,0,0,0,0,0,0,0,0
60444,2,1,0,0,0,0,0,0,0,0,0,0
60445,1,1,8,8,8,8,8,8,8,8,8,8
60446,1,1,0,0,0,0,0,0,0,0,0,0
60446,2,1,0,0,0,0,0,0,0,0,0,0
60447,1,1,20,20,20,20,20,20,20,20,20,20
60448,1,1,15,15,15,15,15,15,15,15,15,15
60449,1,1,0,0,0,0,0,0,0,0,0,0
60450,1,1,0,0,0,0,0,0,0,0,0,0
60450,2,1,0,0,0,0,0,5,0,0,0,0
60451,1,1,11,11,11,11,11,11,11,11,11,11
60452,1,1,0,0,0,0,0,0,0,0,0,0
60453,0,1,0,0,0,0,0,0,0,0,0,0
60453,1,1,0,0,0,0,0,0,0,0,0,0
60454,1,1,16,16,16,16,16,16,16,16,16,16
60454,2,1,0,0,0,0,0,0,0,0,0,0
60455,1,1,0,0,0,0,0,0,0,0,0,0
60456,1,1,0,0,0,0,0,0,0,0,0,0
60456,2,1,0,0,0,0,0,0,0,0,0,0
60457,1,1,0,0,0,0,0,0,0,0,0,0
60457,2,1,0,0,0,0,0,0,0,0,0,0
60458,1,1,0,0,0,0,0,0,0,0,0,0
60459,1,1,0,0,0,0,0,0,0,0,0,0
60459,2,1,0,0,0,13,0,0,0,0,0,0
60460,1,1,0,0,0,0,0,0,0,0,0,0
60460,2,1,5,5,5,5,5,5,5,5,5,5
60461,1,1,0,0,0,0,0,0,0,0,0,0
60461,2,1,0,21,14,0,0,0,0,0,0,0
60462,1,1,0,0,0,0,0,0,0,0,0,0
60463,0,1,0,0,0,0,0,0,0,0,0,0
60463,1,1,0,0,0,0,0,0,0,0,0,0
60464,0,1,0,0,0,0,0,0,0,0,0,0
60464,1,1,0,6,0,12,0,0,0,0,0,0
60465,1,1,0,0,0,0,0,0,0,0,0,0
60465,2,1,0,0,0,0,0,0,0,0,0,0
60466,1,1,0,0,7,0,0,0,0,0,0,0
60467,1,1,17,17,17,17,17,17,17,17,17,17
60468,1,1,17,17,17,17,17,17,17,17,17,17
60468,2,1,0,0,0,0,0,0,0,0,0,0
60469,1,1,0,0,0,0,0,0,0,0,0,0
60470,1,1,0,0,0,0,0,0,0,0,0,0
60470,2,1,0,0,0,0,0,0,0,0,0,0
60471,1,1,0,0,0,0,0,0,0,0,0,0
60471,2,1,0,0,0,0,0,0,0,0,0,0
60472,1,1,15,15,15,15,15,15,15,15,15,15
60472,2,1,0,0,0,0,0,0,0,0,0,0
60473,1,1,21,21,21,21,21,21,21,21,21,21
60474,1,1,0,0,0,0,0,0,0,0,0,0
60475,0,1,0,0,0,0,0,0,0,0,0,0
60475,2,1,14,15,0,0,0,18,0,0,0,0
60476,1,1,0,0,0,0,0,0,0,0,0,0
60477,1,1,0,0,0,0,0,0,0,0,0,0
60477,2,1,0,0,0,0,0,0,0,0,0,0
60477,3,1,0,0,0,0,0,0,0,0,0,0
60478,1,1,0,0,0,0,0,0,0,0,0,0
60478,2,1,0,0,0,0,0,0,0,0,0,0
60479,0,1,0,0,0,0,0,0,0,0,0,0
60479,1,1,0,12,0,0,0,0,0,0,31,0
60480,1,1,26,26,26,26,26,26,26,26,26,26
60481,0,1,0,0,0,0,0,0,0,0,0,0
60481,1,1,0,0,0,0,0,0,0,0,12,0
60482,0,1,0,0,0,0,0,0,0,0,0,0
60482,1,1,0,0,0,0,0,0,0,0,0,0
60483,0,1,37,37,37,37,37,37,37,37,37,37
60483,1,1,0,0,0,0,0,0,0,0,0,0
60484,0,1,0,0,0,0,0,0,0,0,0,0
60484,1,1,0,0,0,0,0,0,0,0,0,0
60485,0,1,0,0,0,0,0,0,0,0,0,0
60485,1,1,0,0,0,0,0,0,0,0,0,0
60486,1,1,24,24,24,24,24,24,24,24,24,24
60487,0,1,0,0,0,0,0,0,0,0,0,0
60487,1,1,0,0,0,0,0,0,0,0,0,0
60488,1,1,0,0,0,0,0,0,0,0,0,0
60488,2,1,0,0,0,0,0,0,0,0,0,10
60489,1,1,10,10,10,10,10,10,10,10,10,10
60489,2,1,0,0,0,0,0,0,0,0,0,0
60489,3,1,17,0,0,0,23,2,0,0,0,0
60489,4,1,0,0,0,0,0,0,12,15,0,12
60490,1,1,0,0,0,0,0,0,0,0,0,0
60490,2,1,0,0,0,0,0,0,0,0,0,0
60490,3,1,0,0,0,0,0,0,0,0,0,0
60490,4,1,0,0,0,0,0,0,0,0,0,0
60490,5,1,0,3,0,0,0,0,0,0,0,0
60491,0,1,13,13,13,13,13,13,13,13,13,13
60491,1,1,13,13,13,13,13,13,13,13,13,13
60492,1,1,0,0,0,0,0,0,0,0,0,0
60492,2,1,0,0,0,0,0,0,0,0,0,14
60493,1,1,0,0,0,0,0,0,0,0,0,0
60493,2,1,0,0,0,0,0,0,0,0,0,0
60493,3,1,0,0,0,0,0,0,0,0,0,0
60493,4,1,0,0,0,0,0,0,0,0,0,0
60493,5,1,0,0,0,0,0,0,0,0,0,0
60494,0,1,0,0,0,0,0,0,0,0,0,0
60494,1,1,0,0,0,0,0,0,0,0,0,0
60495,1,1,0,0,0,0,0,0,0,0,0,0
60495,2,1,0,0,0,0,0,0,0,0,0,0
60496,0,1,26,14,8,13,22,20,16,29,30,42
60496,1,1,0,0,0,0,0,16,0,0,0,0
60497,0,1,0,0,0,0,0,0,0,0,0,0
60497,1,1,25,13,19,0,0,0,5,7,0,0
60498,1,1,0,0,0,0,0,0,0,0,0,0
60499,1,1,0,0,0,0,0,0,0,0,0,0
60500,1,1,8,8,8,8,8,8,8,8,8,8
60500,2,1,0,0,0,0,0,0,0,0,0,0
60501,1,1,13,13,13,13,13,13,13,13,13,13
60501,2,1,13,13,13,13,13,13,13,13,13,13
60502,1,1,0,0,0,0,0,0,0,0,0,0
60503,1,1,0,0,0,0,0,0,0,0,0,0
60504,1,1,0,0,0,0,0,0,0,0,0,0
60504,2,1,0,0,0,0,0,0,0,0,0,0
60505,0,1,0,0,0,0,0,0,0,0,0,0
60505,1,1,0,0,0,0,0,0,0,0,0,0
60506,0,1,0,0,0,0,0,0,0,0,0,0
60506,1,1,0,0,0,0,0,0,0,0,0,0
60507,1,1,0,0,0,0,0,0,0,0,0,0
60507,2,1,0,0,0,0,0,0,0,0,0,0
60508,0,1,0,0,0,0,0,0,0,0,0,0
60508,1,1,0,0,0,0,0,0,0,0,0,0
60509,1,1,0,0,0,0,0,0,0,0,0,0
60510,1,1,7,18,17,0,0,13,0,16,0,0
60511,1,1,0,0,0,0,0,0,0,0,0,0
60512,1,1,0,0,0,0,0,0,0,0,0,0
60513,1,1,13,13,13,13,13,13,13,13,13,13
60514,1,1,16,16,16,16,16,16,16,16,16,16
60514,2,1,0,0,0,0,0,0,0,0,0,0
60514,3,1,0,0,0,0,0,0,0,0,0,0
60515,1,1,0,0,0,0,0,0,0,0,0,0
60515,2,1,0,0,0,0,0,0,0,0,0,0
60516,1,1,15,15,15,15,15,15,15,15,15,15
60517,1,1,33,33,33,33,33,33,33,33,33,33
60518,1,1,23,23,23,23,23,23,23,23,23,23
60519,1,1,22,22,22,22,22,22,22,22,22,22
60520,1,1,0,0,0,0,0,0,0,0,0,0
60521,1,1,27,27,27,27,27,27,27,27,27,27
60522,1,1,0,0,0,0,0,0,0,0,0,0
60522,2,1,0,0,0,0,0,0,0,0,0,0
60522,3,1,0,0,0,0,0,0,0,0,0,0
60523,0,1,0,0,0,0,0,0,0,0,0,0
60523,1,1,0,0,0,0,0,0,0,0,0,0
60523,2,1,31,7,0,16,11,11,16,13,22,5
60524,1,1,0,0,0,0,12,0,0,0,0,12
60525,1,1,0,0,0,0,0,0,0,0,0,0
60525,2,1,0,0,0,0,0,0,0,0,0,0
60526,1,1,0,0,0,0,0,0,0,0,0,0
60526,2,1,0,0,0,0,0,0,0,0,0,0
60527,1,1,29,29,29,29,29,29,29,29,29,29
60528,1,1,19,19,19,19,19,19,19,19,19,19
60529,1,1,0,0,0,0,0,0,0,0,0,0
60529,2,1,0,0,0,0,0,0,0,0,0,0
60530,1,1,0,0,0,0,0,0,0,0,0,0
60530,2,1,0,0,0,0,0,0,0,0,0,0
60531,0,1,0,0,0,0,0,0,0,0,0,0
60531,1,1,0,0,0,0,0,0,0,0,0,0
60532,0,1,0,0,0,0,0,0,0,0,0,0
60532,1,1,0,0,0,0,0,0,0,0,0,0
60533,0,1,0,0,0,0,0,19,10,0,0,0
60533,0,2,0,0,9,12,0,0,0,0,33,0
60533,1,1,0,0,0,0,0,0,0,0,0,0
60534,0,1,5,19,13,21,0,32,23,11,7,34
60534,0,2,0,0,0,0,0,0,0,0,0,0
60534,1,1,16,16,16,16,16,16,16,16,16,16
60535,1,1,0,0,0,15,0,0,0,0,0,0
60535,2,1,0,0,0,0,24,0,18,0,0,0
60536,1,1,0,0,0,0,0,0,0,0,0,0
60536,2,1,0,0,0,0,0,0,0,0,0,0
60537,1,1,0,0,0,0,0,0,0,0,0,0
60537,2,1,0,0,0,0,0,0,0,0,0,0
60537,3,1,0,0,0,1,0,0,0,0,0,0
60537,4,1,0,0,0,0,0,0,0,0,0,0
60538,0,1,0,0,0,0,0,0,0,0,0,0
60538,1,1,0,0,0,0,0,0,0,0,0,0
60539,1,1,0,0,0,0,0,0,0,0,0,0
60539,2,1,0,0,0,0,0,0,0,0,0,0
60540,1,1,0,0,0,0,0,0,0,0,0,0
60541,0,1,0,0,0,0,0,0,0,0,0,0
60541,1,1,0,0,0,13,0,0,0,0,0,0
60541,2,1,0,0,0,0,15,0,0,0,0,6
60542,0,1,22,0,23,0,0,0,0,0,12,0
60542,1,1,0,12,0,0,4,10,0,0,0,0
60543,1,1,0,0,0,0,0,0,0,0,0,0
60543,2,1,0,0,0,0,0,0,0,0,0,0
60544,1,1,16,5,0,0,12,0,11,0,0,15
60545,1,1,0,0,0,0,0,0,0,0,0,0
60545,2,1,0,0,0,0,0,0,0,0,0,0
60546,1,1,0,36,27,0,13,0,15,0,0,0
60547,0,1,0,0,0,0,0,0,0,0,0,0
60547,1,1,0,0,0,0,0,0,0,0,0,0
60548,1,1,5,5,5,5,5,5,5,5,5,5
60549,1,1,0,0,0,0,0,0,0,0,0,0
60550,1,1,18,18,18,18,18,18,18,18,18,18
60551,1,1,0,0,0,0,0,0,0,0,0,0
60551,2,1,0,0,0,0,7,3,0,0,0,0
60551,3,1,9,9,9,9,9,9,9,9,9,9
60552,1,1,0,0,0,0,0,0,0,0,0,0
60553,1,1,19,19,19,19,19,19,19,19,19,19
60553,2,1,0,0,0,0,0,0,0,0,0,0
60554,1,1,43,43,43,43,43,43,43,43,43,43
60554,2,1,0,0,0,0,0,2,0,0,0,13
60555,1,1,0,0,0,0,0,0,0,0,0,0
60555,2,1,0,0,0,0,0,0,0,0,0,0
60556,1,1,26,26,26,26,26,26,26,26,26,26
60556,2,1,0,0,0,0,0,0,0,0,0,0
60556,3,1,0,0,0,0,0,0,0,0,0,0
60557,0,1,0,0,0,0,0,0,0,0,0,0
60557,1,1,0,0,0,0,0,0,0,0,0,0
60558,1,1,0,0,0,0,0,0,0,0,0,0
60558,2,1,0,0,0,0,0,0,0,0,0,0
60559,0,1,5,5,5,5,5,5,5,5,5,5
60559,1,1,0,0,0,0,0,0,0,0,0,0
60559,2,1,0,2,0,18,0,0,0,19,0,0
60560,1,1,0,0,0,0,0,0,0,0,0,0
60561,1,1,0,0,0,0,0,0,0,0,0,0
60561,2,1,0,0,0,0,0,0,0,0,0,0
60562,0,1,0,0,0,0,0,0,0,0,0,0
60562,1,1,0,0,0,0,0,0,0,0,0,0
60563,1,1,0,0,0,0,0,0,0,0,0,0
60563,2,1,0,0,0,0,0,0,0,0,0,0
60564,0,1,0,0,0,0,0,0,0,0,0,0
60564,1,1,0,0,0,0,0,0,0,0,0,0
60565,1,1,15,15,15,15,15,15,15,15,15,15
60566,1,1,0,0,0,0,0,0,0,0,0,0
60567,1,1,18,18,18,18,18,18,18,18,18,18
60568,0,1,0,0,0,0,0,0,0,0,0,0
60568,1,1,0,0,0,0,14,0,0,0,0,0
60569,1,1,0,0,0,0,0,0,0,0,0,0
60569,2,1,0,0,0,0,0,0,0,0,0,0
60569,3,1,0,0,0,0,0,0,0,0,0,0
60569,4,1,0,0,0,0,0,0,0,0,0,0
60569,5,1,0,0,0,0,0,0,0,0,0,0
60570,1,1,0,0,0,0,0,0,0,0,0,0
60570,2,1,22,22,22,22,22,22,22,22,22,22
60571,1,1,16,16,16,16,16,16,16,16,16,16
60572,1,1,0,0,0,0,0,0,0,0,0,0
60572,2,1,0,0,0,0,0,0,0,0,0,0
60573,0,1,17,17,17,17,17,17,17,17,17,17
60573,1,1,0,0,0,0,0,0,0,0,0,0
60574,1,1,12,12,12,12,12,12,12,12,12,12
60575,1,1,18,18,18,18,18,18,18,18,18,18
60576,1,1,22,22,22,22,22,22,22,22,22,22
60577,1,1,0,0,0,0,0,0,22,0,0,0
60577,2,1,0,0,0,0,0,0,0,0,0,0
60578,1,1,0,0,0,0,0,0,0,0,0,0
60578,2,1,0,0,0,0,0,0,0,0,0,0
60579,1,1,0,0,0,0,0,0,0,0,0,0
60580,1,1,0,0,0,0,11,0,0,0,13,0
60580,2,1,9,9,9,9,9,9,9,9,9,9
60581,1,1,0,0,0,0,0,0,0,0,0,0