ST_CASE,VEH_NO,PER_NO,P1,P2,P3,P4,P5,P6,P7,P8,P9,P10
60582,1,1,10,10,10,10,10,10,10,10,10,10
60583,0,1,0,0,0,0,0,0,0,0,0,0
60583,1,1,0,13,0,16,0,0,0,22,10,17
60584,0,1,0,27,0,0,0,0,0,0,0,0
60584,1,1,0,0,0,0,0,0,0,0,0,0
60585,0,1,6,30,0,0,0,13,12,0,13,0
60585,1,1,0,0,0,0,0,0,0,0,0,0
60586,0,1,0,0,0,0,0,0,0,0,0,0
60586,1,1,0,0,11,0,0,0,0,0,0,0
60586,2,1,0,0,13,0,0,0,0,0,0,0
60587,1,1,11,11,11,11,11,11,11,11,11,11
60587,2,1,17,17,17,17,17,17,17,17,17,17
60588,1,1,0,0,0,0,0,0,0,0,0,0
60589,1,1,0,0,0,0,0,0,0,0,0,0
60589,2,1,0,0,0,0,0,0,0,0,0,0
60590,0,1,0,0,0,0,0,0,0,0,0,0
60590,1,1,0,0,0,0,0,0,0,0,0,0
60591,1,1,0,0,0,0,0,0,0,0,0,0
60591,2,1,0,0,0,0,0,0,0,0,11,0
60592,1,1,0,0,0,0,0,8,0,0,0,0
60592,2,1,0,0,0,0,0,0,0,0,0,0
60593,1,1,0,0,0,0,0,0,0,0,0,0
60593,2,1,0,0,0,0,0,0,0,0,0,0
60594,1,1,22,22,22,22,22,22,22,22,22,22
60595,1,1,0,0,0,0,0,0,0,0,0,0
60595,2,1,0,0,0,0,0,0,0,0,0,0
60595,3,1,0,0,0,0,0,0,0,0,0,0
60596,1,1,0,0,0,0,0,0,0,0,0,0
60596,2,1,0,0,0,0,0,0,0,0,0,0
60597,0,1,26,26,26,26,26,26,26,26,26,26
60597,1,1,0,0,0,0,0,0,0,0,0,0
60598,1,1,0,0,0,0,0,0,0,0,0,0
60599,1,1,0,0,0,0,0,0,0,0,0,0
60599,2,1,0,0,0,0,0,0,0,0,0,0
60599,3,1,0,0,0,0,0,0,0,0,0,0
60600,1,1,21,21,21,21,21,21,21,21,21,21
60601,1,1,0,0,0,0,0,0,0,0,0,0
60602,0,1,0,0,0,0,0,0,0,0,0,0
60602,1,1,0,0,0,0,0,0,0,0,0,0
60603,1,1,18,18,18,18,18,18,18,18,18,18
60604,1,1,0,0,0,0,0,0,0,0,0,0
60604,2,1,19,19,19,19,19,19,19,19,19,19
60605,1,1,0,0,0,0,0,0,0,0,0,0
60605,2,1,0,0,0,0,0,0,0,0,0,0
60606,0,1,0,0,0,0,0,0,0,0,0,0
60606,1,1,0,0,0,0,0,0,0,0,0,0
60607,0,1,35,35,35,35,35,35,35,35,35,35
60607,0,2,22,19,11,30,17,28,0,24,10,31
60607,1,1,0,0,0,0,0,0,0,0,0,0
60608,1,1,0,0,0,0,0,0,0,0,0,0
60609,1,1,34,34,34,34,34,34,34,34,34,34
60609,2,1,2,2,2,2,2,2,2,2,2,2
60610,1,1,10,0,9,10,0,10,0,0,15,7
60610,2,1,0,31,0,0,0,0,0,0,8,0
60610,3,1,41,13,0,18,0,0,0,0,0,17
60611,0,1,0,0,0,0,0,0,0,0,0,0
60611,1,1,12,0,22,0,0,0,0,0,0,0
60612,1,1,0,0,0,0,0,0,0,0,0,0
60613,1,1,16,16,16,16,16,16,16,16,16,16
60614,0,1,0,0,0,0,0,0,0,0,0,0
60614,1,1,0,0,0,0,0,0,0,0,0,0
60615,1,1,21,21,21,21,21,21,21,21,21,21
60616,0,1,19,19,19,19,19,19,19,19,19,19
60616,1,1,0,0,0,0,0,0,0,0,0,0
60617,1,1,0,0,0,0,0,0,0,0,0,0
60618,1,1,0,0,0,0,0,0,0,0,0,0
60618,2,1,0,0,0,0,0,0,0,0,0,0
60619,0,1,29,25,20,34,22,29,18,28,28,41
60619,1,1,0,11,12,0,21,0,45,16,0,16
60620,1,1,0,0,0,3,0,0,0,0,0,0
60621,1,1,20,20,20,20,20,20,20,20,20,20
60622,1,1,0,0,0,0,3,0,0,0,10,0
60622,2,1,0,0,0,0,0,0,0,0,0,0
60622,3,1,0,0,0,0,0,0,0,0,0,0
60623,1,1,0,0,0,0,0,0,0,0,0,0
60623,2,1,0,0,0,0,0,0,0,0,0,0
60624,1,1,9,9,9,9,9,9,9,9,9,9
60625,0,1,0,0,0,0,0,0,0,0,0,0
60625,1,1,0,0,0,0,0,0,0,0,0,0
60626,1,1,12,12,12,12,12,12,12,12,12,12
60627,0,1,30,30,30,30,30,30,30,30,30,30
60627,1,1,0,0,0,0,0,0,0,0,0,0
60628,0,1,38,38,38,38,38,38,38,38,38,38
60628,1,1,0,0,0,0,0,0,0,0,0,0
60629,1,1,18,18,18,18,18,18,18,18,18,18
60629,2,1,0,0,0,0,0,0,0,0,0,0
60630,1,1,0,0,0,0,0,0,0,0,0,0
60630,2,1,0,0,0,0,0,0,28,0,0,0
60631,0,1,0,0,0,0,0,0,0,0,0,0
60631,1,1,14,14,14,14,14,14,14,14,14,14
60632,1,1,36,0,0,0,0,0,19,0,0,0
60632,2,1,0,0,0,0,18,0,0,0,0,0
60633,0,1,12,12,12,12,12,12,12,12,12,12
60633,1,1,0,0,0,0,0,0,0,0,0,0
60634,0,1,21,0,33,11,0,27,0,6,17,21
60634,1,1,15,18,8,0,17,15,3,8,9,4
60635,1,1,21,21,21,21,21,21,21,21,21,21
60636,1,1,0,0,0,0,0,0,0,0,0,0
60637,1,1,20,20,20,20,20,20,20,20,20,20
60638,1,1,0,0,0,0,0,0,0,0,0,0
60638,2,1,0,0,0,0,0,0,0,0,0,0
60639,0,1,20,20,20,20,20,20,20,20,20,20
60639,1,1,0,0,0,0,0,0,0,0,0,0
60640,1,1,0,0,0,0,0,0,0,0,0,0
60641,1,1,0,0,0,0,0,0,0,0,0,0
60642,1,1,0,0,0,0,0,0,0,0,0,0
60643,1,1,12,12,6,0,13,11,16,0,10,13
60644,1,1,0,0,0,0,0,0,0,0,0,0
60644,2,1,0,0,0,0,0,0,0,31,0,0
60645,1,1,36,36,36,36,36,36,36,36,36,36
60645,2,1,0,0,0,0,0,0,0,0,0,0
60646,1,1,0,0,0,0,0,0,0,0,0,0
60646,2,1,0,0,0,0,0,0,0,0,0,0
60646,3,1,12,12,12,12,12,12,12,12,12,12
60647,1,1,0,0,0,0,0,0,0,0,0,0
60648,1,1,0,0,0,0,0,0,0,0,0,0
60648,2,1,0,0,0,0,0,0,0,0,0,0
60649,1,1,0,0,0,0,0,0,0,0,0,0
60649,2,1,0,0,0,0,0,0,0,0,0,0
60649,3,1,0,0,0,0,0,0,0,15,0,0
60649,4,1,0,0,0,0,0,0,0,0,0,0
60650,1,1,17,17,17,17,17,17,17,17,17,17
60651,0,1,21,21,21,21,21,21,21,21,21,21
60651,1,1,15,0,0,6,18,0,9,17,22,16
60652,1,1,0,0,0,0,0,0,0,0,0,0
60652,2,1,0,0,0,8,0,0,0,0,0,0
60653,1,1,0,0,0,0,0,0,0,0,0,0
60653,2,1,0,0,0,0,0,0,0,0,0,0
60654,1,1,0,0,0,0,0,0,0,0,0,0
60655,0,1,0,0,0,0,0,0,0,0,0,0
60655,1,1,0,0,0,0,0,0,0,0,0,0
60656,1,1,0,33,0,17,0,6,0,0,4,27
60656,2,1,30,30,30,30,30,30,30,30,30,30
60657,1,1,14,14,14,14,14,14,14,14,14,14
60658,0,1,0,0,0,0,0,0,0,0,0,0
60658,1,1,0,0,0,0,0,0,0,0,10,0
60659,0,1,22,22,22,22,22,22,22,22,22,22
60659,1,1,0,20,0,0,28,31,0,0,13,0
60660,1,1,14,5,9,19,18,8,20,11,19,14
60660,2,1,8,8,8,8,8,8,8,8,8,8
60661,0,1,0,0,0,0,0,0,0,0,0,0
60661,1,1,0,0,10,0,10,0,0,0,0,14
60662,1,1,0,0,0,0,0,0,0,0,0,0
60663,1,1,0,0,0,0,0,0,0,0,0,0
60663,2,1,0,0,0,0,0,0,0,0,0,0
60664,0,1,0,0,0,0,0,0,0,0,0,0
60664,1,1,0,0,0,0,0,0,0,0,0,0
60665,1,1,0,0,0,0,0,0,0,0,0,0
60665,2,1,0,0,0,0,0,0,0,0,0,0
60666,1,1,0,0,0,0,0,0,0,0,0,0
60666,2,1,0,0,0,0,0,0,0,0,0,0
60666,3,1,0,0,0,0,0,0,0,0,0,0
60667,1,1,0,0,0,0,0,0,0,0,0,0
60667,2,1,0,0,0,0,0,0,0,0,0,0
60668,0,1,15,15,15,15,15,15,15,15,15,15
60668,1,1,0,0,0,0,0,0,0,0,0,0
60669,1,1,16,16,16,16,16,16,16,16,16,16
60670,1,1,0,0,0,0,0,0,0,0,0,0
60670,2,1,0,0,0,0,0,0,0,0,0,0
60671,0,1,0,0,0,0,0,0,0,0,0,0
60671,1,1,0,0,0,0,0,0,0,0,0,0
60672,0,1,27,27,27,27,27,27,27,27,27,27
60672,1,1,0,0,0,0,0,0,0,0,0,3
60673,1,1,0,0,0,0,0,0,0,0,0,0
60673,2,1,14,14,14,14,14,14,14,14,14,14
60673,3,1,0,0,0,0,0,0,0,0,0,0
60674,1,1,0,0,0,0,0,0,0,15,0,0
60675,1,1,0,0,0,0,0,0,0,0,0,0
60676,1,1,18,18,18,18,18,18,18,18,18,18
60677,1,1,0,0,0,0,0,0,0,0,0,0
60678,1,1,0,0,0,0,0,0,0,0,0,0
60678,2,1,0,0,0,0,0,0,0,0,0,0
60679,1,1,0,0,0,0,0,0,0,0,0,0
60680,1,1,0,0,0,0,0,0,0,0,0,0
60680,2,1,0,11,0,0,33,0,0,0,14,0
60680,3,1,0,0,0,0,0,0,0,0,0,0
60680,4,1,8,8,8,8,8,8,8,8,8,8
60681,0,1,16,16,16,16,16,16,16,16,16,16
60681,1,1,0,0,0,0,0,0,0,0,0,0
60681,2,1,0,0,0,28,0,0,0,0,0,0
60682,1,1,25,0,19,0,0,0,0,0,0,31
60682,2,1,0,0,0,0,0,0,0,0,0,0
60683,1,1,0,0,0,0,0,0,0,0,0,0
60683,2,1,0,0,0,0,0,0,0,0,0,0
60683,3,1,0,0,0,0,0,0,0,0,0,0
60684,1,1,0,0,0,0,0,0,0,0,0,21
60685,1,1,0,0,0,0,0,0,0,0,0,0
60686,0,1,3,3,3,3,3,3,3,3,3,3
60686,1,1,0,0,0,0,0,0,0,0,0,0
60687,1,1,0,0,0,0,0,0,0,0,0,0
60688,0,1,0,0,0,0,0,0,0,0,0,0
60688,1,1,0,0,0,0,0,0,0,0,0,0
60689,1,1,0,0,0,0,0,0,0,0,0,0
60690,0,1,33,33,24,13,16,21,12,28,36,18
60690,1,1,0,0,0,0,0,0,26,0,0,0
60691,0,1,6,6,6,6,6,6,6,6,6,6
60691,1,1,11,42,0,0,16,0,0,0,37,2
60692,1,1,0,0,0,0,0,0,0,0,0,0
60692,2,1,0,0,0,0,0,0,0,0,0,0
60693,1,1,15,15,15,15,15,15,15,15,15,15
60694,1,1,0,0,0,0,0,0,0,0,0,0
60695,1,1,20,10,0,0,0,0,16,0,0,0
60696,1,1,19,19,19,19,19,19,19,19,19,19
60697,1,1,0,0,0,0,0,0,0,0,0,0
60697,2,1,3,0,0,0,0,0,0,0,0,0
60698,1,1,31,31,31,31,31,31,31,31,31,31
60699,1,1,0,0,0,0,0,0,0,0,0,0
60700,1,1,0,0,0,0,0,0,0,0,0,0
60701,1,1,28,28,28,28,28,28,28,28,28,28
60702,1,1,0,0,0,0,0,0,0,0,0,0
60703,1,1,13,13,13,13,13,13,13,13,13,13
60704,1,1,29,29,29,29,29,29,29,29,29,29
60704,2,1,0,0,0,0,0,0,0,0,0,1
60705,1,1,0,0,0,0,0,0,0,0,0,0
60705,2,1,0,0,0,0,0,0,0,0,0,0
60706,1,1,0,0,0,0,0,0,0,0,0,0
60706,2,1,0,0,0,0,0,0,0,0,0,0
60707,1,1,0,0,0,0,0,0,0,0,0,0
60708,1,1,0,0,0,0,0,0,0,0,0,0
60709,1,1,18,18,18,18,18,18,18,18,18,18
60709,2,1,0,0,0,0,0,0,0,0,0,0
60710,1,1,0,0,0,0,0,0,0,0,0,0
60711,1,1,6,0,0,0,0,0,0,0,0,0
60712,1,1,0,0,0,0,0,0,0,0,0,0
60712,2,1,0,0,0,0,0,0,0,0,0,0
60712,3,1,0,0,0,4,0,0,0,0,0,0
60713,1,1,14,0,0,0,0,0,0,0,0,0
60713,2,1,0,0,0,0,0,0,0,0,0,0
60714,1,1,34,34,34,34,34,34,34,34,34,34
60715,1,1,0,0,0,0,0,0,0,0,0,0
60716,0,1,0,0,0,0,0,0,0,0,0,0
60716,1,1,0,0,0,0,0,0,0,0,0,0
60717,0,1,0,0,0,0,0,0,0,0,0,0
60717,1,1,0,0,0,0,0,0,0,0,0,0
60718,1,1,0,0,0,0,0,0,0,0,0,0
60718,2,1,0,0,0,0,0,0,0,0,0,0
60719,1,1,0,0,0,0,0,0,0,0,0,0
60719,2,1,0,0,0,0,0,0,0,0,0,0
60719,3,1,0,0,0,0,0,0,0,0,0,0
60720,1,1,2,2,2,2,2,2,2,2,2,2
60721,1,1,0,0,0,0,0,0,0,0,0,0
60722,1,1,13,13,13,13,13,13,13,13,13,13
60723,0,1,0,0,0,0,0,0,0,0,0,0
60723,0,2,0,0,0,0,0,0,0,0,0,0
60723,0,3,0,0,0,0,0,0,0,0,0,0
60723,1,1,0,0,0,0,0,0,0,0,0,0
60724,1,1,0,0,0,0,0,0,0,0,0,0
60724,2,1,0,0,0,0,0,0,0,0,0,0
60724,3,1,0,0,0,0,0,0,0,0,0,0
60725,1,1,0,0,0,0,21,0,0,14,20,0
60725,2,1,0,0,0,0,0,0,0,0,0,0
60726,1,1,0,0,0,0,0,0,0,0,0,0
60726,2,1,0,0,0,0,0,0,0,0,0,0
60727,0,1,0,0,0,0,0,0,0,0,0,0
60727,1,1,0,0,0,0,0,0,0,0,0,0
60728,1,1,21,21,21,21,21,21,21,21,21,21
60729,0,1,0,0,0,0,0,0,0,0,0,0
60729,1,1,9,0,0,21,0,34,0,0,0,0
60730,0,1,0,0,0,0,0,0,0,0,0,0
60730,1,1,0,5,25,18,25,0,0,0,0,21
60731,0,1,0,0,0,0,0,0,0,0,0,0
60731,1,1,0,0,0,0,0,0,0,0,0,0
60732,1,1,13,13,13,13,13,13,13,13,13,13
60733,1,1,18,18,18,18,18,18,18,18,18,18
60734,1,1,0,0,0,0,0,0,0,0,0,0
60735,0,1,0,0,0,0,0,32,0,10,0,0
60735,1,1,0,0,0,0,0,0,0,0,0,0
60736,0,1,18,15,15,0,33,21,0,0,21,0
60736,1,1,0,0,0,0,0,0,0,20,16,13
60737,1,1,34,34,34,34,34,34,34,34,34,34
60738,0,1,0,0,0,0,0,0,0,0,0,0
60738,1,1,0,0,0,0,0,0,0,0,0,0
60739,1,1,14,12,3,25,9,23,18,9,20,24
60740,1,1,0,0,0,0,0,0,0,0,0,0
60740,2,1,0,0,0,0,0,0,0,0,0,0
60741,0,1,0,0,30,0,0,0,0,0,0,0
60741,1,1,0,0,0,0,0,0,0,0,0,0
60742,1,1,0,0,0,0,0,0,0,0,0,0
60742,2,1,0,0,0,0,0,0,0,0,0,0
60743,1,1,24,24,24,24,24,24,24,24,24,24
60744,1,1,0,0,12,0,0,0,0,0,0,0
60745,1,1,24,24,24,24,24,24,24,24,24,24
60746,1,1,0,0,0,0,0,0,0,0,0,0
60746,2,1,0,0,0,0,0,0,0,0,0,0
60747,1,1,0,0,0,0,0,0,0,0,0,0
60748,1,1,0,0,0,0,0,0,0,0,0,0
60749,1,1,0,0,0,0,0,0,0,0,0,0
60749,2,1,0,0,0,0,0,0,0,0,0,0
60750,0,1,27,27,27,27,27,27,27,27,27,27
60750,1,1,13,0,0,0,15,22,0,16,0,15
60751,1,1,0,0,0,0,0,0,0,0,0,0
60751,2,1,3,3,3,3,3,3,3,3,3,3
60752,1,1,18,18,18,18,18,18,18,18,18,18
60753,1,1,0,0,0,0,0,0,0,0,0,0
60753,2,1,0,0,0,0,0,0,0,0,0,0
60754,1,1,0,0,0,0,0,0,0,0,0,0
60755,1,1,0,0,0,0,0,0,0,0,0,0
60755,2,1,0,0,0,0,0,0,0,0,0,0
60756,1,1,4,4,4,4,4,4,4,4,4,4
60756,2,1,0,0,0,0,0,0,0,0,0,0
60757,1,5,0,24,0,0,30,11,0,0,0,0
60758,1,1,0,0,0,0,0,0,0,0,0,0
60758,2,1,0,0,0,0,0,0,0,0,0,0
60759,1,1,0,0,0,0,0,0,0,0,0,0
60759,2,1,0,0,0,0,0,0,0,0,0,0
60760,1,1,0,0,0,0,0,0,0,0,0,0
60760,2,1,0,0,0,0,0,0,0,0,0,0
60761,1,1,0,0,0,0,0,0,0,0,0,0
60761,2,1,0,0,0,0,0,0,8,0,0,0
60762,1,1,0,0,0,0,0,0,0,0,0,0
60762,2,1,0,0,0,0,0,0,0,0,0,0
60763,1,1,0,0,0,0,0,0,0,0,0,0
60763,2,1,0,0,0,0,0,0,0,0,0,0
60763,3,1,0,0,0,0,0,0,0,0,0,0
60764,0,1,0,0,0,0,0,0,0,0,0,0
60764,1,1,0,0,0,0,0,0,0,0,0,0
60765,1,1,0,0,0,0,0,0,0,0,0,0
60765,2,1,0,0,0,0,0,0,0,0,0,0
60766,1,1,24,24,24,24,24,24,24,24,24,24
60767,0,1,0,0,0,0,0,0,0,0,0,0
60767,1,1,0,0,0,0,0,0,0,0,0,0
60768,1,1,11,11,11,11,11,11,11,11,11,11
60769,1,1,12,12,12,12,12,12,12,12,12,12
60770,1,1,0,0,0,0,0,13,0,0,11,0
60770,2,1,0,0,0,0,0,0,0,0,0,0
60771,0,1,0,0,0,0,0,0,0,0,0,0
60771,0,2,0,30,0,13,0,7,0,0,11,0
60771,1,1,0,0,0,0,0,0,0,0,0,0
60772,1,1,0,0,0,0,0,0,0,0,0,0
60772,2,1,0,0,0,0,0,0,0,0,0,0
60773,1,1,10,10,10,10,10,10,10,10,10,10
60773,2,1,0,0,0,8,0,0,0,0,0,0
60774,1,1,0,0,0,0,0,0,0,0,0,0
60775,1,1,19,19,19,19,19,19,19,19,19,19
60776,1,1,2,2,2,2,2,2,2,2,2,2
60776,2,1,0,0,0,0,0,0,0,0,0,0
60776,3,1,3,0,0,0,0,0,0,0,0,0
60777,1,1,0,0,0,0,0,0,0,0,0,0
60778,1,1,0,0,0,0,0,0,0,0,0,0
60779,0,1,26,26,26,26,26,26,26,26,26,26
60779,1,1,0,0,0,0,0,17,0,8,0,0
60780,1,1,1,1,1,1,1,1,1,1,1,1
60781,1,1,22,22,22,22,22,22,22,22,22,22
60782,0,1,0,0,0,0,0,0,0,0,0,0
60782,1,1,0,0,0,0,0,0,7,0,0,0
60783,0,1,0,0,0,0,0,0,0,0,0,0
60783,1,1,0,0,0,0,0,0,0,0,0,0
60784,1,1,6,6,6,6,6,6,6,6,6,6
60785,1,1,24,24,24,24,24,24,24,24,24,24
60786,0,1,0,0,0,0,0,0,0,0,0,0
60786,1,1,0,0,0,0,0,0,0,0,0,0
60787,1,1,0,0,0,0,0,0,0,0,0,0
60788,1,1,0,0,0,0,0,0,0,0,0,0
60789,1,1,20,20,20,20,20,20,20,20,20,20
60790,0,1,13,13,13,13,13,13,13,13,13,13
60790,1,1,0,0,0,0,0,0,0,0,0,0
60790,2,1,0,19,21,0,0,0,0,0,0,0
60790,3,1,0,0,0,14,0,0,20,11,27,0
60791,0,1,0,0,0,0,0,0,0,0,0,0
60791,1,1,0,11,0,0,0,2,6,0,0,0
60791,2,1,2,0,0,0,0,0,0,0,0,0
60792,1,1,15,15,15,15,15,15,15,15,15,15
60793,1,1,0,0,0,0,0,0,0,0,0,0
60793,2,1,0,0,0,0,0,0,0,0,0,0
60794,0,1,0,0,0,0,0,0,0,0,0,0
60794,1,1,0,0,0,0,0,25,0,0,0,0
60795,1,1,0,0,0,0,0,0,0,0,0,0
60795,2,1,0,0,0,0,0,0,0,0,0,0
60795,3,1,0,0,0,0,0,0,0,0,0,0
60796,1,1,15,15,15,15,15,15,15,15,15,15
60797,0,1,49,49,49,49,49,49,49,49,49,49
60797,1,1,0,0,0,0,23,0,34,0,0,29
60797,2,1,0,0,0,0,0,0,0,0,0,0
60798,1,1,20,20,20,20,20,20,20,20,20,20
60799,1,1,10,10,10,10,10,10,10,10,10,10
60800,1,1,0,0,0,0,0,0,0,0,0,0
60801,1,1,0,0,0,0,0,0,0,0,0,0
60802,1,1,0,0,0,0,0,0,0,0,0,0
60803,1,1,0,0,0,0,0,0,0,0,0,0
60803,2,1,0,0,0,0,0,0,0,0,0,0
60803,3,1,0,15,0,0,0,0,0,0,0,0
60803,4,1,0,0,0,0,0,0,0,0,0,0
60804,1,1,24,16,3,0,17,21,0,10,21,3
60804,2,2,0,0,0,0,0,0,0,0,25,0
60805,1,1,0,0,0,0,0,0,0,0,0,0
60806,1,1,0,0,0,0,0,0,0,0,0,0
60807,0,1,0,0,0,10,28,11,0,16,18,0
60807,1,1,0,0,0,0,0,0,0,0,0,10
60807,2,1,0,0,0,0,0,0,0,0,0,0
60808,1,1,0,0,0,0,0,0,0,0,0,0
60808,2,1,0,0,0,0,0,0,0,0,0,0
60809,1,1,0,0,0,0,0,0,0,0,0,0
60809,2,1,0,0,0,0,0,0,0,0,0,0
60810,1,1,18,18,18,18,18,18,18,18,18,18
60810,2,1,0,0,0,0,0,0,0,0,0,0
60811,1,1,0,0,0,0,0,0,0,0,0,0
60811,2,1,0,0,0,0,0,0,0,0,0,0
60812,1,1,0,0,0,0,0,0,0,0,0,0
60812,2,1,0,0,0,0,0,0,0,0,0,0
60813,1,1,0,0,0,0,0,0,0,0,0,0
60814,0,1,0,0,0,0,0,0,0,0,0,0
60814,1,1,23,23,23,23,23,23,23,23,23,23
60815,0,1,0,0,0,0,0,0,15,0,0,0
60815,1,1,0,0,0,0,0,0,0,0,0,0
60816,1,1,0,0,6,13,0,0,0,0,16,0
60817,1,1,37,37,37,37,37,37,37,37,37,37
60818,1,1,4,4,4,4,4,4,4,4,4,4
60818,2,1,0,0,0,0,0,0,0,0,0,0
60819,1,1,23,23,23,23,23,23,23,23,23,23
60820,0,1,0,0,0,0,0,0,0,0,0,0
60820,1,1,0,0,0,0,0,0,0,0,0,0
60821,0,1,10,10,10,10,10,10,10,10,10,10
60821,1,1,0,0,0,0,0,0,0,0,0,6
60822,1,1,15,16,17,10,35,22,12,9,8,15
60823,1,1,5,5,5,5,5,5,5,5,5,5
60824,1,1,16,16,16,16,16,16,16,16,16,16
60824,2,1,0,0,0,0,0,0,0,0,0,0
60825,1,1,27,27,27,27,27,27,27,27,27,27
60826,0,1,0,0,0,0,0,0,0,0,0,0
60826,1,1,0,0,0,0,0,0,0,0,0,0
60827,1,1,0,0,0,0,0,0,0,0,0,0
60827,2,1,0,0,0,0,0,0,0,0,0,10
60828,1,1,0,0,10,0,0,0,0,0,0,0
60828,2,1,0,0,0,0,0,0,0,0,0,13
60829,1,1,0,0,0,0,0,0,0,0,0,0
60830,1,1,3,3,3,3,3,3,3,3,3,3
60830,2,1,14,0,0,0,0,0,0,0,0,0
60831,0,1,0,0,0,0,0,0,0,0,0,0
60831,1,1,0,0,0,0,0,0,0,0,0,0
60832,1,1,24,0,0,0,0,0,0,0,0,0
60832,2,1,0,0,0,0,0,0,0,0,0,0
60833,1,1,0,0,0,0,0,0,0,0,0,0
60834,0,1,0,0,0,0,0,0,0,0,0,0
60834,1,1,0,0,0,0,0,0,0,0,0,0
60835,1,1,0,0,0,0,0,4,0,0,0,0
60836,1,1,19,19,19,19,19,19,19,19,19,19
60836,2,1,0,20,0,0,0,0,0,0,0,0
60837,1,1,0,0,0,0,0,0,0,0,0,0
60837,2,1,0,0,0,0,0,0,0,0,0,0
60838,1,1,0,0,0,0,0,0,0,0,0,0
60838,2,1,0,0,0,0,0,0,0,0,0,0
60838,3,1,0,0,0,0,0,0,0,0,0,0
60839,1,1,7,7,7,7,7,7,7,7,7,7
60840,1,1,16,16,16,16,16,16,16,16,16,16
60841,1,1,0,0,0,0,0,0,0,0,0,0
60842,1,1,0,0,0,0,0,0,0,0,0,0
60842,2,1,3,3,3,3,3,3,3,3,3,3
60842,3,1,0,0,0,0,0,0,0,0,0,0
60843,1,1,0,0,0,0,0,0,0,0,0,0
60844,1,1,0,0,0,0,0,0,0,0,0,0
60844,2,1,0,0,4,0,0,0,0,0,0,0
60845,1,1,28,28,28,28,28,28,28,28,28,28
60846,0,1,0,0,0,0,0,0,0,0,0,0
60846,1,1,0,0,0,0,0,0,0,0,0,0
60847,1,1,0,0,0,0,0,0,0,0,0,0
60847,2,1,0,0,0,0,0,0,18,0,0,0
60848,1,1,0,0,0,0,0,0,0,0,0,0
60848,2,1,0,0,0,0,0,0,0,0,0,0
60849,1,1,18,18,18,18,18,18,18,18,18,18
60850,0,1,0,0,0,0,0,0,0,0,0,0
60850,1,1,0,0,0,0,0,0,0,6,0,0
60851,1,1,26,26,26,26,26,26,26,26,26,26
60852,1,1,22,22,22,22,22,22,22,22,22,22
60852,2,1,0,0,0,0,0,0,0,0,0,0
60852,3,1,15,0,0,0,0,0,0,0,0,18
60853,1,1,0,0,0,0,0,0,0,0,0,0
60853,2,1,0,0,0,0,0,0,0,0,0,0
60854,1,1,0,0,0,0,13,0,25,5,0,0
60855,0,1,0,0,0,0,0,0,0,0,0,0
60856,1,1,0,0,0,0,0,0,0,0,0,0
60856,2,1,0,0,16,0,0,0,0,0,0,0
60857,1,1,0,0,0,0,0,0,0,0,0,0
60857,2,1,0,0,0,0,0,0,0,0,0,0
60858,1,1,14,14,14,14,14,14,14,14,14,14
60858,2,1,0,0,0,0,0,0,0,0,0,0
60858,3,1,0,0,0,0,0,0,0,0,0,0
60858,4,1,0,0,0,7,12,0,0,0,0,0
60859,1,1,0,0,0,0,0,0,0,0,0,0
60860,1,1,0,0,0,0,0,0,0,0,0,0
60861,1,1,0,0,0,0,0,0,0,0,0,0
60862,1,1,16,16,16,16,16,16,16,16,16,16
60862,2,1,0,0,0,0,0,0,0,0,0,0
60862,3,1,0,0,0,0,0,0,0,0,0,0
60863,1,1,0,0,0,0,0,0,0,0,0,0
60864,1,1,3,3,3,3,3,3,3,3,3,3
60864,2,1,8,0,0,6,0,30,0,0,0,0
60865,1,1,0,0,0,0,0,0,0,0,0,0
60866,1,1,27,27,27,27,27,27,27,27,27,27
60866,2,1,0,0,0,0,0,0,0,0,0,0
60867,1,1,0,0,0,0,0,0,0,0,22,0
60867,2,1,0,0,0,0,0,0,0,0,0,0
60868,1,1,11,11,11,11,11,11,11,11,11,11
60868,2,1,0,0,0,5,0,0,0,0,0,0
60869,1,1,0,0,0,0,0,0,0,0,0,0
60870,0,1,0,15,0,0,0,0,0,0,0,0
60870,1,1,0,0,0,0,0,0,0,0,0,0
60871,1,1,0,0,0,0,0,0,0,0,0,0
60872,1,1,0,0,0,0,0,0,0,0,0,0
60873,0,1,36,36,36,36,36,36,36,36,36,36
60873,1,1,0,0,0,0,0,0,0,0,0,0
60874,1,1,0,0,0,0,0,0,0,0,0,0
60874,2,1,0,0,0,0,0,0,0,0,0,0
60875,1,1,0,0,0,0,0,0,0,0,0,0
60876,1,1,14,23,0,0,0,9,4,0,0,0
60877,1,1,11,11,11,11,11,11,11,11,11,11
60878,1,1,0,0,0,0,0,0,0,0,0,0
60879,1,1,0,0,0,0,0,0,0,0,0,0
60879,2,1,0,0,0,0,0,0,0,0,0,0
60880,1,1,21,21,21,21,21,21,21,21,21,21
60881,1,1,0,0,0,0,0,0,0,0,0,0
60882,1,1,0,0,0,0,0,0,0,0,0,0
60883,1,1,11,11,11,11,11,11,11,11,11,11
60884,1,1,0,0,0,0,0,0,0,0,0,0
60885,1,1,0,0,0,0,0,0,0,0,0,0
60886,1,1,0,0,0,0,0,0,0,0,0,0
60887,1,1,0,0,0,0,0,0,0,0,0,0
60888,0,1,0,0,0,0,0,0,0,0,0,0
60888,1,1,0,0,0,0,0,0,0,0,0,0
60889,1,1,14,14,14,14,14,14,14,14,14,14