ST_CASE,VEH_NO,PER_NO,P1,P2,P3,P4,P5,P6,P7,P8,P9,P10
60890,1,1,14,14,14,14,14,14,14,14,14,14
60890,2,1,0,0,0,0,0,0,0,0,0,0
60891,1,1,0,0,0,0,0,0,0,0,0,0
60892,1,1,0,0,0,0,0,0,0,0,0,0
60892,2,1,0,0,0,0,0,0,0,0,0,0
60893,1,1,0,0,0,0,0,0,0,0,0,0
60893,2,1,0,0,0,22,0,0,0,0,0,0
60894,1,1,0,0,0,0,0,0,0,0,0,0
60894,2,1,0,0,0,0,0,0,0,0,0,0
60894,3,1,0,0,7,0,0,2,0,0,0,0
60895,1,1,0,0,0,0,0,0,0,0,0,0
60896,1,1,14,14,14,14,14,14,14,14,14,14
60896,2,1,13,0,0,0,0,0,0,0,0,0
60897,1,1,0,0,0,0,0,0,0,0,0,0
60897,2,1,0,0,0,0,0,0,0,0,0,0
60898,1,1,0,0,0,0,0,0,0,0,0,0
60898,2,1,0,0,0,0,0,0,0,0,0,0
60899,1,1,0,0,0,0,0,0,0,0,0,0
60899,2,1,0,0,0,0,12,0,0,0,0,31
60900,1,1,17,17,17,17,17,17,17,17,17,17
60900,2,1,0,0,0,0,0,0,0,0,0,0
60901,1,1,0,8,0,0,4,0,0,0,0,0
60902,1,1,0,0,0,0,0,0,0,0,0,0
60903,1,1,0,0,0,0,0,0,0,0,0,0
60903,2,1,0,0,0,0,0,0,0,0,0,0
60904,1,1,0,0,0,0,0,0,0,2,0,0
60904,2,1,0,0,0,0,0,0,0,0,0,0
60905,0,1,0,0,0,0,0,0,0,0,0,0
60905,1,1,0,0,4,20,0,0,0,0,0,0
60906,1,1,0,0,0,0,0,0,0,0,0,0
60907,1,1,0,0,0,0,0,0,0,0,0,0
60908,1,1,6,6,6,6,6,6,6,6,6,6
60909,1,1,0,0,0,0,0,0,0,0,0,0
60910,1,1,0,0,0,0,16,0,25,27,0,14
60911,1,1,2,2,2,2,2,2,2,2,2,2
60912,1,1,33,33,33,33,33,33,33,33,33,33
60912,2,1,9,0,0,0,0,0,0,0,0,0
60913,1,1,0,0,0,0,0,0,0,0,0,0
60913,2,1,0,0,0,0,0,0,0,0,0,0
60914,0,1,14,14,14,14,14,14,14,14,14,14
60914,0,2,17,0,0,0,36,0,0,0,0,0
60914,1,1,0,0,0,0,0,0,0,0,0,0
60915,1,1,0,0,0,0,0,0,0,0,0,0
60916,0,1,0,0,0,0,0,0,0,0,0,0
60916,1,1,0,0,0,0,0,0,0,0,0,0
60917,0,1,0,0,0,0,0,0,0,0,0,0
60917,1,1,0,0,0,0,0,0,0,0,0,0
60918,1,1,17,17,17,17,17,17,17,17,17,17
60919,0,1,26,0,19,0,15,0,0,19,0,0
60919,1,1,0,0,0,0,0,0,0,0,0,0
60920,1,1,0,0,0,0,0,0,0,0,0,0
60921,0,1,0,0,0,0,0,0,0,0,0,0
60921,1,1,0,0,0,0,0,0,0,0,0,0
60922,1,1,31,31,31,31,31,31,31,31,31,31
60923,1,1,0,0,0,0,0,0,0,0,0,0
60923,2,1,0,0,0,0,0,0,0,0,0,0
60924,1,1,0,0,0,0,0,0,0,0,0,0
60925,1,1,19,19,19,19,19,19,19,19,19,19
60926,1,1,14,14,14,14,14,14,14,14,14,14
60926,2,1,5,5,5,5,5,5,5,5,5,5
60927,1,1,0,0,0,0,0,0,0,0,0,0
60927,2,1,4,4,4,4,4,4,4,4,4,4
60928,1,1,15,15,15,15,15,15,15,15,15,15
60928,2,1,0,0,0,0,0,0,0,0,0,0
60929,1,2,2,2,2,2,2,2,2,2,2,2
60930,0,1,0,0,0,0,0,0,0,0,0,0
60930,1,1,0,0,0,0,0,0,0,0,0,0
60931,1,1,0,0,0,0,0,0,0,0,0,0
60932,0,1,0,0,0,0,0,0,0,0,0,0
60932,0,2,0,0,0,0,0,0,0,0,0,0
60932,1,1,0,0,0,0,0,0,0,0,0,0
60933,1,1,27,27,27,27,27,27,27,27,27,27
60933,2,1,0,0,0,0,0,0,0,0,0,0
60934,0,1,24,24,24,24,24,24,24,24,24,24
60934,1,1,0,0,0,0,16,0,0,0,0,0
60934,2,1,0,0,0,0,0,0,0,0,0,0
60935,1,1,4,4,4,4,4,4,4,4,4,4
60936,1,1,20,20,20,20,20,20,20,20,20,20
60937,1,1,11,11,11,11,11,11,11,11,11,11
60938,1,1,3,10,0,0,0,0,0,0,0,0
60938,2,1,0,0,0,0,0,0,0,0,0,0
60939,1,1,0,0,0,0,0,0,0,0,0,0
60939,2,1,0,0,0,0,0,0,0,0,0,0
60940,1,1,0,0,0,0,0,0,0,0,0,0
60941,1,1,0,0,0,0,0,0,0,0,0,0
60942,0,1,0,0,0,0,0,0,0,0,0,0
60942,0,2,0,0,0,0,0,0,0,0,0,0
60942,0,3,0,0,0,0,0,0,0,0,0,0
60942,1,1,0,0,0,0,0,0,0,0,0,0
60942,2,1,0,0,0,0,0,0,0,0,0,0
60942,3,1,0,0,0,0,0,0,0,0,0,0
60943,1,1,0,0,0,0,0,0,0,0,0,0
60944,1,1,7,7,7,7,7,7,7,7,7,7
60945,0,1,38,38,38,38,38,38,38,38,38,38
60945,1,1,0,0,0,0,0,0,0,15,0,0
60946,0,1,7,7,7,7,7,7,7,7,7,7
60946,1,1,0,0,0,0,0,0,0,0,0,0
60946,2,1,13,13,13,13,13,13,13,13,13,13
60947,0,1,18,18,18,18,18,18,18,18,18,18
60947,1,1,13,16,0,19,22,0,0,0,0,31
60948,0,1,18,18,18,18,18,18,18,18,18,18
60948,1,1,0,28,0,0,20,0,11,0,0,13
60949,1,1,13,13,13,13,13,13,13,13,13,13
60949,2,1,15,15,15,15,15,15,15,15,15,15
60950,1,1,22,22,22,22,22,22,22,22,22,22
60951,0,1,0,0,0,0,0,12,0,10,11,9
60951,1,1,0,0,0,0,0,0,0,0,0,0
60952,1,1,32,32,32,32,32,32,32,32,32,32
60953,1,1,0,0,0,0,0,0,0,0,0,0
60953,2,1,0,0,0,0,0,0,0,0,0,0
60954,1,1,20,20,20,20,20,20,20,20,20,20
60955,1,1,11,11,11,11,11,11,11,11,11,11
60956,1,1,11,11,11,11,11,11,11,11,11,11
60957,1,1,23,23,23,23,23,23,23,23,23,23
60958,1,1,0,0,0,13,0,0,0,0,0,17
60958,2,1,0,0,0,6,0,0,0,0,0,6
60959,0,1,0,0,0,0,0,0,0,0,0,0
60959,1,1,0,0,0,32,10,0,21,0,15,0
60960,1,1,0,0,0,0,0,0,0,0,0,0
60960,2,1,0,0,0,0,0,0,0,0,0,0
60961,0,1,0,0,0,0,0,0,0,0,0,0
60961,1,1,0,6,0,0,0,0,0,0,0,0
60962,1,1,0,0,0,0,0,0,0,0,0,0
60963,1,1,0,0,0,0,0,0,0,0,0,0
60964,1,1,19,19,19,19,19,19,19,19,19,19
60965,0,1,21,21,21,21,21,21,21,21,21,21
60965,1,1,14,8,0,0,0,0,0,0,10,21
60966,1,1,17,17,17,17,17,17,17,17,17,17
60967,1,1,0,0,0,0,0,0,0,0,0,0
60967,2,1,0,0,0,0,0,0,0,0,0,0
60968,1,1,0,0,0,0,0,0,0,0,0,0
60968,2,1,0,0,0,0,0,0,0,0,0,0
60969,0,1,0,0,0,0,0,0,0,0,0,0
60969,1,1,0,0,0,0,0,0,0,0,0,0
60969,2,1,0,0,0,0,0,0,0,0,0,0
60970,0,1,0,0,0,0,0,0,0,0,0,0
60970,1,1,0,0,0,0,0,0,0,0,0,0
60971,0,1,6,6,6,6,6,6,6,6,6,6
60971,1,1,0,0,22,0,0,0,0,0,0,0
60972,1,1,11,11,11,11,11,11,11,11,11,11
60973,0,1,0,0,0,0,0,0,0,0,0,0
60973,1,1,0,17,0,0,0,0,0,22,0,25
60974,1,1,34,34,34,34,34,34,34,34,34,34
60975,1,1,0,0,0,0,0,0,0,0,0,0
60976,0,1,27,27,27,27,27,27,27,27,27,27
60976,1,1,0,0,0,26,0,0,0,0,0,0
60977,1,1,0,0,0,0,0,0,0,0,0,0
60978,1,1,0,0,0,0,0,25,25,0,0,16
60979,1,1,20,20,20,20,20,20,20,20,20,20
60979,2,1,0,0,0,0,0,0,0,0,0,0
60980,1,1,0,0,0,0,0,0,0,0,0,0
60980,2,1,0,0,0,0,0,0,0,0,0,0
60981,1,1,3,3,3,3,3,3,3,3,3,3
60981,2,1,0,0,0,0,0,0,0,0,0,16
60982,1,1,43,43,43,43,43,43,43,43,43,43
60983,0,1,0,0,0,0,0,0,0,0,0,0
60983,1,1,0,0,0,0,0,20,0,0,0,0
60984,0,1,23,23,23,23,23,23,23,23,23,23
60984,1,1,0,3,5,0,0,0,15,0,0,0
60985,0,1,22,22,22,22,22,22,22,22,22,22
60985,1,1,0,0,0,0,0,0,0,0,0,0
60986,0,1,8,8,8,8,8,8,8,8,8,8
60986,1,1,0,0,0,0,0,0,0,0,0,0
60987,0,1,25,25,25,25,25,25,25,25,25,25
60987,1,1,0,0,21,0,24,16,0,21,25,21
60988,1,1,27,27,27,27,27,27,27,27,27,27
60989,1,1,22,22,22,22,22,22,22,22,22,22
60989,2,1,0,0,0,0,0,0,0,0,0,0
60990,1,1,0,0,0,0,0,0,0,0,0,0
60991,0,1,21,21,21,21,21,21,21,21,21,21
60991,1,1,0,0,10,0,0,0,0,13,0,0
60992,1,1,0,0,0,0,0,0,0,0,0,0
60992,2,1,0,0,0,0,0,0,0,0,10,0
60993,1,1,15,15,15,15,15,15,15,15,15,15
60993,2,1,0,0,0,0,0,0,0,0,0,0
60994,0,1,0,0,0,0,0,0,0,0,0,0
60994,1,1,0,0,0,0,0,0,0,0,0,0
60995,0,1,0,0,0,0,0,0,0,0,0,0
60995,1,1,12,9,0,17,33,24,0,16,0,10
60996,1,1,0,0,0,0,0,0,0,0,0,0
60997,1,1,16,16,16,16,16,16,16,16,16,16
60997,2,1,0,0,0,0,0,0,0,0,0,0
60997,3,1,0,0,0,0,0,0,0,0,0,0
60998,1,1,8,8,8,8,8,8,8,8,8,8
60999,1,1,15,15,15,15,15,15,15,15,15,15
61000,1,1,0,0,0,0,0,0,0,0,0,0
61001,0,1,0,0,0,0,0,0,0,0,0,0
61001,0,2,0,0,0,0,0,0,0,0,0,0
61001,1,1,8,8,8,8,8,8,8,8,8,8
61002,1,1,0,0,0,0,0,0,0,0,0,0
61003,0,1,0,0,0,0,0,0,28,0,0,0
61003,1,1,0,0,0,0,0,0,0,0,0,0
61004,1,1,0,0,0,0,0,0,0,0,0,0
61004,2,1,0,0,0,22,0,0,0,0,0,13
61005,0,1,4,4,4,4,4,4,4,4,4,4
61005,1,1,0,0,0,0,0,0,0,0,0,0
61006,0,1,34,34,34,34,34,34,34,34,34,34
61006,1,1,0,8,0,0,0,0,0,0,0,0
61006,2,1,0,0,0,0,0,0,0,0,0,0
61007,1,1,0,0,0,9,0,25,0,0,0,0
61007,2,1,0,0,0,0,0,0,0,0,0,0
61007,4,1,9,9,9,9,9,9,9,9,9,9
61008,0,1,0,0,0,0,0,0,0,0,0,0
61008,1,1,0,5,0,0,0,21,14,0,0,0
61009,1,1,0,0,0,7,0,11,0,0,0,0
61010,1,1,0,0,0,0,0,0,0,0,0,0
61010,2,1,0,0,0,0,0,0,0,0,0,0
61011,1,1,0,0,0,0,0,0,0,0,0,0
61012,1,1,0,0,0,0,0,0,0,0,0,0
61012,2,1,0,0,0,0,0,0,0,0,0,0
61013,1,1,4,4,4,4,4,4,4,4,4,4
61014,0,1,0,0,0,0,0,0,0,0,0,0
61014,1,1,0,0,9,0,0,0,0,0,0,0
61015,0,1,0,0,0,0,0,0,0,0,0,0
61015,1,1,0,0,0,0,0,0,0,0,0,0
61016,1,1,0,0,0,0,0,0,0,0,0,0
61016,2,1,0,0,0,0,0,0,0,0,0,0
61017,1,1,0,0,0,0,0,0,0,0,0,0
61017,2,1,0,0,0,0,0,0,0,0,0,0
61018,1,1,0,0,0,0,0,0,0,0,0,0
61018,2,1,0,0,0,0,0,0,0,0,0,0
61019,1,1,23,23,23,23,23,23,23,23,23,23
61019,2,1,0,0,0,0,0,0,0,0,0,0
61020,1,1,16,16,16,16,16,16,16,16,16,16
61020,2,1,0,0,0,7,0,0,0,0,0,0
61021,1,1,23,23,23,23,23,23,23,23,23,23
61022,1,1,9,9,9,9,9,9,9,9,9,9
61023,1,1,0,0,0,0,0,0,0,0,0,0
61024,1,1,12,12,12,12,12,12,12,12,12,12
61025,1,1,30,30,30,30,30,30,30,30,30,30
61026,1,1,10,10,10,10,10,10,10,10,10,10
61027,0,1,0,0,0,0,0,0,0,0,0,0
61027,1,1,0,0,0,0,0,0,0,36,0,0
61028,1,1,0,0,0,0,0,0,12,0,10,0
61028,2,1,17,17,17,17,17,17,17,17,17,17
61028,3,1,0,0,0,0,0,0,0,0,0,0
61028,4,1,0,0,0,0,0,28,0,6,0,0
61029,1,1,17,0,30,0,21,15,16,14,0,0
61030,1,1,15,15,15,15,15,15,15,15,15,15
61031,1,1,0,0,0,0,0,0,0,0,0,0
61031,2,1,0,0,0,0,0,0,0,0,0,0
61031,3,1,0,0,0,0,0,0,0,0,0,0
61031,4,1,0,0,0,0,0,0,6,0,0,0
61032,1,1,13,13,13,13,13,13,13,13,13,13
61033,0,1,0,0,0,0,0,0,0,0,0,0
61033,1,1,0,0,0,0,0,0,0,0,0,0
61034,1,1,0,0,0,0,0,0,0,0,0,0
61034,2,1,0,0,0,0,0,0,0,0,0,0
61034,3,1,4,4,4,4,4,4,4,4,4,4
61035,0,1,0,0,0,0,0,0,0,0,0,0
61035,1,1,0,0,0,0,0,0,0,0,0,0
61036,0,1,20,20,20,20,20,20,20,20,20,20
61036,1,1,0,0,0,0,0,9,0,0,9,28
61037,0,1,20,20,20,20,20,20,20,20,20,20
61037,1,1,0,0,17,0,0,18,9,14,0,0
61038,0,1,0,0,0,0,0,0,0,0,0,0
61038,1,1,0,0,0,0,0,0,0,0,0,0
61039,1,1,24,24,24,24,24,24,24,24,24,24
61040,1,1,0,0,0,0,0,0,0,0,0,0
61040,2,1,0,0,0,0,0,0,0,0,0,0
61040,3,1,0,0,0,0,0,0,4,0,0,6
61041,1,1,0,0,0,0,0,0,0,0,0,0
61042,1,1,17,17,17,17,17,17,17,17,17,17
61043,0,1,0,0,0,0,0,0,0,0,0,0
61043,1,1,0,0,0,0,0,0,0,0,0,0
61044,1,1,0,0,0,0,0,0,0,0,0,0
61045,1,1,0,0,3,0,0,0,0,0,0,0
61045,2,1,0,0,0,0,0,0,0,0,0,0
61046,1,1,15,15,15,15,15,15,15,15,15,15
61046,2,1,0,0,0,0,0,0,0,0,0,0
61046,3,1,0,0,0,0,0,0,0,0,0,0
61047,0,1,0,0,0,0,0,0,0,0,0,0
61047,1,1,0,0,0,0,0,0,0,16,0,0
61048,0,1,0,0,0,0,0,0,0,0,0,0
61048,1,1,0,0,0,0,0,0,0,0,0,0
61049,1,1,0,0,0,0,0,0,0,0,0,0
61050,1,1,0,0,0,0,0,0,0,0,0,0
61050,2,1,0,0,0,0,0,0,0,0,0,0
61051,1,1,0,0,0,0,0,0,0,0,0,0
61052,1,1,18,18,18,18,18,18,18,18,18,18
61052,2,1,0,0,0,0,0,0,0,0,0,0
61052,3,1,0,0,0,0,0,0,0,0,0,0
61053,0,1,28,28,28,28,28,28,28,28,28,28
61053,1,1,8,0,14,0,0,0,0,0,0,0
61054,0,1,0,0,0,0,0,0,0,0,0,0
61054,1,1,10,10,10,10,10,10,10,10,10,10
61055,0,1,0,0,0,0,0,0,0,0,0,0
61055,1,1,0,0,0,0,0,0,0,0,0,0
61056,1,1,0,0,0,0,0,0,0,0,0,0
61056,2,1,0,0,0,0,0,0,0,0,0,0
61056,3,1,0,0,0,0,0,0,0,0,0,0
61056,4,1,0,27,0,8,0,0,0,0,4,23
61057,0,1,2,2,2,2,2,2,2,2,2,2
61058,1,1,17,17,17,17,17,17,17,17,17,17
61059,0,1,0,0,0,0,0,0,0,0,0,0
61059,1,1,0,0,0,0,0,0,0,15,0,0
61060,1,1,0,0,0,0,0,0,0,0,0,0
61060,2,1,0,0,0,0,0,0,0,0,0,0
61061,1,1,0,0,0,0,0,0,0,0,0,0
61061,2,1,14,0,0,0,0,0,0,0,0,0
61062,0,1,26,29,11,25,7,30,13,38,11,10
61062,1,1,0,0,0,0,0,0,20,0,0,21
61063,1,1,8,8,8,8,8,8,8,8,8,8
61064,1,1,20,20,20,20,20,20,20,20,20,20
61065,0,1,23,23,23,23,23,23,23,23,23,23
61065,1,1,0,42,0,0,0,0,0,0,34,5
61065,2,1,0,0,0,0,0,0,0,0,0,16
61066,1,1,0,0,0,0,0,0,0,0,0,0
61066,2,1,5,5,5,5,5,5,5,5,5,5
61067,1,1,0,0,0,0,0,0,0,0,0,0
61068,1,1,0,0,0,0,0,0,0,0,0,0
61068,2,1,0,0,4,0,0,0,0,0,0,0
61069,1,1,21,0,13,0,16,0,0,0,0,0
61070,1,1,0,0,0,0,0,0,0,0,0,0
61071,1,1,45,45,45,45,45,45,45,45,45,45
61071,2,1,0,0,0,11,0,0,0,0,0,0
61072,1,1,7,7,7,7,7,7,7,7,7,7
61073,0,1,0,0,0,0,0,0,0,0,0,0
61073,1,1,0,0,0,0,0,0,0,28,0,0
61074,1,1,18,18,18,18,18,18,18,18,18,18
61074,2,1,0,7,0,0,0,0,0,0,0,0
61075,0,1,9,10,0,28,19,18,26,25,23,17
61075,1,1,0,0,0,0,0,0,0,0,5,0
61076,1,1,8,8,8,8,8,8,8,8,8,8
61077,1,1,0,0,0,0,0,0,0,0,0,0
61078,1,1,0,0,0,0,0,0,0,0,0,0
61078,2,1,0,0,0,0,0,3,0,0,0,0
61079,1,1,15,15,15,15,15,15,15,15,15,15
61080,1,1,35,35,35,35,35,35,35,35,35,35
61081,1,1,0,0,0,0,0,0,0,0,0,0
61081,2,1,0,0,0,0,0,0,0,0,0,0
61082,1,1,0,0,0,0,0,0,0,0,0,0
61083,1,1,0,0,0,0,0,0,0,0,0,0
61083,2,1,0,0,0,0,25,0,7,0,0,0
61083,3,1,0,0,0,0,0,0,0,0,0,0
61084,0,1,0,0,0,0,0,0,0,0,0,0
61084,1,1,0,0,0,0,0,0,0,0,0,0
61085,0,1,0,0,0,0,0,0,0,0,0,0
61085,1,1,12,12,12,12,12,12,12,12,12,12
61086,1,1,0,0,0,0,0,0,0,0,0,0
61087,1,1,0,0,0,0,0,0,0,0,0,0
61088,1,1,0,0,0,0,0,0,0,0,0,0
61088,2,1,15,0,0,0,0,0,0,0,26,0
61088,3,1,0,0,0,0,0,9,0,3,0,9
61089,1,1,19,19,19,19,19,19,19,19,19,19
61089,2,1,0,0,0,0,0,0,0,0,0,13
61090,0,1,19,19,19,19,19,19,19,19,19,19
61090,1,1,0,0,0,0,0,0,0,0,0,0
61091,1,1,0,0,0,0,0,0,0,0,0,0
61092,1,1,30,30,30,30,30,30,30,30,30,30
61093,0,1,0,0,0,0,0,0,0,0,0,0
61093,1,1,0,0,0,0,0,0,0,0,0,0
61094,0,1,0,0,0,0,0,0,0,0,0,0
61094,1,1,0,0,0,0,0,0,0,0,0,0
61095,0,1,0,0,0,0,0,0,0,0,0,0
61095,1,1,0,18,17,0,0,0,0,0,0,0
61096,1,1,0,0,0,0,0,0,0,0,0,0
61096,2,1,0,0,0,0,0,0,0,0,0,0
61097,1,1,4,4,4,4,4,4,4,4,4,4
61097,2,1,0,0,0,0,0,0,0,0,0,0
61098,0,1,18,20,20,15,19,0,0,0,0,0
61098,1,1,0,0,0,0,0,0,0,0,0,0
61099,1,1,0,0,0,0,0,0,0,0,0,0
61100,0,1,0,0,0,0,0,0,0,0,0,0
61100,1,1,0,0,0,0,0,0,0,0,0,0
61101,0,1,0,0,0,0,0,0,0,0,0,0
61101,1,1,0,0,0,0,0,0,18,0,0,0
61102,1,1,0,0,0,0,0,0,0,0,0,0
61103,1,1,15,15,15,15,15,15,15,15,15,15
61103,2,1,0,16,0,0,0,4,0,0,0,0
61104,0,1,0,0,0,0,0,0,0,0,0,0
61104,1,1,0,0,0,0,0,0,23,10,0,14
61105,0,1,0,0,0,0,0,0,0,0,0,0
61105,1,1,0,0,24,0,0,0,0,0,0,13
61106,1,1,12,12,12,12,12,12,12,12,12,12
61106,2,1,0,0,0,0,0,0,0,0,0,19
61106,3,1,0,0,0,0,0,0,6,0,0,0
61107,1,1,0,0,0,0,0,0,0,0,0,0
61107,2,1,0,0,0,0,0,7,0,0,0,0
61108,1,1,6,6,6,6,6,6,6,6,6,6
61109,1,1,0,0,0,0,0,0,0,0,0,0
61110,1,1,0,0,0,0,0,0,0,0,0,0
61112,0,1,0,0,0,0,0,0,0,0,0,0
61112,1,1,0,0,0,0,0,0,0,0,0,0
61113,0,1,0,0,0,0,0,0,0,0,0,0
61113,1,1,0,0,0,0,0,0,0,0,0,0
61114,1,1,0,0,0,0,0,0,0,0,0,0
61115,0,1,15,15,15,15,15,15,15,15,15,15
61115,1,1,15,15,15,15,15,15,15,15,15,15
61116,1,2,0,0,0,0,0,0,0,0,0,0
61117,1,1,0,0,0,0,0,0,0,0,0,0
61117,2,1,3,3,3,3,3,3,3,3,3,3
61118,0,1,0,0,0,0,0,0,0,0,0,0
61118,1,1,0,0,0,0,0,0,0,6,0,0
61119,1,1,0,0,0,0,0,16,0,0,17,0
61120,0,1,33,33,33,33,33,33,33,33,33,33
61120,1,1,17,14,0,13,14,15,0,14,0,0
61121,0,1,0,0,0,0,0,0,0,0,0,0
61121,1,1,0,0,0,0,0,0,0,0,0,0
61122,1,1,9,9,9,9,9,9,9,9,9,9
61122,2,1,0,0,0,0,0,0,0,0,0,0
61123,1,1,13,13,13,13,13,13,13,13,13,13
61123,2,1,0,0,0,0,0,0,0,0,0,0
61123,3,1,0,0,0,0,28,0,0,0,0,0
61124,1,1,0,0,0,0,0,0,0,0,0,0
61125,1,1,10,10,10,10,10,10,10,10,10,10
61126,1,1,19,19,19,19,19,19,19,19,19,19
61127,1,1,0,0,0,0,0,0,0,0,0,0
61128,1,1,0,0,0,0,0,0,0,0,0,12
61129,1,1,0,0,0,0,0,0,0,0,0,0
61129,2,1,0,0,0,0,0,0,0,0,0,0
61130,0,1,9,9,9,9,9,9,9,9,9,9
61130,0,2,15,0,0,18,30,20,0,39,22,21
61130,0,3,0,29,18,26,0,0,40,19,12,7
61130,0,4,14,0,0,21,24,0,0,21,24,17
61130,1,1,12,12,12,12,12,12,12,12,12,12
61130,2,1,0,11,0,0,0,0,0,0,0,0
61130,3,1,0,0,20,0,0,0,8,0,0,0
61131,1,1,0,0,0,0,0,0,0,0,0,0
61132,1,1,2,2,2,2,2,2,2,2,2,2
61133,0,1,36,20,34,0,0,0,0,27,9,0
61133,1,1,0,0,0,0,0,0,0,0,0,0
61134,1,1,0,0,0,0,0,0,0,0,0,0
61135,1,1,0,0,0,0,0,0,0,0,0,0
61135,2,1,0,0,0,0,0,0,0,0,0,0
61136,0,1,0,0,0,0,0,0,0,0,0,0
61136,1,1,0,0,13,0,0,0,0,0,0,19
61137,1,1,9,0,0,0,0,0,0,0,0,0
61137,2,1,0,0,0,0,0,0,0,0,0,0
61138,1,1,0,0,0,0,0,0,0,0,0,0
61138,2,1,0,0,0,0,0,0,0,0,0,0
61139,1,1,23,23,23,23,23,23,23,23,23,23
61139,2,1,0,0,0,0,0,0,0,0,0,0
61140,1,1,26,26,26,26,26,26,26,26,26,26
61140,2,1,0,0,0,0,21,15,0,0,0,5
61141,1,1,20,20,20,20,20,20,20,20,20,20
61142,1,1,32,32,32,32,32,32,32,32,32,32
61143,0,1,0,0,0,0,0,0,0,0,0,0
61143,1,1,0,0,0,0,0,0,0,0,0,0
61144,1,1,0,0,0,0,0,0,0,0,0,0
61145,1,1,0,0,0,0,0,0,0,0,0,0
61145,2,1,0,0,0,0,0,12,0,0,0,0
61146,1,1,0,0,0,0,0,0,0,0,0,0
61146,2,1,0,0,0,0,0,0,0,0,0,13
61147,1,1,36,36,36,36,36,36,36,36,36,36
61147,2,1,0,0,0,0,0,0,0,0,0,22
61147,3,1,0,0,0,0,0,0,0,0,0,0
61148,1,1,25,25,25,25,25,25,25,25,25,25
61149,0,1,0,18,0,9,0,0,0,0,0,0
61149,1,1,0,0,0,0,0,0,0,0,0,0
61150,1,1,0,0,0,0,0,0,0,0,0,0
61150,2,1,0,0,0,0,0,0,0,0,0,0
61150,3,1,0,0,0,0,0,0,0,0,0,0
61151,1,1,0,0,0,0,0,0,0,0,0,0
61151,2,1,0,0,0,0,0,0,0,0,0,0
61151,3,1,0,0,0,0,0,0,0,0,0,0
61152,1,1,0,0,0,0,0,0,0,0,0,0
61153,1,1,18,18,18,18,18,18,18,18,18,18
61154,1,1,0,0,0,0,0,0,0,0,0,0
61154,2,1,0,0,0,0,0,0,0,0,0,0
61155,1,1,5,0,0,0,22,0,0,0,0,21
61155,2,1,0,0,0,0,0,0,0,0,0,0
61156,0,1,0,0,0,0,0,0,0,0,0,0
61156,1,1,11,0,6,0,0,0,0,0,0,9
61156,2,1,0,0,12,0,0,13,0,0,0,0
61156,3,1,0,0,0,0,0,0,0,0,0,0
61157,0,1,32,32,32,32,32,32,32,32,32,32
61157,1,1,13,12,16,9,17,18,26,0,11,7
61158,0,1,0,0,17,0,0,18,0,0,0,0
61158,1,1,0,29,0,0,0,15,14,0,9,0
61159,0,1,0,0,0,0,0,0,0,0,0,0
61159,1,1,0,0,0,0,0,0,0,0,0,0
61160,0,1,30,30,30,30,30,30,30,30,30,30
61160,1,1,0,9,12,0,0,0,0,0,0,0
61161,0,1,7,7,7,7,7,7,7,7,7,7
61161,1,1,0,16,0,0,0,0,0,0,0,0
61162,1,1,0,0,0,0,0,0,0,0,0,0
61162,2,1,0,0,0,0,0,0,0,0,0,0
61163,1,1,0,0,0,0,0,0,0,0,0,0
61163,2,1,0,0,0,0,3,0,0,13,0,0
61163,3,1,0,0,0,0,0,0,0,0,0,0
61163,4,1,0,0,0,0,0,0,0,0,0,0
61164,1,1,0,0,0,0,0,0,0,0,0,0
61164,2,1,0,0,0,0,0,0,0,0,0,0
61165,0,1,0,0,0,0,0,0,0,0,0,0
61165,1,1,0,0,0,0,0,0,0,0,0,0
61166,0,1,0,0,0,0,0,0,0,0,0,0
61166,1,1,0,0,0,0,0,0,0,0,0,0
61167,1,1,18,18,18,18,18,18,18,18,18,18
61168,1,1,19,19,19,19,19,19,19,19,19,19
61169,1,1,0,0,0,0,0,0,0,0,0,0
61169,2,1,0,0,0,0,0,0,0,0,0,0
61170,1,1,0,6,0,0,0,0,0,0,0,0
61171,1,1,12,12,12,12,12,12,12,12,12,12
61172,1,1,0,0,0,0,0,0,0,0,0,0
61172,2,1,0,0,0,0,0,0,0,0,0,0
61173,1,1,0,0,0,0,0,0,0,0,0,0
61173,3,1,0,0,0,0,23,0,0,0,0,18
61174,1,1,0,0,0,0,0,0,0,0,0,0
61174,2,1,0,0,0,0,0,0,0,0,0,0
61175,1,1,0,0,0,0,0,0,0,0,0,0
61175,2,1,0,0,0,0,0,0,0,0,0,0
61176,0,1,23,23,23,23,23,23,23,23,23,23
61176,1,1,0,0,0,0,0,0,0,0,0,0
61177,1,1,0,0,0,0,0,0,0,0,0,0
61178,1,1,16,16,16,16,16,16,16,16,16,16
61179,1,1,0,0,0,0,0,0,0,0,0,0
61179,2,1,0,0,0,0,0,0,0,0,0,0
61180,1,1,0,0,0,0,0,0,0,0,0,0
61181,1,1,0,0,0,0,0,0,0,0,0,0
61182,0,1,2,2,2,2,2,2,2,2,2,2
61182,1,1,19,0,8,0,0,0,0,0,0,20
61183,1,1,28,28,28,28,28,28,28,28,28,28
61184,0,1,0,0,0,0,0,0,0,0,0,0
61184,1,1,0,0,0,4,0,0,0,0,0,0
61185,2,1,0,0,0,0,0,0,0,0,0,0