ST_CASE,VEH_NO,PER_NO,P1,P2,P3,P4,P5,P6,P7,P8,P9,P10
61185,3,1,0,0,0,0,0,0,0,0,0,0
61186,1,1,0,0,0,0,0,0,0,0,0,0
61187,1,1,0,0,0,0,0,0,0,0,0,0
61188,1,1,0,0,0,0,0,0,0,0,0,0
61189,1,1,0,0,0,0,0,0,0,0,0,0
61189,2,1,0,0,16,0,0,0,0,0,0,0
61190,0,1,0,0,0,0,0,0,0,0,0,0
61190,1,1,0,0,0,0,0,0,0,0,0,0
61191,1,1,14,0,0,0,0,0,0,0,0,0
61191,2,1,0,0,37,0,0,0,0,0,0,0
61191,3,1,0,0,0,0,0,0,0,0,0,0
61192,1,1,0,0,0,0,0,0,0,0,0,0
61193,0,1,0,0,0,0,0,0,0,0,0,0
61193,1,1,0,0,0,0,0,0,0,0,0,0
61194,1,1,0,0,0,0,0,0,0,0,0,0
61194,2,1,0,0,0,0,0,0,0,0,0,0
61195,0,1,0,0,0,0,0,0,0,0,0,0
61195,1,1,0,0,0,0,0,0,0,0,0,0
61196,1,1,0,0,0,0,0,0,0,0,0,0
61196,2,1,0,0,0,0,0,0,0,0,0,0
61197,1,1,0,0,0,0,0,0,0,0,0,0
61198,1,1,0,0,0,0,0,0,0,0,0,0
61198,2,1,0,0,0,0,0,0,0,0,0,0
61199,1,1,0,0,0,0,0,0,0,0,0,0
61199,2,1,0,0,0,0,0,0,0,0,0,0
61200,1,1,0,0,0,0,0,0,0,0,0,0
61201,0,1,3,3,3,3,3,3,3,3,3,3
61201,0,2,0,0,0,0,0,24,0,23,0,0
61201,1,1,31,31,31,31,31,31,31,31,31,31
61202,1,1,0,0,0,0,0,0,0,0,0,0
61203,1,1,0,0,0,0,0,0,0,0,0,0
61204,1,1,0,0,0,0,0,0,0,0,0,0
61205,1,1,21,21,21,21,21,21,21,21,21,21
61205,2,1,0,0,0,0,0,0,0,0,0,0
61205,3,1,0,0,0,0,0,0,0,0,0,0
61206,0,1,0,0,0,0,0,0,0,0,0,0
61206,1,1,0,0,0,0,0,0,0,0,0,0
61207,0,1,0,0,0,0,0,0,0,0,0,0
61207,1,1,0,0,0,0,0,0,0,0,0,0
61208,0,1,0,0,0,0,0,0,0,0,0,0
61208,1,1,0,0,0,0,0,0,14,0,11,33
61209,0,1,0,0,0,0,0,0,0,0,0,0
61209,1,1,0,0,0,0,0,0,0,0,0,0
61210,1,1,8,19,21,27,23,28,22,23,19,12
61211,1,1,0,0,0,0,0,0,0,0,0,0
61212,1,1,0,0,0,0,0,0,0,0,0,0
61213,0,1,0,0,0,0,0,0,0,0,0,0
61213,0,2,0,0,0,0,0,0,0,0,0,0
61213,0,3,13,0,0,0,0,0,0,0,0,0
61213,1,1,0,0,9,0,0,0,0,0,0,14
61214,1,1,0,0,0,0,0,0,0,0,0,0
61215,0,1,0,0,0,0,0,0,0,0,0,0
61215,1,1,0,0,0,26,0,15,0,0,11,0
61216,1,1,18,18,18,18,18,18,18,18,18,18
61216,2,6,0,0,0,0,0,18,0,0,0,0
61217,1,1,0,0,0,0,0,0,0,0,0,0
61217,2,1,0,0,0,0,0,0,0,0,0,0
61218,1,1,0,0,0,0,0,0,0,0,0,0
61219,0,1,0,0,0,0,0,0,0,0,0,0
61219,1,1,0,0,0,0,0,0,0,0,0,0
61220,1,1,0,0,0,0,0,0,0,0,0,0
61221,1,1,0,0,0,0,0,0,0,0,0,0
61221,2,1,0,0,0,0,0,0,0,0,0,0
61222,0,1,0,0,0,0,0,0,0,0,0,0
61222,1,1,15,15,15,15,15,15,15,15,15,15
61223,0,1,61,61,61,61,61,61,61,61,61,61
61223,1,1,0,10,20,0,0,25,0,0,0,16
61224,1,1,0,0,0,0,0,0,0,0,0,0
61224,2,1,0,0,0,0,0,0,17,0,0,0
61225,0,1,0,0,0,0,0,0,0,0,0,0
61225,1,1,0,7,0,0,0,0,26,0,0,0
61226,0,1,0,0,0,0,0,0,0,0,0,0
61226,1,1,0,0,25,0,8,0,0,7,0,0
61227,1,1,0,0,0,0,0,0,0,0,0,0
61227,2,1,0,0,0,0,0,0,0,0,0,0
61228,1,1,0,0,0,0,0,0,0,0,0,0
61228,2,1,0,0,0,0,0,0,0,0,0,0
61229,1,1,0,0,0,0,0,0,0,0,0,0
61229,2,1,0,0,0,0,0,0,0,0,0,0
61230,1,1,14,14,14,14,14,14,14,14,14,14
61230,2,1,0,0,0,0,0,0,0,0,0,0
61231,1,1,4,4,4,4,4,4,4,4,4,4
61231,2,1,0,0,0,0,0,0,0,0,0,0
61232,1,1,0,0,0,0,0,0,0,0,0,0
61233,1,1,0,6,0,0,0,0,21,0,6,0
61233,2,1,0,0,0,0,0,0,0,0,0,0
61234,0,1,0,0,0,0,0,0,0,0,0,0
61234,1,1,0,0,0,0,0,14,0,0,0,0
61235,1,1,0,0,0,11,12,0,0,0,9,0
61236,0,1,23,23,23,23,23,23,23,23,23,23
61236,1,1,12,12,12,12,12,12,12,12,12,12
61237,0,1,0,0,0,0,0,0,0,0,0,0
61237,1,1,21,21,21,21,21,21,21,21,21,21
61238,0,1,0,0,0,0,0,0,0,0,0,0
61238,1,1,0,0,8,0,0,0,0,0,0,0
61239,0,1,0,31,18,9,21,23,44,0,13,36
61239,1,1,19,0,12,0,0,0,0,24,0,0
61239,2,1,29,15,0,13,0,8,0,40,0,0
61240,0,1,29,29,29,29,29,29,29,29,29,29
61240,1,1,0,0,0,0,0,0,0,0,21,13
61241,1,1,0,0,0,0,0,0,0,0,0,0
61242,1,1,0,0,14,0,0,0,0,0,14,0
61243,0,1,15,15,15,15,15,15,15,15,15,15
61243,1,1,0,0,0,0,0,0,0,0,0,0
61244,0,1,24,24,24,24,24,24,24,24,24,24
61244,1,1,0,0,0,0,0,0,31,0,10,25
61245,1,1,0,0,0,0,0,0,0,16,16,0
61245,2,1,0,0,0,0,0,0,0,0,0,0
61246,1,1,0,0,0,0,0,0,0,0,0,0
61246,2,1,23,21,0,0,0,21,0,21,0,18
61247,1,1,0,24,0,0,0,0,0,0,28,0
61247,2,1,0,0,0,0,0,0,0,0,0,0
61247,3,1,0,0,0,0,0,0,0,0,0,0
61247,4,1,0,0,0,0,0,0,0,0,0,0
61247,5,1,0,0,0,0,0,0,0,0,0,0
61247,6,1,0,0,0,9,0,0,24,27,0,0
61248,1,1,0,0,0,0,0,0,0,0,0,0
61249,1,1,7,7,7,7,7,7,7,7,7,7
61249,2,1,0,0,0,0,0,0,0,0,0,0
61250,1,1,32,32,32,32,32,32,32,32,32,32
61250,2,1,0,0,0,0,0,0,0,0,0,0
61251,1,1,0,0,0,0,0,0,0,0,0,0
61252,1,1,28,28,28,28,28,28,28,28,28,28
61252,2,1,0,0,0,0,0,0,0,0,0,0
61253,1,1,0,0,0,0,0,0,0,0,0,0
61254,1,1,15,15,15,15,15,15,15,15,15,15
61255,1,1,0,0,0,0,0,0,0,0,0,0
61255,2,1,0,0,0,0,0,0,0,0,0,0
61255,3,1,0,0,0,0,0,0,0,0,0,0
61255,4,1,0,0,0,0,0,0,0,18,0,0
61255,5,1,0,0,0,0,0,0,0,0,0,0
61255,6,1,0,0,0,0,0,0,0,0,0,0
61256,1,1,0,0,0,0,0,0,0,0,0,0
61257,1,1,15,15,15,15,15,15,15,15,15,15
61258,1,1,27,27,27,27,27,27,27,27,27,27
61259,1,1,0,0,0,0,0,0,0,0,0,0
61259,2,1,0,0,0,0,0,0,0,0,0,0
61260,1,1,0,0,0,0,0,10,0,0,0,0
61260,2,1,15,15,15,15,15,15,15,15,15,15
61261,1,1,0,0,0,0,0,0,0,0,0,0
61261,2,1,28,0,0,0,0,0,0,0,0,0
61262,0,1,0,0,0,0,0,0,0,0,0,0
61262,1,1,0,0,0,0,0,0,0,0,0,0
61263,0,1,0,0,0,0,0,0,0,0,0,0
61263,1,1,0,0,0,0,0,0,0,0,0,0
61264,0,1,0,0,0,0,0,0,0,0,0,0
61264,1,1,0,0,0,0,32,12,0,0,0,0
61265,1,1,18,18,18,18,18,18,18,18,18,18
61265,2,1,0,0,0,0,0,0,0,0,0,0
61266,1,1,0,0,0,0,0,0,0,0,0,0
61266,2,1,0,0,0,0,0,0,0,0,0,0
61266,3,1,0,0,0,0,0,0,0,0,0,0
61267,1,1,0,0,0,0,0,0,0,0,0,0
61267,2,1,0,0,0,0,0,0,0,0,0,0
61267,3,1,0,0,0,0,0,0,0,0,0,0
61267,4,1,4,4,4,4,4,4,4,4,4,4
61267,5,1,0,0,0,0,0,0,0,0,0,0
61268,0,1,0,0,0,0,0,0,0,0,0,0
61268,1,1,18,18,18,18,18,18,18,18,18,18
61269,1,1,0,0,0,0,0,0,0,0,0,0
61269,2,1,0,0,0,0,0,0,0,0,0,0
61269,3,1,0,0,0,0,0,0,0,0,0,0
61270,1,1,0,0,0,0,0,0,0,0,0,0
61270,2,1,0,0,0,0,0,0,0,0,0,0
61270,3,1,0,0,0,0,0,0,0,0,0,9
61271,0,1,0,0,0,0,0,0,0,0,0,0
61271,1,1,0,0,0,0,0,0,0,0,0,0
61272,1,1,0,0,0,0,0,0,0,0,5,0
61272,2,1,0,0,0,0,0,0,0,0,0,0
61272,3,1,0,0,0,0,0,0,0,0,0,0
61272,4,1,0,0,0,0,0,0,0,0,0,0
61272,5,1,0,0,0,0,0,0,0,0,0,0
61272,6,1,0,0,0,0,0,0,0,0,0,0
61272,7,1,0,0,0,0,0,0,0,0,0,0
61273,1,1,0,0,0,0,0,0,0,0,0,0
61273,2,1,0,0,0,0,0,0,0,0,0,0
61274,1,1,0,0,0,0,0,0,0,9,3,8
61274,2,1,0,0,0,0,0,0,0,0,0,0
61275,1,1,0,0,0,0,0,0,0,0,0,0
61276,0,1,0,0,0,0,0,0,0,0,0,0
61276,1,1,0,0,0,0,0,0,0,0,0,0
61277,1,1,0,0,0,0,0,0,0,0,0,0
61278,1,1,0,0,0,0,0,0,0,0,0,0
61278,2,1,0,0,0,0,0,0,0,0,0,0
61279,1,1,0,0,0,0,0,0,0,0,0,0
61280,0,1,33,33,33,33,33,33,33,33,33,33
61280,1,1,0,0,0,0,32,0,12,0,27,25
61281,0,1,0,0,0,0,0,0,0,0,0,0
61281,1,1,0,0,0,0,0,0,0,0,0,0
61282,0,1,44,26,6,22,9,22,21,0,24,0
61282,1,1,0,0,0,0,0,0,0,0,0,0
61283,1,1,0,0,0,0,0,0,0,0,0,0
61283,2,1,0,0,14,0,0,0,0,0,0,0
61284,1,1,0,0,0,0,0,0,0,0,0,0
61284,2,1,0,0,0,0,0,0,0,0,0,0
61285,0,1,0,0,0,0,0,0,0,0,0,0
61285,1,1,22,22,22,22,22,22,22,22,22,22
61286,0,1,0,0,0,0,0,0,0,0,0,0
61286,1,1,0,0,0,0,4,0,0,0,0,0
61287,0,1,18,18,18,18,18,18,18,18,18,18
61287,1,1,18,18,0,0,0,0,0,9,0,44
61288,1,1,0,0,0,0,0,0,0,0,0,0
61289,0,1,0,0,0,0,0,0,0,0,0,0
61289,1,1,10,10,10,10,10,10,10,10,10,10
61290,1,1,28,28,28,28,28,28,28,28,28,28
61290,2,1,4,4,4,4,4,4,4,4,4,4
61291,1,1,0,0,0,0,0,0,0,0,0,0
61292,1,1,18,18,18,18,18,18,18,18,18,18
61292,2,1,0,11,0,13,0,0,0,0,0,10
61293,0,1,27,27,27,27,27,27,27,27,27,27
61293,1,1,5,13,5,25,12,22,14,3,10,0
61294,1,1,11,20,0,0,0,6,0,0,0,0
61295,1,1,0,0,0,0,0,0,0,0,0,0
61296,1,1,21,21,21,21,21,21,21,21,21,21
61297,1,1,20,20,20,20,20,20,20,20,20,20
61298,0,1,25,25,25,25,25,25,25,25,25,25
61298,1,1,0,0,0,0,0,0,0,0,0,0
61299,1,1,0,0,0,0,0,0,0,0,0,0
61300,1,1,31,31,31,31,31,31,31,31,31,31
61300,2,1,0,0,0,0,0,0,0,0,0,0
61301,1,1,33,33,33,33,33,33,33,33,33,33
61302,0,1,0,0,0,0,0,0,0,0,0,0
61302,1,1,0,21,0,0,19,0,22,0,30,0
61303,1,1,0,20,23,10,19,0,0,5,17,0
61304,1,1,0,0,0,0,0,0,0,0,0,0
61304,2,1,0,0,0,0,0,0,0,0,0,0
61305,1,1,7,0,0,0,0,23,0,0,0,0
61306,0,1,10,10,10,10,10,10,10,10,10,10
61306,1,1,14,0,14,24,12,0,35,14,0,0
61307,1,1,0,0,0,0,0,0,0,0,0,0
61307,2,1,0,0,2,0,0,0,0,0,0,0
61308,1,1,24,24,24,24,24,24,24,24,24,24
61309,1,1,0,0,0,0,0,0,0,0,0,0
61309,2,1,0,0,0,0,0,0,0,0,0,0
61310,1,1,0,0,0,0,0,0,0,0,0,0
61311,0,1,0,0,0,0,0,0,0,0,0,0
61311,1,1,2,0,0,0,0,0,0,0,0,0
61312,1,1,0,0,0,0,0,0,0,0,0,0
61312,2,1,0,0,0,0,0,0,0,0,0,0
61313,1,1,0,0,0,0,0,0,0,0,0,0
61313,2,1,0,0,0,0,0,0,0,0,0,0
61314,1,1,14,14,14,14,14,14,14,14,14,14
61315,1,1,0,0,0,0,0,0,0,0,0,0
61316,2,1,0,0,0,0,0,0,0,0,0,0
61317,1,1,0,0,0,0,0,0,0,0,0,0
61318,1,1,0,0,0,0,0,0,0,0,0,0
61319,1,1,4,4,4,4,4,4,4,4,4,4
61319,2,1,0,0,0,0,0,0,0,0,0,0
61320,1,1,0,0,0,0,0,0,0,0,0,0
61321,0,1,6,6,6,6,6,6,6,6,6,6
61321,1,1,10,10,10,10,10,10,10,10,10,10
61322,0,1,0,0,0,0,0,0,0,0,0,0
61322,1,1,0,0,0,0,0,0,0,0,0,0
61323,1,1,7,7,7,7,7,7,7,7,7,7
61324,1,1,0,0,0,0,0,0,0,0,0,0
61324,2,1,0,0,0,0,0,0,0,0,0,0
61325,0,1,17,17,17,17,17,17,17,17,17,17
61325,1,1,0,0,0,0,0,0,0,0,10,0
61327,1,1,0,0,0,0,0,0,0,0,0,0
61328,0,1,0,0,0,0,0,0,0,0,0,0
61328,1,1,0,0,0,0,0,0,0,0,22,0
61329,1,1,0,0,0,0,0,0,0,0,0,0
61330,1,1,0,0,0,0,0,0,0,7,0,0
61330,2,1,9,9,9,9,9,9,9,9,9,9
61331,1,1,0,0,0,0,0,0,0,0,0,0
61331,2,1,18,18,18,18,18,18,18,18,18,18
61332,0,1,0,0,0,0,0,0,0,0,0,0
61332,1,1,0,0,0,0,0,0,0,0,0,0
61333,0,1,4,4,4,4,4,4,4,4,4,4
61333,1,1,0,0,0,0,0,0,0,11,0,0
61334,0,1,0,0,0,0,0,0,0,0,0,0
61334,1,1,0,0,4,0,27,0,0,0,0,0
61335,1,1,0,0,0,0,0,0,0,0,0,0
61336,1,1,16,16,16,16,16,16,16,16,16,16
61336,2,1,0,0,0,0,0,0,0,0,0,0
61337,0,1,0,0,0,0,0,0,0,0,0,0
61337,1,1,0,0,0,0,18,0,0,0,0,0
61338,1,1,0,0,0,0,0,0,0,0,0,0
61338,2,1,0,0,0,0,0,0,0,0,0,0
61339,1,1,0,0,0,0,0,0,0,0,0,0
61339,2,1,0,0,0,0,0,0,0,0,0,0
61340,1,1,24,0,0,0,0,25,18,0,19,7
61340,2,1,23,23,23,23,23,23,23,23,23,23
61340,3,1,0,0,0,0,0,0,0,0,0,0
61340,4,1,0,0,0,0,0,0,0,0,0,0
61341,1,1,0,0,0,0,0,0,0,0,0,0
61342,0,1,27,18,30,0,17,27,12,24,0,0
61342,1,1,24,13,0,0,0,0,0,11,15,0
61343,1,1,5,5,5,5,5,5,5,5,5,5
61344,1,1,0,0,0,0,0,0,0,0,0,3
61344,2,1,0,0,0,0,0,0,0,0,0,0
61345,1,1,0,0,0,0,0,0,0,0,0,0
61346,1,1,0,0,0,0,0,0,0,0,0,0
61347,1,1,0,0,0,0,0,0,0,0,0,0
61347,2,1,0,0,0,0,0,0,0,0,0,0
61348,1,1,0,0,0,0,0,0,0,0,0,0
61348,2,1,0,0,0,0,0,0,0,0,0,0
61349,1,1,0,0,0,0,0,0,0,0,0,0
61349,2,1,0,0,0,0,0,0,0,0,0,0
61350,1,1,0,0,0,0,0,0,0,0,0,0
61351,1,1,34,34,34,34,34,34,34,34,34,34
61352,1,1,0,0,0,0,0,0,0,0,0,0
61352,2,1,0,10,0,0,18,0,0,0,14,0
61353,1,1,0,0,0,0,0,0,0,0,0,0
61353,2,1,0,0,0,0,0,0,0,0,0,0
61354,1,1,0,0,0,0,0,0,0,0,0,0
61355,1,1,0,0,0,10,0,24,4,0,0,20
61356,1,1,0,0,0,0,0,0,0,0,0,0
61356,2,1,14,14,14,14,14,14,14,14,14,14
61357,0,1,0,0,0,0,0,0,0,0,0,0
61357,1,1,0,0,0,0,0,0,0,0,0,0
61358,1,1,0,0,0,0,0,0,0,0,0,0
61358,2,1,0,0,0,0,0,0,0,0,0,0
61359,1,1,0,0,0,0,0,0,0,0,0,0
61359,2,1,0,0,0,0,0,0,0,0,0,0
61360,0,1,0,0,0,0,0,0,6,9,0,0
61360,1,1,0,0,0,0,0,0,0,0,0,0
61361,0,1,30,30,30,30,30,30,30,30,30,30
61361,1,1,0,0,0,0,0,0,0,0,0,0
61363,0,1,15,15,15,15,15,15,15,15,15,15
61363,1,1,12,0,0,6,14,12,18,0,21,38
61364,0,1,0,0,0,0,0,0,0,0,0,0
61364,1,1,0,0,0,0,0,21,0,0,0,0
61364,2,1,11,18,0,0,31,13,12,0,0,12
61365,0,1,0,0,0,0,0,0,0,0,0,0
61365,1,1,0,0,0,0,23,0,0,0,0,0
61366,1,1,0,0,0,0,0,0,0,0,0,0
61366,2,1,0,0,0,0,0,0,0,0,0,0
61367,1,1,14,14,14,14,14,14,14,14,14,14
61368,0,1,0,0,0,0,0,0,0,0,0,0
61368,1,1,0,0,0,0,0,0,0,0,0,0
61369,1,1,0,0,0,0,0,0,0,0,0,0
61370,1,1,0,0,0,0,0,0,0,0,0,0
61370,2,1,0,0,0,0,0,0,0,0,0,0
61371,1,1,10,10,10,10,10,10,10,10,10,10
61372,1,1,0,0,0,0,14,0,0,0,0,0
61373,1,1,0,0,0,0,0,0,0,0,0,0
61374,0,1,0,0,0,0,0,0,0,0,0,0
61374,1,1,25,0,0,0,0,0,12,0,0,36
61375,1,1,0,0,0,0,0,0,0,0,0,0
61376,1,1,0,0,0,0,0,0,0,0,0,0
61376,2,1,7,0,0,11,0,14,0,11,0,0
61377,0,1,0,0,0,0,0,0,0,0,0,0
61377,2,1,0,0,0,0,0,0,16,0,0,0
61377,3,1,0,0,23,6,0,0,0,0,0,8
61377,4,1,15,0,0,0,0,0,0,0,0,0
61377,5,1,0,8,0,0,0,0,0,0,0,0
61378,0,1,15,15,15,15,15,15,15,15,15,15
61378,1,1,0,0,0,0,0,0,0,0,0,0
61379,1,1,23,23,23,23,23,23,23,23,23,23
61380,0,1,0,0,0,0,0,0,0,0,0,0
61380,1,1,0,0,0,0,0,0,0,0,0,0
61381,1,1,0,0,0,0,0,0,0,0,0,0
61381,2,1,0,0,0,0,0,0,0,0,0,0
61382,1,1,0,0,0,0,0,0,0,0,0,0
61383,0,1,0,0,0,0,0,0,0,0,0,0
61383,1,1,0,8,0,0,28,0,0,45,0,23
61384,0,1,0,0,19,0,0,0,0,0,0,0
61384,1,1,0,0,6,0,0,0,16,17,0,0
61385,1,1,7,7,7,7,7,7,7,7,7,7
61386,1,1,29,29,29,29,29,29,29,29,29,29
61386,2,1,0,0,0,0,0,0,0,0,0,0
61387,1,1,0,0,13,0,0,0,0,0,0,0
61388,1,1,0,0,0,0,0,0,0,0,0,0
61389,1,1,0,0,0,0,0,0,0,0,0,0
61389,2,1,0,0,0,0,0,0,0,0,0,0
61390,1,1,0,0,0,0,0,0,0,0,0,0
61391,1,1,0,0,0,0,0,0,0,0,0,0
61391,2,1,0,0,0,0,0,0,0,0,0,0
61392,0,1,0,0,0,0,0,0,0,0,0,0
61392,0,2,0,0,0,0,0,0,0,0,0,0
61392,1,1,0,0,0,0,0,0,0,0,0,0
61392,2,1,0,0,0,0,0,0,0,0,0,0
61393,1,1,0,0,0,0,0,0,0,0,0,0
61393,2,1,0,0,0,0,0,0,0,0,0,0
61394,1,1,8,8,8,8,8,8,8,8,8,8
61395,1,1,0,0,0,0,0,0,0,0,0,0
61395,2,1,0,0,0,0,0,0,0,0,0,0
61396,0,1,0,0,0,0,0,0,0,0,0,0
61396,1,1,0,0,0,0,0,0,0,0,0,0
61397,0,1,0,0,0,0,0,0,0,0,0,0
61397,1,1,0,0,0,0,0,0,0,0,0,0
61398,1,1,0,0,0,0,0,0,0,0,0,0
61398,2,1,0,0,0,0,0,0,0,0,0,0
61399,1,1,0,0,0,0,0,0,0,0,0,0
61399,2,1,0,0,0,0,0,0,0,0,0,0
61400,1,1,13,13,13,13,13,13,13,13,13,13
61401,1,1,0,0,0,0,0,0,0,0,0,0
61402,1,1,20,20,20,20,20,20,20,20,20,20
61402,2,1,0,6,5,13,0,20,0,0,0,0
61403,1,1,8,8,8,8,8,8,8,8,8,8
61404,1,1,13,13,13,13,13,13,13,13,13,13
61404,2,1,0,0,0,0,0,0,0,0,0,0
61405,1,1,0,0,0,0,0,0,0,0,0,0
61406,1,1,36,25,16,0,9,13,12,6,0,0
61406,2,1,2,2,2,2,2,2,2,2,2,2
61407,0,1,0,0,0,0,0,0,0,0,0,0
61407,1,1,0,0,0,0,0,0,9,5,0,0
61408,1,1,16,0,12,16,8,0,0,15,15,14
61408,2,1,0,0,0,0,0,0,0,0,0,0
61409,1,1,15,15,15,15,15,15,15,15,15,15
61410,1,1,17,17,17,17,17,17,17,17,17,17
61411,1,1,0,0,0,0,0,0,0,0,0,0
61412,1,1,13,13,13,13,13,13,13,13,13,13
61412,2,1,0,0,0,0,0,0,0,0,0,0
61413,0,1,0,0,0,0,0,0,0,0,0,0
61413,1,1,0,0,0,0,0,0,0,0,0,0
61414,1,1,4,4,4,4,4,4,4,4,4,4
61415,0,1,25,25,25,25,25,25,25,25,25,25
61415,1,1,0,0,0,0,0,0,0,0,0,0
61416,1,1,0,0,0,0,0,0,0,0,0,0
61416,2,1,0,0,0,0,0,0,0,0,0,0
61416,3,1,0,0,0,0,0,0,0,0,0,0
61417,0,1,3,3,3,3,3,3,3,3,3,3
61417,1,1,0,0,3,0,0,5,0,0,12,0
61418,1,1,0,0,0,0,0,0,0,32,0,0
61418,2,1,0,0,0,0,0,0,0,0,0,0
61418,3,1,0,0,0,0,0,0,0,0,0,0
61418,4,1,0,0,0,0,0,0,0,0,0,0
61418,5,1,0,0,0,0,0,0,0,0,0,0
61419,0,1,63,63,63,63,63,63,63,63,63,63
61419,1,1,20,9,0,0,0,0,9,0,0,0
61420,0,1,0,0,0,0,0,0,0,0,0,0
61420,1,1,18,18,18,18,18,18,18,18,18,18
61421,1,1,0,0,0,0,0,0,0,0,0,0
61422,1,1,15,15,15,15,15,15,15,15,15,15
61423,0,1,0,0,0,0,0,0,0,0,0,0
61423,1,1,23,0,9,8,0,0,0,15,0,0
61424,0,1,0,0,0,0,0,0,0,0,0,0
61424,1,1,7,19,0,0,0,0,0,13,13,0
61425,1,1,0,0,0,0,0,0,0,0,0,0
61426,1,1,0,0,0,0,0,0,0,0,0,0
61427,1,1,11,11,11,11,11,11,11,11,11,11
61428,1,1,0,0,0,0,0,0,0,0,0,0
61428,2,1,0,0,0,0,0,0,0,0,0,0
61429,1,1,0,0,0,0,0,0,0,0,0,0
61429,2,1,3,3,3,3,3,3,3,3,3,3
61430,1,1,33,33,33,33,33,33,33,33,33,33
61430,2,1,0,0,0,0,0,0,0,0,0,0
61431,1,1,0,0,0,0,0,0,0,0,0,0
61431,2,1,0,0,0,0,0,0,0,0,0,0
61432,1,1,0,0,0,0,0,0,0,0,0,0
61433,1,1,0,0,0,0,0,0,0,0,0,0
61434,1,1,0,3,0,12,15,7,3,0,4,0
61434,2,1,27,27,27,27,27,27,27,27,27,27
61435,1,1,21,21,21,21,21,21,21,21,21,21
61436,1,1,11,11,11,11,11,11,11,11,11,11
61437,1,1,16,16,16,16,16,16,16,16,16,16
61437,2,1,0,0,0,0,0,0,0,0,0,0
61437,3,1,0,0,0,3,0,0,0,0,0,0
61438,1,1,73,73,73,73,73,73,73,73,73,73
61438,2,1,0,0,40,0,0,0,0,0,0,0
61439,0,1,3,3,3,3,3,3,3,3,3,3
61439,0,2,28,28,28,28,28,28,28,28,28,28
61439,1,1,0,0,0,0,0,0,0,0,0,0
61440,0,1,0,0,0,0,0,0,0,0,0,0
61440,1,1,0,0,4,0,26,0,0,0,0,0
61441,1,1,0,0,0,0,0,0,0,0,0,0
61441,2,1,0,0,0,0,0,0,0,0,0,0
61441,3,1,0,0,0,0,0,0,0,0,0,0
61441,4,1,0,0,0,0,0,0,0,0,0,0
61442,1,1,20,9,17,13,14,15,12,0,18,25
61442,2,1,0,0,0,0,0,0,0,0,0,0
61443,1,1,23,23,23,23,23,23,23,23,23,23
61444,1,1,0,0,0,0,0,0,0,0,0,0
61444,2,1,0,0,0,0,0,0,0,0,0,0
61445,1,1,8,8,8,8,8,8,8,8,8,8
61446,1,1,0,0,0,0,0,0,0,0,0,0
61447,1,1,0,0,0,0,0,0,0,0,0,0
61447,2,1,0,0,0,0,0,0,0,0,0,0
61448,1,1,0,0,0,0,0,0,0,0,0,0
61449,1,1,0,0,0,0,0,0,0,0,0,0
61450,1,1,0,0,0,0,0,0,0,0,0,0
61451,1,1,0,0,0,0,0,0,0,0,0,0
61451,2,1,0,0,0,0,0,0,0,0,0,0
61452,1,1,0,0,0,0,0,0,0,0,0,0
61452,2,1,0,0,0,0,0,0,0,0,0,0
61453,1,1,11,11,11,11,11,11,11,11,11,11
61454,1,1,3,3,3,3,3,3,3,3,3,3
61454,2,1,0,0,0,0,0,0,0,0,0,0
61454,3,1,0,0,0,0,0,0,0,0,0,0
61455,0,1,0,0,0,0,0,0,0,0,0,0
61455,1,1,9,9,9,9,9,9,9,9,9,9
61456,1,1,0,0,0,0,0,0,0,0,0,0
61456,2,1,0,9,18,0,0,30,8,18,0,21
61457,0,1,19,19,19,19,19,19,19,19,19,19
61457,1,1,0,0,0,0,0,0,0,0,0,0
61458,1,1,0,0,0,0,0,0,0,0,0,0
61458,2,1,0,0,0,0,0,0,0,0,0,0
61459,1,1,19,19,19,19,19,19,19,19,19,19
61460,0,1,0,0,0,0,0,0,0,0,0,0
61460,1,1,1,1,1,1,1,1,1,1,1,1
61461,1,1,2,2,2,2,2,2,2,2,2,2
61462,1,1,0,0,0,0,0,0,0,0,0,0
61462,2,1,0,0,0,0,0,0,0,0,0,0
61462,3,1,0,0,0,0,0,0,0,3,0,0
61463,1,1,10,10,10,10,10,10,10,10,10,10
61464,2,1,0,0,0,0,0,0,0,0,0,0
61465,1,1,0,0,0,0,0,0,0,0,0,0
61465,2,1,0,0,0,8,0,0,0,0,0,0
61466,1,1,6,6,6,6,6,6,6,6,6,6
61466,2,1,0,0,0,0,0,0,0,0,0,0
61467,1,1,0,0,0,0,0,23,0,0,0,0
61467,2,1,0,0,0,0,0,0,0,0,0,0
61468,1,1,17,17,17,17,17,17,17,17,17,17
61468,2,1,11,11,11,11,11,11,11,11,11,11
61469,1,1,0,0,0,0,0,0,0,0,0,0
61469,2,1,8,23,11,19,7,0,6,18,0,10
61470,0,1,0,0,0,0,0,0,0,0,0,0
61470,1,1,0,0,0,0,0,0,0,0,0,0
61471,0,1,0,0,0,0,0,0,0,0,0,0
61471,1,1,0,0,0,0,0,0,9,0,0,0
61472,0,1,0,0,0,0,0,0,0,0,0,0
61472,1,1,0,0,0,0,0,0,0,0,0,0
61472,2,1,0,0,0,0,0,0,0,0,0,0
61473,1,1,0,0,0,0,0,0,0,0,0,0
61473,2,1,0,0,0,0,0,0,0,0,0,0
61474,1,1,0,0,0,0,0,0,0,0,0,0
61474,2,1,0,0,0,0,0,0,0,3,0,0
61475,1,1,0,0,0,0,0,0,0,0,0,0
61476,1,1,1,1,1,1,1,1,1,1,1,1
61477,0,1,0,0,0,0,0,0,0,0,0,0
61477,1,1,0,0,0,0,0,0,0,0,0,0
61478,1,1,0,0,0,0,0,0,0,0,0,0