ST_CASE,VEH_NO,PER_NO,P1,P2,P3,P4,P5,P6,P7,P8,P9,P10
61479,1,1,0,0,0,0,0,0,0,0,0,0
61480,0,1,41,41,41,41,41,41,41,41,41,41
61480,1,1,0,26,27,0,16,0,12,16,0,4
61480,2,1,0,0,0,0,0,0,0,0,0,0
61480,3,1,0,0,0,0,0,0,0,0,0,0
61481,1,1,15,15,15,15,15,15,15,15,15,15
61481,2,1,0,24,0,0,17,19,0,0,0,0
61482,1,1,0,0,0,0,0,0,0,0,0,0
61482,2,1,0,0,0,0,0,0,0,0,0,5
61483,1,1,0,0,0,0,0,0,0,0,0,0
61484,1,1,0,0,0,0,0,0,0,0,0,0
61485,1,1,0,0,0,0,0,0,0,0,0,0
61486,1,1,12,12,12,12,12,12,12,12,12,12
61487,1,1,12,12,12,12,12,12,12,12,12,12
61488,1,1,0,0,0,0,0,0,0,0,0,0
61488,2,1,0,0,0,0,0,11,0,11,0,13
61488,3,1,0,0,0,0,0,0,0,0,0,0
61489,0,1,0,0,0,0,0,0,0,0,0,0
61489,1,1,0,0,0,0,0,0,0,0,0,0
61490,1,1,25,25,25,25,25,25,25,25,25,25
61491,0,1,0,0,0,0,0,0,0,0,0,0
61491,1,1,34,0,21,18,0,0,0,13,27,0
61492,1,1,32,32,32,32,32,32,32,32,32,32
61493,1,1,0,0,0,0,0,0,0,0,0,0
61493,2,1,0,0,0,0,0,0,0,0,0,0
61494,1,1,0,0,0,0,0,0,0,0,0,0
61495,1,1,0,0,0,0,0,0,0,0,0,0
61495,2,1,0,0,0,0,0,0,0,0,0,0
61496,1,1,0,0,0,0,0,0,0,0,0,0
61497,1,1,0,0,0,0,0,0,0,0,0,0
61497,2,1,0,0,0,0,0,0,0,0,0,0
61498,1,1,0,0,0,0,0,0,0,0,0,0
61498,2,1,0,0,0,0,0,0,0,0,0,0
61499,1,1,0,0,0,0,0,0,0,0,0,0
61499,2,1,0,0,0,0,0,0,0,0,0,0
61500,1,1,0,0,0,0,0,0,0,0,0,0
61500,2,1,3,3,3,3,3,3,3,3,3,3
61501,1,1,18,18,18,18,18,18,18,18,18,18
61502,1,1,0,0,0,0,0,0,0,0,0,0
61502,2,1,0,0,0,0,0,0,0,0,0,0
61502,3,1,0,0,0,0,0,0,0,0,0,0
61502,4,1,8,0,0,0,0,0,0,0,0,0
61503,1,1,12,12,12,12,12,12,12,12,12,12
61503,2,1,0,0,0,0,0,0,0,0,0,0
61504,1,1,0,0,0,0,0,0,0,0,0,0
61504,2,1,0,0,0,0,0,0,0,0,0,0
61505,1,1,3,0,0,0,0,0,0,14,0,0
61505,2,1,0,0,0,0,0,0,0,7,0,0
61506,1,1,20,20,20,20,20,20,20,20,20,20
61507,1,1,0,0,0,0,0,0,0,0,0,0
61508,1,1,0,15,0,0,0,12,0,0,0,0
61508,2,1,0,0,0,0,0,0,0,0,0,0
61509,1,1,0,0,0,0,0,0,0,0,0,0
61509,2,1,0,0,0,0,0,10,0,16,0,13
61510,1,1,0,0,0,0,0,0,0,0,0,0
61510,2,1,0,0,0,0,0,0,0,0,0,0
61510,3,1,0,0,0,0,0,0,0,0,0,0
61511,1,1,0,0,0,0,0,0,0,0,0,0
61511,2,1,0,0,0,0,0,0,0,0,0,0
61511,3,1,0,13,0,10,0,16,9,0,0,0
61511,4,1,0,0,0,0,0,0,0,0,0,0
61512,0,1,0,0,0,0,0,0,0,0,0,0
61512,1,1,0,0,0,0,0,0,0,0,0,0
61513,1,1,0,0,0,0,0,0,0,0,0,0
61513,2,1,0,0,0,0,0,0,0,0,0,0
61514,1,1,0,0,0,0,0,0,0,0,0,0
61514,2,1,0,0,0,0,0,44,0,0,0,0
61515,0,1,0,0,0,0,0,0,0,0,0,0
61515,1,1,0,0,0,0,0,0,0,0,0,0
61516,1,1,0,0,0,0,0,0,0,0,0,0
61517,1,1,0,0,0,0,0,0,0,0,0,0
61518,0,1,0,0,0,0,0,0,0,0,0,0
61518,1,1,0,0,0,0,0,0,0,0,0,0
61520,0,1,0,0,0,0,0,0,0,0,0,0
61520,0,2,0,0,14,32,0,23,0,20,15,0
61520,1,1,17,0,34,0,0,0,0,8,20,0
61521,1,1,0,0,0,0,0,0,0,0,0,0
61522,0,1,0,0,0,0,0,0,0,0,0,0
61522,1,1,0,13,0,0,0,0,0,0,0,0
61523,1,1,0,0,0,0,0,0,0,0,0,0
61523,2,1,0,0,0,0,0,0,0,0,0,0
61524,1,1,0,0,0,0,0,0,0,0,0,0
61525,1,1,0,0,0,0,0,0,0,0,0,0
61525,2,1,0,0,0,0,20,0,0,0,0,0
61525,3,1,0,0,20,0,0,0,0,0,0,0
61526,1,1,0,0,0,0,0,0,0,0,0,0
61527,0,1,6,6,6,6,6,6,6,6,6,6
61527,1,1,25,15,0,16,0,19,13,11,0,16
61528,1,1,20,20,20,20,20,20,20,20,20,20
61529,0,1,0,0,0,0,0,0,0,0,0,0
61529,1,1,0,0,0,0,0,0,0,0,0,0
61530,1,1,0,0,0,17,0,0,0,0,0,0
61530,2,1,0,5,0,0,0,0,0,0,0,0
61530,3,1,0,0,0,0,0,14,0,10,0,0
61531,1,1,0,0,0,0,0,0,0,0,0,0
61531,2,1,0,0,0,0,0,0,0,0,0,0
61531,3,1,0,0,0,0,0,0,0,0,0,0
61532,1,1,0,0,0,0,0,0,0,0,0,0
61533,1,1,0,0,0,0,0,0,0,0,0,0
61533,2,1,0,0,0,0,0,0,0,0,0,0
61533,3,1,0,0,0,0,0,0,0,0,0,0
61534,1,1,14,14,14,14,14,14,14,14,14,14
61535,0,1,19,19,19,19,19,19,19,19,19,19
61535,1,1,0,0,0,0,0,0,0,0,0,0
61535,2,1,0,18,0,0,0,18,0,0,0,18
61536,1,1,26,26,26,26,26,26,26,26,26,26
61537,1,1,0,0,0,0,0,0,0,0,0,0
61537,2,1,0,0,0,0,0,0,0,0,0,0
61538,1,1,23,23,23,23,23,23,23,23,23,23
61539,1,1,0,0,0,0,0,0,0,0,0,0
61539,2,1,0,0,0,0,0,0,0,0,0,0
61540,1,1,14,14,14,14,14,14,14,14,14,14
61541,0,1,24,24,24,24,24,24,24,24,24,24
61541,1,1,0,0,0,0,22,0,0,0,0,0
61542,0,1,0,0,0,0,0,0,0,0,0,0
61542,1,1,0,0,0,0,0,0,0,0,0,0
61543,1,1,0,0,9,0,0,0,0,27,7,0
61543,2,1,0,0,0,0,0,0,0,0,0,0
61543,3,1,0,0,0,0,0,0,0,0,0,0
61544,1,1,0,0,0,0,0,0,0,0,0,0
61544,2,1,0,0,0,0,0,0,0,0,0,0
61544,3,1,0,0,21,0,16,0,0,0,0,0
61544,4,1,0,0,0,0,0,27,0,0,0,0
61545,1,1,0,0,0,0,0,0,0,0,0,0
61545,2,1,0,0,0,0,20,0,0,0,0,0
61546,0,1,0,0,0,0,0,0,0,0,0,0
61546,1,1,0,0,0,0,0,0,0,0,0,0
61547,0,1,0,0,0,0,0,0,0,0,0,0
61547,1,1,0,0,0,0,0,0,0,0,0,0
61548,1,1,0,0,0,0,0,0,0,0,0,0
61548,2,1,0,0,0,0,0,0,0,0,0,0
61549,1,1,13,13,13,13,13,13,13,13,13,13
61549,2,1,6,7,0,32,0,0,0,0,9,0
61549,3,1,0,4,0,10,20,0,9,20,10,0
61550,1,1,21,21,21,21,21,21,21,21,21,21
61551,1,1,0,0,0,0,0,0,0,0,0,0
61551,2,1,0,0,0,0,0,0,0,0,0,0
61552,0,1,16,16,16,16,16,16,16,16,16,16
61552,0,2,14,14,14,14,14,14,14,14,14,14
61552,1,1,20,32,15,10,9,14,15,0,7,11
61553,1,1,17,17,17,17,17,17,17,17,17,17
61554,1,1,0,0,0,0,0,0,0,0,0,0
61555,1,1,0,0,0,0,0,0,0,0,0,0
61555,2,1,0,0,0,0,0,0,0,0,0,0
61556,1,1,28,28,28,28,28,28,28,28,28,28
61557,1,1,0,0,0,0,0,0,0,0,0,0
61557,2,1,0,0,0,0,0,0,0,0,0,0
61557,3,1,0,0,0,0,0,0,0,0,0,0
61557,4,1,0,0,0,0,0,0,0,0,0,0
61557,5,1,0,0,0,0,0,0,0,0,0,0
61557,6,1,0,0,0,0,0,0,0,0,0,0
61558,0,1,17,17,17,17,17,17,17,17,17,17
61558,1,1,0,0,0,0,0,0,0,0,0,0
61559,1,1,0,0,0,0,0,0,0,0,0,0
61560,1,1,0,0,0,0,0,0,0,0,0,0
61560,2,1,0,0,0,0,0,0,0,0,0,0
61560,3,1,0,0,0,0,0,0,0,0,0,0
61560,4,1,0,0,0,0,0,0,0,0,0,0
61561,0,1,0,0,0,0,0,0,0,0,0,0
61561,1,1,0,0,0,13,0,0,13,9,0,23
61562,1,1,0,0,0,0,0,0,0,0,0,0
61562,2,1,0,0,0,0,0,0,0,0,0,0
61563,0,1,0,0,0,0,0,0,0,0,0,0
61563,1,1,0,0,0,0,0,0,0,0,0,0
61564,1,1,0,0,0,0,0,0,0,0,0,0
61565,1,1,0,0,0,0,0,0,0,0,0,0
61565,2,1,0,0,0,0,0,0,0,0,0,0
61566,0,1,28,28,28,28,28,28,28,28,28,28
61566,1,1,0,9,0,16,0,0,0,0,16,0
61567,1,1,19,19,19,19,19,19,19,19,19,19
61568,1,1,0,0,0,0,0,0,0,0,0,0
61568,2,1,0,0,0,0,0,0,0,0,0,0
61569,1,1,0,0,0,0,0,0,0,0,0,0
61569,2,1,0,0,0,5,0,0,0,0,0,0
61569,3,1,0,8,0,0,0,0,0,0,0,0
61569,4,1,0,0,0,0,0,0,0,0,0,0
61570,0,1,0,0,0,0,0,0,0,0,0,0
61570,0,2,0,13,0,0,0,0,0,0,0,13
61570,1,1,21,21,21,21,21,21,21,21,21,21
61571,0,1,11,11,11,11,11,11,11,11,11,11
61571,1,1,0,0,0,0,0,0,0,0,0,0
61572,0,1,8,8,8,8,8,8,8,8,8,8
61572,1,1,0,0,0,0,0,0,0,17,0,0
61573,1,1,0,0,0,0,0,0,0,0,0,0
61573,2,1,0,0,0,0,0,0,0,0,0,0
61574,1,1,0,0,0,0,0,0,0,0,0,0
61575,1,1,0,0,0,0,0,0,0,0,0,0
61575,2,1,0,0,0,0,0,0,0,0,0,0
61575,3,1,10,0,0,0,0,0,0,0,0,0
61576,0,1,0,0,0,0,0,0,0,0,0,0
61576,0,2,0,0,0,0,0,0,0,0,0,0
61576,1,1,5,5,5,5,5,5,5,5,5,5
61577,0,1,20,20,20,20,20,20,20,20,20,20
61577,1,1,0,0,0,0,0,0,0,0,0,0
61578,1,1,0,0,0,0,13,0,0,0,0,0
61579,1,1,0,0,0,0,0,0,0,0,0,0
61579,2,1,0,0,0,0,0,0,0,0,0,0
61580,0,1,27,27,27,27,27,27,27,27,27,27
61580,1,1,0,0,0,0,0,0,0,0,0,0
61581,1,1,0,0,0,0,0,0,0,0,0,0
61582,1,1,0,0,0,0,0,0,0,0,0,0
61582,2,1,0,0,0,0,0,0,0,0,0,0
61583,1,1,22,22,22,22,22,22,22,22,22,22
61584,1,1,16,16,16,16,16,16,16,16,16,16
61584,2,1,0,6,0,0,0,0,13,0,8,30
61584,3,1,0,0,0,0,13,0,3,0,0,0
61585,1,1,0,0,0,0,0,0,0,0,0,0
61586,1,1,0,0,0,0,0,0,0,0,0,0
61587,1,1,0,0,0,0,0,0,0,0,0,0
61588,1,1,9,9,9,9,9,9,9,9,9,9
61589,0,1,0,0,0,0,0,0,0,0,0,0
61589,1,1,0,0,0,0,0,0,0,0,0,0
61590,1,1,0,0,0,0,0,0,0,0,0,0
61590,2,1,0,0,0,0,0,0,0,0,0,0
61590,3,1,11,0,7,0,0,0,0,0,0,13
61590,4,1,0,0,0,9,10,0,0,0,0,0
61591,0,1,11,11,11,11,11,11,11,11,11,11
61591,1,1,0,0,0,0,23,0,0,0,0,0
61592,1,1,0,0,0,0,0,0,0,0,0,0
61593,1,1,0,0,0,0,0,0,0,0,0,0
61594,0,1,64,64,64,64,64,64,64,64,64,64
61594,1,1,0,0,0,7,0,0,0,21,0,12
61595,1,1,0,0,0,0,0,14,0,0,16,0
61595,2,1,0,0,0,0,0,0,0,0,0,0
61595,3,1,0,0,0,0,0,0,0,0,0,0
61595,4,1,0,0,0,0,0,0,0,0,0,0
61595,5,1,0,0,0,0,0,0,0,0,0,0
61596,1,1,32,32,32,32,32,32,32,32,32,32
61597,1,1,0,0,0,0,0,0,0,0,0,0
61597,2,1,0,0,0,0,0,0,0,0,0,0
61598,1,1,0,0,0,0,0,0,0,0,0,0
61598,2,1,0,0,0,0,0,0,0,0,0,0
61599,1,1,0,0,0,0,0,0,0,0,0,0
61599,2,1,0,0,0,0,0,0,0,0,0,0
61599,3,1,35,35,35,35,35,35,35,35,35,35
61599,4,1,0,0,0,0,0,0,0,0,0,0
61600,1,1,0,0,0,0,0,0,0,0,0,0
61600,2,1,2,0,0,0,0,0,0,0,0,0
61601,1,1,0,0,0,0,0,0,0,0,0,0
61601,2,1,0,0,0,0,0,0,0,0,0,0
61602,0,1,0,0,0,0,0,0,0,0,0,0
61602,1,1,18,0,0,15,16,0,0,0,0,19
61603,0,1,0,0,0,0,0,0,0,0,0,0
61603,1,1,0,0,0,0,0,0,0,0,0,0
61604,0,1,36,36,36,36,36,36,36,36,36,36
61604,1,1,0,0,0,0,0,0,0,0,0,0
61605,0,1,24,24,24,24,24,24,24,24,24,24
61605,1,1,0,0,0,0,0,0,0,0,15,0
61606,0,1,0,0,0,0,0,0,0,0,0,0
61606,1,1,0,0,0,0,0,0,0,0,0,0
61607,1,1,0,0,0,0,0,0,0,0,0,0
61608,1,1,6,6,6,6,6,6,6,6,6,6
61609,1,1,16,16,16,16,16,16,16,16,16,16
61610,1,1,7,0,24,0,0,0,0,0,0,0
61611,1,1,0,0,0,0,0,0,0,0,0,0
61611,2,1,0,0,0,0,0,0,0,0,0,0
61612,0,1,0,0,0,0,0,0,0,0,0,0
61612,1,1,0,0,0,0,0,0,0,0,0,0
61613,0,1,0,0,0,0,0,0,0,0,0,0
61613,1,1,0,0,0,0,0,0,0,0,0,0
61614,0,1,22,22,22,22,22,22,22,22,22,22
61614,0,2,0,0,0,0,0,0,0,0,0,0
61614,0,3,8,26,0,0,0,0,13,28,22,0
61614,0,4,0,0,0,21,0,0,18,0,0,0
61614,0,5,24,0,24,0,0,22,0,0,0,0
61614,1,1,0,0,0,0,0,0,0,0,0,0
61615,1,1,0,0,11,0,0,0,0,0,0,7
61616,0,1,0,0,0,0,0,0,0,0,0,0
61616,0,2,0,0,0,0,0,0,0,0,0,0
61616,1,1,22,0,0,0,14,7,0,0,0,46
61617,1,1,0,0,0,0,0,0,0,0,0,0
61617,2,1,7,0,0,0,0,0,0,0,0,0
61618,0,1,0,0,0,14,0,0,0,0,0,0
61618,1,1,0,0,0,0,4,0,0,0,0,0
61619,0,1,0,0,0,0,0,0,0,0,0,0
61619,1,1,0,0,0,0,0,0,0,0,0,0
61620,1,1,0,0,0,0,0,0,0,0,0,0
61621,1,1,0,0,0,0,0,0,0,0,0,0
61622,1,1,0,0,0,0,0,0,0,0,0,0
61622,2,1,9,9,9,9,9,9,9,9,9,9
61623,1,1,0,0,0,0,0,0,0,0,0,0
61623,2,1,0,0,0,0,0,0,0,0,0,0
61624,0,1,0,0,0,0,0,0,0,0,0,0
61624,1,1,0,0,0,0,0,0,0,0,0,0
61625,1,1,0,0,23,0,0,0,0,0,0,7
61626,1,1,0,0,0,0,0,0,0,0,0,0
61627,0,1,0,0,0,0,0,0,0,0,0,0
61627,1,1,0,0,0,0,0,0,0,0,0,0
61628,1,1,26,0,8,0,17,0,0,20,15,0
61628,2,1,0,0,0,0,0,0,0,0,0,0
61629,1,1,9,9,9,9,9,9,9,9,9,9
61629,2,1,0,0,0,0,0,0,0,24,0,0
61630,1,1,0,0,0,0,0,0,0,0,0,0
61631,1,1,0,0,0,0,0,0,0,0,0,0
61631,2,1,0,0,0,0,0,0,0,0,0,0
61631,3,1,0,0,0,0,0,0,0,0,0,0
61632,0,1,0,0,0,0,0,0,0,0,0,0
61632,1,1,0,0,0,0,0,0,0,0,0,0
61633,1,1,4,4,4,4,4,4,4,4,4,4
61634,1,1,0,0,0,0,0,0,0,0,0,0
61634,2,1,0,0,0,0,0,0,0,0,0,0
61634,3,1,0,0,0,0,0,0,0,0,0,0
61635,1,1,4,4,4,4,4,4,4,4,4,4
61635,2,1,0,0,0,0,0,0,0,0,0,0
61635,3,1,0,3,0,0,2,15,0,0,4,8
61636,0,1,0,0,0,32,0,10,0,22,0,0
61636,0,2,0,0,0,0,0,0,0,0,0,0
61636,1,1,4,4,4,4,4,4,4,4,4,4
61637,1,1,22,22,22,22,22,22,22,22,22,22
61638,1,1,0,0,0,0,0,0,0,0,0,0
61638,2,1,0,0,0,0,0,0,0,0,0,0
61639,0,1,0,0,0,0,0,0,0,0,0,0
61639,0,2,0,0,0,22,12,0,32,0,0,9
61639,0,3,0,0,20,0,14,26,0,0,0,0
61639,1,1,10,10,10,10,10,10,10,10,10,10
61640,1,1,64,64,64,64,64,64,64,64,64,64
61640,2,1,0,0,0,0,0,0,0,0,0,0
61641,0,1,0,0,0,0,0,0,21,0,28,0
61641,1,1,0,0,0,0,0,0,0,0,0,0
61642,1,1,0,0,0,0,0,0,0,0,0,0
61643,1,1,12,12,12,12,12,12,12,12,12,12
61643,2,1,2,2,2,2,2,2,2,2,2,2
61643,3,1,0,0,0,0,14,0,0,0,0,8
61643,4,1,13,0,0,0,0,0,0,0,0,0
61644,1,1,0,0,0,0,0,0,0,0,0,0
61645,0,1,0,0,0,0,0,0,0,0,0,0
61645,0,2,0,0,0,0,0,0,0,0,2,0
61645,1,1,0,0,0,0,0,0,0,0,0,0
61646,1,1,3,3,3,3,3,3,3,3,3,3
61646,2,1,0,0,0,0,0,0,0,0,0,0
61647,1,1,0,0,0,0,0,0,0,0,0,0
61649,1,1,15,15,15,15,15,15,15,15,15,15
61649,2,1,0,0,0,0,0,0,0,0,0,0
61650,1,1,0,0,0,0,0,0,0,0,0,0
61650,2,1,0,0,0,0,0,0,0,0,0,0
61651,0,1,26,26,26,26,26,26,26,26,26,26
61651,1,1,0,0,0,0,0,0,0,0,0,0
61652,1,1,0,0,0,0,0,0,0,0,0,0
61652,2,1,0,0,0,0,0,0,0,0,0,0
61652,3,1,0,0,0,0,0,0,0,0,0,0
61653,1,1,0,0,0,0,0,0,0,0,0,0
61653,2,1,19,0,0,0,0,0,0,0,0,0
61654,1,1,17,17,17,17,17,17,17,17,17,17
61655,0,1,31,31,31,31,31,31,31,31,31,31
61655,1,1,0,0,0,0,0,0,0,0,0,0
61656,1,1,0,0,0,0,0,0,0,17,0,0
61656,2,1,0,0,0,0,0,0,0,0,0,0
61657,1,1,27,0,0,0,40,0,0,0,29,0
61658,1,1,0,0,15,0,0,0,0,0,0,0
61658,2,1,0,0,0,0,0,0,0,0,0,0
61659,1,1,0,0,0,0,0,0,0,0,0,0
61659,2,1,0,0,0,0,0,0,0,0,0,0
61660,0,1,0,0,0,0,0,0,0,0,0,0
61660,1,1,10,10,10,10,10,10,10,10,10,10
61661,1,1,21,21,21,21,21,21,21,21,21,21
61661,2,1,0,0,0,0,0,0,0,0,0,0
61662,1,1,10,10,10,10,10,10,10,10,10,10
61662,2,1,0,0,0,0,0,0,0,0,0,0
61663,1,1,0,0,0,0,0,0,0,0,0,0
61664,1,1,0,0,0,0,0,0,0,0,0,0
61664,2,1,0,0,0,0,23,0,0,0,0,0
61665,1,1,0,0,0,0,0,0,0,0,0,0
61665,2,1,0,0,0,0,0,0,0,0,0,0
61666,0,1,24,24,24,24,24,24,24,24,24,24
61666,1,1,15,15,15,15,15,15,15,15,15,15
61667,0,1,0,0,0,0,0,0,0,0,0,0
61667,0,2,0,0,0,0,30,0,0,0,0,0
61667,1,1,9,9,9,9,9,9,9,9,9,9
61668,1,1,14,14,14,14,14,14,14,14,14,14
61669,0,1,0,0,0,0,0,0,0,0,0,0
61669,1,1,0,0,0,0,0,0,0,0,0,0
61670,1,1,15,15,15,15,15,15,15,15,15,15
61670,2,1,0,0,0,0,0,0,0,0,0,0
61672,1,1,24,24,24,24,24,24,24,24,24,24
61673,1,1,21,21,21,21,21,21,21,21,21,21
61674,1,1,4,16,24,24,0,4,25,2,25,35
61674,2,1,0,0,0,0,0,0,0,0,0,0
61675,1,1,0,0,0,0,0,0,0,0,0,0
61676,0,1,10,0,0,0,27,0,7,9,0,0
61676,1,1,0,0,0,0,29,0,20,0,0,0
61677,0,1,14,14,14,14,14,14,14,14,14,14
61677,1,1,0,0,17,0,0,0,0,0,0,0
61678,0,1,0,0,0,0,0,0,0,0,0,0
61678,1,1,0,0,0,0,7,0,0,0,0,0
61679,1,1,0,0,0,0,0,0,0,0,0,0
61679,2,1,0,0,0,0,0,0,0,0,0,0
61680,0,1,15,15,15,15,15,15,15,15,15,15
61680,1,1,0,0,0,0,0,0,0,0,0,0
61681,0,1,32,0,15,24,11,23,38,16,18,25
61681,1,1,0,0,0,0,0,0,0,0,0,0
61682,1,1,5,5,5,5,5,5,5,5,5,5
61683,0,1,15,15,15,15,15,15,15,15,15,15
61683,1,1,0,0,0,0,0,13,0,0,0,0
61684,1,1,11,3,13,27,20,10,18,19,19,30
61685,0,1,31,31,31,31,31,31,31,31,31,31
61685,1,1,0,0,0,0,0,0,0,0,0,0
61686,1,1,16,16,16,16,16,16,16,16,16,16
61687,1,1,0,0,24,0,0,0,0,0,0,0
61688,1,1,31,31,31,31,31,31,31,31,31,31
61689,1,1,0,0,0,0,0,0,0,0,0,0
61690,1,1,28,28,28,28,28,28,28,28,28,28
61691,1,1,18,18,18,18,18,18,18,18,18,18
61692,1,1,0,0,0,0,0,0,0,0,0,0
61692,2,1,0,5,0,0,0,14,15,23,14,25
61693,1,1,0,0,0,0,0,0,0,0,0,0
61693,2,1,0,0,0,0,0,0,0,12,0,0
61694,1,1,0,0,0,0,0,0,0,0,0,0
61694,2,1,0,0,0,0,0,0,0,0,0,0
61695,1,1,11,11,11,11,11,11,11,11,11,11
61696,0,1,0,0,0,0,0,0,0,0,0,0
61696,1,1,0,0,0,0,0,0,0,0,0,0
61697,1,1,0,0,0,0,0,0,0,0,0,0
61697,2,1,0,0,0,0,0,0,0,0,0,14
61697,3,1,0,0,0,0,0,0,0,0,0,0
61698,1,1,0,0,0,0,0,0,0,0,0,0
61698,2,1,0,0,0,0,0,0,0,0,0,0
61699,0,1,0,0,0,0,0,0,0,0,0,0
61699,1,1,0,0,0,0,0,0,0,0,0,0
61700,0,1,0,0,0,0,0,0,0,0,0,0
61700,1,1,0,0,0,0,0,0,15,0,9,0
61701,1,1,0,0,0,0,0,0,0,0,0,0
61701,2,1,0,0,0,0,0,0,0,0,0,0
61702,0,1,0,0,0,0,0,0,0,0,0,0
61702,1,1,0,0,0,0,0,0,0,0,0,0
61703,1,1,23,23,23,23,23,23,23,23,23,23
61704,1,1,0,0,0,0,0,0,0,0,0,0
61704,2,1,0,0,0,0,0,0,0,0,0,0
61705,1,1,0,0,0,0,0,0,0,0,0,0
61705,2,1,0,2,0,0,0,0,0,0,0,7
61706,1,1,24,24,24,24,24,24,24,24,24,24
61707,0,1,0,0,0,0,0,0,0,0,0,0
61707,1,1,0,0,0,0,0,0,0,0,0,0
61708,1,1,27,27,27,27,27,27,27,27,27,27
61709,0,1,0,0,0,0,0,0,0,0,0,0
61709,1,1,0,0,0,0,0,0,0,0,0,0
61710,0,1,0,0,0,0,0,0,0,0,0,0
61710,1,1,0,0,0,0,0,0,0,0,0,0
61711,1,1,0,0,11,0,0,0,0,0,0,0
61711,2,1,0,0,0,0,0,0,0,0,0,0
61711,3,1,0,0,0,0,0,0,0,0,0,0
61711,4,1,0,0,0,0,0,0,13,0,0,0
61711,5,1,0,4,0,0,0,0,17,0,0,0
61711,6,1,0,0,0,0,0,0,0,0,0,0
61712,0,1,0,0,0,0,0,0,0,0,0,0
61712,1,1,0,0,0,0,0,0,0,0,0,0
61712,2,1,0,0,0,0,0,0,0,0,0,0
61713,1,1,25,25,25,25,25,25,25,25,25,25
61714,1,1,0,0,0,0,0,0,0,0,0,0
61715,0,1,6,6,6,6,6,6,6,6,6,6
61715,1,1,0,0,27,0,0,0,0,0,0,0
61716,1,1,0,0,0,0,0,0,0,0,0,0
61716,2,1,0,0,0,0,0,0,0,0,0,0
61717,1,1,0,0,0,0,0,0,0,0,0,0
61717,2,1,0,0,0,0,0,0,0,0,0,0
61718,0,1,15,15,15,15,15,15,15,15,15,15
61718,1,1,0,0,0,0,0,0,0,0,0,0
61719,1,1,0,0,0,0,0,0,0,0,0,0
61719,2,1,0,0,0,0,28,19,19,0,0,0
61719,3,1,0,0,0,0,0,0,0,0,0,0
61720,1,1,0,0,0,0,0,0,0,0,0,0
61720,2,1,0,0,0,0,0,0,0,0,0,0
61721,1,1,0,0,0,0,0,0,0,0,0,0
61721,2,1,15,0,5,13,9,16,8,14,16,3
61722,1,1,1,1,1,1,1,1,1,1,1,1
61722,2,1,0,0,0,0,0,0,0,0,0,0
61723,1,1,0,0,0,0,0,0,0,0,0,0
61724,1,1,0,0,0,0,0,0,0,0,0,0
61725,1,1,0,0,0,0,0,0,0,0,0,0
61725,2,1,0,0,0,0,0,0,0,0,0,0
61725,3,1,0,0,0,0,0,0,0,0,0,0
61725,4,1,0,0,0,0,0,0,0,0,0,0
61726,0,1,0,0,0,0,0,0,0,0,0,0
61726,1,1,0,17,0,0,0,0,0,0,0,0
61727,0,1,0,0,0,0,0,0,0,0,0,0
61727,1,1,0,0,0,0,0,0,0,0,0,0
61728,1,1,0,0,0,0,0,0,0,0,0,0
61729,1,1,15,0,0,0,0,0,0,0,0,0
61730,0,1,0,0,0,0,0,0,0,0,0,0
61730,1,1,0,0,0,0,0,5,0,0,0,0
61731,1,1,0,0,0,0,0,0,0,0,0,0
61731,2,1,0,0,0,0,0,0,0,0,0,0
61732,0,1,0,0,0,0,0,0,0,0,0,0
61732,1,1,0,0,0,16,0,0,0,18,18,0
61733,0,1,0,0,15,0,0,0,0,0,0,0
61733,1,1,0,0,0,0,0,0,0,0,0,0
61734,1,1,0,0,0,0,0,0,0,0,0,0
61734,2,1,15,19,6,14,8,12,0,10,17,15
61735,1,1,0,0,0,0,0,0,0,0,0,0
61735,2,1,0,0,0,0,3,0,0,0,0,0
61735,3,1,0,0,0,0,0,0,0,0,0,0
61735,4,1,0,0,0,0,0,0,0,0,0,0
61736,1,1,0,0,0,0,0,0,0,0,0,0
61737,1,1,14,14,14,14,14,14,14,14,14,14
61737,2,1,0,0,17,0,0,0,0,0,16,0
61737,3,1,0,0,0,15,0,0,0,0,0,0
61738,0,1,0,0,0,0,0,0,0,0,0,0
61738,1,1,13,13,13,13,13,13,13,13,13,13
61739,1,1,0,0,0,38,0,0,24,0,0,0
61739,2,1,0,0,0,0,0,0,0,0,0,0
61739,3,1,0,0,0,0,0,0,12,0,0,0
61740,1,1,0,19,0,0,0,0,0,0,0,0
61741,1,1,0,0,0,0,0,0,0,0,0,0
61741,2,1,0,0,0,0,0,0,0,0,0,0
61742,1,1,0,0,0,0,0,0,0,0,0,0
61742,2,1,0,0,0,0,0,0,0,0,0,0
61742,3,1,0,0,0,0,0,0,0,0,0,0
61743,1,1,0,0,0,0,0,0,0,0,0,0
61743,2,1,0,0,0,0,0,0,0,0,0,0
61744,0,1,0,0,0,0,0,0,0,0,0,0
61744,1,1,8,16,16,7,10,14,17,0,0,15
61745,1,1,0,0,0,0,0,0,0,0,0,0
61746,1,1,9,9,9,9,9,9,9,9,9,9
61747,1,1,0,0,0,0,0,0,0,0,0,0
61748,1,1,0,0,0,0,0,0,0,0,0,0
61748,2,1,0,0,0,0,0,0,0,0,0,0
61749,1,1,14,14,14,14,14,14,14,14,14,14
61750,1,1,0,0,0,0,0,0,0,0,0,0
61751,1,1,0,0,0,0,0,0,0,0,0,0
61752,1,1,0,0,0,0,0,0,0,0,0,0
61752,2,1,0,0,0,0,0,0,0,0,0,0
61752,3,1,0,0,0,0,0,0,0,0,13,0
61753,1,1,0,0,0,0,0,0,0,0,0,0
61753,2,1,0,0,0,0,0,0,0,0,0,0
61754,1,1,4,4,4,4,4,4,4,4,4,4