ST_CASE,VEH_NO,PER_NO,P1,P2,P3,P4,P5,P6,P7,P8,P9,P10
61755,1,1,0,0,0,0,0,0,0,0,0,0
61755,2,1,0,0,0,0,0,0,0,0,0,0
61756,0,1,17,0,0,19,0,0,0,0,0,0
61756,1,1,0,0,16,0,0,0,11,0,0,0
61757,1,1,0,0,0,0,0,0,0,0,0,0
61758,1,1,0,0,0,0,0,0,0,0,0,0
61758,2,1,0,0,0,0,0,0,0,0,0,0
61759,1,1,0,0,0,0,0,0,0,0,0,0
61760,1,1,20,20,20,20,20,20,20,20,20,20
61761,0,1,0,0,0,0,0,0,0,0,0,0
61761,1,1,0,0,0,0,0,0,0,0,0,0
61762,1,1,0,0,0,0,0,0,0,0,0,0
61763,1,1,24,24,24,24,24,24,24,24,24,24
61764,0,1,27,27,37,16,21,13,20,18,15,19
61764,1,1,0,0,0,0,0,0,0,0,0,0
61765,0,1,0,0,0,0,0,0,0,0,0,0
61765,1,1,0,0,0,0,0,0,0,0,0,0
61766,0,1,26,26,26,26,26,26,26,26,26,26
61766,1,1,0,0,0,0,0,0,0,0,0,0
61767,0,1,0,0,0,0,0,0,0,0,0,0
61767,1,1,16,16,16,16,16,16,16,16,16,16
61768,1,1,0,0,0,0,0,0,0,0,0,0
61769,1,1,0,0,0,0,0,0,0,0,0,0
61769,2,1,7,0,0,0,0,34,0,0,9,0
61770,1,1,0,0,0,0,0,0,0,0,0,0
61770,2,1,0,0,0,0,0,0,0,0,0,0
61770,3,1,0,0,0,0,0,0,0,0,0,0
61770,5,1,0,0,0,0,0,0,0,0,0,0
61771,1,1,27,27,27,27,27,27,27,27,27,27
61771,2,1,0,0,0,0,0,0,0,0,0,0
61771,3,1,0,0,0,0,0,0,0,0,0,0
61772,0,1,9,9,9,9,9,9,9,9,9,9
61772,1,1,13,22,0,9,11,0,14,0,10,0
61773,1,1,0,0,0,0,0,0,0,0,0,23
61774,1,1,0,0,0,0,0,0,0,0,0,0
61775,0,1,0,0,0,0,0,0,0,0,0,0
61775,1,1,0,0,0,0,0,0,0,0,0,0
61776,0,1,0,0,0,0,0,0,0,0,0,0
61776,1,1,0,0,0,0,0,0,0,0,0,0
61777,1,1,19,19,19,19,19,19,19,19,19,19
61778,0,1,0,0,0,0,0,0,0,0,0,0
61778,1,1,0,0,0,0,0,0,0,0,0,0
61779,1,1,0,0,38,0,17,0,0,0,0,21
61779,2,1,0,0,0,0,0,0,0,0,0,0
61780,1,1,0,0,0,0,0,0,0,0,0,0
61780,2,1,0,0,0,0,0,0,0,0,0,0
61781,1,1,0,0,0,0,0,0,0,0,0,0
61782,1,1,0,0,0,0,0,0,0,0,0,0
61783,0,1,0,0,0,0,0,0,0,0,0,0
61783,1,1,0,0,0,0,0,0,0,0,0,0
61784,1,1,0,0,0,0,0,0,0,0,0,0
61784,2,1,0,0,0,0,0,0,0,0,0,0
61785,1,1,0,0,0,0,0,0,0,0,0,0
61786,0,1,0,0,0,0,0,0,0,0,0,0
61786,0,2,0,0,0,0,0,0,0,0,0,0
61786,1,1,3,3,3,3,3,3,3,3,3,3
61787,1,1,31,31,31,31,31,31,31,31,31,31
61788,1,1,14,14,14,14,14,14,14,14,14,14
61789,1,1,0,0,0,0,0,0,0,0,0,0
61789,2,1,0,0,0,0,0,0,0,0,0,0
61790,0,1,0,0,0,0,0,0,0,0,0,0
61790,1,1,0,0,0,0,0,0,0,0,0,0
61791,1,1,0,0,0,0,0,0,0,0,0,0
61791,2,1,0,0,0,0,0,0,0,0,0,0
61792,0,1,24,24,24,24,24,24,24,24,24,24
61792,0,2,10,35,17,17,11,8,25,15,10,13
61792,1,1,0,0,0,0,10,0,0,17,0,0
61793,0,1,15,15,15,15,15,15,15,15,15,15
61793,1,1,0,0,0,0,12,0,0,0,0,0
61794,0,1,0,0,0,0,0,0,0,0,0,0
61794,1,1,0,0,0,0,0,0,0,0,0,0
61795,0,1,30,30,30,30,30,30,30,30,30,30
61795,1,1,0,0,0,0,0,0,18,0,0,0
61796,0,1,0,4,18,0,0,16,0,17,27,0
61796,1,1,0,0,0,0,0,0,0,0,0,0
61796,2,1,0,0,14,0,0,18,7,53,0,21
61797,1,1,0,0,0,0,0,0,0,0,0,0
61797,2,1,0,0,0,0,0,0,0,0,0,0
61798,1,1,0,0,0,0,0,0,0,0,0,0
61798,2,1,0,0,0,0,0,0,0,0,0,0
61799,1,1,0,0,0,0,0,0,0,0,0,0
61800,1,1,0,0,0,0,0,0,0,0,0,0
61801,1,1,7,7,7,7,7,7,7,7,7,7
61801,2,1,0,0,0,0,0,0,0,0,0,0
61802,0,1,0,0,0,0,0,0,0,0,0,0
61802,1,1,0,0,0,0,15,0,0,0,0,0
61803,1,1,0,0,0,0,0,0,0,0,0,0
61803,2,1,0,0,0,0,0,0,0,0,0,0
61804,1,1,0,0,0,0,0,0,0,0,0,0
61805,0,1,0,0,0,0,0,0,0,0,0,0
61805,1,1,0,0,0,0,0,0,0,0,0,0
61805,2,1,0,0,0,0,0,0,0,0,0,0
61806,0,1,0,0,0,0,0,0,0,0,0,0
61806,1,1,0,0,0,0,0,0,0,0,0,0
61807,0,1,0,0,0,0,0,0,0,0,0,0
61807,1,1,0,0,0,0,0,0,0,0,0,0
61808,1,1,0,0,0,0,0,0,0,0,0,0
61808,2,1,0,0,0,0,0,0,0,0,0,0
61808,3,1,0,0,0,0,0,0,0,0,0,0
61808,4,1,0,0,0,0,0,0,0,0,0,0
61809,0,1,0,0,0,0,0,0,0,0,0,0
61809,1,1,0,0,0,0,0,0,0,0,0,0
61810,1,1,14,14,14,14,14,14,14,14,14,14
61811,1,1,0,0,0,0,0,0,0,0,0,0
61811,2,1,0,0,0,0,0,0,0,0,0,0
61812,1,1,0,0,0,0,0,0,0,0,0,0
61812,2,1,0,0,0,0,0,0,0,0,0,0
61813,1,1,47,47,47,47,47,47,47,47,47,47
61814,1,1,3,3,3,3,3,3,3,3,3,3
61814,2,1,0,0,10,0,0,0,0,36,0,0
61815,1,1,11,0,0,0,19,17,0,0,9,19
61816,0,1,0,0,0,0,0,0,0,0,0,0
61816,1,1,0,0,0,0,0,0,0,0,0,0
61817,1,1,26,26,26,26,26,26,26,26,26,26
61818,0,1,17,17,17,17,17,17,17,17,17,17
61818,1,1,3,13,0,0,0,3,0,0,0,0
61818,2,1,0,13,0,0,0,0,6,0,0,0
61819,1,1,0,0,0,0,0,0,0,0,0,0
61819,2,1,0,0,0,0,0,0,0,0,0,0
61820,0,1,0,0,0,0,0,0,0,0,0,0
61820,1,1,0,0,0,0,0,0,0,0,0,0
61821,1,1,0,0,0,0,0,0,0,0,0,0
61822,0,1,0,0,0,0,0,0,0,0,0,0
61822,1,1,0,0,0,0,0,0,0,0,0,0
61823,1,1,0,0,0,0,0,0,0,0,0,0
61823,2,1,0,0,0,0,0,0,0,0,0,0
61823,3,1,0,0,0,0,0,0,0,0,0,0
61824,0,1,15,20,9,19,0,3,15,30,31,12
61824,1,1,0,0,0,0,0,0,0,0,0,0
61824,2,1,0,0,0,0,0,0,0,0,0,0
61824,3,1,0,0,0,0,0,0,0,0,0,26
61825,1,1,0,0,0,0,0,0,0,0,0,0
61826,1,1,16,16,16,16,16,16,16,16,16,16
61827,1,1,0,0,0,0,0,0,0,0,0,0
61827,2,1,0,0,0,0,0,0,0,0,0,0
61828,0,1,40,40,40,40,40,40,40,40,40,40
61828,1,1,0,0,0,0,0,0,19,0,0,0
61829,1,1,18,18,18,18,18,18,18,18,18,18
61829,2,1,11,11,22,29,19,10,21,20,9,31
61829,3,1,0,0,0,0,0,0,0,0,0,0
61829,4,1,0,0,0,0,0,0,0,0,0,0
61830,1,1,20,20,20,20,20,20,20,20,20,20
61830,2,1,0,0,0,0,0,0,0,0,0,0
61831,0,1,0,0,0,0,0,0,0,0,0,0
61831,1,1,0,0,0,0,0,0,0,0,0,0
61832,1,1,0,0,0,0,0,0,0,0,0,0
61833,0,1,29,29,29,29,29,29,29,29,29,29
61833,1,1,0,0,10,0,0,0,0,0,0,0
61834,1,1,15,15,15,15,15,15,15,15,15,15
61835,0,1,0,0,0,0,0,0,0,0,0,0
61835,1,1,0,0,0,0,0,0,0,0,0,0
61836,1,1,0,0,0,0,0,0,0,0,0,0
61836,2,1,0,0,0,0,0,23,0,0,0,0
61836,3,1,0,0,0,0,0,0,0,0,0,0
61837,1,1,32,32,32,32,32,32,32,32,32,32
61838,0,1,0,0,0,0,0,0,0,0,0,0
61838,1,1,0,0,0,0,0,0,0,0,0,0
61839,0,1,0,0,0,0,0,0,0,0,0,0
61839,1,1,0,0,0,0,0,0,0,0,0,0
61840,0,1,22,22,22,22,22,22,22,22,22,22
61840,1,1,16,0,0,0,20,0,26,0,0,7
61841,0,1,15,15,15,15,15,15,15,15,15,15
61841,1,1,0,0,0,0,21,0,0,0,0,0
61841,2,1,0,8,7,0,0,0,0,0,0,0
61841,3,1,0,0,21,0,0,0,0,12,0,0
61842,1,1,0,0,0,0,0,0,0,0,0,0
61842,2,1,0,0,0,0,0,0,0,0,0,0
61843,1,1,0,0,0,0,0,0,0,0,0,0
61844,0,1,0,0,0,0,0,0,0,0,0,0
61844,1,1,0,0,0,0,0,0,0,0,0,0
61845,0,1,0,0,0,0,0,0,0,0,0,0
61845,1,1,0,0,0,8,0,0,0,0,0,0
61846,0,1,0,0,0,0,0,0,0,0,0,0
61846,1,1,6,0,13,0,0,0,0,0,0,0
61847,1,1,0,0,0,0,0,0,0,0,0,0
61847,2,1,0,0,0,0,0,0,0,0,0,0
61847,3,1,4,0,0,0,0,0,4,0,4,0
61848,1,1,0,0,0,0,0,0,0,0,0,0
61849,0,1,0,0,0,0,0,0,0,0,0,0
61849,1,1,0,0,0,0,0,0,0,0,0,0
61850,1,1,0,0,0,0,0,0,0,0,0,0
61851,0,1,0,0,0,0,0,0,0,0,0,0
61851,0,2,0,0,0,0,0,0,0,0,0,0
61851,1,1,0,17,0,0,0,0,0,0,0,0
61852,0,1,0,0,0,0,0,0,0,0,0,0
61852,1,1,0,0,0,0,0,0,0,0,0,0
61853,0,1,42,42,42,42,42,42,42,42,42,42
61853,1,1,0,0,16,0,0,26,0,0,11,29
61854,1,1,12,12,12,12,12,12,12,12,12,12
61855,1,1,9,9,9,9,9,9,9,9,9,9
61855,2,1,0,0,0,13,0,0,0,0,0,0
61856,0,1,0,0,0,0,0,0,0,0,0,0
61856,1,1,0,0,0,0,0,0,0,0,0,0
61857,1,1,0,0,0,0,0,0,0,0,0,0
61857,2,1,0,0,0,0,0,0,0,0,0,0
61858,1,1,0,0,0,0,0,0,0,0,0,0
61859,0,1,0,0,0,16,0,9,0,0,0,0
61859,0,2,0,0,0,0,0,16,0,0,0,0
61859,1,1,0,0,0,0,0,0,0,0,0,15
61860,1,1,0,0,0,0,0,0,0,0,0,0
61860,2,1,0,0,0,0,0,0,0,0,0,0
61860,3,1,0,0,0,0,0,0,0,0,0,0
61861,1,1,0,16,18,0,0,0,0,0,0,0
61861,2,1,0,0,10,0,0,0,0,0,0,0
61862,1,1,20,20,20,20,20,20,20,20,20,20
61862,2,1,0,0,0,0,0,0,0,0,0,0
61863,0,1,12,12,12,12,12,12,12,12,12,12
61863,1,1,0,0,0,0,0,0,0,0,0,0
61864,0,1,0,0,0,0,0,0,0,0,0,0
61864,1,1,0,0,0,0,0,0,0,14,0,0
61865,1,1,0,0,0,0,0,0,0,0,0,0
61865,2,1,0,9,0,0,0,28,0,0,0,0
61866,1,1,0,0,0,0,0,0,0,0,0,0
61867,1,1,0,0,0,0,0,0,0,0,0,0
61867,2,1,0,0,0,0,0,0,0,0,0,0
61868,1,1,21,21,21,21,21,21,21,21,21,21
61869,1,1,0,0,0,0,0,0,0,0,0,0
61869,2,1,0,0,0,0,0,0,0,0,0,0
61870,0,1,0,0,0,0,0,0,0,0,0,0
61870,1,1,0,0,0,0,0,0,0,0,0,0
61870,2,1,0,0,0,0,33,0,0,0,0,15
61871,1,1,0,0,0,0,0,0,0,0,0,0
61872,1,1,12,12,12,12,12,12,12,12,12,12
61873,1,1,16,16,16,16,16,16,16,16,16,16
61874,1,1,0,0,19,0,0,0,12,0,0,0
61874,2,1,0,0,0,0,0,0,0,14,0,17
61875,1,1,29,29,29,29,29,29,29,29,29,29
61876,1,1,0,0,0,0,0,0,0,0,0,0
61877,1,1,23,23,23,23,23,23,23,23,23,23
61878,1,1,0,0,0,0,0,0,0,0,0,0
61879,1,1,0,0,0,0,0,5,0,0,0,0
61879,2,1,0,0,0,0,0,0,0,14,0,0
61880,1,1,26,26,26,26,26,26,26,26,26,26
61881,1,1,0,0,0,0,0,0,0,0,0,0
61882,1,1,0,0,0,0,0,0,0,0,0,0
61882,2,1,0,0,0,0,0,0,0,0,0,0
61883,0,1,0,0,0,0,0,0,0,0,0,0
61883,0,2,0,0,0,0,0,0,0,0,0,0
61883,1,1,0,0,0,0,0,0,0,0,0,0
61884,1,1,3,3,3,3,3,3,3,3,3,3
61884,2,1,0,0,0,0,0,0,0,0,0,0
61885,1,1,7,0,21,17,0,20,0,0,0,17
61885,2,1,1,1,1,1,1,1,1,1,1,1
61886,1,1,0,0,0,0,0,0,0,8,0,0
61886,2,1,0,5,0,5,0,0,0,0,0,0
61887,1,1,0,0,0,0,0,0,9,0,0,0
61887,2,1,0,0,0,0,0,0,0,0,0,0
61888,1,1,10,15,25,19,22,30,22,21,6,20
61890,0,1,0,0,5,0,0,0,0,0,0,0
61890,1,1,0,0,0,0,0,0,0,0,0,0
61891,1,1,0,0,0,0,0,0,0,0,0,0
61892,1,1,20,20,20,20,20,20,20,20,20,20
61892,2,1,0,13,28,0,0,0,0,28,17,44
61893,1,1,0,0,0,0,0,0,0,0,0,0
61894,1,1,0,0,0,0,0,0,0,0,0,0
61894,2,1,0,0,0,0,0,0,0,0,0,0
61894,3,1,0,0,0,0,0,0,0,0,0,0
61895,1,1,0,21,0,13,0,14,16,15,0,0
61895,2,1,0,0,0,0,0,0,0,0,0,0
61896,1,1,6,6,6,6,6,6,6,6,6,6
61897,1,1,17,17,17,17,17,17,17,17,17,17
61898,0,1,25,25,25,25,25,25,25,25,25,25
61898,1,1,5,0,7,0,8,18,0,9,4,0
61899,1,1,9,9,9,9,9,9,9,9,9,9
61900,0,1,12,12,12,12,12,12,12,12,12,12
61900,1,1,0,0,8,0,0,0,0,0,0,0
61900,2,1,0,0,0,0,0,0,0,0,0,0
61901,0,1,31,31,31,31,31,31,31,31,31,31
61901,1,1,0,0,0,0,0,0,0,0,0,0
61902,1,1,5,5,5,5,5,5,5,5,5,5
61903,1,1,4,4,4,4,4,4,4,4,4,4
61904,1,1,0,0,0,0,0,0,0,0,0,0
61905,1,1,0,0,0,0,0,0,0,0,0,0
61905,2,1,0,0,0,0,0,0,0,0,0,0
61906,0,1,0,0,0,0,0,0,0,0,0,0
61906,0,2,0,11,0,0,0,30,0,0,0,0
61906,1,1,0,0,0,0,0,0,0,0,0,0
61907,1,1,0,0,0,0,0,0,0,0,0,0
61908,1,1,0,0,0,0,0,0,0,0,0,0
61909,1,1,0,0,0,0,0,0,0,0,0,0
61909,2,1,0,0,0,0,0,0,0,0,0,0
61910,1,1,0,0,0,0,0,0,0,0,0,5
61911,1,1,0,0,0,0,0,0,0,0,0,0
61912,0,1,0,0,0,0,0,0,0,0,0,0
61912,1,1,0,0,0,0,0,0,0,0,0,0
61913,1,1,22,22,22,22,22,22,22,22,22,22
61914,1,1,18,18,18,18,18,18,18,18,18,18
61915,1,1,0,0,0,0,0,0,0,0,0,0
61916,1,1,0,0,0,0,0,0,0,0,0,0
61917,1,1,13,13,13,13,13,13,13,13,13,13
61917,2,1,0,0,0,0,0,0,0,0,0,0
61918,1,1,0,0,0,0,0,0,0,0,0,0
61919,1,1,19,19,19,19,19,19,19,19,19,19
61919,2,1,0,0,0,0,0,0,0,0,0,0
61920,1,1,0,0,0,0,0,0,0,0,0,0
61920,2,1,2,0,0,0,0,0,0,0,0,0
61921,0,1,22,22,22,22,22,22,22,22,22,22
61921,1,1,7,7,7,7,7,7,7,7,7,7
61922,1,1,0,0,0,0,0,0,0,0,0,0
61923,0,1,17,17,17,17,17,17,17,17,17,17
61923,1,1,0,0,0,0,0,0,0,0,0,0
61924,1,1,18,0,0,0,14,0,0,0,11,0
61924,2,1,0,0,0,0,0,0,0,0,0,0
61925,1,1,27,27,27,27,27,27,27,27,27,27
61926,1,1,0,0,0,0,0,0,0,0,0,0
61926,2,1,0,0,0,0,0,0,0,0,0,0
61927,1,1,0,0,0,0,0,0,0,0,0,0
61928,1,1,0,0,0,0,0,0,0,0,0,0
61928,2,1,0,0,0,0,0,0,0,0,0,0
61929,1,1,13,13,13,13,13,13,13,13,13,13
61930,1,1,0,0,0,0,0,0,0,0,0,0
61930,2,1,0,0,0,0,0,0,0,0,0,0
61931,1,1,23,23,23,23,23,23,23,23,23,23
61932,0,1,0,0,0,0,0,0,0,0,0,0
61932,1,1,0,8,0,0,0,0,0,0,0,0
61933,0,1,0,0,0,0,0,0,0,0,0,0
61933,1,1,0,0,0,0,0,0,0,0,0,0
61934,1,1,0,0,0,0,0,0,0,0,0,0
61935,0,1,0,0,8,0,0,0,0,0,0,0
61935,1,1,0,0,0,0,19,0,0,11,0,14
61936,0,1,15,15,15,15,15,15,15,15,15,15
61936,1,1,0,0,0,0,0,0,0,0,0,0
61937,0,1,0,0,0,0,0,0,0,0,0,0
61937,1,1,0,0,0,0,0,0,0,0,0,0
61938,1,1,0,0,0,0,0,0,0,0,0,0
61939,1,1,0,0,0,0,0,0,0,0,0,0
61939,2,1,0,0,0,0,0,0,0,0,0,0
61940,0,1,0,0,0,0,0,0,0,0,0,0
61940,1,1,0,0,0,0,0,0,0,0,0,0
61941,0,1,0,0,0,0,0,0,0,0,0,0
61941,1,1,0,0,0,0,0,0,0,0,0,0
61942,0,1,0,0,0,0,0,0,0,0,0,0
61942,1,1,0,0,0,0,0,0,0,0,0,0
61943,1,1,0,0,0,0,14,0,0,19,8,0
61943,2,1,0,0,0,0,0,0,0,0,0,0
61943,3,1,0,0,0,0,0,0,0,0,0,13
61943,4,1,0,0,0,0,0,0,0,0,0,0
61943,5,1,0,0,0,0,0,0,0,0,0,0
61944,1,1,0,0,0,0,0,0,0,0,0,0
61944,2,1,0,0,0,0,0,0,0,0,0,0
61945,1,1,0,0,0,0,0,0,0,0,0,0
61945,2,1,0,0,0,12,0,0,0,0,0,30
61945,3,1,0,0,0,0,0,0,0,0,0,0
61945,4,1,0,0,0,0,0,0,0,0,0,0
61946,1,1,27,27,27,27,27,27,27,27,27,27
61946,2,1,0,0,0,0,0,0,0,0,0,0
61947,1,1,0,0,0,0,0,0,0,0,0,0
61948,1,1,21,21,21,21,21,21,21,21,21,21
61948,2,1,31,31,31,31,31,31,31,31,31,31
61949,1,1,28,28,28,28,28,28,28,28,28,28
61950,1,1,0,0,0,0,0,0,0,0,0,0
61950,2,1,0,0,0,0,0,0,0,0,0,0
61951,0,1,15,15,15,15,15,15,15,15,15,15
61951,1,1,0,7,6,40,11,23,0,13,8,15
61952,1,1,0,0,0,0,0,0,0,0,0,0
61952,2,1,0,0,0,13,0,0,0,0,0,0
61953,1,1,14,14,14,14,14,14,14,14,14,14
61954,1,1,0,0,0,0,19,0,0,0,0,0
61955,1,1,0,0,0,0,0,0,0,0,0,0
61956,1,1,20,20,20,20,20,20,20,20,20,20
61957,0,1,0,0,0,20,0,0,5,0,0,0
61957,1,1,0,0,0,0,11,0,0,0,0,0
61958,1,1,0,0,0,0,0,0,0,0,0,0
61959,1,1,0,0,0,0,0,0,0,0,0,0
61960,0,1,0,0,0,0,0,0,0,0,0,0
61960,1,1,0,0,7,0,0,0,0,0,0,0
61961,1,1,0,0,0,0,0,0,0,0,0,0
61961,2,1,0,9,12,0,0,0,0,0,0,0
61962,1,1,34,34,34,34,34,34,34,34,34,34
61962,2,1,0,0,0,0,0,0,0,0,0,0
61963,1,1,20,20,20,20,20,20,20,20,20,20
61963,2,1,0,0,0,0,0,0,0,0,0,0
61964,1,1,6,6,6,6,6,6,6,6,6,6
61965,1,1,0,0,0,0,0,0,0,0,0,0
61965,2,1,0,0,0,0,0,0,0,0,0,0
61966,0,1,0,0,0,0,0,0,0,0,0,0
61966,1,1,8,8,8,8,8,8,8,8,8,8
61967,1,1,0,0,0,0,0,0,0,0,0,0
61968,0,1,0,0,0,0,0,0,0,0,0,0
61968,1,1,0,0,0,0,0,0,0,0,0,0
61969,0,1,0,0,0,0,0,0,0,0,0,0
61969,1,1,0,0,0,0,0,0,0,0,0,0
61970,1,1,18,18,18,18,18,18,18,18,18,18
61971,1,1,0,0,0,0,0,0,0,0,0,0
61972,0,1,23,23,23,23,23,23,23,23,23,23
61972,1,1,0,0,0,0,0,0,0,0,0,0
61973,0,1,0,0,0,0,0,0,0,0,0,0
61973,1,1,0,0,0,0,0,0,0,0,0,0
61974,1,1,0,0,0,0,0,0,0,0,0,0
61975,0,1,13,13,13,13,13,13,13,13,13,13
61975,1,1,6,6,6,6,6,6,6,6,6,6
61976,1,1,0,0,0,0,0,0,0,0,0,0
61977,0,1,0,0,0,0,0,0,0,0,0,0
61977,0,2,0,0,0,0,0,0,0,0,0,0
61977,1,1,0,0,0,24,0,0,0,0,0,0
61978,1,1,0,12,0,0,0,0,0,0,0,9
61978,2,1,0,0,0,0,0,0,0,0,0,0
61978,3,1,0,11,0,0,0,0,0,0,0,0
61979,1,1,4,4,4,4,4,4,4,4,4,4
61980,0,1,0,0,0,0,0,0,0,0,0,0
61980,1,1,0,0,0,0,0,0,0,0,0,0
61981,0,1,0,0,0,0,0,0,0,0,0,0
61981,2,1,0,0,0,12,0,0,0,0,0,0
61981,3,1,0,0,0,0,0,0,0,0,0,0
61982,1,1,0,0,0,0,0,0,0,0,0,0
61983,1,1,0,0,0,0,0,0,0,0,0,0
61983,2,1,0,0,0,0,0,0,0,0,0,0
61984,1,1,6,6,6,6,6,6,6,6,6,6
61984,2,1,0,0,0,0,0,0,0,0,0,0
61985,1,1,0,0,0,0,0,0,0,0,0,0
61985,2,1,0,0,0,0,0,0,0,0,0,0
61986,0,1,0,0,0,0,0,0,0,0,0,0
61986,0,2,0,6,0,0,0,0,0,19,24,0
61986,1,1,11,11,11,11,11,11,11,11,11,11
61987,1,1,8,8,8,8,8,8,8,8,8,8
61987,2,1,0,0,0,0,0,0,0,0,0,0
61988,1,1,9,9,9,9,9,9,9,9,9,9
61989,1,1,11,11,11,11,11,11,11,11,11,11
61989,2,1,0,0,0,0,0,0,0,0,0,0
61989,3,1,0,0,0,0,0,0,3,0,0,0
61990,1,1,18,11,7,0,19,25,31,0,0,12
61990,2,1,7,7,7,7,7,7,7,7,7,7
61991,1,1,0,0,0,0,0,0,0,0,0,0
61991,2,1,3,0,0,0,5,0,0,0,0,0
61992,0,1,14,14,14,14,14,14,14,14,14,14
61992,1,1,0,0,0,0,0,0,0,0,0,0
61993,0,1,0,0,0,0,0,0,0,0,0,0
61993,1,1,0,0,0,23,0,0,0,0,0,14
61993,2,1,0,0,0,0,0,0,0,0,0,0
61994,1,1,18,18,18,18,18,18,18,18,18,18
61995,1,1,0,0,0,0,0,0,0,0,0,0
61996,1,1,0,0,0,0,0,0,0,0,0,0
61996,2,1,0,0,0,0,0,0,0,0,0,0
61997,1,1,0,0,0,0,0,0,0,0,0,0
61997,2,1,2,2,2,2,2,2,2,2,2,2
61998,0,1,0,0,0,0,0,0,0,0,0,0
61998,1,1,0,8,0,0,0,0,0,0,0,0
61999,1,1,0,0,0,0,0,0,0,0,0,0
61999,2,1,0,0,0,0,0,0,0,0,0,0
61999,3,1,0,0,0,0,0,0,0,0,0,0
62000,0,1,0,0,0,0,0,0,0,0,0,0
62000,1,1,0,0,0,0,0,0,0,0,0,0
62001,1,1,0,0,0,0,0,0,0,0,0,0
62001,2,1,0,0,0,0,0,0,0,0,0,0
62001,3,1,0,0,0,0,0,0,0,0,0,0
62002,1,1,0,0,0,0,0,0,0,0,0,0
62003,0,1,0,0,0,0,0,0,0,0,0,0
62004,1,1,22,22,22,22,22,22,22,22,22,22
62005,1,1,3,3,3,3,3,3,3,3,3,3
62006,1,1,0,0,0,0,0,0,0,0,0,0
62006,2,1,0,0,0,0,0,0,0,0,0,0
62006,3,1,0,0,0,0,28,0,0,0,0,0
62007,1,1,0,0,0,0,0,0,0,0,0,0
62007,2,1,0,0,0,0,0,0,0,0,0,0
62008,0,1,29,29,29,29,29,29,29,29,29,29
62008,1,1,8,14,17,8,19,7,0,14,9,0
62009,1,1,0,0,0,0,0,0,0,0,0,0
62010,1,1,0,0,0,0,0,0,0,0,0,0
62011,0,1,0,0,0,0,0,0,0,0,0,0
62011,1,1,0,0,0,0,0,0,3,0,0,20
62012,1,1,0,0,0,0,0,0,0,0,0,0
62012,2,1,0,0,0,0,0,0,0,0,0,0
62013,1,1,15,15,15,15,15,15,15,15,15,15
62013,2,1,0,0,8,8,0,0,0,0,0,0
62014,1,1,0,0,0,0,0,0,0,0,0,0
62014,2,1,0,0,0,0,0,0,0,0,0,0
62015,1,1,0,8,0,0,0,0,0,0,0,0
62016,0,1,0,0,0,0,0,0,0,0,0,0
62016,1,1,0,0,0,0,0,0,0,0,0,0
62017,1,1,5,5,5,5,5,5,5,5,5,5
62018,0,1,0,0,0,0,0,0,0,0,0,0
62018,1,1,0,0,0,0,0,0,0,0,0,0
62019,0,1,16,16,16,16,16,16,16,16,16,16
62019,1,1,0,0,2,0,0,0,0,0,0,12
62019,2,1,0,0,0,17,0,0,0,0,0,12
62020,0,1,0,0,0,0,0,0,0,0,0,0
62020,1,1,0,0,0,0,0,17,0,0,0,0
62021,1,1,0,0,0,0,0,0,0,0,0,0
62022,0,1,0,0,0,0,0,0,0,0,0,0
62022,1,1,0,0,0,0,0,0,0,0,0,0
62023,1,1,0,0,0,0,0,0,0,0,0,0
62024,0,1,23,23,23,23,23,23,23,23,23,23
62024,1,1,0,0,0,0,0,0,0,0,0,0
62025,1,1,0,0,0,0,0,0,0,0,0,0
62026,1,1,0,24,0,0,0,0,0,0,0,0
62026,2,1,0,0,0,0,0,0,0,0,0,0
62026,3,1,0,0,22,0,0,0,0,0,0,0
62027,0,1,0,0,0,0,0,0,0,0,0,0
62027,0,2,0,0,0,7,0,0,0,0,0,0
62027,0,3,0,0,14,0,0,0,0,0,0,0
62027,0,4,0,0,0,0,0,0,0,0,0,0
62027,1,1,0,0,0,0,0,0,0,0,0,0
62028,1,1,0,0,0,0,0,0,0,0,0,0
62029,1,1,0,0,0,11,0,9,0,0,0,0
62029,2,1,0,0,0,0,0,0,0,0,0,0
62030,1,1,0,0,0,0,0,0,0,0,0,0
62031,1,1,0,0,0,0,0,0,0,0,0,0
62031,2,1,0,0,0,0,0,0,0,0,0,0
62031,3,1,0,0,0,0,0,0,0,0,0,0
62032,0,1,27,27,27,27,27,27,27,27,27,27
62032,1,1,9,15,17,0,0,12,0,0,0,13
62032,2,1,0,0,0,0,0,0,0,0,0,0
62032,3,1,0,0,13,0,0,0,0,0,0,0
62032,4,1,0,0,19,24,0,0,0,0,9,0
62033,0,1,0,0,0,0,0,0,0,0,0,0
62033,1,1,0,0,0,0,0,0,0,0,0,0
62034,0,1,0,0,0,0,0,0,0,0,0,0
62034,1,1,0,0,23,0,0,23,23,0,0,0
62035,0,1,0,0,0,0,0,0,0,0,0,0
62035,1,1,0,0,0,0,0,0,0,0,0,0
62036,0,1,24,8,44,16,28,19,34,77,28,17
62036,1,1,0,0,28,9,18,17,17,24,20,0
62036,2,1,0,17,0,0,7,0,10,0,0,6
62036,3,1,0,0,0,0,0,0,0,3,0,9
62037,1,1,19,19,19,19,19,19,19,19,19,19
62038,1,1,0,0,0,0,0,0,0,0,0,0
62039,0,1,0,0,0,0,0,0,0,0,0,0
62039,1,1,0,0,18,0,0,27,11,22,7,0
62039,2,1,0,0,0,0,0,0,0,0,0,0
62040,1,1,0,0,0,0,0,0,0,0,0,0
62041,1,1,0,0,0,0,0,0,0,0,0,0
62042,1,1,3,3,3,3,3,3,3,3,3,3
62043,1,1,25,0,0,0,0,0,0,13,0,0
62044,1,1,0,0,0,0,0,0,0,0,0,0