ST_CASE,VEH_NO,PER_NO,P1,P2,P3,P4,P5,P6,P7,P8,P9,P10
62045,0,1,0,0,0,0,0,0,0,0,0,0
62045,1,1,0,0,0,0,0,0,0,0,0,0
62046,1,1,0,0,0,0,0,0,0,0,0,0
62046,3,1,0,0,0,0,0,0,0,0,0,0
62047,1,1,18,0,0,15,15,0,0,0,0,25
62047,2,1,0,0,0,0,0,0,0,0,0,0
62048,0,1,0,0,0,0,0,0,0,0,0,0
62048,1,1,0,0,0,0,0,0,0,0,0,0
62049,0,1,0,0,0,0,0,0,0,0,0,0
62049,1,1,8,8,8,8,8,8,8,8,8,8
62050,1,1,21,9,32,3,20,22,16,0,16,9
62050,2,1,0,0,0,0,0,0,0,0,0,0
62051,1,1,12,12,12,12,12,12,12,12,12,12
62052,1,1,0,0,0,20,0,0,0,0,0,0
62052,2,1,0,0,0,0,0,15,0,0,18,0
62053,1,1,16,16,16,16,16,16,16,16,16,16
62053,2,1,0,0,0,0,0,0,0,0,0,0
62054,0,1,0,0,0,0,0,0,0,0,0,0
62054,1,1,0,0,0,0,0,0,0,0,0,0
62055,1,1,0,0,0,0,0,0,0,0,0,0
62056,1,1,0,0,0,0,0,0,25,0,0,0
62056,2,1,0,0,0,16,12,13,0,13,0,0
62056,3,1,0,0,0,0,0,6,0,0,0,0
62057,0,1,13,13,13,13,13,13,13,13,13,13
62057,1,1,0,0,0,0,0,0,0,0,3,6
62057,2,1,0,0,0,0,0,0,0,0,13,0
62057,3,1,0,6,0,0,0,0,0,17,0,0
62058,1,1,0,0,0,0,0,0,0,0,0,0
62059,1,1,11,11,11,11,11,11,11,11,11,11
62059,2,1,0,0,0,0,0,0,0,0,0,0
62060,0,1,0,0,0,0,0,0,0,0,0,0
62060,1,1,0,0,0,0,0,0,0,0,0,0
62061,1,1,0,17,0,3,0,9,6,10,13,0
62062,0,1,0,0,0,0,0,0,0,0,0,0
62062,1,1,0,0,0,0,0,0,0,0,0,0
62063,1,1,0,0,0,0,0,0,0,0,0,0
62064,1,1,23,23,23,23,23,23,23,23,23,23
62065,1,1,0,0,0,0,0,0,0,0,0,0
62066,1,1,0,0,0,0,0,0,0,0,0,0
62066,2,1,0,0,0,0,0,0,0,0,0,0
62067,0,1,8,8,8,8,8,8,8,8,8,8
62067,1,1,0,0,0,0,0,0,0,0,0,0
62068,0,1,0,0,0,0,0,0,0,0,0,0
62068,1,1,0,0,0,0,0,0,0,0,0,0
62069,1,1,1,1,1,1,1,1,1,1,1,1
62069,2,1,0,0,0,0,0,0,0,0,0,0
62070,0,1,0,0,0,0,0,0,0,0,0,0
62070,1,1,9,0,0,0,0,0,0,0,0,0
62071,0,1,5,5,5,5,5,5,5,5,5,5
62071,1,1,9,9,9,9,9,9,9,9,9,9
62071,2,1,0,0,0,0,0,0,0,0,0,0
62071,3,1,0,0,0,0,0,0,0,0,0,0
62072,0,1,0,0,0,0,0,0,0,0,0,0
62072,1,1,0,0,0,0,0,0,0,0,0,0
62073,1,1,24,24,24,24,24,24,24,24,24,24
62074,1,1,0,0,0,0,0,0,0,0,0,0
62075,1,1,0,0,0,0,0,0,0,0,0,0
62075,2,1,0,19,0,0,0,0,0,0,0,0
62075,3,1,4,0,0,0,0,0,0,0,0,0
62076,0,1,0,0,0,0,0,0,0,0,0,0
62076,0,2,0,0,0,0,0,0,0,0,0,0
62076,1,1,15,15,15,15,15,15,15,15,15,15
62077,1,1,0,0,0,0,0,0,0,0,0,0
62077,2,1,0,0,0,0,0,0,0,0,0,0
62078,1,1,0,0,0,0,0,0,0,0,0,0
62079,0,1,20,20,20,20,20,20,20,20,20,20
62079,1,1,0,0,0,0,0,0,0,0,9,0
62080,0,1,25,25,25,25,25,25,25,25,25,25
62080,1,1,0,0,0,0,0,0,0,0,0,0
62081,1,1,18,18,18,18,18,18,18,18,18,18
62082,0,1,22,22,22,22,22,22,22,22,22,22
62082,1,1,0,0,0,0,0,0,0,0,0,0
62083,1,1,0,0,0,0,0,0,0,0,0,0
62084,0,1,0,0,0,0,0,0,0,0,0,0
62084,1,1,0,15,0,7,14,0,0,0,0,23
62085,1,1,18,18,18,18,18,18,18,18,18,18
62085,2,1,0,0,0,0,0,0,0,0,0,0
62086,1,1,12,17,9,6,26,0,0,0,5,13
62087,1,1,0,0,0,0,0,0,0,0,0,0
62087,2,1,0,0,0,0,0,0,0,0,0,0
62088,1,1,0,0,0,0,0,0,0,0,0,0
62089,1,1,22,22,22,22,22,22,22,22,22,22
62090,1,1,0,0,0,0,0,0,0,0,0,0
62090,2,1,0,0,0,0,0,0,0,0,0,0
62091,1,1,0,0,0,0,0,0,0,0,0,0
62091,2,1,0,0,0,0,0,0,0,0,0,0
62091,3,1,0,0,0,0,0,0,0,0,0,0
62091,4,1,0,0,0,0,0,0,0,0,0,0
62092,1,1,15,0,0,0,0,0,17,19,0,0
62093,1,1,31,31,31,31,31,31,31,31,31,31
62094,0,1,33,33,33,33,33,33,33,33,33,33
62094,1,1,0,9,0,0,0,0,34,0,0,0
62095,1,1,0,0,0,0,0,0,0,0,0,0
62096,1,1,0,0,0,0,0,3,0,0,10,0
62097,1,1,0,0,0,0,0,0,0,0,0,0
62097,2,1,0,0,0,0,0,0,0,0,0,0
62098,1,1,34,0,24,0,19,13,0,23,27,23
62099,0,1,0,0,0,0,0,0,0,0,0,0
62099,1,1,0,0,0,0,0,0,0,0,0,0
62100,1,1,0,0,0,0,0,0,0,0,0,0
62100,2,1,0,0,0,0,0,0,0,0,0,0
62101,0,1,0,0,0,27,0,0,0,0,0,0
62101,1,1,0,0,0,0,0,0,0,0,0,0
62102,1,1,0,0,0,0,0,0,0,0,0,0
62102,2,1,0,0,0,0,0,0,0,0,0,0
62103,1,1,10,10,10,10,10,10,10,10,10,10
62103,2,1,0,0,0,0,0,0,0,0,0,0
62104,1,1,6,6,6,6,6,6,6,6,6,6
62104,2,1,0,0,0,0,0,0,0,0,0,0
62105,1,1,0,0,0,0,0,0,0,0,0,0
62105,2,1,0,0,0,0,0,0,0,0,0,0
62105,3,1,0,0,0,0,0,0,0,0,0,0
62106,1,1,0,0,0,0,0,0,0,0,0,0
62107,1,1,0,0,0,0,0,0,0,0,0,0
62108,1,1,0,0,0,0,0,0,0,0,0,0
62108,2,1,0,3,0,0,0,0,0,0,0,0
62109,0,1,28,28,28,28,28,28,28,28,28,28
62109,1,1,0,0,0,0,0,0,0,0,0,0
62110,1,1,8,8,8,8,8,8,8,8,8,8
62110,2,1,0,0,0,0,0,0,0,0,0,0
62110,3,1,0,0,0,0,0,0,0,0,0,0
62110,4,1,0,0,0,0,0,0,0,0,0,0
62111,1,1,7,7,7,7,7,7,7,7,7,7
62111,2,1,0,0,0,0,0,0,0,0,0,0
62112,1,1,0,0,0,0,0,0,0,0,0,0
62113,1,1,0,0,0,0,0,0,0,0,0,0
62113,2,1,0,0,0,0,0,0,0,0,0,0
62114,0,1,0,0,0,0,0,0,0,0,0,0
62114,1,1,0,0,0,0,0,0,0,0,0,0
62115,1,1,0,24,7,6,15,11,11,25,17,22
62116,1,1,0,0,0,0,0,0,0,0,0,0
62116,2,1,0,0,0,0,0,0,0,0,0,0
62117,1,1,32,32,32,32,32,32,32,32,32,32
62118,1,1,0,0,0,0,0,0,0,0,0,0
62118,2,1,0,0,0,0,0,0,0,0,0,0
62118,3,1,0,0,0,0,0,0,0,0,0,0
62118,4,1,0,0,0,0,0,0,0,0,0,0
62119,1,1,0,0,0,0,0,0,0,0,0,0
62119,2,1,0,0,0,0,0,0,0,0,0,0
62119,3,1,0,0,0,0,0,0,0,0,0,0
62120,1,1,4,4,4,4,4,4,4,4,4,4
62120,2,1,0,0,0,0,0,0,0,0,0,0
62120,3,1,0,0,0,0,0,0,0,0,0,0
62120,4,1,7,0,0,0,0,0,0,17,0,0
62120,5,1,0,0,0,0,0,0,0,0,20,0
62120,6,1,0,0,0,0,0,0,24,0,0,0
62120,7,1,0,0,0,0,0,0,0,0,0,0
62121,1,1,21,27,17,19,7,14,18,10,16,24
62122,1,1,21,21,21,21,21,21,21,21,21,21
62122,2,1,0,0,0,0,0,0,0,0,0,0
62123,1,1,16,16,16,16,16,16,16,16,16,16
62123,2,1,18,18,18,18,18,18,18,18,18,18
62124,0,1,3,3,3,3,3,3,3,3,3,3
62124,1,1,0,0,0,0,0,0,0,0,0,0
62125,0,1,0,0,0,0,0,0,0,0,0,0
62125,1,1,0,0,0,0,0,0,0,0,0,0
62126,1,1,38,38,38,38,38,38,38,38,38,38
62127,1,1,0,0,0,0,0,0,0,0,0,0
62127,2,1,0,0,0,0,0,0,0,0,0,0
62128,0,1,0,0,0,0,0,0,0,0,0,20
62128,1,1,0,0,0,0,0,0,0,0,0,0
62129,1,1,0,0,0,0,0,0,0,0,0,0
62130,1,1,0,0,0,0,0,0,0,0,0,0
62130,2,1,0,0,0,0,0,0,0,0,0,0
62131,1,1,0,0,0,0,0,0,0,0,0,0
62132,0,1,0,0,0,0,0,0,0,0,0,0
62132,0,2,0,0,0,0,0,0,0,0,0,0
62132,1,1,0,0,0,0,0,0,0,0,0,10
62133,2,1,0,0,4,8,0,0,0,0,0,0
62134,1,1,0,0,0,0,0,0,0,0,0,0
62135,1,1,21,21,21,21,21,21,21,21,21,21
62136,1,1,22,22,22,22,22,22,22,22,22,22
62136,2,1,0,0,0,0,0,0,0,0,0,0
62137,1,1,0,0,0,0,0,0,0,0,0,0
62137,2,1,0,0,0,0,0,0,0,0,0,0
62138,1,1,2,2,2,2,2,2,2,2,2,2
62139,1,1,0,0,0,0,0,0,0,0,0,0
62139,2,1,0,0,0,0,0,0,0,0,0,0
62139,3,1,0,0,0,0,0,0,0,0,0,0
62140,1,1,0,0,0,8,0,0,0,9,0,0
62140,2,1,0,0,0,0,0,0,0,0,0,0
62141,1,1,0,0,0,0,0,0,0,0,0,0
62142,0,1,2,2,2,2,2,2,2,2,2,2
62142,1,1,0,0,0,0,0,0,0,0,0,0
62143,1,1,5,5,5,5,5,5,5,5,5,5
62143,2,1,0,0,0,0,0,22,0,0,0,0
62144,0,1,0,0,0,0,0,0,0,0,0,0
62144,1,1,0,0,0,0,0,0,0,0,0,0
62145,1,1,4,4,4,4,4,4,4,4,4,4
62146,1,1,0,0,0,0,0,0,0,0,0,0
62146,2,1,0,0,0,0,0,0,0,13,0,0
62147,1,1,0,0,0,0,0,0,0,0,0,0
62147,2,1,0,0,0,0,0,0,0,0,0,0
62147,3,1,0,0,0,0,0,0,0,0,8,0
62148,0,1,25,15,14,0,21,10,35,17,14,32
62148,1,1,0,0,0,0,0,0,0,0,0,0
62149,0,1,30,30,30,30,30,30,30,30,30,30
62149,1,1,0,0,0,0,0,0,0,0,0,0
62150,1,1,0,0,0,0,0,0,0,0,0,0
62150,2,1,0,0,0,0,0,0,0,0,0,0
62151,1,1,0,0,0,0,0,0,0,0,0,0
62151,2,1,0,0,0,0,0,0,0,0,0,0
62152,1,1,0,0,0,0,0,0,0,0,0,0
62153,1,1,0,0,0,0,0,0,0,0,0,0
62154,1,1,3,3,3,3,3,3,3,3,3,3
62155,0,1,0,0,0,0,0,0,0,0,0,0
62155,1,1,0,0,0,12,0,0,0,0,0,0
62156,0,1,0,0,0,0,0,0,0,0,0,0
62156,1,1,0,0,0,0,0,0,0,0,0,0
62157,1,1,0,0,0,0,0,0,0,0,0,0
62158,0,1,4,4,4,4,4,4,4,4,4,4
62158,1,1,0,0,0,0,0,0,0,0,0,0
62159,1,1,0,0,0,0,0,0,0,0,0,0
62159,2,1,0,0,0,0,0,0,0,0,9,0
62160,1,1,0,0,0,0,0,0,0,0,0,0
62160,2,1,0,0,0,0,0,0,0,0,0,0
62161,1,1,24,24,24,24,24,24,24,24,24,24
62161,2,1,0,0,0,0,0,0,23,0,0,0
62162,0,1,0,0,0,0,0,0,0,0,0,0
62162,1,1,0,0,0,0,0,0,0,0,0,0
62163,1,1,0,0,0,0,0,0,0,0,0,0
62164,1,1,0,0,0,0,0,0,0,0,0,0
62165,1,1,32,32,32,32,32,32,32,32,32,32
62166,0,1,0,0,0,0,0,0,0,0,0,0
62166,1,1,1,1,1,1,1,1,1,1,1,1
62167,0,1,0,0,0,0,0,0,0,0,0,0
62167,1,1,0,0,0,0,0,0,0,0,0,0
62168,1,1,29,29,29,29,29,29,29,29,29,29
62168,2,1,0,0,0,0,0,0,0,0,0,0
62169,1,1,9,9,9,9,9,9,9,9,9,9
62170,0,1,15,0,0,0,0,0,0,8,27,26
62170,1,1,0,0,0,0,0,0,0,0,0,0
62171,0,1,0,0,0,0,0,0,0,0,0,0
62171,1,1,0,0,0,0,0,0,0,0,0,0
62171,2,1,0,0,0,0,0,0,0,21,0,0
62172,1,1,0,0,0,0,0,0,0,0,0,0
62173,1,1,0,0,0,0,0,0,0,0,0,0
62173,2,1,0,0,0,0,0,0,0,0,0,0
62174,1,1,3,3,3,3,3,3,3,3,3,3
62174,2,1,0,12,0,0,4,0,0,0,0,0
62175,1,1,0,0,0,0,0,0,0,0,0,0
62176,1,1,15,15,15,15,15,15,15,15,15,15
62177,0,1,30,30,30,30,30,30,30,30,30,30
62177,1,1,3,3,3,3,3,3,3,3,3,3
62178,0,1,0,0,0,0,0,0,0,0,0,0
62178,0,2,0,0,0,0,0,0,0,0,0,0
62178,1,1,0,0,0,0,0,0,0,0,0,0
62179,1,1,0,0,0,0,0,0,0,0,0,0
62179,2,1,0,0,0,0,0,0,0,0,0,0
62180,0,1,0,0,0,0,9,0,0,0,0,0
62180,0,2,0,0,0,0,0,0,0,0,0,0
62180,1,1,0,0,0,0,0,0,0,0,0,0
62181,0,1,9,9,9,9,9,9,9,9,9,9
62181,1,1,0,0,0,0,0,0,0,0,0,0
62182,1,1,0,0,0,0,0,0,0,0,0,0
62182,2,1,0,0,0,0,0,0,0,0,0,0
62183,1,1,38,38,38,38,38,38,38,38,38,38
62184,1,1,0,0,0,0,0,0,0,0,0,0
62184,2,1,0,0,0,0,0,0,0,0,0,0
62185,1,1,0,0,0,0,0,0,0,0,0,0
62185,2,1,0,0,0,0,0,0,0,0,0,0
62185,3,1,0,0,0,0,0,0,0,0,0,0
62185,4,1,0,0,0,0,0,0,0,0,0,0
62185,5,1,0,0,0,0,0,0,0,0,0,0
62186,0,1,0,0,0,0,0,0,0,0,0,0
62186,1,1,0,0,0,0,0,0,0,0,0,0
62187,1,1,0,0,0,0,0,0,0,0,0,0
62187,2,1,0,0,0,33,0,0,0,0,0,0
62188,0,1,0,0,0,0,0,0,0,0,0,0
62188,1,1,0,0,0,0,0,0,0,0,0,0
62189,0,1,0,0,0,0,0,0,0,0,0,0
62189,1,1,0,0,0,0,0,0,0,0,0,0
62190,0,1,0,0,0,0,0,0,0,0,0,0
62190,1,1,2,0,0,0,0,0,0,0,0,0
62191,0,1,0,0,0,0,0,0,0,0,0,0
62191,1,1,21,0,0,0,0,3,13,0,0,0
62192,1,1,0,0,0,0,0,0,0,0,0,0
62192,2,1,0,0,0,0,0,0,36,0,0,0
62192,3,1,0,0,0,0,0,0,0,0,0,0
62192,4,1,0,0,0,0,0,0,0,0,0,0
62193,0,1,0,0,0,0,0,0,0,0,0,0
62193,1,1,0,0,0,0,0,0,0,0,0,0
62194,1,1,0,0,0,0,0,0,0,0,0,0
62195,1,1,16,16,16,16,16,16,16,16,16,16
62196,1,1,21,21,21,21,21,21,21,21,21,21
62197,0,1,0,0,0,0,0,0,0,0,0,0
62197,1,1,21,21,21,21,21,21,21,21,21,21
62198,0,1,3,3,3,3,3,3,3,3,3,3
62198,1,1,0,25,0,9,15,12,0,22,0,0
62199,1,1,0,0,0,0,0,0,0,0,10,0
62200,0,1,0,0,0,0,0,0,0,0,0,0
62200,1,1,0,3,8,0,0,0,0,0,0,0
62201,1,1,2,2,2,2,2,2,2,2,2,2
62202,1,1,0,0,0,0,0,0,0,0,0,0
62203,0,1,0,0,0,0,0,0,0,0,0,0
62203,1,1,0,0,0,0,0,0,0,0,0,0
62204,1,1,0,0,0,0,0,0,0,0,0,0
62204,2,1,0,0,0,0,0,0,0,0,0,0
62205,0,1,29,29,29,29,29,29,29,29,29,29
62205,1,1,0,0,0,0,0,0,11,0,0,18
62206,1,1,4,4,4,4,4,4,4,4,4,4
62207,1,1,0,0,0,0,0,0,0,0,0,0
62207,3,1,0,0,0,0,0,0,0,0,0,0
62208,0,1,32,32,32,32,32,32,32,32,32,32
62208,1,1,0,0,0,0,0,0,0,8,0,9
62209,1,1,27,27,27,27,27,27,27,27,27,27
62210,0,1,0,0,0,0,0,0,0,0,0,0
62210,2,1,0,0,0,0,0,0,0,0,0,0
62211,1,1,0,0,0,0,0,0,0,0,0,0
62211,2,1,0,0,0,0,0,0,0,0,0,0
62211,4,1,0,0,0,0,0,0,0,18,0,0
62212,0,1,0,0,0,0,0,0,0,0,0,0
62212,1,1,0,0,0,0,0,0,0,0,0,0
62213,0,1,0,0,0,0,0,14,17,0,7,14
62213,1,1,0,0,0,0,0,0,0,0,0,0
62214,1,1,22,22,22,22,22,22,22,22,22,22
62214,2,1,20,0,7,0,0,0,0,0,0,8
62214,3,1,0,0,0,0,0,0,0,0,0,0
62215,0,1,0,0,0,0,0,0,0,0,0,0
62215,1,1,0,0,0,4,0,10,0,0,0,0
62216,1,1,20,20,20,20,20,20,20,20,20,20
62217,1,1,0,0,0,0,0,0,0,0,0,0
62218,1,1,0,0,0,0,0,0,0,0,0,0
62219,1,1,0,0,0,0,0,0,0,0,0,0
62220,0,1,0,0,0,0,0,0,0,0,0,0
62220,1,1,0,0,0,0,0,0,0,0,0,0
62221,1,1,0,0,0,0,0,0,0,0,0,0
62222,1,1,11,11,11,11,11,11,11,11,11,11
62222,2,1,0,0,0,9,0,0,0,0,0,0
62223,1,1,0,0,0,0,0,0,0,0,0,0
62223,2,1,0,0,0,14,0,0,0,0,0,0
62223,3,1,0,0,0,0,0,0,0,0,0,0
62224,1,1,0,0,0,0,0,0,0,0,0,0
62224,2,1,0,0,0,0,0,0,0,0,0,0
62224,3,1,0,0,0,0,0,0,0,0,0,0
62224,4,1,0,0,0,0,0,0,0,0,0,0
62224,5,1,0,0,0,0,0,0,0,0,0,0
62224,6,1,0,0,0,0,0,0,0,0,0,0
62224,7,1,0,0,0,0,0,0,0,0,0,0
62224,8,1,0,0,0,0,0,0,0,0,0,0
62225,0,1,0,0,0,0,0,0,0,0,0,0
62226,0,1,0,0,0,0,0,0,0,0,0,0
62226,1,1,0,0,0,0,0,0,0,0,0,0
62227,1,1,0,0,0,0,0,0,0,0,0,0
62227,2,1,0,0,0,0,0,0,0,0,0,0
62228,0,1,20,20,20,20,20,20,20,20,20,20
62228,1,1,15,15,11,20,14,25,28,22,33,7
62229,1,1,13,13,13,13,13,13,13,13,13,13
62230,1,1,5,5,5,5,5,5,5,5,5,5
62231,0,1,23,23,23,23,23,23,23,23,23,23
62231,1,1,0,0,0,0,0,0,0,0,0,0
62232,0,1,0,0,0,0,0,0,0,0,0,0
62232,1,1,0,0,0,0,0,0,0,0,0,0
62233,0,1,0,0,0,0,0,0,0,0,0,0
62233,1,1,0,0,0,0,0,0,0,0,0,0
62234,1,1,0,0,0,0,0,0,0,0,0,0
62234,2,1,0,0,0,0,0,0,0,0,0,0
62234,3,1,0,0,0,0,0,0,0,8,0,0
62235,1,1,25,25,25,25,25,25,25,25,25,25
62236,1,1,0,0,0,0,0,0,0,0,0,0
62236,2,1,0,0,0,0,0,0,0,0,0,0
62237,0,1,13,13,13,13,13,13,13,13,13,13
62237,1,1,8,0,0,0,0,0,0,0,0,0
62238,0,1,22,22,22,22,22,22,22,22,22,22
62238,1,1,0,0,0,0,12,0,0,0,0,0
62239,0,1,0,0,0,0,0,0,0,0,0,0
62240,1,1,0,0,0,0,0,0,0,0,0,0
62240,2,1,0,0,0,0,0,0,0,0,0,0
62241,1,1,0,0,0,0,0,0,0,0,0,0
62241,2,1,0,0,0,0,0,0,0,0,0,0
62242,1,1,0,0,0,16,0,0,0,0,0,0
62242,2,1,0,0,0,0,0,0,0,0,0,0
62243,1,1,18,18,18,18,18,18,18,18,18,18
62243,2,1,0,0,0,0,0,0,0,0,0,0
62244,0,1,0,0,0,0,0,0,0,0,0,0
62244,1,1,0,0,0,0,0,0,0,0,0,0
62244,2,1,0,0,0,0,0,0,0,0,0,0
62244,3,1,0,0,0,0,0,0,0,0,0,0
62245,1,1,0,0,0,0,0,0,0,0,0,0
62246,1,1,19,19,19,19,19,19,19,19,19,19
62247,0,1,0,0,0,0,0,0,0,0,0,0
62247,1,1,32,0,9,0,0,0,0,0,0,0
62248,1,1,18,18,18,18,18,18,18,18,18,18
62249,1,1,16,16,16,16,16,16,16,16,16,16
62250,1,1,0,0,0,0,0,0,0,0,0,0
62250,2,1,0,0,0,0,0,0,0,0,0,0
62251,0,1,0,0,0,0,0,0,0,0,0,0
62251,1,1,0,0,0,0,0,0,0,0,0,0
62252,0,1,0,0,0,0,0,0,0,0,0,0
62252,1,1,0,0,0,0,0,0,9,0,0,21
62253,0,1,12,12,12,12,12,12,12,12,12,12
62253,1,1,0,0,0,0,0,0,0,0,0,0
62254,0,1,0,0,0,0,0,0,0,0,0,0
62254,1,1,18,18,18,18,18,18,18,18,18,18
62254,2,1,0,0,0,0,0,0,0,0,0,0
62254,3,1,0,0,0,0,0,0,0,0,0,0
62254,5,1,0,0,0,0,0,0,0,0,0,0
62254,6,1,0,0,24,0,0,0,0,0,0,0
62255,1,1,17,17,17,17,17,17,17,17,17,17
62256,1,1,0,0,0,0,0,0,0,0,0,0
62256,2,1,0,0,0,0,0,0,0,0,0,0
62257,1,1,0,0,0,0,0,0,0,0,0,0
62257,2,1,0,0,0,0,0,0,0,0,0,0
62258,1,1,11,11,11,11,11,11,11,11,11,11
62258,3,1,0,0,0,0,0,0,0,0,0,0
62259,1,1,12,12,12,12,12,12,12,12,12,12
62259,2,1,0,0,0,0,0,0,0,0,0,0
62259,3,1,0,0,0,6,0,0,0,0,0,0
62259,4,1,0,0,0,0,0,0,0,0,0,0
62260,1,1,0,0,0,0,0,0,0,0,0,0
62260,2,1,0,0,0,0,0,0,0,0,0,0
62261,0,1,24,24,24,24,24,24,24,24,24,24
62261,1,1,14,0,0,0,0,10,28,0,0,0
62261,2,1,0,0,0,0,0,0,0,0,0,6
62261,3,1,0,0,0,0,0,0,0,0,0,0
62261,4,1,0,0,0,0,0,0,0,0,0,0
62262,1,1,0,0,13,0,0,0,0,0,0,0
62262,2,1,21,21,21,21,21,21,21,21,21,21
62263,1,1,0,0,0,0,0,0,0,0,0,0
62264,1,1,0,0,0,0,0,0,0,0,0,0
62265,1,1,20,20,20,20,20,20,20,20,20,20
62266,0,1,16,16,16,16,16,16,16,16,16,16
62266,1,1,0,0,0,11,0,0,0,0,0,0
62267,1,1,0,0,30,0,0,0,0,0,0,0
62267,2,1,0,0,0,0,0,0,0,0,0,0
62267,3,1,0,0,0,0,0,0,0,0,0,0
62268,0,1,0,0,0,0,0,0,0,0,0,0
62268,1,1,0,0,16,0,0,20,0,12,13,11
62269,1,1,0,0,0,0,0,0,0,0,0,0
62270,1,1,0,0,0,0,0,0,0,0,0,0
62271,1,1,13,9,0,24,0,28,10,13,9,0
62272,1,1,0,0,0,0,0,0,0,0,0,0
62272,2,1,0,0,0,0,0,0,0,0,0,0
62272,3,1,0,0,0,0,0,0,0,0,0,0
62272,4,1,0,0,0,0,0,0,0,0,0,0
62272,5,1,0,0,0,0,0,0,0,0,0,0
62272,6,1,0,0,0,0,0,0,0,0,0,0
62272,7,1,0,0,0,0,0,6,0,0,0,0
62272,8,1,0,0,0,0,0,0,0,0,0,0
62273,1,1,17,17,17,17,17,17,17,17,17,17
62274,1,1,22,22,22,22,22,22,22,22,22,22
62275,0,1,18,18,18,18,18,18,18,18,18,18
62275,1,1,0,0,0,0,0,0,0,0,0,0
62276,1,1,0,13,0,0,0,0,0,0,0,0
62276,2,1,0,0,0,0,0,0,0,0,0,0
62277,0,1,0,0,0,0,0,0,0,0,0,0
62277,1,1,0,0,0,0,0,0,0,0,0,0
62278,0,1,16,16,16,16,16,16,16,16,16,16
62278,1,1,0,0,0,0,0,0,0,0,0,0
62279,1,1,0,0,0,0,0,0,0,0,0,0
62279,2,1,8,8,8,8,8,8,8,8,8,8
62280,1,1,29,29,29,29,29,29,29,29,29,29
62281,0,1,0,0,0,0,0,0,0,0,0,0
62281,1,1,0,0,0,0,0,0,0,0,0,0
62282,0,1,24,24,24,24,24,24,24,24,24,24
62282,1,1,0,0,0,0,0,0,0,0,0,0
62283,1,1,0,0,0,0,14,24,0,0,0,0
62284,1,1,11,11,11,11,11,11,11,11,11,11
62284,2,1,20,24,13,7,12,11,7,23,19,12
62285,0,1,0,0,0,0,0,0,0,0,0,0
62285,1,1,0,0,0,0,0,0,0,0,0,0
62286,0,1,0,0,0,0,0,0,0,0,0,0
62286,1,1,0,0,0,0,0,0,0,0,34,0
62287,0,1,0,0,0,0,0,0,0,0,0,0
62287,1,1,8,7,0,13,8,0,0,0,0,29
62288,1,1,0,0,0,0,0,0,0,0,0,0
62288,2,1,0,0,0,0,0,0,0,0,0,0
62288,3,1,0,0,0,0,0,0,0,0,0,0
62288,4,1,0,0,0,0,0,0,0,0,0,0
62289,0,1,20,20,20,20,20,20,20,20,20,20
62289,1,1,12,10,0,0,4,20,0,0,0,0
62290,1,1,11,11,11,11,11,11,11,11,11,11
62291,1,1,0,0,0,0,0,0,0,0,0,0
62292,0,1,0,0,0,0,0,0,0,0,0,0
62292,0,2,0,0,0,0,0,0,0,0,0,0
62292,1,1,22,22,22,22,22,22,22,22,22,22
62293,1,1,0,0,0,0,0,0,0,0,0,0
62293,2,1,0,0,0,0,0,0,0,0,0,0
62294,0,1,8,8,8,8,8,8,8,8,8,8
62294,1,1,0,0,0,12,0,0,0,0,0,0
62295,1,1,0,0,0,0,0,0,0,0,0,0
62295,2,1,0,0,0,0,0,0,0,0,0,0
62296,1,1,0,0,0,0,0,0,0,0,0,0
62296,2,1,0,0,0,0,25,14,0,12,0,0
62297,0,1,19,19,19,19,19,19,19,19,19,19
62297,1,1,0,0,0,0,0,0,0,0,0,0
62298,1,1,0,0,0,12,0,0,0,0,0,0
62298,2,1,0,0,0,0,0,0,0,0,0,0
62299,1,1,0,0,0,0,0,0,0,0,0,0
62299,2,1,0,0,0,0,0,0,0,0,0,0
62300,1,1,13,13,13,13,13,13,13,13,13,13
62301,1,1,0,0,0,0,0,0,0,0,0,0
62301,2,1,0,0,0,0,0,0,0,0,0,0
62302,1,1,0,0,0,0,0,0,0,0,0,0
62303,1,1,0,0,0,0,0,0,0,0,0,0
62304,1,1,0,0,0,0,0,0,0,0,0,0
62304,2,1,0,0,0,0,0,0,0,0,0,0
62305,1,1,16,16,16,16,16,16,16,16,16,16
62305,2,1,0,0,0,0,0,0,0,0,0,0
62306,0,1,0,0,0,0,0,0,0,0,0,0
62306,1,1,0,0,0,0,0,0,0,0,0,0
62307,1,1,0,0,0,0,0,0,0,0,0,0
62307,2,1,0,0,0,0,0,0,0,0,0,0
62308,1,1,0,0,0,0,0,0,0,0,0,0
62309,0,1,0,0,0,0,0,0,0,0,0,0
62309,1,1,0,0,0,0,0,0,0,0,0,0
62310,1,1,0,0,0,0,0,0,0,0,0,0
62310,2,1,18,0,0,0,0,0,0,0,0,0
62311,0,1,0,0,0,0,0,0,0,0,0,0
62311,0,2,0,0,21,0,0,0,0,0,0,0
62311,0,3,0,0,0,0,0,0,0,0,0,0
62311,1,1,0,0,0,0,0,0,0,0,0,0
62312,0,1,0,0,0,0,0,0,0,0,0,0
62312,1,1,0,0,0,0,0,0,0,0,11,0
62312,2,1,0,16,0,0,0,0,0,0,0,0
62313,1,1,0,0,0,0,0,0,0,0,0,0
62313,2,1,0,0,0,0,0,0,0,0,0,0
62314,1,1,0,0,0,0,0,0,0,0,0,0
62315,0,1,0,0,0,0,2,28,27,0,0,19
62315,1,1,0,0,0,0,0,0,0,0,0,0
62316,1,1,24,24,24,24,24,24,24,24,24,24
62316,2,1,0,0,0,0,0,0,0,0,0,0
62317,1,1,18,0,26,15,16,8,0,0,27,13
62318,1,1,0,0,0,0,0,0,0,0,0,0
62319,1,1,0,0,0,0,0,0,0,0,0,0