ST_CASE,VEH_NO,PER_NO,P1,P2,P3,P4,P5,P6,P7,P8,P9,P10
62320,0,1,0,0,0,0,0,0,0,0,0,0
62320,1,1,0,0,0,0,0,0,0,0,0,0
62321,1,1,0,0,0,0,0,0,0,0,0,0
62322,1,1,0,0,0,0,0,0,0,0,0,0
62322,2,1,0,0,0,0,0,0,0,0,0,0
62323,1,1,14,14,14,14,14,14,14,14,14,14
62323,2,1,0,0,0,0,0,0,0,0,0,0
62324,0,1,0,0,0,0,0,0,0,0,0,0
62324,1,1,15,15,15,15,15,15,15,15,15,15
62325,1,1,0,20,0,0,0,0,0,0,0,0
62325,2,1,14,0,0,0,0,0,0,0,12,0
62325,3,1,0,0,0,0,8,0,0,0,0,12
62325,4,1,0,0,0,0,0,0,0,0,0,0
62325,5,1,0,0,12,0,0,0,0,0,0,27
62326,1,1,27,27,27,27,27,27,27,27,27,27
62327,1,1,0,0,0,0,0,0,0,0,0,0
62328,0,1,0,0,0,0,0,0,0,0,0,0
62328,1,1,19,19,19,19,19,19,19,19,19,19
62329,1,1,0,0,0,0,0,0,0,0,0,0
62329,2,1,0,0,0,0,0,0,0,0,0,0
62329,3,1,0,0,0,0,0,0,0,0,0,0
62329,4,1,0,0,0,0,0,0,0,0,0,0
62330,1,1,0,0,0,0,0,0,0,0,0,0
62331,0,1,0,0,0,0,0,0,0,0,0,0
62331,1,1,0,0,0,0,0,0,0,0,0,0
62332,1,1,14,14,14,14,14,14,14,14,14,14
62332,2,1,0,0,0,0,0,0,0,0,0,0
62333,1,1,0,0,0,0,0,0,0,0,0,0
62333,2,1,0,0,0,0,0,0,0,0,0,0
62333,3,1,0,0,0,0,0,0,0,0,0,0
62334,1,1,0,0,0,0,0,0,0,0,0,0
62334,2,1,0,0,0,0,0,0,0,0,0,0
62334,3,1,0,0,0,0,0,0,0,0,0,0
62335,0,1,29,29,29,29,29,29,29,29,29,29
62335,1,1,0,0,0,0,0,0,0,0,0,0
62336,0,1,0,0,0,0,0,0,0,0,0,0
62336,1,1,0,0,0,0,0,0,0,0,0,0
62337,0,1,25,25,25,25,25,25,25,25,25,25
62337,1,1,0,0,0,0,0,0,0,0,0,0
62338,1,1,0,0,0,0,0,0,0,0,0,0
62339,0,1,16,18,0,13,9,0,25,12,0,0
62339,1,1,0,0,0,0,0,0,10,0,0,0
62340,0,1,0,0,0,0,0,0,0,0,0,0
62340,1,1,0,0,0,0,0,0,0,0,0,0
62341,1,1,0,0,0,0,11,0,0,14,0,0
62341,2,1,0,0,0,13,0,0,0,0,0,0
62341,3,1,0,0,0,0,0,0,0,0,0,0
62342,1,1,0,0,0,0,0,0,0,0,0,0
62342,2,1,0,0,0,0,0,0,0,0,0,0
62342,3,1,0,0,0,0,0,0,0,0,0,0
62343,1,1,0,0,0,0,0,0,0,0,0,10
62344,1,1,0,0,0,0,0,0,0,0,0,0
62344,2,1,0,0,0,0,0,0,0,0,0,0
62345,0,1,0,0,0,0,0,0,0,0,0,0
62345,0,2,0,0,0,0,0,0,0,28,0,12
62345,1,1,0,0,0,0,0,0,0,0,0,0
62346,1,1,0,0,0,0,0,0,0,0,0,0
62346,2,1,0,0,0,0,0,0,0,0,23,0
62347,0,1,30,30,30,30,30,30,30,30,30,30
62347,1,1,0,14,0,0,0,0,25,14,0,0
62348,0,1,0,0,0,0,0,0,0,0,0,0
62348,1,1,0,0,0,0,0,0,0,0,0,0
62349,0,1,0,7,0,0,0,0,0,0,0,0
62349,1,1,0,0,0,0,0,0,0,0,0,0
62350,0,1,0,0,0,0,0,0,0,0,0,0
62350,1,1,0,0,0,0,0,0,0,0,0,0
62351,1,1,0,0,0,0,0,0,0,0,0,0
62352,0,1,0,0,0,0,0,0,0,0,0,0
62352,1,1,0,0,0,0,0,0,0,0,0,0
62352,2,1,0,0,0,0,0,0,0,0,0,0
62353,0,1,0,0,0,0,0,0,0,0,0,0
62353,1,1,0,0,0,0,0,0,0,0,0,0
62354,1,1,8,8,8,8,8,8,8,8,8,8
62354,2,1,0,0,0,0,0,0,0,0,0,0
62355,0,1,0,0,0,0,0,0,0,0,0,0
62355,1,1,14,20,23,4,15,0,0,0,0,15
62355,2,1,0,13,0,0,0,0,0,0,0,0
62356,1,1,0,0,0,0,0,0,0,0,0,0
62356,2,1,4,4,4,4,4,4,4,4,4,4
62357,1,1,23,23,23,23,23,23,23,23,23,23
62358,1,1,0,0,0,0,0,0,0,0,0,0
62358,2,1,0,0,0,7,0,0,0,0,0,0
62359,0,1,0,0,0,0,0,0,0,0,0,0
62359,1,1,0,0,0,0,0,0,0,0,0,0
62359,2,1,0,24,11,0,0,0,0,16,17,0
62360,1,1,0,0,0,0,0,0,0,0,0,0
62360,2,1,0,0,0,0,0,0,0,0,0,0
62361,0,1,0,0,0,0,0,0,0,0,0,0
62361,1,1,0,0,0,0,0,0,0,0,0,0
62362,0,1,25,25,25,25,25,25,25,25,25,25
62362,1,1,0,0,0,0,0,0,0,0,0,0
62363,1,1,0,0,0,0,0,0,0,0,0,0
62363,2,1,0,0,0,0,0,0,0,0,0,0
62364,0,1,32,32,32,32,32,32,32,32,32,32
62364,1,1,0,21,0,0,25,9,0,0,20,20
62365,0,1,0,0,0,50,36,0,0,2,0,24
62365,1,1,0,0,0,0,0,0,0,0,7,0
62366,1,1,0,0,0,0,0,0,0,0,0,16
62366,2,1,0,0,0,0,0,0,0,0,0,0
62367,0,1,20,20,20,20,20,20,20,20,20,20
62367,1,1,0,0,0,0,0,0,0,0,0,0
62367,2,1,10,0,0,0,0,0,0,0,0,0
62368,1,1,17,17,17,17,17,17,17,17,17,17
62369,1,1,18,18,18,18,18,18,18,18,18,18
62370,0,1,0,0,0,0,0,0,0,0,0,0
62370,1,1,0,0,0,0,0,0,0,0,0,0
62371,1,1,0,0,0,0,0,0,0,0,0,0
62371,2,1,0,0,0,0,0,0,0,0,0,0
62372,1,1,0,0,0,0,0,0,0,0,0,0
62373,1,1,0,0,0,0,0,0,0,0,0,0
62373,2,1,0,0,0,0,0,0,0,0,0,0
62374,0,1,0,0,0,0,0,0,0,0,0,0
62374,0,2,6,0,0,0,0,0,0,12,0,0
62374,0,3,0,0,0,0,0,0,0,0,0,0
62374,1,1,0,0,0,0,0,11,0,0,0,0
62375,1,1,0,0,0,0,0,0,0,0,0,0
62375,2,1,0,0,0,0,0,0,6,0,0,0
62376,1,1,26,26,26,26,26,26,26,26,26,26
62377,1,1,26,26,26,26,26,26,26,26,26,26
62378,0,1,7,7,7,7,7,7,7,7,7,7
62378,1,1,0,10,0,0,14,0,1,0,0,17
62379,1,1,0,0,0,0,0,0,0,0,0,0
62379,2,1,0,0,0,0,0,0,0,0,0,0
62380,1,1,0,0,0,0,0,0,0,0,0,0
62381,1,1,0,0,0,0,0,0,0,0,0,0
62381,2,1,0,0,0,0,0,0,0,0,0,0
62382,0,1,13,13,13,13,13,13,13,13,13,13
62382,1,1,27,0,0,0,0,0,8,4,0,12
62383,0,1,27,27,27,27,27,27,27,27,27,27
62383,1,1,0,15,0,0,0,0,0,0,0,0
62384,1,1,19,19,19,19,19,19,19,19,19,19
62385,1,1,0,0,0,0,0,0,16,0,0,0
62385,2,1,0,0,0,0,0,0,0,0,0,0
62385,3,1,0,0,0,0,0,0,0,0,3,0
62385,4,1,0,0,0,0,0,0,0,0,0,0
62385,5,1,0,0,0,0,0,0,0,0,0,0
62386,1,1,0,0,0,0,0,0,0,0,0,0
62386,2,1,0,0,0,0,0,0,0,0,0,0
62386,3,1,0,0,0,0,0,0,0,0,0,0
62387,0,1,35,0,0,0,29,0,0,0,0,0
62387,1,1,0,0,0,0,0,0,0,0,0,0
62388,1,1,0,0,0,0,0,0,0,0,0,0
62389,1,1,20,20,20,20,20,20,20,20,20,20
62390,1,1,0,0,0,21,0,15,0,0,0,0
62391,0,1,6,6,6,6,6,6,6,6,6,6
62391,1,1,14,14,14,14,14,14,14,14,14,14
62392,1,1,13,13,13,13,13,13,13,13,13,13
62392,2,1,5,29,15,15,27,13,17,10,25,12
62393,1,1,2,2,2,2,2,2,2,2,2,2
62393,2,1,0,0,0,0,0,0,0,0,0,0
62394,1,1,0,0,0,0,0,0,0,0,0,0
62394,2,1,0,0,0,0,0,0,0,0,0,0
62395,1,1,27,27,27,27,27,27,27,27,27,27
62396,0,1,22,22,22,22,22,22,22,22,22,22
62396,1,1,0,0,0,0,0,0,0,0,0,0
62396,2,1,0,0,0,0,0,0,8,0,0,0
62397,1,1,0,0,0,0,0,0,0,0,0,0
62397,2,1,0,0,0,0,0,0,0,0,0,0
62398,1,1,0,12,0,18,26,10,0,0,15,15
62399,1,1,0,0,0,0,0,0,0,0,0,0
62399,2,1,0,0,0,0,0,0,0,0,0,0
62400,1,1,9,0,0,0,0,9,4,0,0,0
62400,2,1,0,0,0,0,0,0,0,0,0,0
62401,0,1,25,25,25,25,25,25,25,25,25,25
62401,1,1,0,0,0,0,0,0,0,0,0,0
62402,0,1,0,0,0,0,0,0,0,0,0,0
62402,1,1,0,0,0,0,0,0,0,0,0,0
62403,1,1,26,26,26,26,26,26,26,26,26,26
62403,2,1,4,9,0,16,16,10,17,17,3,13
62404,1,1,15,15,15,15,15,15,15,15,15,15
62405,1,1,0,0,0,0,0,0,0,0,14,0
62406,1,1,0,0,0,0,6,0,0,0,0,0
62406,2,1,0,0,0,0,0,0,0,0,0,0
62406,3,1,0,0,0,0,0,0,0,0,0,0
62407,0,1,20,20,20,20,20,20,20,20,20,20
62407,1,1,0,0,15,0,21,3,0,0,23,0
62408,1,1,17,17,17,17,17,17,17,17,17,17
62409,1,1,0,0,0,0,0,0,0,0,0,0
62409,2,1,0,0,0,0,0,0,0,0,0,0
62410,1,1,0,0,0,0,0,0,0,0,0,0
62410,2,1,15,15,15,15,15,15,15,15,15,15
62411,0,1,0,0,0,0,0,0,23,0,0,0
62411,1,1,0,0,0,0,0,0,0,0,0,0
62412,0,1,0,0,0,0,0,0,0,0,0,0
62412,1,1,0,0,0,0,0,0,0,0,0,0
62413,1,1,0,0,0,0,0,0,0,0,0,0
62413,2,1,0,0,0,0,0,0,0,0,0,0
62414,0,1,20,20,20,20,20,20,20,20,20,20
62414,1,1,0,16,0,0,24,0,0,14,0,30
62415,0,1,0,0,0,0,0,0,0,0,0,0
62415,1,1,0,0,0,0,0,0,0,0,0,0
62416,0,1,0,0,0,0,0,0,0,0,0,0
62416,1,1,0,0,0,0,0,0,0,0,0,0
62417,0,1,12,12,12,12,12,12,12,12,12,12
62417,1,1,0,0,0,0,0,0,0,0,0,0
62418,1,1,0,14,0,12,25,0,0,15,0,0
62419,1,1,17,17,17,17,17,17,17,17,17,17
62419,2,1,0,0,0,0,0,0,0,0,0,0
62420,0,1,0,0,0,0,0,0,0,0,0,0
62420,1,1,0,8,17,0,0,15,0,0,0,20
62421,1,1,0,0,0,0,0,0,0,0,0,0
62421,2,1,0,0,0,0,0,0,0,0,0,0
62422,1,1,0,0,0,0,0,0,0,0,0,0
62422,2,1,0,0,0,0,0,0,0,0,0,0
62423,0,1,0,0,0,0,0,0,0,0,0,0
62423,1,1,17,17,17,17,17,17,17,17,17,17
62424,0,1,0,0,0,0,0,0,0,0,0,0
62424,1,1,0,0,0,0,0,0,0,0,0,0
62424,2,1,0,0,0,0,0,0,0,0,0,0
62425,0,1,0,0,0,0,0,0,0,0,0,0
62425,1,1,0,0,0,0,0,0,0,0,0,0
62426,1,1,0,0,0,0,0,0,0,0,0,0
62427,0,1,0,0,0,0,0,0,0,0,0,0
62427,0,2,0,0,0,0,0,0,0,0,0,0
62427,1,1,0,0,0,0,0,0,0,0,0,0
62428,1,1,19,19,19,19,19,19,19,19,19,19
62429,1,1,4,4,4,4,4,4,4,4,4,4
62430,0,1,39,39,39,39,39,39,39,39,39,39
62430,1,1,0,0,0,0,0,0,0,0,0,0
62431,0,1,0,0,0,0,0,0,0,0,0,0
62431,1,1,0,0,0,0,0,0,0,0,0,0
62432,1,1,8,8,8,8,8,8,8,8,8,8
62433,1,1,0,0,0,0,0,0,0,0,0,0
62433,2,1,0,0,0,0,0,0,0,0,0,0
62433,3,1,0,0,0,0,0,23,0,0,0,0
62434,0,1,25,25,25,25,25,25,25,25,25,25
62434,1,1,0,0,0,0,0,0,0,0,0,0
62435,0,1,0,0,0,0,0,0,0,0,0,0
62435,1,1,0,0,16,0,6,0,10,8,0,0
62436,1,1,0,0,0,0,0,0,0,0,0,0
62437,1,1,0,0,0,0,0,0,0,0,0,0
62437,2,1,0,0,0,0,0,0,0,0,0,0
62437,3,1,0,12,0,0,0,0,0,0,0,0
62438,1,1,0,0,0,0,0,0,0,0,0,0
62438,2,1,0,0,0,0,0,0,0,0,0,0
62439,0,1,0,0,0,0,0,0,0,0,0,0
62439,0,2,0,0,0,0,0,0,0,0,0,0
62439,1,1,0,0,0,0,0,0,0,0,0,0
62440,0,1,0,0,0,0,0,0,0,0,0,0
62440,1,1,0,0,0,0,21,0,30,0,0,0
62441,1,1,14,14,14,14,14,14,14,14,14,14
62442,1,1,0,0,0,0,0,0,0,0,0,0
62442,2,1,0,0,0,0,0,0,0,0,0,0
62442,3,1,0,0,0,0,0,0,0,0,0,0
62442,4,1,0,0,0,0,0,0,33,0,0,0
62442,5,1,0,0,0,0,0,0,9,0,0,0
62442,6,1,0,0,0,0,0,0,0,0,0,0
62442,7,1,0,24,0,0,0,0,0,16,0,0
62443,0,1,0,0,0,0,0,0,0,0,0,0
62443,1,1,0,0,0,0,0,0,0,0,0,0
62444,1,1,17,17,17,17,17,17,17,17,17,17
62445,0,1,0,0,0,0,0,0,0,0,0,0
62445,1,1,0,0,0,0,0,0,0,0,0,0
62446,1,1,26,26,26,26,26,26,26,26,26,26
62447,0,1,0,0,0,0,0,0,0,0,0,0
62447,1,1,4,4,4,4,4,4,4,4,4,4
62448,0,1,40,40,40,40,40,40,40,40,40,40
62448,1,1,0,0,0,0,0,0,0,0,0,0
62449,1,1,0,0,0,0,0,0,0,0,0,0
62449,2,1,0,0,0,0,0,0,0,0,0,0
62450,0,1,0,0,0,0,0,0,0,0,0,0
62450,1,1,0,0,0,0,0,0,0,0,0,0
62451,1,1,0,0,0,0,0,0,0,0,0,0
62452,1,1,0,0,0,0,0,0,0,0,0,0
62452,2,1,0,0,0,0,0,0,0,0,0,0
62453,0,1,0,0,0,0,0,0,0,0,0,0
62453,1,1,0,5,0,0,0,0,8,0,0,0
62454,1,1,0,0,0,0,0,0,0,0,0,0
62455,0,1,29,29,29,29,29,29,29,29,29,29
62455,1,1,0,0,0,0,0,0,0,0,0,0
62456,0,1,0,0,0,0,0,0,0,0,0,0
62456,1,1,0,0,0,0,0,0,6,0,0,0
62457,1,1,12,12,12,12,12,12,12,12,12,12
62458,0,1,17,0,28,0,24,13,0,19,17,18
62458,1,1,30,30,30,30,30,30,30,30,30,30
62459,1,1,0,0,0,0,0,0,0,0,0,0
62460,1,1,0,0,0,0,0,0,0,0,0,0
62461,0,1,2,2,2,2,2,2,2,2,2,2
62461,1,1,0,0,0,0,0,0,0,0,0,0
62461,2,1,0,0,0,0,0,0,0,0,0,0
62462,1,1,0,0,0,0,0,0,0,0,0,0
62463,1,1,0,0,0,0,0,0,0,0,0,0
62463,2,1,0,0,0,0,0,0,0,0,0,0
62464,1,1,0,0,0,0,0,0,0,0,0,0
62464,2,1,0,0,0,0,0,0,0,0,0,0
62464,3,1,0,0,0,0,0,0,0,0,0,0
62465,0,1,0,0,0,0,0,0,0,0,0,0
62465,1,1,0,0,0,0,0,0,0,0,0,0
62466,1,1,0,0,0,0,0,0,0,0,0,0
62466,2,1,0,0,0,0,0,0,0,0,0,0
62467,0,1,21,21,21,21,21,21,21,21,21,21
62467,1,1,0,0,0,0,0,0,0,0,0,0
62468,0,1,0,0,0,0,0,0,0,0,0,0
62468,1,1,0,0,0,0,0,0,0,0,0,0
62469,1,1,0,0,0,5,4,0,0,0,0,0
62469,2,1,0,0,0,0,0,0,10,0,0,0
62470,0,1,10,10,10,10,10,10,10,10,10,10
62470,1,1,0,0,0,6,0,0,0,0,0,0
62471,1,1,0,0,0,0,0,0,0,0,0,0
62471,2,1,0,0,0,0,0,0,0,0,0,0
62472,0,1,0,0,0,0,0,0,0,0,0,0
62472,1,1,0,0,24,0,0,0,0,0,0,0
62473,0,1,0,0,0,0,0,0,0,0,0,0
62473,1,1,0,0,0,0,0,0,0,0,0,0
62474,1,1,16,16,16,16,16,16,16,16,16,16
62474,2,1,0,17,0,0,7,0,0,0,0,0
62475,0,1,0,0,0,0,0,0,0,0,0,0
62475,1,1,0,0,0,0,0,0,0,0,0,0
62476,1,1,0,0,0,0,0,0,0,0,0,0
62476,2,1,0,0,0,0,0,0,0,0,0,0
62476,3,1,17,0,0,0,0,0,0,0,0,0
62477,1,1,0,0,0,0,0,0,0,0,0,0
62477,2,1,0,0,0,0,0,0,0,0,0,0
62478,1,1,0,0,0,0,0,0,0,0,0,0
62478,2,1,0,0,0,0,0,0,0,0,0,0
62479,1,1,0,0,0,0,0,0,0,0,0,0
62479,2,1,0,0,0,0,0,0,0,11,0,0
62479,3,1,0,0,0,0,0,0,0,0,0,0
62479,4,1,0,0,0,9,0,0,0,0,0,0
62479,5,1,0,0,0,0,0,0,0,0,0,0
62480,1,1,0,0,0,0,0,0,0,0,0,0
62481,1,1,32,32,32,32,32,32,32,32,32,32
62481,2,1,23,19,0,0,0,0,9,0,0,0
62482,1,1,0,0,0,0,0,0,0,0,0,0
62483,1,1,0,0,0,0,0,0,0,0,0,0
62484,1,1,0,0,0,0,0,0,0,0,0,0
62485,1,1,5,5,5,5,5,5,5,5,5,5
62486,0,1,0,0,0,0,0,0,0,0,0,0
62486,1,1,0,0,0,0,0,0,0,0,0,0
62487,1,1,4,4,4,4,4,4,4,4,4,4
62488,1,1,0,0,0,0,0,0,0,0,0,0
62488,2,1,0,0,0,0,0,0,0,0,0,0
62489,1,1,0,0,0,0,0,0,0,0,0,0
62489,2,1,0,0,0,0,0,0,0,0,0,0
62490,0,1,35,35,35,35,35,35,35,35,35,35
62490,1,1,12,23,0,14,0,19,25,15,0,10
62490,2,1,0,0,8,0,0,23,0,14,7,35
62491,0,1,12,12,12,12,12,12,12,12,12,12
62491,1,1,0,0,0,0,0,0,0,0,0,14
62492,0,1,0,0,0,0,0,0,0,0,0,0
62492,1,1,0,9,0,0,23,0,0,0,0,0
62493,1,1,24,24,24,24,24,24,24,24,24,24
62494,0,1,28,28,28,28,28,28,28,28,28,28
62494,1,1,9,9,9,9,9,9,9,9,9,9
62495,1,1,0,12,0,0,0,0,0,0,0,0
62495,2,1,0,0,0,0,0,0,0,0,0,0
62496,0,1,7,7,7,7,7,7,7,7,7,7
62496,1,1,0,0,0,0,0,0,0,0,0,0
62497,0,1,0,0,0,0,0,0,0,0,0,0
62497,1,1,0,0,0,0,0,0,0,0,0,0
62498,0,1,6,6,6,6,6,6,6,6,6,6
62498,1,1,0,0,0,0,0,0,0,0,0,9
62499,1,1,0,0,0,0,0,0,0,0,0,0
62499,2,1,0,0,0,0,0,0,0,0,0,0
62500,1,1,4,4,4,4,4,4,4,4,4,4
62500,2,1,0,0,0,0,0,0,0,0,0,0
62501,1,1,11,11,11,11,11,11,11,11,11,11
62501,2,1,0,0,0,0,0,0,0,0,0,0
62502,1,1,0,0,0,0,0,0,0,0,0,0
62502,2,1,0,0,0,0,0,0,0,0,0,0
62504,0,1,0,0,0,0,0,0,0,0,0,0
62504,1,1,0,0,0,0,10,0,0,0,0,14
62505,0,1,22,22,22,22,22,22,22,22,22,22
62505,1,1,0,0,0,0,0,0,0,0,0,0
62506,0,1,0,0,0,0,0,0,0,0,0,0
62506,1,1,0,0,0,0,0,0,0,0,0,0
62507,1,1,24,24,24,24,24,24,24,24,24,24
62508,1,1,0,0,0,0,0,0,0,0,0,0
62508,2,1,0,0,0,0,0,0,0,0,0,0
62509,0,1,0,0,0,0,0,0,0,0,0,0
62509,1,1,0,0,0,0,0,0,0,0,0,0
62510,0,1,17,17,17,17,17,17,17,17,17,17
62510,1,1,0,13,0,0,0,0,0,0,0,0
62511,0,1,32,32,32,32,32,32,32,32,32,32
62511,1,1,17,17,17,17,17,17,17,17,17,17
62512,0,1,0,0,0,0,0,0,0,0,0,0
62512,1,1,0,16,0,0,30,0,0,0,20,2
62513,0,1,35,35,35,35,35,35,35,35,35,35
62513,1,1,14,7,10,16,16,14,38,0,10,6
62513,2,1,21,21,21,21,21,21,21,21,21,21
62514,0,1,0,0,0,0,0,0,0,0,0,0
62514,1,1,0,0,0,0,0,0,0,0,0,0
62515,0,1,10,10,10,10,10,10,10,10,10,10
62515,1,1,0,0,6,0,0,0,15,0,0,0
62516,0,1,0,0,0,0,0,0,0,0,0,0
62516,1,1,33,0,0,0,0,0,0,13,23,0
62517,1,1,8,8,8,8,8,8,8,8,8,8
62518,1,1,5,0,0,0,10,19,0,0,6,0
62519,0,1,0,0,0,0,0,0,0,0,0,0
62519,1,1,0,0,0,0,0,0,0,0,0,0
62520,1,1,15,15,15,15,15,15,15,15,15,15
62521,1,1,28,28,28,28,28,28,28,28,28,28
62522,1,1,16,16,16,16,16,16,16,16,16,16
62522,2,1,0,0,0,0,0,0,0,11,0,0
62523,1,1,0,0,0,0,0,0,0,0,0,0
62523,2,1,0,0,0,0,0,0,0,0,0,0
62523,3,1,0,0,0,0,0,0,0,0,0,0
62524,1,1,0,0,0,14,0,0,0,0,0,0
62525,0,1,0,0,0,20,0,31,23,42,0,27
62525,1,1,0,0,0,0,15,6,0,10,0,0
62526,1,1,0,0,0,0,0,0,0,0,0,0
62526,2,1,18,0,0,0,0,18,0,0,14,0
62527,1,1,0,0,0,0,0,0,0,0,0,0
62527,2,1,12,12,12,12,12,12,12,12,12,12
62528,1,1,0,0,0,0,0,0,0,0,0,0
62528,2,1,0,0,0,0,0,0,0,0,0,0
62529,1,1,24,24,24,24,24,24,24,24,24,24
62530,1,1,23,23,23,23,23,23,23,23,23,23
62530,2,1,0,0,0,0,0,0,0,0,0,0
62531,1,1,0,0,0,0,0,0,0,0,0,0
62532,1,1,0,0,0,0,0,0,0,0,0,0
62533,1,1,0,0,0,0,0,0,0,0,0,0
62533,2,1,0,17,0,0,0,0,0,0,11,0
62533,3,1,0,0,0,0,0,0,0,0,0,0
62533,4,1,0,0,14,0,0,0,0,0,0,0
62533,5,1,0,0,0,0,0,0,0,0,0,0
62533,6,1,0,0,0,0,0,0,0,0,0,0
62534,1,1,0,0,0,0,0,0,0,0,0,0
62534,2,1,0,0,0,0,0,0,0,0,0,0
62535,1,1,18,18,18,18,18,18,18,18,18,18
62535,2,1,21,9,0,0,0,0,0,0,0,14
62536,1,1,0,0,0,0,0,0,0,0,0,0
62536,2,1,0,0,0,0,0,0,0,0,0,0
62537,1,1,0,0,0,0,0,0,0,0,0,0
62538,1,1,0,0,0,10,0,18,19,0,0,20
62539,1,1,0,0,0,0,0,0,0,0,0,0
62540,0,1,0,0,0,0,0,0,0,0,0,0
62540,1,1,0,0,0,0,0,0,0,5,0,0
62541,1,1,12,12,12,12,12,12,12,12,12,12
62541,2,1,3,3,3,3,3,3,3,3,3,3
62542,1,1,0,0,0,0,0,0,0,0,0,0
62542,2,1,0,0,0,0,0,0,0,0,0,0
62543,1,1,0,0,0,0,0,0,0,0,0,0
62543,2,1,0,0,0,0,0,0,0,14,0,0
62544,1,1,0,0,0,0,0,0,0,0,0,0
62545,1,1,19,19,19,19,19,19,19,19,19,19
62546,1,1,21,21,21,21,21,21,21,21,21,21
62547,1,1,5,5,5,5,5,5,5,5,5,5
62547,2,1,0,0,0,0,0,0,0,0,0,0
62548,0,1,0,6,0,0,0,0,0,0,0,0
62548,1,1,0,0,0,0,0,0,0,0,0,0
62549,0,1,0,0,0,0,0,0,0,0,0,0
62549,1,1,0,0,0,0,0,0,0,0,0,0
62550,1,1,9,9,9,9,9,9,9,9,9,9
62551,1,1,0,0,0,0,0,0,0,0,0,0
62551,2,1,0,0,0,0,0,0,0,0,0,0
62552,0,1,0,0,5,0,0,0,0,0,0,0
62552,1,1,0,0,0,0,0,0,0,0,0,0
62553,0,1,0,0,0,0,0,0,0,0,0,0
62553,1,1,0,0,0,0,0,0,0,0,0,0
62554,0,1,0,55,0,17,22,14,0,38,13,16
62554,1,1,0,0,0,0,0,0,0,0,0,0
62555,0,1,4,4,4,4,4,4,4,4,4,4
62555,1,1,12,0,0,0,0,0,12,0,23,16
62556,1,1,0,0,0,0,0,0,0,0,0,0
62556,2,1,0,0,0,0,0,0,0,0,0,0
62557,0,1,0,0,0,0,0,0,0,0,0,19
62557,1,1,0,0,5,0,0,0,0,0,0,12
62558,0,1,0,0,8,0,14,0,27,28,0,25
62558,1,1,0,0,0,0,0,0,0,10,0,0
62559,1,1,25,25,25,25,25,25,25,25,25,25
62560,0,1,8,26,13,0,0,0,0,0,27,0
62560,1,1,0,0,0,0,0,0,0,0,0,5
62561,1,1,14,14,14,14,14,14,14,14,14,14
62562,1,1,22,22,22,22,22,22,22,22,22,22
62562,2,1,0,0,0,0,0,0,0,0,0,0
62563,1,1,13,13,13,13,13,13,13,13,13,13
62564,1,1,9,9,9,9,9,9,9,9,9,9
62564,2,1,0,0,0,0,0,0,0,0,0,0
62565,1,1,0,0,0,0,0,0,0,0,0,0
62565,2,1,18,18,18,18,18,18,18,18,18,18
62566,1,1,0,0,0,0,0,0,0,0,0,0
62566,2,1,0,0,0,0,0,0,0,0,0,0
62567,1,1,21,21,21,21,21,21,21,21,21,21
62567,2,1,0,0,0,0,0,0,0,0,0,0
62568,1,1,0,0,0,0,0,0,0,0,0,0
62568,2,1,0,0,0,0,0,0,0,0,0,0
62569,1,1,23,23,23,23,23,23,23,23,23,23
62569,2,1,0,0,0,0,0,0,0,0,0,0
62570,0,1,26,26,26,26,26,26,26,26,26,26
62570,1,1,0,0,0,0,0,0,0,0,0,0
62571,1,1,0,0,0,0,0,0,0,0,0,0
62571,2,1,0,0,0,0,0,0,0,0,0,0
62571,3,1,0,16,19,0,0,0,14,18,0,0
62572,1,1,5,5,5,5,5,5,5,5,5,5
62572,2,1,0,0,0,0,0,0,0,0,0,0
62572,3,1,0,0,0,0,0,0,0,0,0,0
62572,4,1,0,0,0,0,0,0,0,0,0,0
62573,0,1,0,0,0,0,0,0,0,0,0,0
62573,0,2,0,0,0,0,0,0,0,0,0,0
62573,1,1,3,0,0,0,5,0,0,10,0,13
62574,0,1,0,0,0,0,0,0,0,0,0,0
62574,1,1,10,10,10,10,10,10,10,10,10,10
62575,0,1,0,0,0,0,0,0,0,0,0,0
62575,1,1,0,0,0,12,0,0,0,0,0,0
62576,1,1,0,21,0,0,0,0,0,0,0,0
62576,2,1,0,0,0,0,0,0,0,0,0,0
62577,1,1,11,11,11,11,11,11,11,11,11,11
62577,2,1,0,0,14,0,0,0,0,0,0,0
62577,3,1,0,0,0,0,0,0,0,0,0,0
62578,0,1,0,0,0,0,0,0,0,0,15,0
62578,1,1,0,0,10,0,0,0,8,0,0,6
62579,0,1,11,0,0,0,0,0,0,0,0,0
62579,1,1,0,0,0,0,0,0,0,0,0,0
62580,1,1,0,0,0,0,0,0,0,0,0,0
62581,1,1,0,0,0,0,0,0,0,0,0,0
62581,2,1,0,0,0,0,0,0,0,0,0,0
62582,0,1,0,0,0,0,0,0,0,0,0,0
62582,1,1,0,0,14,0,0,0,0,18,0,0
62583,1,1,0,0,0,0,0,0,0,18,0,0
62584,1,1,0,0,0,0,0,0,0,0,0,0
62584,2,1,0,0,0,0,0,0,0,0,0,0
62585,1,1,0,0,0,0,0,0,0,0,0,0
62585,2,1,0,0,0,0,0,0,0,0,0,0
62586,0,1,31,31,31,31,31,31,31,31,31,31
62586,1,1,3,3,3,3,3,3,3,3,3,3
62587,1,1,14,14,14,14,14,14,14,14,14,14
62588,1,1,0,0,0,0,0,0,0,0,0,0
62589,1,1,17,17,17,17,17,17,17,17,17,17
62589,2,1,0,0,0,0,0,0,0,0,0,0
62589,3,1,0,0,0,0,0,0,0,0,0,0