ST_CASE,VEH_NO,PER_NO,P1,P2,P3,P4,P5,P6,P7,P8,P9,P10
62589,4,1,0,0,0,0,0,0,0,0,0,0
62589,5,1,0,0,0,0,0,0,0,0,0,0
62590,0,1,0,14,0,0,0,0,0,0,0,0
62590,1,1,0,0,0,0,0,0,0,0,0,0
62591,1,1,0,0,0,0,0,0,0,0,0,0
62591,2,1,0,0,0,0,0,0,0,0,0,0
62592,0,1,0,7,0,0,0,26,30,38,27,26
62592,1,1,0,0,0,0,0,0,0,0,0,0
62593,1,1,0,0,0,0,0,0,0,0,0,0
62594,1,1,16,16,16,16,16,16,16,16,16,16
62595,0,1,0,0,0,0,0,0,0,0,0,0
62595,1,1,0,0,0,0,13,0,18,10,15,29
62596,1,1,13,13,13,13,13,13,13,13,13,13
62597,1,1,0,0,0,0,0,0,0,0,0,0
62597,2,1,0,0,0,0,0,0,0,0,0,0
62598,0,1,0,0,0,0,0,0,0,0,0,0
62598,1,1,0,0,0,0,0,0,0,0,0,0
62599,0,1,0,0,0,0,0,0,0,0,0,0
62599,1,1,13,10,0,0,0,0,11,16,0,0
62600,1,1,0,0,0,0,0,0,0,0,0,0
62600,2,1,0,0,0,0,0,0,0,0,0,0
62601,1,1,5,5,5,5,5,5,5,5,5,5
62602,0,1,11,11,11,11,11,11,11,11,11,11
62602,1,1,0,0,0,0,0,0,0,13,0,0
62603,1,1,0,0,0,0,0,12,0,0,0,0
62604,0,1,0,8,0,0,0,0,0,0,0,0
62604,1,1,0,0,0,0,0,0,0,0,0,18
62605,0,1,0,0,0,0,0,0,0,0,0,0
62605,1,1,0,0,0,0,0,0,0,0,0,0
62606,0,1,0,0,0,0,0,0,0,0,0,0
62606,1,1,0,0,0,0,0,0,0,0,0,0
62607,1,1,27,0,0,13,0,0,0,0,0,0
62608,0,1,0,0,0,0,0,0,0,0,0,9
62608,1,1,0,0,0,0,0,0,0,0,0,0
62609,1,1,12,12,12,12,12,12,12,12,12,12
62610,1,1,0,0,0,0,0,0,0,0,0,0
62611,0,1,25,25,25,25,25,25,25,25,25,25
62611,1,1,20,10,0,0,0,0,0,11,0,0
62612,1,1,0,0,0,0,0,0,0,0,0,0
62612,2,1,0,0,0,0,0,0,0,0,0,0
62613,1,1,17,17,17,17,17,17,17,17,17,17
62614,1,1,0,20,0,0,14,0,6,0,0,20
62615,1,1,25,29,0,0,14,25,12,33,33,1
62616,1,1,0,0,0,0,0,0,0,0,0,0
62617,0,1,0,0,0,0,0,0,0,0,0,0
62617,1,1,0,0,0,0,0,0,0,0,0,0
62618,0,1,12,12,12,12,12,12,12,12,12,12
62618,1,1,0,0,0,0,0,0,0,0,0,0
62619,0,1,0,0,0,0,0,0,0,0,0,0
62619,1,1,0,0,0,0,25,0,0,0,0,6
62620,1,1,11,11,11,11,11,11,11,11,11,11
62621,0,1,0,0,0,0,0,0,0,0,0,0
62621,1,1,0,0,0,0,0,0,0,0,0,0
62621,2,1,0,0,0,0,0,0,0,0,0,0
62622,0,1,0,0,0,0,0,0,0,0,0,0
62622,1,1,0,0,0,0,0,0,0,0,0,0
62623,1,1,0,0,0,0,0,0,0,0,0,0
62623,2,1,0,0,10,0,0,0,0,0,0,0
62624,1,1,0,0,0,0,0,0,0,0,0,0
62625,0,1,0,0,0,0,0,0,0,0,0,0
62625,1,1,0,0,0,0,0,0,0,0,0,0
62626,0,1,0,0,0,0,0,0,0,0,0,0
62626,1,1,0,0,0,0,0,0,0,0,0,0
62627,1,1,0,0,0,0,0,0,0,0,0,0
62627,2,1,0,0,0,0,0,0,0,0,0,0
62628,1,1,0,0,0,0,0,0,0,0,0,0
62629,1,1,0,0,0,0,0,0,0,0,0,0
62630,0,1,0,0,0,0,0,0,0,0,0,0
62630,1,1,0,0,0,0,0,0,0,0,0,0
62630,2,1,0,0,0,0,0,0,0,0,0,0
62631,1,1,23,23,23,23,23,23,23,23,23,23
62632,1,1,0,0,0,0,0,0,0,0,0,0
62632,2,1,0,0,0,0,0,0,0,0,0,0
62633,1,1,0,0,0,0,0,0,0,0,0,0
62633,2,1,0,0,0,0,0,0,0,0,0,0
62634,0,1,0,0,0,0,15,0,0,0,24,0
62634,0,2,0,9,0,0,0,26,0,0,0,12
62634,1,1,27,27,27,27,27,27,27,27,27,27
62634,2,1,0,0,0,6,0,0,0,0,0,0
62635,1,1,0,0,0,0,0,0,0,0,0,0
62636,1,1,0,0,0,0,0,0,0,0,0,0
62636,2,1,0,0,0,0,0,0,0,0,0,0
62636,3,1,0,0,0,0,0,0,0,0,0,0
62637,1,1,0,0,0,0,0,0,0,0,0,0
62637,2,1,0,0,0,0,0,0,0,0,0,0
62637,3,1,0,0,0,0,0,0,0,0,0,0
62638,0,1,0,0,0,0,0,0,0,0,0,0
62638,1,1,0,0,0,0,0,0,0,0,0,0
62639,0,1,13,13,13,13,13,13,13,13,13,13
62639,0,2,0,0,0,11,0,20,0,0,0,0
62639,1,1,0,0,0,0,0,0,0,0,0,0
62640,0,1,7,7,7,7,7,7,7,7,7,7
62640,1,1,0,0,0,0,0,0,0,0,0,0
62641,1,1,0,0,0,0,0,0,0,0,0,0
62642,1,1,0,0,0,0,0,0,0,0,0,0
62642,2,1,0,0,0,0,0,0,0,0,0,0
62642,3,1,0,0,0,0,0,0,0,0,0,0
62643,0,1,0,0,0,0,0,0,0,0,0,0
62643,1,1,3,0,0,0,29,24,0,11,0,21
62644,0,1,25,25,25,25,25,25,25,25,25,25
62644,1,1,0,0,14,0,0,0,0,0,0,0
62645,0,1,0,0,0,0,0,0,0,0,0,0
62645,1,1,0,0,0,0,0,0,0,0,0,0
62646,0,1,0,0,0,0,0,0,0,0,0,0
62646,1,1,0,0,0,0,0,0,0,0,0,0
62647,0,1,0,0,0,0,0,0,0,0,0,0
62647,1,1,0,0,0,0,0,0,0,0,0,0
62648,1,1,0,0,0,0,0,17,0,0,0,0
62648,2,1,0,0,0,0,0,0,0,0,0,0
62649,1,1,14,14,14,14,14,14,14,14,14,14
62650,1,1,0,0,9,0,17,0,0,0,0,0
62650,2,1,0,0,0,0,0,0,0,0,0,0
62651,1,1,0,0,0,0,0,0,0,0,0,0
62651,2,1,0,0,0,0,0,0,0,0,0,0
62651,3,1,0,0,0,0,0,0,0,0,0,0
62652,1,1,0,0,0,0,0,0,0,0,0,0
62652,2,1,0,0,0,0,0,14,0,0,0,0
62653,0,1,0,0,0,31,0,0,11,0,0,0
62653,1,1,21,21,21,21,21,21,21,21,21,21
62653,2,1,9,9,9,9,9,9,9,9,9,9
62654,1,1,2,2,2,2,2,2,2,2,2,2
62654,2,1,0,0,0,15,0,0,0,0,0,0
62655,1,1,15,15,15,15,15,15,15,15,15,15
62656,0,1,0,0,0,0,0,0,0,0,0,0
62656,1,1,0,0,0,0,0,0,0,0,0,0
62657,1,1,16,16,16,16,16,16,16,16,16,16
62658,1,1,0,0,0,0,0,0,0,0,0,0
62659,0,1,0,0,0,0,0,0,0,0,0,0
62659,1,1,0,0,0,0,13,0,0,0,0,0
62660,0,1,0,0,0,0,0,0,0,0,0,0
62660,1,1,0,0,0,0,0,0,0,0,0,0
62661,0,1,26,26,26,26,26,26,26,26,26,26
62661,1,1,0,4,0,0,6,0,0,9,29,10
62662,1,1,19,19,19,19,19,19,19,19,19,19
62662,2,1,0,0,0,0,0,0,0,0,0,0
62663,0,1,0,0,0,0,0,0,0,0,0,0
62663,1,1,0,0,0,0,0,0,0,0,0,0
62664,1,1,26,26,26,26,26,26,26,26,26,26
62664,2,1,0,0,0,0,0,0,0,0,13,0
62665,1,1,0,0,0,17,0,0,0,22,0,0
62666,0,1,0,0,0,0,36,0,0,0,0,0
62666,1,1,0,0,9,11,0,0,0,0,0,0
62667,0,1,0,8,0,0,0,0,0,0,0,0
62667,1,1,0,0,0,0,0,0,0,0,0,0
62668,0,1,9,31,0,0,22,0,0,6,33,12
62668,1,1,26,26,26,26,26,26,26,26,26,26
62669,1,1,0,0,0,0,0,0,0,0,0,0
62669,2,1,0,0,0,0,0,0,0,0,0,0
62670,1,1,0,0,0,0,0,0,0,0,0,0
62671,0,1,0,0,0,0,0,0,0,0,0,0
62671,1,1,0,0,0,0,0,0,0,22,0,0
62672,1,1,9,9,9,9,9,9,9,9,9,9
62673,0,1,36,43,36,12,25,28,34,37,30,44
62673,1,1,0,0,0,0,0,0,0,0,0,0
62674,1,1,15,15,15,15,15,15,15,15,15,15
62675,0,1,0,0,0,0,0,0,0,0,0,0
62675,1,1,10,21,0,0,0,13,10,12,8,16
62676,1,1,0,0,0,0,0,0,0,0,0,0
62676,2,1,0,0,0,0,0,0,0,0,0,0
62677,1,1,0,0,0,0,0,0,7,0,0,0
62678,0,1,0,0,0,0,0,0,15,0,10,0
62678,1,1,0,0,0,0,0,0,0,0,0,0
62679,0,1,0,0,0,0,0,0,0,0,0,0
62679,1,1,0,0,0,0,0,0,0,0,0,0
62680,1,1,28,28,28,28,28,28,28,28,28,28
62680,2,1,0,0,0,0,0,0,0,0,0,0
62680,3,1,0,0,0,0,0,0,0,0,0,0
62680,4,1,0,0,0,0,0,0,0,0,0,0
62681,0,1,0,0,0,0,0,0,0,0,0,0
62681,1,1,12,12,12,12,12,12,12,12,12,12
62682,0,1,0,0,0,0,0,0,0,0,0,0
62682,1,1,0,0,0,0,0,0,0,0,0,0
62683,0,1,0,22,0,0,0,0,0,0,0,0
62683,1,1,0,0,0,0,0,0,0,0,0,0
62684,1,1,0,0,0,0,0,0,0,0,0,0
62685,1,1,0,0,0,0,3,0,0,0,0,0
62685,2,1,0,0,0,0,0,0,0,0,0,0
62686,0,1,0,0,0,0,0,0,0,0,0,0
62686,1,1,0,0,7,0,0,0,0,0,0,0
62687,1,1,0,0,0,0,0,0,0,0,0,0
62687,2,1,0,0,0,0,0,0,0,0,0,0
62688,1,1,14,14,14,14,14,14,14,14,14,14
62689,0,1,11,11,11,11,11,11,11,11,11,11
62689,1,1,0,0,0,0,0,0,0,0,0,0
62690,1,1,0,0,0,0,0,0,0,0,0,0
62691,1,1,0,22,0,0,0,19,0,0,34,17
62692,1,1,27,27,27,27,27,27,27,27,27,27
62693,1,1,0,0,0,0,0,0,0,0,0,0
62694,1,1,21,21,21,21,21,21,21,21,21,21
62695,1,1,0,0,0,0,0,0,0,0,0,0
62695,2,1,0,0,0,0,0,0,0,0,0,0
62695,3,1,0,0,0,0,0,0,0,0,6,0
62696,1,1,0,0,0,0,0,0,31,0,0,0
62696,2,1,0,0,0,0,0,0,0,0,0,0
62697,1,1,0,0,0,0,0,0,6,0,0,0
62698,1,1,0,0,0,0,0,0,0,0,0,0
62699,0,1,27,27,27,27,27,27,27,27,27,27
62699,1,1,0,0,0,0,0,0,9,0,0,0
62700,1,1,0,0,0,0,0,0,0,0,0,0
62700,2,1,0,0,0,0,0,0,0,0,0,0
62700,3,1,0,0,0,0,0,0,0,0,0,0
62701,0,1,0,0,24,0,0,0,0,0,0,0
62701,1,1,0,0,0,0,0,0,0,0,0,0
62702,1,1,15,15,15,15,15,15,15,15,15,15
62703,1,1,0,0,28,0,12,0,17,10,20,19
62704,0,1,31,31,31,31,31,31,31,31,31,31
62704,1,1,0,0,0,0,0,0,0,0,0,0
62705,0,1,0,9,0,0,0,0,0,0,9,0
62705,1,1,0,0,0,0,0,0,0,0,0,0
62706,1,1,12,12,12,12,12,12,12,12,12,12
62707,1,1,0,0,0,0,0,0,0,0,0,0
62708,1,1,0,0,0,0,0,0,0,0,0,0
62708,2,1,0,0,0,0,0,0,0,0,0,0
62709,0,1,0,0,0,0,0,0,0,0,0,0
62709,1,1,0,22,0,19,0,0,0,0,0,0
62710,0,1,0,0,0,0,0,0,0,0,0,0
62710,1,1,0,0,0,0,0,0,0,0,0,0
62710,2,1,0,0,0,0,0,0,0,0,0,0
62711,1,1,0,0,0,0,0,0,0,0,0,0
62712,1,1,23,23,23,23,23,23,23,23,23,23
62713,1,1,13,0,0,0,0,0,0,0,0,0
62714,1,1,0,0,0,0,0,0,0,0,0,0
62715,0,1,0,0,0,0,0,0,0,0,0,0
62715,0,2,0,0,0,0,0,0,0,0,0,0
62715,1,1,0,0,0,0,0,0,0,0,0,0
62716,1,1,0,0,0,0,12,0,0,0,0,0
62717,0,1,0,0,0,0,0,17,0,0,0,0
62717,0,2,0,0,0,0,0,0,0,0,0,0
62717,1,1,0,0,0,0,0,0,0,0,0,0
62718,1,1,24,24,24,24,24,24,24,24,24,24
62719,0,1,0,0,0,0,0,0,35,0,0,0
62719,1,1,0,0,0,0,0,0,0,0,0,0
62719,2,1,0,0,0,0,0,0,0,0,0,11
62719,3,1,0,22,0,0,0,0,0,0,0,0
62720,0,1,0,0,0,0,0,0,0,0,0,0
62720,1,1,0,0,0,0,0,0,0,0,0,0
62721,1,1,0,0,0,0,0,0,0,0,0,0
62721,2,1,1,1,1,1,1,1,1,1,1,1
62722,1,1,21,21,21,21,21,21,21,21,21,21
62723,1,1,0,0,0,0,0,0,0,0,0,0
62723,2,1,0,0,0,0,0,0,0,0,0,0
62724,0,1,0,0,0,0,0,0,0,0,0,0
62724,1,1,0,0,7,0,0,0,0,0,31,0
62725,0,1,16,16,16,16,16,16,16,16,16,16
62725,1,1,0,0,0,0,0,0,0,0,0,0
62726,0,1,9,9,9,9,9,9,9,9,9,9
62726,0,2,36,3,23,0,38,23,0,22,36,0
62726,1,1,0,9,3,0,19,11,0,0,14,0
62727,1,1,23,23,23,23,23,23,23,23,23,23
62728,1,1,9,9,9,9,9,9,9,9,9,9
62729,0,1,0,0,0,0,0,0,0,0,0,0
62729,1,1,0,0,0,0,0,0,0,0,0,0
62730,0,1,23,23,23,23,23,23,23,23,23,23
62730,1,1,0,0,0,0,0,0,5,0,10,0
62731,0,1,15,15,15,15,15,15,15,15,15,15
62731,1,1,0,0,0,0,0,0,0,0,0,0
62732,1,1,0,0,0,0,0,0,0,0,0,0
62732,2,1,0,0,0,0,0,11,0,0,0,0
62733,1,1,40,40,40,40,40,40,40,40,40,40
62733,2,1,0,0,0,0,0,0,0,0,0,0
62734,1,1,0,0,0,0,0,0,0,0,0,0
62735,0,1,0,0,0,0,0,0,0,0,0,0
62735,1,1,0,0,0,0,0,0,0,0,0,0
62736,1,1,0,0,0,0,0,0,0,0,0,0
62736,2,1,0,0,0,0,0,0,0,0,0,0
62737,0,1,22,10,14,41,28,13,31,39,27,13
62737,1,1,0,0,0,0,0,0,0,0,0,0
62738,1,1,15,15,15,15,15,15,15,15,15,15
62738,2,1,0,0,0,0,0,0,0,0,0,0
62739,1,1,0,0,0,0,0,0,0,0,0,0
62739,2,1,0,27,0,0,0,0,0,0,0,0
62739,3,1,0,0,0,0,0,0,0,0,0,0
62739,4,1,0,0,0,0,0,0,0,0,0,0
62739,5,1,0,0,27,7,15,0,0,5,6,0
62740,1,1,0,0,0,0,0,0,0,0,0,0
62741,1,1,16,16,16,16,16,16,16,16,16,16
62742,0,1,0,0,0,0,0,0,0,0,0,0
62742,1,1,0,0,15,0,0,0,0,0,17,0
62743,0,1,0,0,0,0,0,0,0,0,0,0
62743,1,1,0,0,0,0,0,0,0,0,0,0
62744,1,1,0,0,0,0,0,0,0,0,0,0
62744,2,1,0,0,0,0,0,0,0,0,0,0
62745,0,1,0,0,0,0,0,0,22,0,0,0
62745,0,2,0,0,0,0,0,0,0,0,0,0
62745,0,3,0,0,0,0,0,0,0,0,0,0
62745,0,4,0,0,0,0,0,0,0,0,0,0
62745,1,1,12,12,12,12,12,12,12,12,12,12
62746,0,1,0,0,0,0,0,0,0,0,0,0
62746,1,1,10,10,10,10,10,10,10,10,10,10
62747,0,1,0,0,0,0,0,0,0,0,0,0
62747,0,2,0,0,0,0,0,0,0,0,0,0
62747,1,1,0,0,0,0,0,0,0,0,0,0
62748,0,1,0,0,0,0,0,0,0,0,0,0
62748,1,1,6,0,0,0,0,0,0,16,0,0
62749,1,1,0,18,0,27,15,21,19,0,0,10
62750,1,1,0,0,0,0,0,0,0,0,0,0
62751,1,1,29,29,29,29,29,29,29,29,29,29
62752,0,1,0,0,0,0,0,0,0,0,0,0
62752,1,1,1,1,1,1,1,1,1,1,1,1
62752,2,1,0,0,0,0,0,0,0,0,0,0
62753,1,1,0,0,0,0,0,0,0,0,0,0
62753,2,1,0,0,0,0,0,0,0,0,0,0
62754,1,1,34,34,34,34,34,34,34,34,34,34
62755,0,1,0,0,0,0,0,0,0,0,0,0
62755,1,1,0,0,0,9,6,18,0,0,0,0
62755,2,1,0,0,0,0,0,0,0,0,0,0
62756,1,1,0,0,0,0,0,0,0,0,0,0
62756,2,1,0,0,0,0,0,0,0,0,0,0
62756,3,1,0,0,0,0,0,0,0,0,0,0
62756,4,1,0,0,0,0,0,0,0,0,0,0
62756,5,1,31,0,8,0,0,0,0,0,21,0
62757,0,1,29,29,29,29,29,29,29,29,29,29
62757,1,1,0,22,0,0,7,0,0,0,26,13
62758,1,1,10,10,10,10,10,10,10,10,10,10
62759,0,1,0,0,0,0,0,0,0,0,0,0
62759,1,1,0,6,0,0,10,0,0,0,0,0
62760,1,1,17,17,17,17,17,17,17,17,17,17
62761,1,1,0,0,0,0,0,0,0,0,0,0
62761,2,1,0,0,0,0,0,0,0,0,0,0
62761,4,1,0,0,11,0,0,0,0,0,0,12
62762,1,1,15,15,15,15,15,15,15,15,15,15
62763,1,1,0,0,0,0,0,0,0,0,0,0
62763,2,1,0,0,0,0,0,0,0,0,0,0
62764,1,1,0,0,0,0,0,0,0,0,0,0
62764,2,1,0,0,0,0,0,0,0,0,0,0
62765,1,1,0,0,5,17,17,0,0,0,0,0
62765,2,1,0,22,0,21,0,0,0,0,0,0
62766,1,1,0,0,0,0,0,0,0,0,0,0
62767,1,1,0,0,0,0,0,0,0,0,0,0
62768,0,1,0,0,0,0,0,0,0,0,0,0
62768,1,1,0,0,0,0,0,0,0,0,0,0
62769,0,1,6,6,6,6,6,6,6,6,6,6
62769,1,1,0,0,15,0,14,16,0,0,7,23
62770,0,1,0,0,0,0,0,0,0,0,0,0
62770,1,1,0,0,0,13,0,0,0,0,0,0
62771,1,1,14,14,14,14,14,14,14,14,14,14
62772,1,1,0,0,0,0,0,0,0,0,0,0
62773,0,1,0,0,0,0,0,0,0,0,0,0
62774,1,1,0,0,0,0,0,35,0,0,0,0
62775,1,1,0,0,0,10,0,0,16,0,0,10
62776,0,1,0,0,0,0,0,0,0,0,0,0
62776,1,1,0,0,0,0,0,0,0,0,0,0
62777,0,1,48,48,48,48,48,48,48,48,48,48
62777,1,1,0,0,0,5,17,7,0,0,0,0
62778,1,1,30,30,30,30,30,30,30,30,30,30
62778,2,1,0,0,0,0,0,0,0,0,0,0
62778,3,1,0,0,0,0,0,0,0,0,0,0
62779,1,1,23,0,0,0,29,24,0,0,14,4
62780,1,1,0,0,0,0,0,0,0,5,10,19
62781,0,1,0,0,0,0,0,0,0,0,0,0
62781,1,1,0,0,0,0,0,0,0,0,0,0
62782,0,1,0,30,0,0,4,26,25,9,0,0
62782,1,1,0,0,0,0,0,0,0,0,0,0
62783,1,1,0,0,13,30,4,0,0,0,4,0
62784,1,1,0,0,0,0,0,0,0,0,0,0
62784,2,1,0,0,21,0,0,15,0,0,0,0
62784,3,1,0,0,0,0,26,0,0,0,0,0
62784,4,1,33,0,0,0,0,11,0,0,0,12
62784,5,1,0,0,0,0,0,0,0,0,0,0
62784,6,1,0,0,0,0,0,0,0,0,0,0
62785,1,1,0,0,0,0,0,0,0,0,0,0
62786,1,1,0,0,0,0,0,0,0,0,0,0
62786,2,1,0,0,0,0,0,0,0,0,0,0
62787,1,1,0,0,0,0,0,0,0,0,0,0
62788,1,1,0,0,0,0,0,0,0,0,0,0
62789,1,1,1,1,1,1,1,1,1,1,1,1
62789,2,1,0,0,0,0,0,0,0,0,0,0
62789,3,1,0,0,0,0,0,0,7,0,22,0
62790,0,1,0,0,0,0,0,0,0,0,0,0
62790,1,1,0,0,0,0,0,0,0,0,0,0
62791,1,1,0,0,0,0,0,0,0,0,0,0
62791,2,1,0,0,0,0,0,0,0,0,0,0
62792,0,1,0,0,0,0,0,0,0,0,0,0
62792,1,1,0,0,0,0,0,0,0,0,0,0
62793,1,1,0,12,0,0,0,0,0,0,0,0
62793,2,1,0,0,0,0,0,0,16,0,0,0
62793,3,1,0,0,0,0,0,0,0,0,0,0
62794,1,1,24,24,24,24,24,24,24,24,24,24
62795,0,1,0,0,0,0,0,0,0,0,0,0
62795,1,1,0,0,0,0,0,0,0,0,0,0
62796,1,1,0,0,0,0,0,0,0,0,0,0
62797,1,1,0,0,0,0,0,0,0,0,0,0
62797,2,1,0,6,0,0,0,0,0,0,0,0
62798,0,1,0,0,0,0,0,0,0,0,0,0
62798,1,1,10,28,0,0,0,0,0,0,0,0
62799,1,1,13,13,13,13,13,13,13,13,13,13
62800,1,1,0,0,0,0,0,0,0,0,0,0
62800,2,1,0,0,0,0,0,0,0,0,0,0
62801,1,1,0,0,0,0,0,0,0,0,0,0
62801,2,1,0,0,0,0,0,0,0,0,0,0
62802,0,1,0,0,0,0,0,0,0,0,0,0
62802,1,1,0,0,0,0,0,0,0,0,0,0
62803,1,1,0,0,0,0,0,0,0,0,0,0
62803,2,1,0,0,0,0,0,0,0,0,0,0
62804,1,1,0,19,0,0,19,0,0,0,15,0
62805,1,1,22,22,22,22,22,22,22,22,22,22
62806,1,1,0,0,0,0,17,0,0,0,0,0
62806,2,1,0,0,0,0,0,0,0,0,0,0
62807,1,1,0,0,0,0,0,0,0,0,0,0
62807,2,1,0,0,0,0,0,0,0,0,0,0
62807,3,1,0,0,0,0,0,0,0,0,0,0
62808,1,1,10,10,10,10,10,10,10,10,10,10
62808,2,1,0,0,0,0,0,0,0,0,0,0
62808,3,1,0,0,0,0,0,0,0,0,0,0
62808,4,1,0,0,0,0,0,0,0,0,0,0
62809,0,1,0,0,0,0,0,0,0,0,0,0
62809,1,1,0,0,0,0,0,0,0,0,0,0
62810,0,1,0,0,0,0,0,0,0,0,0,0
62810,1,1,17,17,17,17,17,17,17,17,17,17
62811,0,1,0,0,0,0,0,0,0,0,0,0
62811,1,1,0,0,0,0,0,0,0,0,0,0
62812,1,1,0,0,0,0,0,0,0,0,0,0
62812,2,1,0,0,0,0,0,0,0,0,0,0
62813,1,1,0,0,0,0,0,0,0,0,0,0
62813,2,1,0,0,0,0,0,0,0,0,0,0
62814,0,1,24,46,44,28,40,18,21,2,14,12
62814,1,1,10,29,0,14,23,0,0,24,0,0
62815,0,1,0,0,0,0,0,0,0,0,0,0
62815,1,1,0,0,0,0,0,0,0,0,0,0
62816,1,1,0,0,0,0,0,0,0,0,0,0
62816,2,1,0,0,0,0,5,0,15,0,0,0
62817,1,1,14,14,14,14,14,14,14,14,14,14
62818,1,1,0,0,0,0,0,0,0,0,0,0
62819,1,1,22,22,22,22,22,22,22,22,22,22
62819,2,1,0,0,0,0,15,0,0,0,0,12
62819,3,1,0,0,0,0,0,0,0,0,0,0
62819,4,1,6,0,0,0,0,0,12,0,13,0
62819,5,1,0,0,11,0,16,25,0,0,28,0
62820,1,1,0,0,0,0,0,0,0,0,0,0
62821,1,1,10,28,16,23,20,18,20,5,23,28
62822,0,1,46,46,46,46,46,46,46,46,46,46
62822,1,1,0,16,0,12,0,0,8,11,0,0
62823,1,1,0,0,0,0,0,0,0,0,0,0
62823,2,1,0,0,0,0,0,0,0,0,0,0
62824,0,1,5,14,0,0,0,0,0,0,34,0
62824,1,1,0,0,0,0,0,0,0,0,0,0
62825,0,1,23,0,25,0,0,0,0,29,37,37
62825,1,1,0,0,0,0,0,0,0,15,21,14
62826,0,1,0,0,0,0,0,0,0,0,0,0
62826,1,1,0,0,0,0,0,0,0,0,0,0
62827,1,1,0,0,0,6,0,14,41,0,14,0
62828,0,1,0,0,0,0,0,0,0,0,8,0
62828,1,1,0,0,0,0,0,0,0,0,0,0
62829,1,1,0,0,0,0,0,0,0,0,0,0
62829,2,1,0,0,0,0,0,0,0,0,0,0
62829,3,1,0,0,0,0,0,0,0,0,0,0
62830,0,1,0,0,0,0,0,0,0,0,0,0
62830,1,1,0,0,0,0,0,0,0,0,0,0
62831,1,1,0,0,0,0,0,0,0,0,0,0
62832,0,1,0,0,0,0,0,26,0,0,0,25
62832,1,1,0,0,0,0,0,7,5,0,0,0
62833,1,1,13,10,27,0,8,16,0,0,0,0
62834,0,1,0,0,0,0,0,0,0,0,0,0
62834,1,1,0,0,0,0,0,0,0,0,0,0
62835,0,1,13,13,13,13,13,13,13,13,13,13
62835,1,1,0,0,0,0,0,0,0,0,0,0
62836,1,1,0,0,0,0,0,0,0,0,0,0
62836,2,1,38,0,0,0,0,0,0,0,0,0
62837,0,1,0,0,0,0,0,0,0,0,0,0
62838,0,1,15,15,15,15,15,15,15,15,15,15
62838,1,1,0,0,0,0,0,0,12,12,0,0
62839,0,1,26,26,26,26,26,26,26,26,26,26
62839,1,1,0,21,11,0,22,23,0,0,0,23
62840,0,1,28,28,28,28,28,28,28,28,28,28
62840,1,1,0,0,0,0,0,0,0,0,0,0
62841,0,1,0,0,0,0,0,0,0,0,0,0
62841,1,1,38,8,0,0,19,0,0,0,0,0
62842,1,1,0,0,0,0,0,0,0,0,0,0
62843,1,1,0,14,0,0,0,0,16,0,0,0
62843,2,1,25,7,15,0,0,0,0,0,0,0
62843,3,1,0,0,0,0,0,0,0,17,0,0
62844,0,1,24,27,12,0,9,0,0,24,28,20
62844,1,1,0,0,0,0,0,0,0,0,0,0
62845,0,1,0,0,0,0,0,0,0,0,0,14
62845,1,1,0,0,0,0,0,0,0,0,0,0
62846,0,1,39,0,14,0,0,0,0,0,33,0
62846,1,1,0,0,0,0,0,0,0,0,0,0
62847,0,1,0,0,0,0,6,0,0,0,0,0
62847,1,1,0,0,0,0,0,0,0,0,0,0
62848,1,1,0,0,0,0,0,0,0,0,0,0
62849,1,1,0,0,0,0,0,0,0,0,0,0
62849,2,1,0,0,0,0,0,0,0,0,0,0
62850,1,1,0,0,0,0,0,0,0,0,0,0
62850,2,1,0,0,0,0,20,0,0,0,0,0
62851,0,1,0,0,0,0,0,0,0,0,0,0
62851,1,1,0,0,0,6,0,0,0,0,0,0
62852,1,1,0,0,0,0,0,0,0,0,0,0
62852,2,1,0,0,4,0,0,0,0,0,0,8
62853,0,1,0,0,0,15,0,0,0,0,36,0
62853,0,2,6,24,0,20,0,21,0,0,13,0
62853,1,1,0,15,0,7,0,0,0,0,0,0
62854,1,1,0,0,0,0,0,0,0,0,0,0
62854,2,1,0,0,0,0,0,0,0,12,0,0
62855,1,1,0,0,0,0,0,0,0,0,0,0
62855,2,1,0,0,0,0,0,0,0,30,0,0
62855,3,1,0,0,9,0,0,0,0,0,0,0
62856,0,1,23,23,23,23,23,23,23,23,23,23
62856,0,2,0,0,22,24,0,0,16,13,0,12
62856,1,1,2,0,0,0,0,0,6,0,22,0
62857,0,1,0,0,0,0,0,15,0,0,0,0
62857,1,1,0,0,0,0,0,0,0,0,0,0
62858,1,1,0,0,0,0,0,0,0,0,0,26
62858,2,1,0,0,0,0,0,0,0,0,0,0
62859,0,1,0,0,0,0,0,0,0,0,0,0
62859,1,1,0,0,0,0,0,0,0,0,0,0
62860,0,1,30,30,30,30,30,30,30,30,30,30
62860,1,1,0,0,0,0,0,0,0,0,0,0
62861,1,1,0,0,0,0,0,0,0,0,0,0
62861,2,1,0,0,0,0,0,0,0,0,0,0
62862,1,1,0,0,0,0,0,0,0,0,0,0
62862,2,1,0,0,20,0,0,0,0,0,0,0
62862,3,1,0,0,0,0,0,0,0,0,0,0
62863,1,1,18,18,18,18,18,18,18,18,18,18
62864,0,1,0,0,0,0,0,0,0,0,0,0
62864,1,1,17,17,17,17,17,17,17,17,17,17
62865,1,1,0,0,0,0,0,0,0,0,0,0
62865,2,1,0,0,0,0,0,0,0,0,0,0
62866,1,1,0,0,13,0,0,0,0,0,0,0
62866,2,1,0,12,0,0,0,0,0,0,0,0
62867,1,1,7,7,7,7,7,7,7,7,7,7
62867,2,1,0,0,0,0,0,0,0,0,0,0
62868,1,1,0,0,0,0,0,0,0,0,0,0
62868,2,1,0,0,0,0,0,0,0,0,0,0